show_id,type,rating,maturity_band,year_added,country_credit
s1,Movie,PG-13,Adults,2021,United States
s2,TV Show,TV-MA,Adults,2021,South Africa
s5,TV Show,TV-MA,Adults,2021,India
s8,Movie,TV-MA,Adults,2021,United States
s8,Movie,TV-MA,Adults,2021,Ghana
s8,Movie,TV-MA,Adults,2021,Burkina Faso
s8,Movie,TV-MA,Adults,2021,United Kingdom
s8,Movie,TV-MA,Adults,2021,Germany
s8,Movie,TV-MA,Adults,2021,Ethiopia
s9,TV Show,TV-14,Teens,2021,United Kingdom
s10,Movie,PG-13,Adults,2021,United States
s13,Movie,TV-MA,Adults,2021,Germany
s13,Movie,TV-MA,Adults,2021,Czech Republic
s16,TV Show,TV-MA,Adults,2021,United States
s18,TV Show,TV-MA,Adults,2021,Mexico
s22,TV Show,TV-14,Teens,2021,Turkey
s25,Movie,TV-14,Teens,2021,India
s26,TV Show,TV-14,Teens,2021,Australia
s28,Movie,PG-13,Adults,2021,United States
s29,Movie,PG-13,Adults,2021,United States
s30,Movie,PG-13,Adults,2021,United States
s30,Movie,PG-13,Adults,2021,India
s30,Movie,PG-13,Adults,2021,France
s33,TV Show,TV-MA,Adults,2021,United Kingdom
s38,TV Show,TV-Y7,Kids,2021,Finland
s39,Movie,PG-13,Adults,2021,China
s39,Movie,PG-13,Adults,2021,Canada
s39,Movie,PG-13,Adults,2021,United States
s40,TV Show,TV-Y7,Kids,2021,India
s41,TV Show,TV-Y7,Kids,2021,United States
s42,Movie,PG,Teens,2021,United States
s43,Movie,PG,Teens,2021,United States
s44,Movie,PG,Teens,2021,United States
s45,Movie,PG-13,Adults,2021,United States
s47,Movie,R,Adults,2021,South Africa
s47,Movie,R,Adults,2021,United States
s47,Movie,R,Adults,2021,Japan
s49,Movie,R,Adults,2021,United States
s50,TV Show,TV-MA,Adults,2021,Nigeria
s51,TV Show,TV-PG,Teens,2021,India
s52,Movie,TV-14,Teens,2021,Japan
s53,Movie,TV-14,Teens,2021,Japan
s54,Movie,TV-PG,Teens,2021,Japan
s55,Movie,TV-PG,Teens,2021,Japan
s56,TV Show,TV-PG,Teens,2021,United States
s57,Movie,TV-14,Teens,2021,Japan
s58,Movie,TV-PG,Teens,2021,Japan
s59,Movie,TV-PG,Teens,2021,Japan
s60,Movie,TV-PG,Teens,2021,Japan
s61,Movie,TV-14,Teens,2021,Japan
s62,Movie,TV-PG,Teens,2021,Japan
s63,Movie,TV-PG,Teens,2021,Japan
s64,Movie,TV-PG,Teens,2021,Japan
s66,TV Show,TV-Y,Kids,2021,United Kingdom
s67,TV Show,TV-G,Kids,2021,India
s68,TV Show,TV-PG,Teens,2021,United States
s70,TV Show,TV-PG,Teens,2021,India
s73,TV Show,TV-MA,Adults,2021,United Kingdom
s74,Movie,TV-MA,Adults,2021,Nigeria
s77,TV Show,TV-14,Teens,2021,Japan
s82,Movie,R,Adults,2021,United States
s83,TV Show,TV-14,Teens,2021,United States
s85,Movie,TV-MA,Adults,2021,Nigeria
s91,Movie,TV-MA,Adults,2021,Spain
s91,Movie,TV-MA,Adults,2021,United States
s92,Movie,TV-14,Teens,2021,France
s93,TV Show,TV-MA,Adults,2021,Belgium
s95,Movie,PG,Teens,2021,United Kingdom
s95,Movie,PG,Teens,2021,United States
s96,TV Show,TV-MA,Adults,2021,United States
s96,TV Show,TV-MA,Adults,2021,United Kingdom
s97,Movie,TV-MA,Adults,2021,United States
s98,TV Show,TV-Y7,Kids,2021,United States
s99,TV Show,TV-Y,Kids,2021,United Kingdom
s100,TV Show,TV-MA,Adults,2021,France
s100,TV Show,TV-MA,Adults,2021,United States
s102,Movie,TV-MA,Adults,2021,United States
s105,TV Show,TV-Y,Kids,2021,South Korea
s106,Movie,TV-14,Teens,2021,India
s107,TV Show,TV-G,Kids,2021,United States
s108,Movie,G,Kids,2021,United States
s109,TV Show,TV-G,Kids,2021,Australia
s110,TV Show,TV-MA,Adults,2021,Spain
s112,TV Show,TV-Y,Kids,2021,United States
s112,TV Show,TV-Y,Kids,2021,Singapore
s115,Movie,TV-14,Teens,2021,India
s116,Movie,PG,Teens,2021,United Kingdom
s116,Movie,PG,Teens,2021,Australia
s116,Movie,PG,Teens,2021,France
s117,Movie,TV-PG,Teens,2021,India
s118,Movie,PG-13,Adults,2021,United Kingdom
s118,Movie,PG-13,Adults,2021,United States
s119,Movie,TV-14,Teens,2021,India
s121,TV Show,TV-Y7,Kids,2021,Australia
s123,Movie,R,Adults,2021,United Kingdom
s123,Movie,R,Adults,2021,Australia
s123,Movie,R,Adults,2021,France
s123,Movie,R,Adults,2021,United States
s125,TV Show,TV-Y7,Kids,2021,South Korea
s126,TV Show,TV-MA,Adults,2021,United States
s127,Movie,TV-14,Teens,2021,India
s128,Movie,PG,Teens,2021,United States
s128,Movie,PG,Teens,2021,Canada
s130,Movie,PG-13,Adults,2021,Germany
s130,Movie,PG-13,Adults,2021,United States
s132,Movie,R,Adults,2021,United States
s134,Movie,R,Adults,2021,South Africa
s134,Movie,R,Adults,2021,United States
s135,Movie,PG-13,Adults,2021,United States
s135,Movie,PG-13,Adults,2021,Mexico
s136,Movie,R,Adults,2021,United States
s136,Movie,R,Adults,2021,Italy
s136,Movie,R,Adults,2021,France
s136,Movie,R,Adults,2021,Japan
s137,Movie,R,Adults,2021,United States
s137,Movie,R,Adults,2021,Italy
s137,Movie,R,Adults,2021,Romania
s137,Movie,R,Adults,2021,United Kingdom
s138,Movie,PG,Teens,2021,Australia
s138,Movie,PG,Teens,2021,United States
s139,Movie,PG-13,Adults,2021,United States
s140,Movie,R,Adults,2021,United States
s141,Movie,TV-MA,Adults,2021,Argentina
s141,Movie,TV-MA,Adults,2021,Venezuela
s142,Movie,R,Adults,2021,United States
s142,Movie,R,Adults,2021,United Kingdom
s142,Movie,R,Adults,2021,Canada
s143,Movie,PG-13,Adults,2021,Germany
s143,Movie,PG-13,Adults,2021,United States
s144,Movie,PG-13,Adults,2021,United States
s145,Movie,R,Adults,2021,United States
s146,Movie,R,Adults,2021,United States
s147,Movie,R,Adults,2021,United States
s150,Movie,R,Adults,2021,United States
s151,Movie,R,Adults,2021,United States
s152,Movie,TV-14,Teens,2021,China
s152,Movie,TV-14,Teens,2021,Hong Kong
s153,Movie,TV-MA,Adults,2021,United States
s154,TV Show,TV-Y,Kids,2021,Russia
s155,TV Show,TV-MA,Adults,2021,Japan
s156,Movie,PG,Teens,2021,United Kingdom
s156,Movie,PG,Teens,2021,United States
s157,Movie,PG,Teens,2021,United States
s158,Movie,TV-14,Teens,2021,Canada
s159,Movie,PG-13,Adults,2021,United States
s160,Movie,TV-MA,Adults,2021,Hong Kong
s161,TV Show,TV-PG,Teens,2021,United States
s162,Movie,PG-13,Adults,2021,United States
s163,Movie,PG-13,Adults,2021,United States
s163,Movie,PG-13,Adults,2021,China
s163,Movie,PG-13,Adults,2021,Hong Kong
s164,Movie,R,Adults,2021,United States
s165,Movie,PG-13,Adults,2021,United States
s167,Movie,R,Adults,2021,Italy
s167,Movie,R,Adults,2021,United States
s168,Movie,PG,Teens,2021,United States
s168,Movie,PG,Teens,2021,Canada
s169,Movie,PG,Teens,2021,United States
s170,Movie,PG-13,Adults,2021,United States
s171,Movie,R,Adults,2021,United States
s172,Movie,PG-13,Adults,2021,United States
s173,Movie,PG-13,Adults,2021,United States
s173,Movie,PG-13,Adults,2021,Germany
s174,Movie,PG-13,Adults,2021,United States
s175,Movie,R,Adults,2021,United States
s176,Movie,R,Adults,2021,United States
s177,Movie,PG-13,Adults,2021,United States
s178,Movie,TV-14,Teens,2021,United Kingdom
s178,Movie,TV-14,Teens,2021,United States
s179,Movie,R,Adults,2021,United States
s180,Movie,PG-13,Adults,2021,United States
s183,Movie,PG-13,Adults,2021,United States
s184,Movie,R,Adults,2021,United States
s185,TV Show,TV-PG,Teens,2021,United States
s189,Movie,TV-MA,Adults,2021,France
s191,Movie,TV-14,Teens,2021,India
s192,Movie,R,Adults,2021,United Kingdom
s192,Movie,R,Adults,2021,Canada
s192,Movie,R,Adults,2021,United States
s193,Movie,TV-14,Teens,2021,India
s194,TV Show,TV-MA,Adults,2021,South Korea
s196,Movie,TV-14,Teens,2021,India
s199,TV Show,TV-MA,Adults,2021,Nigeria
s200,Movie,TV-14,Teens,2021,India
s201,Movie,TV-14,Teens,2021,India
s202,Movie,TV-14,Teens,2021,India
s203,Movie,TV-MA,Adults,2021,India
s204,Movie,TV-MA,Adults,2021,India
s205,Movie,TV-MA,Adults,2021,India
s206,Movie,TV-14,Teens,2021,India
s207,Movie,TV-MA,Adults,2021,India
s208,Movie,TV-14,Teens,2021,India
s209,Movie,TV-14,Teens,2021,India
s210,Movie,TV-14,Teens,2021,India
s211,Movie,TV-MA,Adults,2021,India
s212,Movie,TV-MA,Adults,2021,India
s213,TV Show,TV-MA,Adults,2021,Ireland
s216,Movie,TV-MA,Adults,2021,India
s217,Movie,TV-14,Teens,2021,India
s218,Movie,TV-14,Teens,2021,India
s220,TV Show,TV-14,Teens,2021,Japan
s221,TV Show,TV-PG,Teens,2021,United States
s228,Movie,TV-MA,Adults,2021,United States
s229,Movie,R,Adults,2021,United States
s229,Movie,R,Adults,2021,United Kingdom
s230,Movie,TV-MA,Adults,2021,United States
s232,Movie,PG,Teens,2021,United States
s233,TV Show,TV-G,Kids,2021,United States
s234,Movie,TV-MA,Adults,2021,United Kingdom
s242,TV Show,TV-14,Teens,2021,United States
s248,Movie,R,Adults,2021,United States
s252,Movie,PG-13,Adults,2021,United States
s254,Movie,TV-14,Teens,2021,India
s255,TV Show,TV-Y,Kids,2021,United States
s260,Movie,TV-PG,Teens,2021,India
s260,Movie,TV-PG,Teens,2021,Nepal
s264,TV Show,TV-Y,Kids,2021,United States
s265,Movie,R,Adults,2021,United States
s266,TV Show,TV-14,Teens,2021,Japan
s267,TV Show,TV-MA,Adults,2021,India
s268,Movie,R,Adults,2021,New Zealand
s268,Movie,R,Adults,2021,Australia
s268,Movie,R,Adults,2021,France
s268,Movie,R,Adults,2021,United States
s270,TV Show,TV-Y7,Kids,2021,Italy
s271,Movie,TV-MA,Adults,2021,Italy
s271,Movie,TV-MA,Adults,2021,Brazil
s271,Movie,TV-MA,Adults,2021,Greece
s272,TV Show,TV-MA,Adults,2021,United States
s273,TV Show,TV-Y7,Kids,2021,United States
s274,TV Show,TV-MA,Adults,2021,France
s275,TV Show,TV-MA,Adults,2021,United States
s276,TV Show,TV-MA,Adults,2021,Argentina
s277,TV Show,TV-MA,Adults,2021,Spain
s278,TV Show,TV-14,Teens,2021,Jordan
s279,Movie,TV-MA,Adults,2021,Colombia
s280,Movie,TV-PG,Teens,2021,United States
s280,Movie,TV-PG,Teens,2021,Japan
s281,TV Show,TV-PG,Teens,2021,United States
s282,Movie,TV-14,Teens,2021,Nigeria
s283,Movie,TV-MA,Adults,2021,Mexico
s284,Movie,PG-13,Adults,2021,Belgium
s284,Movie,PG-13,Adults,2021,United Kingdom
s285,Movie,TV-14,Teens,2021,United Kingdom
s285,Movie,TV-14,Teens,2021,United States
s286,Movie,R,Adults,2021,Switzerland
s286,Movie,R,Adults,2021,United Kingdom
s286,Movie,R,Adults,2021,Australia
s287,TV Show,TV-Y,Kids,2021,United States
s289,TV Show,TV-MA,Adults,2021,Colombia
s290,TV Show,TV-14,Teens,2021,South Korea
s291,Movie,TV-MA,Adults,2021,United States
s292,TV Show,TV-14,Teens,2021,Japan
s293,Movie,PG-13,Adults,2021,United Kingdom
s294,Movie,TV-MA,Adults,2021,South Africa
s296,Movie,PG-13,Adults,2021,United States
s297,TV Show,TV-MA,Adults,2021,Israel
s297,TV Show,TV-MA,Adults,2021,United States
s298,TV Show,TV-MA,Adults,2021,India
s299,Movie,TV-MA,Adults,2021,Nigeria
s300,Movie,TV-14,Teens,2021,France
s301,Movie,PG,Teens,2021,Canada
s301,Movie,PG,Teens,2021,United States
s302,Movie,TV-14,Teens,2021,India
s303,Movie,TV-MA,Adults,2021,Brazil
s304,Movie,TV-MA,Adults,2021,Argentina
s305,Movie,TV-14,Teens,2021,United Kingdom
s306,Movie,TV-MA,Adults,2021,Argentina
s306,Movie,TV-MA,Adults,2021,Spain
s307,Movie,TV-PG,Teens,2021,Nigeria
s308,Movie,TV-MA,Adults,2021,United States
s309,Movie,TV-MA,Adults,2021,United States
s311,TV Show,TV-MA,Adults,2021,United States
s312,TV Show,TV-MA,Adults,2021,Mexico
s313,TV Show,TV-MA,Adults,2021,United States
s314,TV Show,TV-14,Teens,2021,Taiwan
s315,Movie,R,Adults,2021,United States
s316,Movie,TV-MA,Adults,2021,United States
s316,Movie,TV-MA,Adults,2021,Nigeria
s317,TV Show,TV-14,Teens,2021,Taiwan
s318,Movie,PG-13,Adults,2021,United States
s320,TV Show,TV-14,Teens,2021,Taiwan
s322,TV Show,TV-14,Teens,2021,Taiwan
s323,TV Show,TV-MA,Adults,2021,Taiwan
s324,TV Show,TV-14,Teens,2021,United States
s325,TV Show,TV-Y7,Kids,2021,Italy
s326,Movie,PG,Teens,2021,United States
s327,Movie,PG,Teens,2021,United States
s328,Movie,PG-13,Adults,2021,United States
s328,Movie,PG-13,Adults,2021,United Kingdom
s329,Movie,R,Adults,2021,Bulgaria
s329,Movie,R,Adults,2021,United States
s330,Movie,PG-13,Adults,2021,United States
s330,Movie,PG-13,Adults,2021,Canada
s331,Movie,PG,Teens,2021,United States
s331,Movie,PG,Teens,2021,Canada
s333,Movie,R,Adults,2021,United States
s333,Movie,R,Adults,2021,Mexico
s334,Movie,PG-13,Adults,2021,United States
s335,Movie,PG-13,Adults,2021,United States
s336,Movie,R,Adults,2021,United States
s338,Movie,R,Adults,2021,United States
s338,Movie,R,Adults,2021,Canada
s339,TV Show,TV-14,Teens,2021,Japan
s341,Movie,PG-13,Adults,2021,United States
s341,Movie,PG-13,Adults,2021,United Kingdom
s342,Movie,R,Adults,2021,United States
s343,Movie,PG-13,Adults,2021,United States
s344,Movie,PG-13,Adults,2021,United States
s345,Movie,PG,Teens,2021,United States
s346,Movie,PG,Teens,2021,United States
s346,Movie,PG,Teens,2021,Canada
s347,Movie,R,Adults,2021,United States
s348,Movie,PG,Teens,2021,Spain
s348,Movie,PG,Teens,2021,United Kingdom
s348,Movie,PG,Teens,2021,United States
s349,Movie,PG-13,Adults,2021,United Kingdom
s349,Movie,PG-13,Adults,2021,United States
s350,Movie,PG-13,Adults,2021,United States
s351,Movie,PG-13,Adults,2021,United States
s352,Movie,R,Adults,2021,United States
s352,Movie,R,Adults,2021,Germany
s353,Movie,R,Adults,2021,United States
s353,Movie,R,Adults,2021,China
s354,Movie,R,Adults,2021,United States
s355,Movie,R,Adults,2021,United States
s356,Movie,R,Adults,2021,United States
s357,Movie,PG-13,Adults,2021,United States
s357,Movie,PG-13,Adults,2021,France
s358,Movie,R,Adults,2021,Spain
s358,Movie,R,Adults,2021,France
s358,Movie,R,Adults,2021,United Kingdom
s358,Movie,R,Adults,2021,United States
s359,Movie,PG-13,Adults,2021,United States
s360,Movie,R,Adults,2021,United States
s361,Movie,PG-13,Adults,2021,United States
s362,TV Show,TV-14,Teens,2021,United States
s366,Movie,TV-14,Teens,2021,France
s366,Movie,TV-14,Teens,2021,Algeria
s367,TV Show,TV-14,Teens,2021,United Kingdom
s371,TV Show,TV-MA,Adults,2021,United States
s375,Movie,TV-PG,Teens,2021,Nigeria
s378,Movie,TV-MA,Adults,2021,Poland
s379,Movie,TV-14,Teens,2021,United States
s381,TV Show,TV-14,Teens,2021,United States
s383,TV Show,TV-14,Teens,2021,United States
s384,Movie,TV-MA,Adults,2021,India
s386,TV Show,TV-MA,Adults,2021,Germany
s387,TV Show,TV-Y,Kids,2021,United States
s387,TV Show,TV-Y,Kids,2021,Canada
s390,Movie,TV-MA,Adults,2021,France
s390,Movie,TV-MA,Adults,2021,Israel
s390,Movie,TV-MA,Adults,2021,Germany
s390,Movie,TV-MA,Adults,2021,United States
s390,Movie,TV-MA,Adults,2021,United Kingdom
s391,TV Show,TV-MA,Adults,2021,United States
s392,TV Show,TV-MA,Adults,2021,Canada
s392,TV Show,TV-MA,Adults,2021,United States
s393,Movie,R,Adults,2021,United States
s394,Movie,PG,Teens,2021,Australia
s402,TV Show,TV-MA,Adults,2021,Spain
s403,Movie,TV-MA,Adults,2021,United Kingdom
s404,TV Show,TV-MA,Adults,2021,United States
s411,Movie,TV-Y7,Kids,2021,India
s416,Movie,TV-Y7,Kids,2021,India
s426,TV Show,TV-14,Teens,2021,United States
s427,Movie,TV-MA,Adults,2021,New Zealand
s430,Movie,TV-14,Teens,2021,Nigeria
s434,Movie,TV-MA,Adults,2021,United States
s435,TV Show,TV-MA,Adults,2021,Argentina
s437,Movie,TV-14,Teens,2021,Saudi Arabia
s438,Movie,R,Adults,2021,United States
s440,Movie,TV-MA,Adults,2021,Thailand
s441,TV Show,TV-MA,Adults,2021,United States
s443,TV Show,TV-Y7,Kids,2021,United States
s443,TV Show,TV-Y7,Kids,2021,Canada
s446,Movie,R,Adults,2021,United States
s447,Movie,PG-13,Adults,2021,United States
s448,Movie,PG-13,Adults,2021,United States
s449,Movie,PG-13,Adults,2021,United States
s450,Movie,PG-13,Adults,2021,United States
s451,Movie,PG-13,Adults,2021,United States
s452,Movie,PG-13,Adults,2021,United States
s453,Movie,TV-PG,Teens,2021,Indonesia
s454,TV Show,TV-MA,Adults,2021,Japan
s457,TV Show,TV-14,Teens,2021,South Korea
s458,Movie,TV-PG,Teens,2021,Egypt
s458,Movie,TV-PG,Teens,2021,Denmark
s458,Movie,TV-PG,Teens,2021,Germany
s460,TV Show,TV-14,Teens,2021,United States
s461,Movie,PG,Teens,2021,United States
s461,Movie,PG,Teens,2021,Canada
s463,Movie,TV-MA,Adults,2021,United States
s464,Movie,TV-MA,Adults,2021,Italy
s470,Movie,TV-MA,Adults,2021,United States
s470,Movie,TV-MA,Adults,2021,Canada
s473,TV Show,TV-Y,Kids,2021,United States
s474,Movie,TV-MA,Adults,2021,United States
s475,Movie,R,Adults,2021,United States
s475,Movie,R,Adults,2021,Switzerland
s478,TV Show,TV-14,Teens,2021,United States
s479,TV Show,TV-MA,Adults,2021,Germany
s487,Movie,PG,Teens,2021,Hong Kong
s487,Movie,PG,Teens,2021,Canada
s487,Movie,PG,Teens,2021,United States
s489,TV Show,TV-14,Teens,2021,United States
s490,Movie,TV-14,Teens,2021,Kuwait
s490,Movie,TV-14,Teens,2021,United States
s492,Movie,PG-13,Adults,2021,United States
s493,Movie,PG-13,Adults,2021,United States
s494,TV Show,TV-MA,Adults,2021,United States
s494,TV Show,TV-MA,Adults,2021,Japan
s495,Movie,R,Adults,2021,United States
s497,Movie,PG-13,Adults,2021,France
s497,Movie,PG-13,Adults,2021,Canada
s497,Movie,PG-13,Adults,2021,United States
s497,Movie,PG-13,Adults,2021,Spain
s500,TV Show,TV-PG,Teens,2021,United States
s503,Movie,TV-14,Teens,2021,Nigeria
s504,TV Show,TV-MA,Adults,2021,Poland
s507,Movie,TV-G,Kids,2021,Australia
s509,Movie,TV-MA,Adults,2021,France
s509,Movie,TV-MA,Adults,2021,Netherlands
s509,Movie,TV-MA,Adults,2021,Singapore
s510,TV Show,TV-Y,Kids,2021,United States
s511,TV Show,TV-14,Teens,2021,Canada
s512,TV Show,TV-MA,Adults,2021,United States
s513,TV Show,TV-Y7,Kids,2021,France
s513,TV Show,TV-Y7,Kids,2021,Belgium
s514,TV Show,TV-14,Teens,2021,United States
s515,TV Show,TV-MA,Adults,2021,United Kingdom
s516,TV Show,TV-MA,Adults,2021,United Kingdom
s517,TV Show,TV-MA,Adults,2021,Thailand
s518,TV Show,TV-14,Teens,2021,Japan
s519,Movie,TV-14,Teens,2021,India
s520,TV Show,TV-MA,Adults,2021,United Kingdom
s521,TV Show,TV-MA,Adults,2021,United States
s522,TV Show,TV-MA,Adults,2021,Canada
s523,TV Show,TV-Y7,Kids,2021,Russia
s524,TV Show,TV-MA,Adults,2021,United Kingdom
s525,TV Show,TV-MA,Adults,2021,Japan
s526,TV Show,TV-Y,Kids,2021,United States
s526,TV Show,TV-Y,Kids,2021,Canada
s527,TV Show,TV-MA,Adults,2021,United States
s528,TV Show,TV-Y,Kids,2021,Ireland
s528,TV Show,TV-Y,Kids,2021,United States
s528,TV Show,TV-Y,Kids,2021,United Kingdom
s529,Movie,TV-14,Teens,2021,India
s530,Movie,TV-MA,Adults,2021,Egypt
s531,TV Show,TV-G,Kids,2021,United States
s532,Movie,TV-PG,Teens,2021,Malaysia
s533,TV Show,TV-MA,Adults,2021,United States
s534,TV Show,TV-14,Teens,2021,Israel
s535,Movie,TV-G,Kids,2021,Indonesia
s536,TV Show,TV-Y,Kids,2021,Canada
s537,TV Show,TV-14,Teens,2021,Australia
s538,TV Show,TV-14,Teens,2021,Japan
s539,TV Show,TV-PG,Teens,2021,United Kingdom
s540,TV Show,TV-PG,Teens,2021,Australia
s540,TV Show,TV-PG,Teens,2021,New Zealand
s541,TV Show,TV-G,Kids,2021,United Kingdom
s541,TV Show,TV-G,Kids,2021,Germany
s542,Movie,TV-14,Teens,2021,India
s543,Movie,TV-14,Teens,2021,India
s544,TV Show,TV-MA,Adults,2021,Belgium
s544,TV Show,TV-MA,Adults,2021,Netherlands
s545,TV Show,TV-MA,Adults,2021,Canada
s546,TV Show,TV-Y,Kids,2021,South Korea
s548,TV Show,TV-Y7,Kids,2021,United States
s549,TV Show,TV-14,Teens,2021,United States
s552,Movie,TV-MA,Adults,2021,India
s554,TV Show,TV-MA,Adults,2021,France
s555,Movie,TV-MA,Adults,2021,Nigeria
s556,Movie,R,Adults,2021,South Korea
s556,Movie,R,Adults,2021,Czech Republic
s557,Movie,TV-14,Teens,2021,South Korea
s558,Movie,PG-13,Adults,2021,Australia
s558,Movie,PG-13,Adults,2021,United States
s559,Movie,R,Adults,2021,United States
s560,Movie,R,Adults,2021,United States
s560,Movie,R,Adults,2021,Germany
s562,Movie,PG-13,Adults,2021,United States
s563,Movie,PG-13,Adults,2021,United States
s564,Movie,PG-13,Adults,2021,United States
s565,Movie,R,Adults,2021,United States
s566,TV Show,TV-G,Kids,2021,Australia
s566,TV Show,TV-G,Kids,2021,Germany
s567,Movie,PG-13,Adults,2021,United States
s567,Movie,PG-13,Adults,2021,Germany
s568,Movie,PG-13,Adults,2021,United States
s569,Movie,PG,Teens,2021,United States
s570,Movie,TV-14,Teens,2021,Vietnam
s573,Movie,PG-13,Adults,2021,United Kingdom
s573,Movie,PG-13,Adults,2021,Belgium
s574,Movie,PG,Teens,2021,United States
s574,Movie,PG,Teens,2021,China
s575,Movie,PG,Teens,2021,United States
s575,Movie,PG,Teens,2021,China
s576,Movie,PG-13,Adults,2021,United States
s577,Movie,R,Adults,2021,United Kingdom
s577,Movie,R,Adults,2021,Australia
s577,Movie,R,Adults,2021,United States
s579,Movie,PG-13,Adults,2021,France
s579,Movie,PG-13,Adults,2021,Japan
s579,Movie,PG-13,Adults,2021,United States
s580,Movie,R,Adults,2021,United States
s582,Movie,PG-13,Adults,2021,United States
s583,Movie,PG-13,Adults,2021,United States
s584,Movie,R,Adults,2021,United States
s584,Movie,R,Adults,2021,United Kingdom
s585,Movie,R,Adults,2021,United States
s586,Movie,PG-13,Adults,2021,United Kingdom
s586,Movie,PG-13,Adults,2021,United States
s589,TV Show,TV-Y,Kids,2021,United States
s590,Movie,R,Adults,2021,United Kingdom
s592,Movie,PG-13,Adults,2021,United States
s593,Movie,R,Adults,2021,United States
s594,Movie,PG,Teens,2021,United States
s595,Movie,PG-13,Adults,2021,United States
s595,Movie,PG-13,Adults,2021,Germany
s596,Movie,PG,Teens,2021,Germany
s596,Movie,PG,Teens,2021,United States
s597,Movie,R,Adults,2021,United States
s598,Movie,PG-13,Adults,2021,United States
s599,Movie,R,Adults,2021,United States
s599,Movie,R,Adults,2021,United Kingdom
s600,Movie,PG-13,Adults,2021,United States
s601,Movie,R,Adults,2021,United States
s602,Movie,PG,Teens,2021,United States
s603,Movie,PG,Teens,2021,United States
s604,Movie,PG,Teens,2021,United States
s605,Movie,R,Adults,2021,United Kingdom
s605,Movie,R,Adults,2021,Germany
s605,Movie,R,Adults,2021,Spain
s605,Movie,R,Adults,2021,United States
s606,Movie,R,Adults,2021,United States
s607,Movie,PG-13,Adults,2021,United Kingdom
s607,Movie,PG-13,Adults,2021,United States
s607,Movie,PG-13,Adults,2021,France
s607,Movie,PG-13,Adults,2021,Italy
s608,Movie,R,Adults,2021,United States
s609,Movie,PG-13,Adults,2021,United States
s609,Movie,PG-13,Adults,2021,Germany
s609,Movie,PG-13,Adults,2021,Canada
s610,Movie,PG-13,Adults,2021,United States
s610,Movie,PG-13,Adults,2021,France
s610,Movie,PG-13,Adults,2021,Italy
s610,Movie,PG-13,Adults,2021,United Kingdom
s611,Movie,R,Adults,2021,United States
s611,Movie,R,Adults,2021,United Kingdom
s611,Movie,R,Adults,2021,Germany
s611,Movie,R,Adults,2021,Hungary
s612,Movie,R,Adults,2021,United States
s612,Movie,R,Adults,2021,Canada
s613,Movie,R,Adults,2021,United States
s613,Movie,R,Adults,2021,New Zealand
s614,Movie,TV-MA,Adults,2021,Nigeria
s615,Movie,PG-13,Adults,2021,United States
s615,Movie,PG-13,Adults,2021,New Zealand
s616,Movie,R,Adults,2021,United States
s618,TV Show,TV-MA,Adults,2021,Sweden
s619,Movie,TV-MA,Adults,2021,United States
s621,TV Show,TV-MA,Adults,2021,United States
s623,Movie,R,Adults,2021,United States
s626,TV Show,TV-MA,Adults,2021,Mexico
s628,TV Show,TV-14,Teens,2021,China
s629,TV Show,TV-Y,Kids,2021,United States
s631,Movie,R,Adults,2021,United States
s632,TV Show,TV-14,Teens,2021,Japan
s635,Movie,TV-14,Teens,2021,France
s636,Movie,TV-MA,Adults,2021,Lebanon
s637,Movie,PG-13,Adults,2021,United States
s637,Movie,PG-13,Adults,2021,Canada
s639,TV Show,TV-MA,Adults,2021,United States
s643,TV Show,TV-MA,Adults,2021,Japan
s644,Movie,R,Adults,2021,United States
s649,TV Show,TV-MA,Adults,2021,United States
s651,Movie,TV-14,Teens,2021,Brazil
s652,Movie,TV-MA,Adults,2021,Nigeria
s655,Movie,TV-MA,Adults,2021,Romania
s656,Movie,TV-MA,Adults,2021,Romania
s657,Movie,TV-MA,Adults,2021,Romania
s658,TV Show,TV-14,Teens,2021,United States
s660,TV Show,TV-14,Teens,2021,Thailand
s661,TV Show,TV-14,Teens,2021,United States
s662,TV Show,TV-MA,Adults,2021,France
s663,TV Show,TV-14,Teens,2021,United States
s665,TV Show,TV-Y,Kids,2021,Spain
s666,TV Show,TV-MA,Adults,2021,Finland
s666,TV Show,TV-MA,Adults,2021,Germany
s668,TV Show,TV-14,Teens,2021,United States
s669,TV Show,TV-MA,Adults,2021,United States
s670,TV Show,TV-MA,Adults,2021,Spain
s674,TV Show,TV-MA,Adults,2021,Argentina
s675,TV Show,TV-MA,Adults,2021,United States
s676,TV Show,TV-MA,Adults,2021,Japan
s677,TV Show,TV-14,Teens,2021,United States
s678,TV Show,TV-MA,Adults,2021,Canada
s678,TV Show,TV-MA,Adults,2021,United States
s679,TV Show,TV-MA,Adults,2021,United States
s680,TV Show,TV-MA,Adults,2021,Thailand
s681,TV Show,TV-MA,Adults,2021,United States
s682,TV Show,TV-MA,Adults,2021,United Kingdom
s683,TV Show,TV-MA,Adults,2021,Australia
s685,TV Show,TV-MA,Adults,2021,Spain
s686,Movie,PG-13,Adults,2021,United States
s687,TV Show,TV-14,Teens,2021,South Korea
s689,Movie,TV-14,Teens,2021,Nigeria
s695,Movie,TV-PG,Teens,2021,Lebanon
s695,Movie,TV-PG,Teens,2021,Syria
s697,TV Show,TV-MA,Adults,2021,Canada
s697,TV Show,TV-MA,Adults,2021,United States
s699,Movie,TV-MA,Adults,2021,Philippines
s700,TV Show,TV-MA,Adults,2021,Iceland
s702,Movie,TV-MA,Adults,2021,Canada
s703,Movie,R,Adults,2021,United States
s704,TV Show,TV-MA,Adults,2021,Turkey
s706,Movie,TV-14,Teens,2021,Germany
s709,Movie,PG-13,Adults,2021,United States
s710,TV Show,TV-MA,Adults,2021,Argentina
s712,Movie,TV-MA,Adults,2021,Italy
s714,TV Show,TV-Y7,Kids,2021,United States
s717,Movie,TV-MA,Adults,2021,United States
s719,Movie,R,Adults,2021,United States
s720,TV Show,TV-G,Kids,2021,United States
s722,Movie,R,Adults,2021,United States
s723,Movie,TV-MA,Adults,2021,United States
s724,TV Show,TV-G,Kids,2021,United States
s725,Movie,TV-14,Teens,2021,United States
s725,Movie,TV-14,Teens,2021,United Kingdom
s727,TV Show,TV-MA,Adults,2021,United States
s728,Movie,TV-MA,Adults,2021,United States
s729,Movie,TV-MA,Adults,2021,United States
s732,TV Show,TV-14,Teens,2021,South Korea
s734,TV Show,TV-Y7,Kids,2021,Denmark
s735,TV Show,TV-MA,Adults,2021,France
s735,TV Show,TV-MA,Adults,2021,United States
s736,Movie,TV-PG,Teens,2021,India
s737,Movie,PG,Teens,2021,United States
s737,Movie,PG,Teens,2021,India
s738,TV Show,TV-MA,Adults,2021,Philippines
s738,TV Show,TV-MA,Adults,2021,Singapore
s738,TV Show,TV-MA,Adults,2021,Indonesia
s740,Movie,PG,Teens,2021,China
s740,Movie,PG,Teens,2021,United States
s740,Movie,PG,Teens,2021,Canada
s741,Movie,R,Adults,2021,United States
s742,Movie,TV-MA,Adults,2021,Lebanon
s742,Movie,TV-MA,Adults,2021,United Arab Emirates
s743,Movie,TV-MA,Adults,2021,Vietnam
s744,Movie,TV-MA,Adults,2021,Canada
s744,Movie,TV-MA,Adults,2021,United States
s744,Movie,TV-MA,Adults,2021,Denmark
s745,TV Show,TV-MA,Adults,2021,Colombia
s746,Movie,TV-14,Teens,2021,United Arab Emirates
s747,Movie,TV-MA,Adults,2021,United States
s748,Movie,TV-MA,Adults,2021,Nigeria
s749,TV Show,TV-PG,Teens,2021,United States
s750,TV Show,TV-MA,Adults,2021,United States
s751,Movie,TV-MA,Adults,2021,Mexico
s751,Movie,TV-MA,Adults,2021,France
s751,Movie,TV-MA,Adults,2021,Colombia
s753,Movie,PG-13,Adults,2021,United States
s753,Movie,PG-13,Adults,2021,United Kingdom
s754,TV Show,TV-MA,Adults,2021,Colombia
s755,Movie,R,Adults,2021,United Kingdom
s755,Movie,R,Adults,2021,United States
s756,Movie,TV-G,Kids,2021,Netherlands
s757,Movie,TV-MA,Adults,2021,Nigeria
s758,Movie,TV-PG,Teens,2021,United States
s759,TV Show,TV-MA,Adults,2021,United Kingdom
s763,Movie,TV-14,Teens,2021,South Korea
s764,TV Show,TV-14,Teens,2021,United States
s765,Movie,TV-14,Teens,2021,South Africa
s766,Movie,TV-MA,Adults,2021,Spain
s767,Movie,TV-MA,Adults,2021,Mexico
s768,TV Show,TV-14,Teens,2021,Japan
s769,Movie,TV-MA,Adults,2021,Sweden
s770,Movie,TV-G,Kids,2021,Argentina
s771,Movie,TV-14,Teens,2021,United Arab Emirates
s773,TV Show,TV-MA,Adults,2021,Italy
s774,Movie,TV-MA,Adults,2021,Philippines
s775,Movie,PG-13,Adults,2021,United States
s776,Movie,TV-MA,Adults,2021,United States
s777,Movie,PG-13,Adults,2021,United States
s778,Movie,TV-MA,Adults,2021,United States
s779,TV Show,TV-MA,Adults,2021,Japan
s780,Movie,PG-13,Adults,2021,United States
s781,TV Show,TV-Y,Kids,2021,United Kingdom
s783,Movie,R,Adults,2021,Canada
s783,Movie,R,Adults,2021,United States
s784,Movie,TV-MA,Adults,2021,Brazil
s785,Movie,TV-MA,Adults,2021,United States
s785,Movie,TV-MA,Adults,2021,Canada
s786,TV Show,TV-Y,Kids,2021,United States
s787,Movie,R,Adults,2021,United States
s788,Movie,R,Adults,2021,United States
s789,Movie,PG-13,Adults,2021,United States
s790,TV Show,TV-14,Teens,2021,United Kingdom
s791,Movie,TV-MA,Adults,2021,United States
s792,Movie,R,Adults,2021,United States
s793,Movie,PG,Teens,2021,United States
s794,Movie,PG-13,Adults,2021,United States
s795,Movie,TV-14,Teens,2021,Nigeria
s796,TV Show,TV-14,Teens,2021,United States
s797,Movie,R,Adults,2021,United States
s798,Movie,PG-13,Adults,2021,United States
s799,Movie,R,Adults,2021,United States
s800,Movie,PG-13,Adults,2021,United States
s801,Movie,TV-14,Teens,2021,United States
s802,Movie,R,Adults,2021,United States
s803,Movie,R,Adults,2021,Germany
s803,Movie,R,Adults,2021,United States
s803,Movie,R,Adults,2021,France
s804,TV Show,TV-PG,Teens,2021,Japan
s805,Movie,R,Adults,2021,Canada
s805,Movie,R,Adults,2021,United States
s809,Movie,R,Adults,2021,United States
s809,Movie,R,Adults,2021,Bulgaria
s810,Movie,PG-13,Adults,2021,United States
s811,Movie,PG,Teens,2021,United States
s813,Movie,R,Adults,2021,United States
s814,TV Show,TV-Y7,Kids,2021,United States
s814,TV Show,TV-Y7,Kids,2021,Canada
s815,Movie,PG,Teens,2021,United States
s817,Movie,PG-13,Adults,2021,United Kingdom
s817,Movie,PG-13,Adults,2021,France
s817,Movie,PG-13,Adults,2021,Germany
s817,Movie,PG-13,Adults,2021,United States
s818,Movie,PG-13,Adults,2021,United States
s819,Movie,PG-13,Adults,2021,United States
s820,Movie,PG,Teens,2021,United States
s821,TV Show,TV-14,Teens,2021,United Arab Emirates
s822,Movie,R,Adults,2021,United Kingdom
s823,Movie,R,Adults,2021,United States
s824,Movie,TV-MA,Adults,2021,United States
s825,Movie,R,Adults,2021,United States
s826,TV Show,TV-MA,Adults,2021,United States
s827,Movie,TV-MA,Adults,2021,United States
s829,Movie,PG-13,Adults,2021,United States
s831,TV Show,TV-MA,Adults,2021,United States
s834,TV Show,TV-MA,Adults,2021,Israel
s835,Movie,TV-PG,Teens,2021,United States
s837,Movie,TV-MA,Adults,2021,Thailand
s838,TV Show,TV-MA,Adults,2021,Norway
s838,TV Show,TV-MA,Adults,2021,Denmark
s839,Movie,TV-MA,Adults,2021,Argentina
s840,Movie,TV-MA,Adults,2021,Syria
s840,Movie,TV-MA,Adults,2021,France
s840,Movie,TV-MA,Adults,2021,Lebanon
s840,Movie,TV-MA,Adults,2021,Qatar
s841,Movie,TV-MA,Adults,2021,Italy
s844,TV Show,TV-MA,Adults,2021,Japan
s847,Movie,PG,Teens,2021,United States
s849,TV Show,TV-MA,Adults,2021,United States
s851,Movie,TV-14,Teens,2021,India
s854,Movie,R,Adults,2021,United States
s856,TV Show,TV-Y7,Kids,2021,United States
s858,TV Show,TV-MA,Adults,2021,Spain
s860,Movie,TV-14,Teens,2021,Egypt
s861,Movie,TV-MA,Adults,2021,Australia
s863,TV Show,TV-MA,Adults,2021,United States
s864,Movie,PG,Teens,2021,United States
s866,Movie,R,Adults,2021,United States
s867,Movie,R,Adults,2021,United States
s868,Movie,PG-13,Adults,2021,United States
s869,TV Show,TV-Y,Kids,2021,Canada
s869,TV Show,TV-Y,Kids,2021,United States
s870,TV Show,TV-MA,Adults,2021,Mexico
s871,Movie,TV-14,Teens,2021,United States
s872,Movie,TV-14,Teens,2021,India
s873,Movie,R,Adults,2021,United States
s874,Movie,TV-MA,Adults,2021,India
s875,TV Show,TV-Y,Kids,2021,United Kingdom
s877,TV Show,TV-MA,Adults,2021,India
s878,Movie,TV-MA,Adults,2021,India
s879,Movie,TV-MA,Adults,2021,Belgium
s879,Movie,TV-MA,Adults,2021,Netherlands
s880,TV Show,TV-MA,Adults,2021,United States
s881,TV Show,TV-MA,Adults,2021,United States
s881,TV Show,TV-MA,Adults,2021,Czech Republic
s882,Movie,TV-MA,Adults,2021,South Africa
s883,Movie,TV-Y7,Kids,2021,Mauritius
s884,TV Show,TV-MA,Adults,2021,United States
s885,TV Show,TV-MA,Adults,2021,South Korea
s886,Movie,TV-MA,Adults,2021,Canada
s886,Movie,TV-MA,Adults,2021,South Africa
s888,Movie,TV-MA,Adults,2021,Austria
s890,Movie,R,Adults,2021,United States
s891,TV Show,TV-MA,Adults,2021,United States
s892,Movie,R,Adults,2021,United Kingdom
s893,Movie,TV-MA,Adults,2021,India
s895,Movie,TV-MA,Adults,2021,Mexico
s895,Movie,TV-MA,Adults,2021,Brazil
s896,Movie,TV-14,Teens,2021,France
s896,Movie,TV-14,Teens,2021,United States
s897,TV Show,TV-14,Teens,2021,United States
s900,Movie,TV-MA,Adults,2021,Spain
s901,TV Show,TV-14,Teens,2021,United States
s902,Movie,TV-PG,Teens,2021,United States
s903,TV Show,TV-14,Teens,2021,South Korea
s904,Movie,TV-MA,Adults,2021,India
s905,Movie,R,Adults,2021,United States
s906,Movie,TV-14,Teens,2021,China
s907,Movie,TV-MA,Adults,2021,Turkey
s908,Movie,TV-MA,Adults,2021,United States
s909,TV Show,TV-MA,Adults,2021,United States
s910,Movie,TV-14,Teens,2021,India
s911,Movie,TV-MA,Adults,2021,United States
s912,TV Show,TV-Y7,Kids,2021,India
s914,Movie,TV-PG,Teens,2021,India
s915,Movie,TV-MA,Adults,2021,United Kingdom
s915,Movie,TV-MA,Adults,2021,United States
s916,Movie,TV-MA,Adults,2021,Germany
s916,Movie,TV-MA,Adults,2021,France
s917,Movie,R,Adults,2021,United States
s918,Movie,TV-MA,Adults,2021,United States
s919,TV Show,TV-PG,Teens,2021,India
s920,TV Show,TV-MA,Adults,2021,United States
s921,TV Show,TV-PG,Teens,2021,Mexico
s921,TV Show,TV-PG,Teens,2021,United States
s922,TV Show,TV-MA,Adults,2021,United States
s923,Movie,TV-MA,Adults,2021,United States
s925,Movie,PG,Teens,2021,United States
s927,Movie,R,Adults,2021,United States
s929,Movie,PG-13,Adults,2021,United States
s931,Movie,R,Adults,2021,United States
s932,Movie,PG-13,Adults,2021,United States
s933,Movie,R,Adults,2021,United Kingdom
s933,Movie,R,Adults,2021,France
s933,Movie,R,Adults,2021,Spain
s933,Movie,R,Adults,2021,United States
s934,Movie,G,Kids,2021,United Kingdom
s934,Movie,G,Kids,2021,United States
s935,Movie,R,Adults,2021,United Kingdom
s935,Movie,R,Adults,2021,Canada
s935,Movie,R,Adults,2021,United States
s936,Movie,PG,Teens,2021,United States
s943,Movie,R,Adults,2021,United States
s943,Movie,R,Adults,2021,Australia
s944,Movie,PG-13,Adults,2021,United States
s945,Movie,TV-MA,Adults,2021,China
s946,Movie,TV-MA,Adults,2021,United Kingdom
s947,Movie,PG-13,Adults,2021,United States
s947,Movie,PG-13,Adults,2021,France
s948,Movie,PG-13,Adults,2021,United States
s948,Movie,PG-13,Adults,2021,United Kingdom
s948,Movie,PG-13,Adults,2021,France
s949,Movie,TV-14,Teens,2021,United States
s950,Movie,PG-13,Adults,2021,United States
s950,Movie,PG-13,Adults,2021,Russia
s951,Movie,PG-13,Adults,2021,United States
s951,Movie,PG-13,Adults,2021,United Kingdom
s951,Movie,PG-13,Adults,2021,New Zealand
s952,Movie,R,Adults,2021,United States
s953,Movie,R,Adults,2021,United States
s954,Movie,R,Adults,2021,United States
s955,Movie,TV-PG,Teens,2021,Canada
s956,Movie,R,Adults,2021,France
s956,Movie,R,Adults,2021,United States
s957,Movie,R,Adults,2021,United States
s960,Movie,TV-MA,Adults,2021,India
s963,Movie,R,Adults,2021,United States
s963,Movie,R,Adults,2021,United Kingdom
s967,Movie,TV-MA,Adults,2021,Brazil
s969,TV Show,TV-MA,Adults,2021,Poland
s970,Movie,R,Adults,2021,United States
s971,Movie,PG-13,Adults,2021,United States
s972,Movie,R,Adults,2021,Spain
s973,TV Show,TV-MA,Adults,2021,Turkey
s974,Movie,TV-PG,Teens,2021,India
s975,Movie,TV-14,Teens,2021,India
s976,Movie,TV-14,Teens,2021,United States
s977,Movie,TV-14,Teens,2021,Turkey
s978,Movie,TV-14,Teens,2021,Turkey
s979,Movie,TV-MA,Adults,2021,Turkey
s980,Movie,TV-MA,Adults,2021,Turkey
s981,Movie,TV-MA,Adults,2021,Turkey
s982,Movie,TV-MA,Adults,2021,Turkey
s983,Movie,TV-14,Teens,2021,Turkey
s984,Movie,TV-MA,Adults,2021,Spain
s985,Movie,TV-MA,Adults,2021,Turkey
s986,Movie,TV-MA,Adults,2021,Turkey
s987,Movie,TV-14,Teens,2021,Turkey
s989,TV Show,TV-14,Teens,2021,Thailand
s990,Movie,TV-MA,Adults,2021,Turkey
s991,Movie,TV-MA,Adults,2021,Turkey
s992,Movie,TV-G,Kids,2021,Egypt
s994,TV Show,TV-14,Teens,2021,United States
s995,Movie,TV-14,Teens,2021,Nigeria
s996,Movie,TV-MA,Adults,2021,Turkey
s997,Movie,TV-MA,Adults,2021,Japan
s998,TV Show,TV-PG,Teens,2021,Australia
s998,TV Show,TV-PG,Teens,2021,United Kingdom
s999,Movie,TV-14,Teens,2021,India
s1000,Movie,TV-MA,Adults,2021,Germany
s1000,Movie,TV-MA,Adults,2021,United States
s1002,Movie,TV-14,Teens,2021,Canada
s1002,Movie,TV-14,Teens,2021,Nigeria
s1002,Movie,TV-14,Teens,2021,United States
s1003,Movie,TV-MA,Adults,2021,Mexico
s1004,TV Show,TV-MA,Adults,2021,Italy
s1005,TV Show,TV-Y,Kids,2021,Australia
s1012,Movie,TV-14,Teens,2021,United States
s1013,TV Show,TV-MA,Adults,2021,Mexico
s1014,Movie,R,Adults,2021,France
s1014,Movie,R,Adults,2021,United States
s1014,Movie,R,Adults,2021,United Kingdom
s1014,Movie,R,Adults,2021,Canada
s1015,TV Show,TV-Y,Kids,2021,France
s1015,TV Show,TV-Y,Kids,2021,United Kingdom
s1016,Movie,R,Adults,2021,United States
s1017,Movie,TV-MA,Adults,2021,India
s1018,Movie,TV-MA,Adults,2021,India
s1019,Movie,TV-14,Teens,2021,India
s1020,Movie,PG,Teens,2021,India
s1020,Movie,PG,Teens,2021,United Kingdom
s1021,Movie,TV-14,Teens,2021,India
s1022,Movie,TV-MA,Adults,2021,India
s1023,Movie,PG,Teens,2021,India
s1024,Movie,TV-MA,Adults,2021,India
s1025,Movie,TV-Y7,Kids,2021,United States
s1027,Movie,TV-Y,Kids,2021,United States
s1028,Movie,R,Adults,2021,Canada
s1028,Movie,R,Adults,2021,United States
s1028,Movie,R,Adults,2021,Mexico
s1030,Movie,TV-MA,Adults,2021,United States
s1031,Movie,TV-MA,Adults,2021,Philippines
s1032,Movie,TV-14,Teens,2021,Germany
s1033,TV Show,TV-14,Teens,2021,South Korea
s1034,Movie,R,Adults,2021,United Kingdom
s1034,Movie,R,Adults,2021,Germany
s1034,Movie,R,Adults,2021,United States
s1035,Movie,R,Adults,2021,United States
s1036,Movie,PG-13,Adults,2021,Czech Republic
s1036,Movie,PG-13,Adults,2021,United Kingdom
s1036,Movie,PG-13,Adults,2021,United States
s1037,Movie,TV-14,Teens,2021,United States
s1038,Movie,TV-14,Teens,2021,India
s1040,Movie,TV-MA,Adults,2021,United States
s1041,TV Show,TV-MA,Adults,2021,Japan
s1042,Movie,TV-MA,Adults,2021,Japan
s1043,TV Show,TV-PG,Teens,2021,United States
s1044,TV Show,TV-14,Teens,2021,United States
s1045,TV Show,TV-MA,Adults,2021,Japan
s1046,TV Show,TV-14,Teens,2021,United States
s1047,Movie,TV-14,Teens,2021,United States
s1048,TV Show,TV-14,Teens,2021,Lebanon
s1049,TV Show,TV-Y,Kids,2021,United States
s1049,TV Show,TV-Y,Kids,2021,France
s1050,TV Show,TV-Y,Kids,2021,China
s1050,TV Show,TV-Y,Kids,2021,United Kingdom
s1051,Movie,TV-MA,Adults,2021,Japan
s1052,TV Show,TV-Y7,Kids,2021,Japan
s1053,Movie,R,Adults,2021,United States
s1054,Movie,TV-MA,Adults,2021,United States
s1056,Movie,R,Adults,2021,United States
s1058,TV Show,TV-14,Teens,2021,United States
s1059,TV Show,TV-MA,Adults,2021,Italy
s1059,TV Show,TV-MA,Adults,2021,United Kingdom
s1060,TV Show,TV-MA,Adults,2021,United States
s1061,TV Show,TV-14,Teens,2021,United States
s1061,TV Show,TV-14,Teens,2021,India
s1062,TV Show,TV-MA,Adults,2021,United States
s1063,TV Show,TV-14,Teens,2021,South Korea
s1064,TV Show,TV-MA,Adults,2021,United States
s1065,TV Show,TV-MA,Adults,2021,South Korea
s1066,TV Show,TV-MA,Adults,2021,Canada
s1067,Movie,TV-MA,Adults,2021,China
s1067,Movie,TV-MA,Adults,2021,Taiwan
s1068,TV Show,TV-MA,Adults,2021,Thailand
s1069,TV Show,TV-MA,Adults,2021,United States
s1070,Movie,TV-14,Teens,2021,India
s1071,Movie,TV-MA,Adults,2021,United States
s1076,TV Show,TV-PG,Teens,2021,United States
s1076,TV Show,TV-PG,Teens,2021,Brazil
s1076,TV Show,TV-PG,Teens,2021,Japan
s1076,TV Show,TV-PG,Teens,2021,Spain
s1076,TV Show,TV-PG,Teens,2021,India
s1080,TV Show,TV-PG,Teens,2021,Israel
s1080,TV Show,TV-PG,Teens,2021,United States
s1081,Movie,TV-14,Teens,2021,China
s1082,TV Show,TV-G,Kids,2021,United States
s1084,Movie,R,Adults,2021,United States
s1085,TV Show,TV-14,Teens,2021,China
s1086,Movie,TV-MA,Adults,2021,South Korea
s1087,Movie,TV-MA,Adults,2021,Nigeria
s1088,Movie,TV-14,Teens,2021,India
s1089,Movie,PG-13,Adults,2021,United States
s1090,Movie,TV-MA,Adults,2021,United States
s1091,Movie,TV-PG,Teens,2021,Indonesia
s1092,TV Show,TV-MA,Adults,2021,Japan
s1094,TV Show,TV-14,Teens,2021,India
s1098,Movie,TV-MA,Adults,2021,United States
s1098,Movie,TV-MA,Adults,2021,China
s1098,Movie,TV-MA,Adults,2021,United Kingdom
s1099,Movie,TV-14,Teens,2021,India
s1100,Movie,TV-MA,Adults,2021,Cameroon
s1101,Movie,TV-MA,Adults,2021,United States
s1102,Movie,PG,Teens,2021,United States
s1102,Movie,PG,Teens,2021,Canada
s1103,Movie,PG-13,Adults,2021,United States
s1104,Movie,R,Adults,2021,China
s1105,Movie,TV-Y,Kids,2021,United States
s1105,Movie,TV-Y,Kids,2021,Canada
s1106,Movie,R,Adults,2021,United Kingdom
s1106,Movie,R,Adults,2021,United States
s1107,Movie,R,Adults,2021,United States
s1108,Movie,TV-MA,Adults,2021,Nigeria
s1109,Movie,TV-MA,Adults,2021,India
s1110,Movie,TV-MA,Adults,2021,Netherlands
s1111,Movie,TV-MA,Adults,2021,France
s1112,Movie,PG-13,Adults,2021,United States
s1112,Movie,PG-13,Adults,2021,United Kingdom
s1112,Movie,PG-13,Adults,2021,France
s1113,Movie,PG,Teens,2021,United States
s1114,Movie,PG-13,Adults,2021,United States
s1115,Movie,PG-13,Adults,2021,India
s1116,Movie,TV-PG,Teens,2021,India
s1118,Movie,TV-PG,Teens,2021,Lebanon
s1118,Movie,TV-PG,Teens,2021,Palestine
s1118,Movie,TV-PG,Teens,2021,Denmark
s1118,Movie,TV-PG,Teens,2021,Qatar
s1119,Movie,PG-13,Adults,2021,United States
s1119,Movie,PG-13,Adults,2021,Canada
s1120,Movie,R,Adults,2021,United States
s1120,Movie,R,Adults,2021,Canada
s1121,Movie,PG-13,Adults,2021,Japan
s1121,Movie,PG-13,Adults,2021,United States
s1122,Movie,PG-13,Adults,2021,United States
s1123,Movie,TV-14,Teens,2021,India
s1124,TV Show,TV-G,Kids,2021,Uruguay
s1124,TV Show,TV-G,Kids,2021,Germany
s1125,Movie,R,Adults,2021,United States
s1126,TV Show,TV-MA,Adults,2021,United Kingdom
s1127,Movie,G,Kids,2021,United States
s1128,TV Show,TV-MA,Adults,2021,United States
s1129,Movie,R,Adults,2021,United States
s1130,TV Show,TV-PG,Teens,2021,United Kingdom
s1132,Movie,TV-14,Teens,2021,Japan
s1134,Movie,R,Adults,2021,United States
s1135,Movie,R,Adults,2021,United States
s1135,Movie,R,Adults,2021,Japan
s1136,Movie,PG-13,Adults,2021,United States
s1137,Movie,TV-14,Teens,2021,Indonesia
s1138,Movie,TV-PG,Teens,2021,Egypt
s1138,Movie,TV-PG,Teens,2021,Saudi Arabia
s1139,Movie,R,Adults,2021,United Kingdom
s1139,Movie,R,Adults,2021,France
s1139,Movie,R,Adults,2021,Poland
s1139,Movie,R,Adults,2021,Germany
s1139,Movie,R,Adults,2021,United States
s1140,Movie,PG-13,Adults,2021,United States
s1141,Movie,R,Adults,2021,United States
s1142,Movie,TV-14,Teens,2021,India
s1143,Movie,TV-MA,Adults,2021,United States
s1144,TV Show,TV-MA,Adults,2021,United States
s1145,Movie,PG-13,Adults,2021,United States
s1145,Movie,PG-13,Adults,2021,United Kingdom
s1146,Movie,PG-13,Adults,2021,Ireland
s1146,Movie,PG-13,Adults,2021,Switzerland
s1146,Movie,PG-13,Adults,2021,United Kingdom
s1146,Movie,PG-13,Adults,2021,France
s1146,Movie,PG-13,Adults,2021,United States
s1147,TV Show,TV-14,Teens,2021,United States
s1147,TV Show,TV-14,Teens,2021,Mexico
s1148,Movie,TV-MA,Adults,2021,United Kingdom
s1149,TV Show,TV-Y,Kids,2021,South Korea
s1150,TV Show,TV-Y7,Kids,2021,Japan
s1151,Movie,TV-PG,Teens,2021,United States
s1152,Movie,TV-Y,Kids,2021,China
s1152,Movie,TV-Y,Kids,2021,United Kingdom
s1153,TV Show,TV-Y,Kids,2021,United States
s1154,Movie,PG-13,Adults,2021,United Kingdom
s1154,Movie,PG-13,Adults,2021,South Africa
s1154,Movie,PG-13,Adults,2021,France
s1155,Movie,R,Adults,2021,United States
s1156,Movie,TV-PG,Teens,2021,Nigeria
s1157,Movie,TV-PG,Teens,2021,United States
s1158,Movie,TV-MA,Adults,2021,United States
s1159,TV Show,TV-G,Kids,2021,United States
s1161,Movie,TV-MA,Adults,2021,Ireland
s1161,Movie,TV-MA,Adults,2021,United Kingdom
s1161,Movie,TV-MA,Adults,2021,France
s1161,Movie,TV-MA,Adults,2021,Germany
s1162,Movie,TV-PG,Teens,2021,United Kingdom
s1163,Movie,TV-14,Teens,2021,Turkey
s1164,TV Show,TV-MA,Adults,2021,Spain
s1165,Movie,TV-MA,Adults,2021,Spain
s1166,Movie,TV-PG,Teens,2021,India
s1167,TV Show,TV-14,Teens,2021,United Kingdom
s1168,Movie,TV-14,Teens,2021,Italy
s1169,TV Show,TV-MA,Adults,2021,United States
s1170,TV Show,TV-Y7,Kids,2021,Japan
s1171,Movie,TV-Y7,Kids,2021,Russia
s1171,Movie,TV-Y7,Kids,2021,United States
s1172,Movie,TV-14,Teens,2021,United States
s1173,Movie,TV-MA,Adults,2021,South Africa
s1174,TV Show,TV-14,Teens,2021,South Korea
s1175,TV Show,TV-14,Teens,2021,South Korea
s1176,Movie,PG-13,Adults,2021,United Kingdom
s1176,Movie,PG-13,Adults,2021,United States
s1176,Movie,PG-13,Adults,2021,France
s1177,Movie,TV-MA,Adults,2021,Japan
s1178,Movie,TV-MA,Adults,2021,Taiwan
s1179,Movie,R,Adults,2021,United States
s1180,TV Show,TV-Y7,Kids,2021,United States
s1180,TV Show,TV-Y7,Kids,2021,Japan
s1182,TV Show,TV-PG,Teens,2021,United States
s1183,TV Show,TV-MA,Adults,2021,United Kingdom
s1185,Movie,TV-14,Teens,2021,China
s1186,Movie,TV-MA,Adults,2021,Nigeria
s1187,TV Show,TV-MA,Adults,2021,Japan
s1188,Movie,R,Adults,2021,United States
s1189,Movie,TV-14,Teens,2021,Brazil
s1190,Movie,TV-G,Kids,2021,United States
s1191,Movie,R,Adults,2021,United Kingdom
s1191,Movie,R,Adults,2021,United States
s1192,Movie,PG-13,Adults,2021,United States
s1193,Movie,TV-MA,Adults,2021,United Kingdom
s1195,Movie,TV-14,Teens,2021,Nigeria
s1196,Movie,R,Adults,2021,United States
s1197,TV Show,TV-14,Teens,2021,Belgium
s1198,Movie,PG-13,Adults,2021,United Kingdom
s1198,Movie,PG-13,Adults,2021,United States
s1199,Movie,TV-MA,Adults,2021,Germany
s1200,Movie,R,Adults,2021,United States
s1201,TV Show,TV-Y,Kids,2021,United States
s1202,TV Show,TV-14,Teens,2021,Egypt
s1203,Movie,TV-14,Teens,2021,India
s1204,Movie,PG,Teens,2021,United States
s1204,Movie,PG,Teens,2021,India
s1204,Movie,PG,Teens,2021,United Kingdom
s1205,Movie,TV-14,Teens,2021,United States
s1206,TV Show,TV-MA,Adults,2021,United States
s1206,TV Show,TV-MA,Adults,2021,United Kingdom
s1207,TV Show,TV-G,Kids,2021,United Kingdom
s1209,Movie,TV-MA,Adults,2021,Turkey
s1210,Movie,TV-G,Kids,2021,Kenya
s1211,TV Show,TV-MA,Adults,2021,South Korea
s1212,Movie,TV-14,Teens,2021,Turkey
s1213,Movie,TV-MA,Adults,2021,Turkey
s1214,TV Show,TV-MA,Adults,2021,United States
s1216,Movie,TV-MA,Adults,2021,Turkey
s1217,Movie,TV-MA,Adults,2021,Turkey
s1218,TV Show,TV-MA,Adults,2021,United Kingdom
s1219,Movie,PG,Teens,2021,United States
s1220,Movie,TV-PG,Teens,2021,Turkey
s1221,Movie,TV-MA,Adults,2021,Spain
s1221,Movie,TV-MA,Adults,2021,Argentina
s1222,Movie,TV-14,Teens,2021,Indonesia
s1223,Movie,TV-MA,Adults,2021,United States
s1224,TV Show,TV-MA,Adults,2021,France
s1227,TV Show,TV-14,Teens,2021,Germany
s1228,TV Show,TV-MA,Adults,2021,India
s1229,Movie,PG-13,Adults,2021,India
s1229,Movie,PG-13,Adults,2021,United Kingdom
s1229,Movie,PG-13,Adults,2021,France
s1229,Movie,PG-13,Adults,2021,Qatar
s1230,TV Show,TV-14,Teens,2021,Egypt
s1231,Movie,TV-14,Teens,2021,India
s1232,TV Show,TV-Y7,Kids,2021,United States
s1233,Movie,TV-MA,Adults,2021,Colombia
s1234,Movie,TV-14,Teens,2021,Nigeria
s1235,TV Show,TV-MA,Adults,2021,Spain
s1237,Movie,TV-MA,Adults,2021,France
s1238,Movie,TV-14,Teens,2021,Indonesia
s1239,TV Show,TV-14,Teens,2021,United States
s1239,TV Show,TV-14,Teens,2021,Australia
s1240,Movie,R,Adults,2021,United States
s1241,Movie,PG-13,Adults,2021,United States
s1242,Movie,PG-13,Adults,2021,United States
s1243,TV Show,TV-14,Teens,2021,United States
s1244,Movie,PG-13,Adults,2021,United States
s1245,Movie,TV-14,Teens,2021,India
s1246,TV Show,TV-Y,Kids,2021,United States
s1249,Movie,R,Adults,2021,United States
s1252,Movie,PG-13,Adults,2021,United States
s1252,Movie,PG-13,Adults,2021,United Kingdom
s1253,Movie,TV-14,Teens,2021,Germany
s1254,Movie,TV-Y,Kids,2021,United States
s1255,Movie,R,Adults,2021,United States
s1257,Movie,R,Adults,2021,United States
s1257,Movie,R,Adults,2021,Germany
s1258,TV Show,TV-14,Teens,2021,Japan
s1259,Movie,TV-Y7,Kids,2021,Belgium
s1259,Movie,TV-Y7,Kids,2021,France
s1260,Movie,R,Adults,2021,United States
s1261,Movie,TV-MA,Adults,2021,Spain
s1262,Movie,TV-MA,Adults,2021,Argentina
s1262,Movie,TV-MA,Adults,2021,Chile
s1264,Movie,R,Adults,2021,United States
s1264,Movie,R,Adults,2021,Thailand
s1265,Movie,R,Adults,2021,United States
s1266,Movie,TV-MA,Adults,2021,India
s1267,Movie,TV-MA,Adults,2021,Chile
s1267,Movie,TV-MA,Adults,2021,Brazil
s1268,Movie,TV-MA,Adults,2021,Germany
s1269,TV Show,TV-MA,Adults,2021,United States
s1269,TV Show,TV-MA,Adults,2021,Colombia
s1270,Movie,TV-PG,Teens,2021,Indonesia
s1271,TV Show,TV-MA,Adults,2021,United States
s1271,TV Show,TV-MA,Adults,2021,Colombia
s1273,TV Show,TV-MA,Adults,2021,United States
s1274,Movie,TV-14,Teens,2021,Japan
s1275,TV Show,TV-PG,Teens,2021,United States
s1276,TV Show,TV-14,Teens,2021,United States
s1278,TV Show,TV-14,Teens,2021,United States
s1279,Movie,TV-G,Kids,2021,United States
s1280,Movie,TV-14,Teens,2021,Canada
s1281,Movie,TV-14,Teens,2021,United Kingdom
s1282,Movie,TV-14,Teens,2021,India
s1283,TV Show,TV-MA,Adults,2021,India
s1284,Movie,R,Adults,2021,United States
s1285,Movie,R,Adults,2021,Canada
s1285,Movie,R,Adults,2021,United States
s1285,Movie,R,Adults,2021,United Kingdom
s1286,TV Show,TV-14,Teens,2021,South Korea
s1287,Movie,TV-MA,Adults,2021,Taiwan
s1288,Movie,TV-14,Teens,2021,United Kingdom
s1289,Movie,PG-13,Adults,2021,United States
s1291,Movie,R,Adults,2021,United Kingdom
s1291,Movie,R,Adults,2021,United States
s1292,Movie,TV-14,Teens,2021,India
s1293,Movie,TV-PG,Teens,2021,Uruguay
s1294,TV Show,TV-MA,Adults,2021,India
s1295,TV Show,TV-MA,Adults,2021,Germany
s1296,Movie,TV-MA,Adults,2021,India
s1297,TV Show,TV-14,Teens,2021,South Korea
s1298,Movie,TV-14,Teens,2021,United States
s1299,TV Show,TV-14,Teens,2021,South Korea
s1301,TV Show,TV-MA,Adults,2021,United States
s1302,TV Show,TV-MA,Adults,2021,United Kingdom
s1303,TV Show,TV-14,Teens,2021,United States
s1304,Movie,TV-PG,Teens,2021,United States
s1305,Movie,TV-PG,Teens,2021,United States
s1306,Movie,TV-14,Teens,2021,India
s1307,TV Show,TV-MA,Adults,2021,United States
s1308,Movie,PG,Teens,2021,United States
s1309,TV Show,TV-Y7,Kids,2021,United Kingdom
s1310,Movie,TV-14,Teens,2021,United States
s1311,TV Show,TV-14,Teens,2021,United States
s1312,Movie,TV-14,Teens,2021,Nigeria
s1313,Movie,TV-MA,Adults,2021,United Kingdom
s1314,TV Show,TV-14,Teens,2021,United States
s1315,TV Show,TV-MA,Adults,2021,United States
s1316,Movie,TV-MA,Adults,2021,Spain
s1317,Movie,TV-MA,Adults,2021,India
s1318,TV Show,TV-G,Kids,2021,United Kingdom
s1319,Movie,TV-14,Teens,2021,United States
s1320,Movie,TV-Y7,Kids,2021,Mexico
s1321,TV Show,TV-MA,Adults,2021,Luxembourg
s1322,TV Show,TV-MA,Adults,2021,Mexico
s1323,Movie,TV-14,Teens,2021,Spain
s1324,Movie,TV-14,Teens,2021,Indonesia
s1325,Movie,R,Adults,2021,United States
s1326,Movie,TV-MA,Adults,2021,Sweden
s1327,Movie,TV-14,Teens,2021,Poland
s1328,Movie,TV-MA,Adults,2021,United States
s1329,TV Show,TV-MA,Adults,2021,United States
s1330,Movie,TV-MA,Adults,2021,France
s1331,Movie,PG,Teens,2021,United States
s1332,TV Show,TV-MA,Adults,2021,United States
s1333,TV Show,TV-G,Kids,2021,United States
s1334,Movie,R,Adults,2021,United States
s1334,Movie,R,Adults,2021,Cambodia
s1334,Movie,R,Adults,2021,Romania
s1335,Movie,TV-14,Teens,2021,China
s1336,TV Show,TV-MA,Adults,2021,United States
s1337,Movie,TV-MA,Adults,2021,France
s1338,Movie,TV-PG,Teens,2021,Bangladesh
s1339,TV Show,TV-MA,Adults,2021,Spain
s1340,TV Show,TV-MA,Adults,2021,Brazil
s1341,Movie,TV-14,Teens,2021,Taiwan
s1342,Movie,R,Adults,2021,United States
s1343,Movie,TV-MA,Adults,2021,South Korea
s1344,Movie,R,Adults,2021,United States
s1345,Movie,TV-MA,Adults,2021,Italy
s1346,Movie,TV-14,Teens,2021,China
s1347,Movie,TV-MA,Adults,2021,Poland
s1348,Movie,TV-MA,Adults,2021,Spain
s1348,Movie,TV-MA,Adults,2021,Belgium
s1348,Movie,TV-MA,Adults,2021,United States
s1349,TV Show,TV-MA,Adults,2021,United States
s1350,TV Show,TV-MA,Adults,2021,Colombia
s1351,TV Show,TV-Y7,Kids,2021,United States
s1352,Movie,TV-PG,Teens,2021,Mexico
s1353,TV Show,TV-MA,Adults,2021,United States
s1354,Movie,PG-13,Adults,2021,United States
s1355,TV Show,TV-14,Teens,2021,Canada
s1356,TV Show,TV-14,Teens,2021,United States
s1357,TV Show,TV-14,Teens,2021,United States
s1358,Movie,TV-MA,Adults,2021,United Kingdom
s1359,Movie,R,Adults,2021,United States
s1360,Movie,R,Adults,2021,United Kingdom
s1360,Movie,R,Adults,2021,United States
s1360,Movie,R,Adults,2021,Australia
s1361,TV Show,TV-MA,Adults,2021,Philippines
s1362,TV Show,TV-14,Teens,2021,United States
s1363,TV Show,TV-PG,Teens,2021,Canada
s1363,TV Show,TV-PG,Teens,2021,United States
s1363,TV Show,TV-PG,Teens,2021,France
s1364,TV Show,TV-14,Teens,2021,United States
s1365,Movie,PG,Teens,2021,United States
s1366,TV Show,TV-Y7,Kids,2021,France
s1367,Movie,PG-13,Adults,2021,Portugal
s1367,Movie,PG-13,Adults,2021,United States
s1368,Movie,R,Adults,2021,United States
s1369,Movie,TV-MA,Adults,2021,Spain
s1370,Movie,PG,Teens,2021,United States
s1371,Movie,PG-13,Adults,2021,United Kingdom
s1372,TV Show,TV-14,Teens,2021,United States
s1373,Movie,TV-PG,Teens,2021,Indonesia
s1374,TV Show,TV-MA,Adults,2021,Turkey
s1375,Movie,TV-14,Teens,2021,United States
s1376,TV Show,TV-MA,Adults,2021,United States
s1377,Movie,TV-MA,Adults,2021,India
s1378,TV Show,TV-MA,Adults,2021,United States
s1379,Movie,TV-14,Teens,2021,Australia
s1379,Movie,TV-14,Teens,2021,United States
s1380,Movie,TV-14,Teens,2021,Nigeria
s1381,TV Show,TV-Y,Kids,2021,United States
s1381,TV Show,TV-Y,Kids,2021,United Kingdom
s1384,TV Show,TV-14,Teens,2021,Canada
s1385,TV Show,TV-14,Teens,2021,South Korea
s1386,TV Show,TV-14,Teens,2021,Japan
s1387,Movie,TV-MA,Adults,2021,Portugal
s1387,Movie,TV-MA,Adults,2021,Spain
s1388,Movie,PG-13,Adults,2021,United States
s1388,Movie,PG-13,Adults,2021,France
s1389,Movie,R,Adults,2021,India
s1389,Movie,R,Adults,2021,United States
s1390,Movie,R,Adults,2021,United States
s1391,Movie,R,Adults,2021,United Kingdom
s1391,Movie,R,Adults,2021,Ireland
s1392,Movie,R,Adults,2021,United States
s1393,TV Show,TV-MA,Adults,2021,Mexico
s1394,Movie,TV-14,Teens,2021,United States
s1395,TV Show,TV-MA,Adults,2021,United States
s1396,TV Show,TV-Y,Kids,2021,United States
s1397,Movie,R,Adults,2021,United States
s1398,Movie,PG-13,Adults,2021,United Kingdom
s1398,Movie,PG-13,Adults,2021,Spain
s1398,Movie,PG-13,Adults,2021,United States
s1399,Movie,R,Adults,2021,United States
s1399,Movie,R,Adults,2021,Thailand
s1400,Movie,TV-14,Teens,2021,United States
s1401,TV Show,TV-MA,Adults,2021,United States
s1402,TV Show,TV-Y7,Kids,2021,United States
s1403,TV Show,TV-14,Teens,2021,United States
s1404,Movie,TV-G,Kids,2021,Brazil
s1405,TV Show,TV-G,Kids,2021,United States
s1406,Movie,R,Adults,2021,Hungary
s1406,Movie,R,Adults,2021,United States
s1407,Movie,PG,Teens,2021,United States
s1408,Movie,TV-Y,Kids,2021,United States
s1408,Movie,TV-Y,Kids,2021,South Korea
s1409,TV Show,TV-MA,Adults,2021,United States
s1409,TV Show,TV-MA,Adults,2021,Canada
s1410,Movie,R,Adults,2021,United States
s1411,Movie,TV-MA,Adults,2021,India
s1412,Movie,TV-14,Teens,2021,United States
s1413,Movie,TV-PG,Teens,2021,South Korea
s1414,Movie,TV-MA,Adults,2021,Indonesia
s1415,Movie,TV-14,Teens,2021,Indonesia
s1416,Movie,R,Adults,2021,United States
s1417,TV Show,TV-MA,Adults,2021,United States
s1418,Movie,TV-MA,Adults,2021,Argentina
s1420,TV Show,TV-MA,Adults,2021,United Kingdom
s1421,Movie,TV-MA,Adults,2021,United States
s1422,Movie,R,Adults,2021,France
s1423,Movie,TV-14,Teens,2021,India
s1424,Movie,TV-14,Teens,2021,India
s1425,Movie,TV-Y7,Kids,2021,Canada
s1425,Movie,TV-Y7,Kids,2021,United States
s1425,Movie,TV-Y7,Kids,2021,Cayman Islands
s1426,Movie,TV-14,Teens,2021,United States
s1427,Movie,TV-MA,Adults,2021,India
s1428,TV Show,TV-MA,Adults,2021,United Kingdom
s1429,Movie,TV-MA,Adults,2021,India
s1429,Movie,TV-MA,Adults,2021,France
s1430,TV Show,TV-Y,Kids,2021,India
s1431,TV Show,TV-14,Teens,2021,United States
s1432,Movie,TV-MA,Adults,2021,Turkey
s1433,TV Show,TV-14,Teens,2021,Spain
s1434,Movie,TV-14,Teens,2021,Indonesia
s1435,Movie,PG,Teens,2021,France
s1435,Movie,PG,Teens,2021,Canada
s1436,Movie,R,Adults,2021,Canada
s1436,Movie,R,Adults,2021,Hungary
s1436,Movie,R,Adults,2021,United States
s1438,TV Show,TV-MA,Adults,2021,United States
s1439,Movie,TV-14,Teens,2021,France
s1440,TV Show,TV-MA,Adults,2021,United States
s1441,TV Show,TV-PG,Teens,2021,Mexico
s1441,TV Show,TV-PG,Teens,2021,United States
s1442,Movie,TV-14,Teens,2021,India
s1444,TV Show,TV-14,Teens,2021,United States
s1445,Movie,PG-13,Adults,2021,United States
s1446,Movie,TV-14,Teens,2021,Norway
s1447,Movie,TV-MA,Adults,2021,United States
s1448,Movie,R,Adults,2021,United States
s1448,Movie,R,Adults,2021,Canada
s1449,TV Show,TV-14,Teens,2021,United States
s1450,TV Show,TV-G,Kids,2021,United States
s1451,Movie,R,Adults,2021,United States
s1452,Movie,TV-Y,Kids,2021,United States
s1453,Movie,PG-13,Adults,2021,United States
s1454,Movie,PG,Teens,2021,United States
s1455,Movie,PG-13,Adults,2021,United States
s1456,TV Show,TV-G,Kids,2021,United States
s1457,Movie,R,Adults,2021,United States
s1458,TV Show,TV-MA,Adults,2021,United States
s1459,Movie,R,Adults,2021,United Kingdom
s1460,Movie,PG-13,Adults,2021,United States
s1461,TV Show,TV-MA,Adults,2021,Mexico
s1462,Movie,R,Adults,2021,United States
s1464,TV Show,TV-Y,Kids,2021,Canada
s1464,TV Show,TV-Y,Kids,2021,United Kingdom
s1464,TV Show,TV-Y,Kids,2021,United States
s1465,Movie,TV-14,Teens,2021,United States
s1466,TV Show,TV-G,Kids,2021,United States
s1467,Movie,TV-14,Teens,2021,United States
s1468,Movie,PG-13,Adults,2021,United Kingdom
s1468,Movie,PG-13,Adults,2021,Germany
s1468,Movie,PG-13,Adults,2021,France
s1468,Movie,PG-13,Adults,2021,United States
s1469,Movie,TV-MA,Adults,2021,South Korea
s1470,Movie,PG-13,Adults,2021,United States
s1471,Movie,TV-MA,Adults,2020,United States
s1473,Movie,TV-14,Teens,2020,India
s1474,TV Show,TV-14,Teens,2020,United States
s1475,Movie,TV-PG,Teens,2020,Indonesia
s1476,Movie,TV-14,Teens,2020,Indonesia
s1477,TV Show,TV-G,Kids,2020,United States
s1478,TV Show,TV-MA,Adults,2020,United States
s1479,TV Show,TV-MA,Adults,2020,Denmark
s1479,TV Show,TV-MA,Adults,2020,United States
s1480,TV Show,TV-MA,Adults,2020,Italy
s1481,TV Show,TV-14,Teens,2020,United Kingdom
s1482,Movie,TV-MA,Adults,2020,Taiwan
s1484,TV Show,TV-PG,Teens,2020,South Korea
s1485,Movie,PG-13,Adults,2020,United States
s1486,Movie,PG,Teens,2020,United States
s1486,Movie,PG,Teens,2020,Canada
s1487,Movie,TV-MA,Adults,2020,United States
s1488,TV Show,TV-MA,Adults,2020,Senegal
s1489,Movie,TV-MA,Adults,2020,France
s1489,Movie,TV-MA,Adults,2020,Algeria
s1490,TV Show,TV-PG,Teens,2020,India
s1491,Movie,TV-Y,Kids,2020,Canada
s1492,Movie,TV-MA,Adults,2020,India
s1493,TV Show,TV-MA,Adults,2020,United States
s1494,Movie,TV-G,Kids,2020,Philippines
s1495,Movie,PG,Teens,2020,United States
s1496,Movie,TV-MA,Adults,2020,Indonesia
s1497,Movie,TV-G,Kids,2020,Indonesia
s1498,Movie,TV-14,Teens,2020,Philippines
s1499,Movie,TV-14,Teens,2020,United States
s1500,Movie,PG-13,Adults,2020,United States
s1501,Movie,TV-MA,Adults,2020,Taiwan
s1502,Movie,R,Adults,2020,United States
s1503,Movie,TV-MA,Adults,2020,United States
s1504,TV Show,TV-14,Teens,2020,South Korea
s1505,Movie,TV-14,Teens,2020,Netherlands
s1506,TV Show,TV-Y,Kids,2020,United States
s1507,TV Show,TV-Y,Kids,2020,United Kingdom
s1507,TV Show,TV-Y,Kids,2020,Finland
s1507,TV Show,TV-Y,Kids,2020,Germany
s1507,TV Show,TV-Y,Kids,2020,United States
s1507,TV Show,TV-Y,Kids,2020,Australia
s1507,TV Show,TV-Y,Kids,2020,Japan
s1507,TV Show,TV-Y,Kids,2020,France
s1507,TV Show,TV-Y,Kids,2020,Ireland
s1508,Movie,TV-Y,Kids,2020,United Kingdom
s1509,TV Show,TV-Y,Kids,2020,United Kingdom
s1510,Movie,TV-MA,Adults,2020,United States
s1511,Movie,R,Adults,2020,United States
s1511,Movie,R,Adults,2020,United Kingdom
s1512,Movie,TV-14,Teens,2020,Egypt
s1513,Movie,TV-MA,Adults,2020,United Kingdom
s1514,Movie,PG-13,Adults,2020,United States
s1515,TV Show,TV-MA,Adults,2020,South Africa
s1516,Movie,R,Adults,2020,United States
s1517,TV Show,TV-MA,Adults,2020,Norway
s1518,Movie,R,Adults,2020,United States
s1520,Movie,TV-PG,Teens,2020,Malaysia
s1521,TV Show,TV-MA,Adults,2020,India
s1522,Movie,TV-PG,Teens,2020,Malaysia
s1523,Movie,TV-14,Teens,2020,Malaysia
s1524,Movie,TV-14,Teens,2020,Colombia
s1525,Movie,R,Adults,2020,Canada
s1526,Movie,TV-14,Teens,2020,Indonesia
s1527,Movie,TV-14,Teens,2020,Philippines
s1528,TV Show,TV-Y,Kids,2020,Netherlands
s1529,TV Show,TV-MA,Adults,2020,South Korea
s1530,Movie,TV-14,Teens,2020,Philippines
s1531,TV Show,TV-MA,Adults,2020,United States
s1533,TV Show,TV-MA,Adults,2020,Brazil
s1535,Movie,TV-MA,Adults,2020,Philippines
s1535,Movie,TV-MA,Adults,2020,Canada
s1535,Movie,TV-MA,Adults,2020,United Kingdom
s1535,Movie,TV-MA,Adults,2020,United States
s1536,TV Show,TV-MA,Adults,2020,South Africa
s1537,Movie,PG-13,Adults,2020,United States
s1538,Movie,PG-13,Adults,2020,United States
s1539,TV Show,TV-14,Teens,2020,United States
s1539,TV Show,TV-14,Teens,2020,Japan
s1540,TV Show,TV-14,Teens,2020,Japan
s1541,Movie,R,Adults,2020,United States
s1542,TV Show,TV-MA,Adults,2020,United Kingdom
s1543,Movie,TV-MA,Adults,2020,India
s1544,TV Show,TV-14,Teens,2020,United States
s1545,Movie,R,Adults,2020,Canada
s1546,TV Show,TV-Y,Kids,2020,United States
s1547,TV Show,TV-MA,Adults,2020,United States
s1548,TV Show,TV-14,Teens,2020,United States
s1549,TV Show,TV-14,Teens,2020,United States
s1550,Movie,TV-14,Teens,2020,Ireland
s1550,Movie,TV-14,Teens,2020,France
s1550,Movie,TV-14,Teens,2020,Iceland
s1550,Movie,TV-14,Teens,2020,United States
s1550,Movie,TV-14,Teens,2020,Mexico
s1550,Movie,TV-14,Teens,2020,Belgium
s1550,Movie,TV-14,Teens,2020,United Kingdom
s1550,Movie,TV-14,Teens,2020,Hong Kong
s1551,Movie,PG-13,Adults,2020,United States
s1552,TV Show,TV-Y7,Kids,2020,United Kingdom
s1552,TV Show,TV-Y7,Kids,2020,Canada
s1552,TV Show,TV-Y7,Kids,2020,United States
s1553,TV Show,TV-MA,Adults,2020,United States
s1554,Movie,TV-MA,Adults,2020,United States
s1555,TV Show,TV-14,Teens,2020,Lebanon
s1556,TV Show,TV-Y,Kids,2020,France
s1558,Movie,G,Kids,2020,United States
s1559,Movie,PG-13,Adults,2020,United States
s1560,TV Show,TV-MA,Adults,2020,Spain
s1561,Movie,PG-13,Adults,2020,United States
s1562,Movie,TV-MA,Adults,2020,India
s1563,TV Show,TV-MA,Adults,2020,Japan
s1564,Movie,TV-MA,Adults,2020,Canada
s1564,Movie,TV-MA,Adults,2020,United States
s1566,Movie,TV-G,Kids,2020,Philippines
s1567,Movie,TV-14,Teens,2020,Philippines
s1568,Movie,TV-MA,Adults,2020,Philippines
s1569,Movie,TV-MA,Adults,2020,Philippines
s1570,TV Show,TV-14,Teens,2020,Saudi Arabia
s1571,TV Show,TV-14,Teens,2020,Egypt
s1572,Movie,TV-14,Teens,2020,Italy
s1573,TV Show,TV-G,Kids,2020,United States
s1574,TV Show,TV-PG,Teens,2020,United States
s1575,TV Show,TV-14,Teens,2020,United States
s1576,Movie,TV-PG,Teens,2020,Singapore
s1577,Movie,PG,Teens,2020,United States
s1578,Movie,TV-MA,Adults,2020,Brazil
s1579,TV Show,TV-PG,Teens,2020,Kuwait
s1580,TV Show,TV-14,Teens,2020,United States
s1581,Movie,TV-Y7,Kids,2020,United States
s1583,Movie,R,Adults,2020,United States
s1584,TV Show,TV-14,Teens,2020,South Korea
s1585,Movie,R,Adults,2020,United States
s1587,TV Show,TV-MA,Adults,2020,France
s1588,TV Show,TV-MA,Adults,2020,Taiwan
s1589,Movie,TV-Y,Kids,2020,Canada
s1590,TV Show,TV-MA,Adults,2020,India
s1591,TV Show,TV-MA,Adults,2020,United States
s1592,Movie,TV-Y7,Kids,2020,United States
s1593,Movie,TV-MA,Adults,2020,Germany
s1594,TV Show,TV-MA,Adults,2020,South Africa
s1595,Movie,TV-MA,Adults,2020,Turkey
s1596,Movie,R,Adults,2020,United States
s1598,Movie,TV-PG,Teens,2020,United States
s1599,Movie,TV-14,Teens,2020,Philippines
s1600,Movie,TV-MA,Adults,2020,France
s1600,Movie,TV-MA,Adults,2020,Belgium
s1602,Movie,TV-MA,Adults,2020,Brazil
s1603,Movie,TV-14,Teens,2020,Philippines
s1604,TV Show,TV-PG,Teens,2020,United Kingdom
s1605,Movie,TV-MA,Adults,2020,Iceland
s1606,TV Show,TV-14,Teens,2020,Indonesia
s1607,Movie,TV-MA,Adults,2020,Poland
s1608,Movie,TV-MA,Adults,2020,Germany
s1609,Movie,PG-13,Adults,2020,United States
s1609,Movie,PG-13,Adults,2020,France
s1609,Movie,PG-13,Adults,2020,Serbia
s1610,Movie,TV-Y,Kids,2020,United States
s1611,Movie,PG-13,Adults,2020,United States
s1611,Movie,PG-13,Adults,2020,Italy
s1612,TV Show,TV-14,Teens,2020,United States
s1613,Movie,R,Adults,2020,United States
s1614,Movie,PG-13,Adults,2020,United Kingdom
s1615,TV Show,TV-Y,Kids,2020,Spain
s1615,TV Show,TV-Y,Kids,2020,Italy
s1616,TV Show,TV-14,Teens,2020,United States
s1617,Movie,PG,Teens,2020,United States
s1618,Movie,TV-MA,Adults,2020,United States
s1619,TV Show,TV-Y,Kids,2020,United States
s1619,TV Show,TV-Y,Kids,2020,Ireland
s1619,TV Show,TV-Y,Kids,2020,United Kingdom
s1619,TV Show,TV-Y,Kids,2020,India
s1620,TV Show,TV-Y,Kids,2020,United Kingdom
s1620,TV Show,TV-Y,Kids,2020,Singapore
s1621,Movie,R,Adults,2020,Hong Kong
s1621,Movie,R,Adults,2020,United States
s1622,Movie,PG-13,Adults,2020,Australia
s1622,Movie,PG-13,Adults,2020,United States
s1623,TV Show,TV-MA,Adults,2020,United States
s1623,TV Show,TV-MA,Adults,2020,Canada
s1624,TV Show,TV-14,Teens,2020,United States
s1625,Movie,PG-13,Adults,2020,United States
s1625,Movie,PG-13,Adults,2020,Malta
s1625,Movie,PG-13,Adults,2020,France
s1625,Movie,PG-13,Adults,2020,United Kingdom
s1626,TV Show,TV-14,Teens,2020,South Korea
s1627,Movie,R,Adults,2020,United States
s1627,Movie,R,Adults,2020,China
s1627,Movie,R,Adults,2020,Canada
s1628,TV Show,TV-PG,Teens,2020,United States
s1629,TV Show,TV-PG,Teens,2020,United Kingdom
s1630,Movie,TV-MA,Adults,2020,Philippines
s1631,Movie,TV-PG,Teens,2020,Philippines
s1632,Movie,R,Adults,2020,United States
s1633,Movie,TV-Y,Kids,2020,United States
s1634,Movie,TV-MA,Adults,2020,United States
s1635,TV Show,TV-14,Teens,2020,South Korea
s1636,Movie,TV-Y,Kids,2020,United States
s1637,Movie,TV-PG,Teens,2020,United States
s1638,Movie,TV-MA,Adults,2020,Spain
s1639,TV Show,TV-MA,Adults,2020,India
s1640,TV Show,TV-14,Teens,2020,Australia
s1641,TV Show,TV-MA,Adults,2020,Germany
s1642,TV Show,TV-14,Teens,2020,United States
s1643,Movie,TV-MA,Adults,2020,Italy
s1644,Movie,TV-MA,Adults,2020,South Korea
s1645,Movie,TV-PG,Teens,2020,Philippines
s1646,Movie,TV-14,Teens,2020,United States
s1647,Movie,TV-MA,Adults,2020,United States
s1648,Movie,TV-14,Teens,2020,Philippines
s1649,Movie,R,Adults,2020,United Kingdom
s1650,TV Show,TV-MA,Adults,2020,Japan
s1651,Movie,TV-PG,Teens,2020,United Kingdom
s1651,Movie,TV-PG,Teens,2020,United States
s1652,Movie,PG,Teens,2020,Canada
s1654,Movie,TV-14,Teens,2020,India
s1655,TV Show,TV-MA,Adults,2020,Nigeria
s1656,Movie,TV-Y,Kids,2020,United States
s1657,Movie,R,Adults,2020,United States
s1658,Movie,TV-MA,Adults,2020,Argentina
s1659,TV Show,TV-14,Teens,2020,Egypt
s1660,Movie,R,Adults,2020,United States
s1661,Movie,TV-MA,Adults,2020,United States
s1662,TV Show,TV-MA,Adults,2020,South Korea
s1663,Movie,TV-14,Teens,2020,Egypt
s1664,Movie,TV-PG,Teens,2020,United States
s1665,Movie,R,Adults,2020,United States
s1665,Movie,R,Adults,2020,Russia
s1666,Movie,TV-14,Teens,2020,Kenya
s1667,Movie,TV-Y,Kids,2020,United States
s1668,TV Show,TV-G,Kids,2020,China
s1670,Movie,PG,Teens,2020,United States
s1671,TV Show,TV-MA,Adults,2020,India
s1672,Movie,TV-PG,Teens,2020,United States
s1673,TV Show,TV-PG,Teens,2020,United States
s1674,Movie,TV-MA,Adults,2020,India
s1675,Movie,TV-14,Teens,2020,India
s1676,Movie,TV-14,Teens,2020,India
s1677,Movie,TV-14,Teens,2020,India
s1678,Movie,TV-14,Teens,2020,Philippines
s1679,Movie,TV-MA,Adults,2020,India
s1680,Movie,TV-14,Teens,2020,India
s1681,Movie,TV-14,Teens,2020,India
s1682,Movie,TV-G,Kids,2020,United States
s1683,Movie,TV-G,Kids,2020,Philippines
s1684,Movie,TV-14,Teens,2020,India
s1685,TV Show,TV-G,Kids,2020,United States
s1686,Movie,TV-PG,Teens,2020,United States
s1686,Movie,TV-PG,Teens,2020,Japan
s1687,Movie,TV-MA,Adults,2020,United States
s1688,TV Show,TV-Y7,Kids,2020,United States
s1689,TV Show,TV-MA,Adults,2020,United States
s1690,Movie,PG-13,Adults,2020,United Kingdom
s1690,Movie,PG-13,Adults,2020,United States
s1691,Movie,R,Adults,2020,United States
s1692,Movie,TV-G,Kids,2020,United States
s1692,Movie,TV-G,Kids,2020,Canada
s1693,TV Show,TV-14,Teens,2020,United States
s1694,TV Show,TV-Y,Kids,2020,Japan
s1695,Movie,PG,Teens,2020,United States
s1696,Movie,TV-G,Kids,2020,Canada
s1697,TV Show,TV-Y,Kids,2020,Canada
s1697,TV Show,TV-Y,Kids,2020,United States
s1697,TV Show,TV-Y,Kids,2020,Ireland
s1698,TV Show,TV-14,Teens,2020,United States
s1699,TV Show,TV-MA,Adults,2020,United Kingdom
s1699,TV Show,TV-MA,Adults,2020,United States
s1700,Movie,TV-G,Kids,2020,United States
s1701,Movie,TV-14,Teens,2020,United States
s1702,TV Show,TV-MA,Adults,2020,United States
s1703,Movie,TV-Y7,Kids,2020,India
s1704,Movie,PG,Teens,2020,United States
s1705,Movie,TV-PG,Teens,2020,Brazil
s1706,Movie,PG-13,Adults,2020,Italy
s1707,TV Show,TV-MA,Adults,2020,Spain
s1708,Movie,TV-G,Kids,2020,Philippines
s1709,TV Show,TV-MA,Adults,2020,Turkey
s1710,Movie,TV-MA,Adults,2020,Philippines
s1711,Movie,R,Adults,2020,United States
s1712,TV Show,TV-MA,Adults,2020,South Korea
s1713,Movie,TV-MA,Adults,2020,India
s1714,Movie,TV-MA,Adults,2020,Argentina
s1715,Movie,PG-13,Adults,2020,United States
s1715,Movie,PG-13,Adults,2020,Canada
s1716,TV Show,TV-14,Teens,2020,Brazil
s1717,TV Show,TV-MA,Adults,2020,Australia
s1718,TV Show,TV-MA,Adults,2020,United States
s1719,TV Show,TV-MA,Adults,2020,United States
s1720,Movie,TV-14,Teens,2020,Lebanon
s1720,Movie,TV-14,Teens,2020,Canada
s1720,Movie,TV-14,Teens,2020,France
s1721,Movie,TV-MA,Adults,2020,Austria
s1722,TV Show,TV-14,Teens,2020,United States
s1723,TV Show,TV-14,Teens,2020,United States
s1725,TV Show,TV-PG,Teens,2020,Japan
s1725,TV Show,TV-PG,Teens,2020,Canada
s1725,TV Show,TV-PG,Teens,2020,United States
s1726,Movie,TV-MA,Adults,2020,Nigeria
s1727,TV Show,TV-PG,Teens,2020,United States
s1728,Movie,TV-MA,Adults,2020,Taiwan
s1729,Movie,TV-MA,Adults,2020,Spain
s1729,Movie,TV-MA,Adults,2020,France
s1729,Movie,TV-MA,Adults,2020,Canada
s1730,Movie,R,Adults,2020,United States
s1731,TV Show,TV-MA,Adults,2020,Australia
s1732,Movie,TV-MA,Adults,2020,United States
s1733,Movie,TV-14,Teens,2020,Philippines
s1734,TV Show,TV-14,Teens,2020,Argentina
s1735,Movie,TV-G,Kids,2020,Canada
s1736,Movie,TV-14,Teens,2020,Philippines
s1737,Movie,TV-G,Kids,2020,United States
s1738,TV Show,TV-14,Teens,2020,Egypt
s1739,Movie,TV-G,Kids,2020,Canada
s1740,Movie,TV-PG,Teens,2020,Canada
s1741,TV Show,TV-MA,Adults,2020,Sweden
s1742,Movie,TV-PG,Teens,2020,India
s1743,Movie,TV-MA,Adults,2020,Germany
s1744,Movie,TV-14,Teens,2020,Japan
s1747,TV Show,TV-MA,Adults,2020,Canada
s1748,Movie,R,Adults,2020,Canada
s1748,Movie,R,Adults,2020,United States
s1749,TV Show,TV-MA,Adults,2020,United States
s1750,Movie,TV-PG,Teens,2020,United States
s1751,TV Show,TV-14,Teens,2020,United States
s1752,Movie,TV-Y,Kids,2020,United States
s1753,Movie,TV-Y,Kids,2020,United States
s1754,Movie,PG,Teens,2020,Canada
s1755,TV Show,TV-14,Teens,2020,United States
s1756,TV Show,TV-14,Teens,2020,United States
s1757,TV Show,TV-Y,Kids,2020,United States
s1758,TV Show,TV-Y,Kids,2020,United States
s1759,TV Show,TV-Y7,Kids,2020,Canada
s1760,TV Show,TV-Y7,Kids,2020,Denmark
s1760,TV Show,TV-Y7,Kids,2020,Singapore
s1760,TV Show,TV-Y7,Kids,2020,Canada
s1760,TV Show,TV-Y7,Kids,2020,United States
s1761,TV Show,TV-Y,Kids,2020,United States
s1761,TV Show,TV-Y,Kids,2020,France
s1761,TV Show,TV-Y,Kids,2020,Denmark
s1762,Movie,PG,Teens,2020,United States
s1763,Movie,R,Adults,2020,United States
s1763,Movie,R,Adults,2020,China
s1763,Movie,R,Adults,2020,Colombia
s1764,Movie,R,Adults,2020,United States
s1765,Movie,R,Adults,2020,United Kingdom
s1765,Movie,R,Adults,2020,France
s1765,Movie,R,Adults,2020,Germany
s1765,Movie,R,Adults,2020,United States
s1766,TV Show,TV-Y,Kids,2020,France
s1766,TV Show,TV-Y,Kids,2020,United States
s1767,TV Show,TV-MA,Adults,2020,South Korea
s1768,Movie,PG-13,Adults,2020,Spain
s1768,Movie,PG-13,Adults,2020,Thailand
s1768,Movie,PG-13,Adults,2020,United States
s1769,Movie,PG,Teens,2020,United States
s1770,TV Show,TV-14,Teens,2020,South Korea
s1771,Movie,R,Adults,2020,United States
s1772,TV Show,TV-PG,Teens,2020,Brazil
s1773,Movie,TV-MA,Adults,2020,Norway
s1774,TV Show,TV-PG,Teens,2020,Australia
s1775,Movie,TV-14,Teens,2020,United States
s1776,Movie,TV-14,Teens,2020,United Kingdom
s1777,Movie,TV-14,Teens,2020,Nigeria
s1778,Movie,TV-14,Teens,2020,India
s1780,TV Show,TV-14,Teens,2020,United States
s1781,Movie,TV-MA,Adults,2020,France
s1782,TV Show,TV-14,Teens,2020,United States
s1783,TV Show,TV-MA,Adults,2020,Italy
s1784,Movie,TV-MA,Adults,2020,Mexico
s1784,Movie,TV-MA,Adults,2020,Spain
s1785,Movie,TV-14,Teens,2020,Philippines
s1786,Movie,TV-MA,Adults,2020,United States
s1788,Movie,R,Adults,2020,United States
s1789,Movie,TV-MA,Adults,2020,Poland
s1790,Movie,TV-PG,Teens,2020,United States
s1791,TV Show,TV-MA,Adults,2020,United States
s1792,TV Show,TV-Y,Kids,2020,United States
s1793,Movie,TV-14,Teens,2020,Argentina
s1794,Movie,TV-MA,Adults,2020,United States
s1795,TV Show,TV-14,Teens,2020,Taiwan
s1796,Movie,TV-14,Teens,2020,India
s1797,Movie,R,Adults,2020,Ireland
s1797,Movie,R,Adults,2020,Luxembourg
s1797,Movie,R,Adults,2020,Belgium
s1798,Movie,TV-MA,Adults,2020,Australia
s1799,Movie,TV-MA,Adults,2020,Brazil
s1800,TV Show,TV-MA,Adults,2020,Germany
s1801,TV Show,TV-MA,Adults,2020,United States
s1802,Movie,PG,Teens,2020,China
s1802,Movie,PG,Teens,2020,United States
s1803,Movie,TV-14,Teens,2020,United States
s1804,TV Show,TV-MA,Adults,2020,Spain
s1805,TV Show,TV-MA,Adults,2020,United States
s1806,Movie,TV-MA,Adults,2020,United States
s1807,Movie,TV-MA,Adults,2020,Norway
s1808,Movie,TV-MA,Adults,2020,Philippines
s1809,Movie,PG-13,Adults,2020,United Kingdom
s1810,Movie,TV-14,Teens,2020,Philippines
s1811,Movie,R,Adults,2020,Canada
s1811,Movie,R,Adults,2020,Belgium
s1812,Movie,R,Adults,2020,United States
s1813,Movie,TV-PG,Teens,2020,Canada
s1813,Movie,TV-PG,Teens,2020,United Kingdom
s1814,TV Show,TV-MA,Adults,2020,United States
s1815,Movie,PG-13,Adults,2020,United Kingdom
s1816,Movie,TV-Y,Kids,2020,Canada
s1817,Movie,PG-13,Adults,2020,United States
s1818,Movie,TV-14,Teens,2020,Lebanon
s1819,Movie,TV-14,Teens,2020,Lebanon
s1820,Movie,TV-MA,Adults,2020,Lebanon
s1821,Movie,TV-14,Teens,2020,Lebanon
s1821,Movie,TV-14,Teens,2020,United Arab Emirates
s1821,Movie,TV-14,Teens,2020,France
s1821,Movie,TV-14,Teens,2020,Switzerland
s1821,Movie,TV-14,Teens,2020,Germany
s1822,Movie,TV-MA,Adults,2020,Lebanon
s1823,Movie,TV-MA,Adults,2020,France
s1823,Movie,TV-MA,Adults,2020,Belgium
s1823,Movie,TV-MA,Adults,2020,Italy
s1824,Movie,TV-MA,Adults,2020,Lebanon
s1825,Movie,TV-MA,Adults,2020,Lebanon
s1825,Movie,TV-MA,Adults,2020,United States
s1825,Movie,TV-MA,Adults,2020,United Arab Emirates
s1826,Movie,TV-MA,Adults,2020,Lebanon
s1826,Movie,TV-MA,Adults,2020,France
s1827,Movie,TV-14,Teens,2020,France
s1827,Movie,TV-14,Teens,2020,Lebanon
s1828,Movie,TV-MA,Adults,2020,France
s1828,Movie,TV-MA,Adults,2020,Lebanon
s1828,Movie,TV-MA,Adults,2020,United Kingdom
s1830,Movie,TV-MA,Adults,2020,France
s1830,Movie,TV-MA,Adults,2020,Norway
s1830,Movie,TV-MA,Adults,2020,Lebanon
s1830,Movie,TV-MA,Adults,2020,Belgium
s1831,Movie,TV-14,Teens,2020,Lebanon
s1832,Movie,TV-14,Teens,2020,Lebanon
s1832,Movie,TV-14,Teens,2020,Canada
s1832,Movie,TV-14,Teens,2020,France
s1833,Movie,TV-MA,Adults,2020,Sweden
s1833,Movie,TV-MA,Adults,2020,Czech Republic
s1833,Movie,TV-MA,Adults,2020,United Kingdom
s1833,Movie,TV-MA,Adults,2020,Denmark
s1833,Movie,TV-MA,Adults,2020,Netherlands
s1834,Movie,PG,Teens,2020,United States
s1835,TV Show,TV-14,Teens,2020,South Korea
s1836,Movie,R,Adults,2020,United Kingdom
s1837,Movie,TV-MA,Adults,2020,Kenya
s1838,TV Show,TV-MA,Adults,2020,United States
s1839,Movie,R,Adults,2020,United States
s1840,TV Show,TV-MA,Adults,2020,France
s1841,TV Show,TV-MA,Adults,2020,Mexico
s1841,TV Show,TV-MA,Adults,2020,Spain
s1842,TV Show,TV-Y7,Kids,2020,United States
s1843,Movie,R,Adults,2020,United States
s1843,Movie,R,Adults,2020,United Kingdom
s1843,Movie,R,Adults,2020,India
s1844,Movie,R,Adults,2020,United States
s1844,Movie,R,Adults,2020,Russia
s1845,Movie,TV-PG,Teens,2020,United States
s1846,Movie,R,Adults,2020,United States
s1847,Movie,TV-14,Teens,2020,Egypt
s1848,TV Show,TV-Y,Kids,2020,United Kingdom
s1849,TV Show,TV-14,Teens,2020,United States
s1850,Movie,TV-PG,Teens,2020,Indonesia
s1850,Movie,TV-PG,Teens,2020,Netherlands
s1851,Movie,TV-14,Teens,2020,Indonesia
s1852,TV Show,TV-14,Teens,2020,United States
s1853,TV Show,TV-Y7,Kids,2020,United States
s1854,Movie,TV-PG,Teens,2020,India
s1855,TV Show,TV-MA,Adults,2020,United States
s1856,Movie,TV-14,Teens,2020,Taiwan
s1857,Movie,TV-14,Teens,2020,United States
s1858,Movie,TV-MA,Adults,2020,Mexico
s1859,Movie,TV-14,Teens,2020,India
s1860,Movie,TV-Y,Kids,2020,United Kingdom
s1861,TV Show,TV-MA,Adults,2020,United States
s1862,Movie,TV-14,Teens,2020,India
s1863,Movie,TV-14,Teens,2020,India
s1864,Movie,TV-MA,Adults,2020,India
s1865,TV Show,TV-Y7,Kids,2020,United States
s1866,Movie,TV-14,Teens,2020,India
s1867,Movie,TV-14,Teens,2020,India
s1868,Movie,TV-MA,Adults,2020,United States
s1869,TV Show,TV-MA,Adults,2020,United States
s1870,Movie,TV-MA,Adults,2020,India
s1871,Movie,TV-MA,Adults,2020,Turkey
s1871,Movie,TV-MA,Adults,2020,South Korea
s1872,Movie,TV-Y,Kids,2020,Canada
s1873,Movie,R,Adults,2020,United States
s1874,TV Show,TV-MA,Adults,2020,United States
s1875,Movie,TV-MA,Adults,2020,France
s1876,TV Show,TV-14,Teens,2020,South Korea
s1877,Movie,TV-MA,Adults,2020,Argentina
s1878,TV Show,TV-14,Teens,2020,South Korea
s1879,TV Show,TV-MA,Adults,2020,United States
s1879,TV Show,TV-MA,Adults,2020,Canada
s1880,Movie,PG-13,Adults,2020,United States
s1881,TV Show,TV-MA,Adults,2020,Russia
s1882,Movie,R,Adults,2020,United States
s1883,Movie,TV-14,Teens,2020,United Kingdom
s1884,Movie,TV-Y,Kids,2020,Canada
s1885,Movie,TV-14,Teens,2020,United States
s1886,TV Show,TV-14,Teens,2020,India
s1887,Movie,PG,Teens,2020,United States
s1887,Movie,PG,Teens,2020,United Kingdom
s1888,Movie,TV-MA,Adults,2020,Canada
s1889,Movie,TV-14,Teens,2020,Turkey
s1892,Movie,TV-14,Teens,2020,Turkey
s1894,TV Show,TV-PG,Teens,2020,United States
s1895,TV Show,TV-MA,Adults,2020,United States
s1896,TV Show,TV-PG,Teens,2020,Australia
s1897,Movie,TV-MA,Adults,2020,Nigeria
s1898,Movie,TV-MA,Adults,2020,India
s1899,Movie,TV-MA,Adults,2020,Italy
s1900,Movie,TV-MA,Adults,2020,Turkey
s1901,Movie,PG-13,Adults,2020,United States
s1902,Movie,TV-MA,Adults,2020,Mexico
s1903,Movie,TV-PG,Teens,2020,Malaysia
s1904,Movie,R,Adults,2020,Serbia
s1904,Movie,R,Adults,2020,United States
s1905,Movie,TV-14,Teens,2020,United States
s1906,Movie,TV-MA,Adults,2020,South Africa
s1907,TV Show,TV-14,Teens,2020,United States
s1908,TV Show,TV-MA,Adults,2020,South Korea
s1909,TV Show,TV-MA,Adults,2020,Japan
s1910,Movie,R,Adults,2020,United States
s1911,TV Show,TV-MA,Adults,2020,Brazil
s1912,Movie,TV-14,Teens,2020,United States
s1913,Movie,PG-13,Adults,2020,New Zealand
s1914,Movie,TV-MA,Adults,2020,United States
s1914,Movie,TV-MA,Adults,2020,Mexico
s1916,TV Show,TV-MA,Adults,2020,Germany
s1916,TV Show,TV-MA,Adults,2020,Czech Republic
s1917,Movie,PG-13,Adults,2020,United States
s1917,Movie,PG-13,Adults,2020,United Kingdom
s1918,TV Show,TV-MA,Adults,2020,Argentina
s1919,TV Show,TV-MA,Adults,2020,Japan
s1921,Movie,TV-14,Teens,2020,Saudi Arabia
s1922,Movie,R,Adults,2020,United States
s1922,Movie,R,Adults,2020,Bulgaria
s1923,TV Show,TV-PG,Teens,2020,United States
s1924,TV Show,TV-14,Teens,2020,United States
s1925,Movie,TV-14,Teens,2020,United States
s1926,TV Show,TV-MA,Adults,2020,Mexico
s1927,Movie,TV-MA,Adults,2020,United States
s1928,Movie,TV-PG,Teens,2020,Namibia
s1929,TV Show,TV-MA,Adults,2020,Japan
s1930,TV Show,TV-PG,Teens,2020,United States
s1931,Movie,TV-MA,Adults,2020,United Kingdom
s1931,Movie,TV-MA,Adults,2020,Kenya
s1932,Movie,R,Adults,2020,United States
s1933,Movie,TV-MA,Adults,2020,United States
s1934,TV Show,TV-MA,Adults,2020,Australia
s1935,Movie,PG-13,Adults,2020,United States
s1936,Movie,TV-MA,Adults,2020,United States
s1937,Movie,R,Adults,2020,United States
s1938,Movie,PG-13,Adults,2020,South Africa
s1938,Movie,PG-13,Adults,2020,United States
s1939,Movie,TV-PG,Teens,2020,India
s1940,Movie,TV-14,Teens,2020,India
s1941,Movie,TV-MA,Adults,2020,India
s1942,Movie,TV-PG,Teens,2020,India
s1943,Movie,TV-14,Teens,2020,India
s1944,Movie,TV-14,Teens,2020,India
s1945,Movie,TV-14,Teens,2020,India
s1946,Movie,TV-14,Teens,2020,India
s1947,Movie,TV-PG,Teens,2020,India
s1948,TV Show,TV-PG,Teens,2020,United States
s1949,TV Show,TV-MA,Adults,2020,United States
s1950,TV Show,TV-14,Teens,2020,United States
s1951,Movie,TV-14,Teens,2020,India
s1952,TV Show,TV-14,Teens,2020,Germany
s1955,TV Show,TV-MA,Adults,2020,United States
s1956,TV Show,TV-MA,Adults,2020,South Korea
s1958,Movie,PG-13,Adults,2020,United States
s1958,Movie,PG-13,Adults,2020,India
s1959,TV Show,TV-MA,Adults,2020,United States
s1960,Movie,PG-13,Adults,2020,United Kingdom
s1961,Movie,TV-G,Kids,2020,United States
s1962,TV Show,TV-MA,Adults,2020,United States
s1963,Movie,TV-PG,Teens,2020,United States
s1964,Movie,TV-PG,Teens,2020,Japan
s1965,Movie,TV-MA,Adults,2020,Japan
s1966,Movie,TV-MA,Adults,2020,Japan
s1967,Movie,TV-MA,Adults,2020,Japan
s1968,Movie,TV-MA,Adults,2020,Japan
s1970,Movie,TV-MA,Adults,2020,Japan
s1971,Movie,TV-MA,Adults,2020,Egypt
s1972,Movie,TV-14,Teens,2020,India
s1973,Movie,TV-14,Teens,2020,India
s1975,Movie,TV-MA,Adults,2020,India
s1976,Movie,TV-14,Teens,2020,India
s1977,Movie,TV-MA,Adults,2020,India
s1978,Movie,TV-MA,Adults,2020,India
s1979,TV Show,TV-MA,Adults,2020,United States
s1980,TV Show,TV-G,Kids,2020,United States
s1981,TV Show,TV-14,Teens,2020,United States
s1982,Movie,TV-14,Teens,2020,Indonesia
s1983,Movie,TV-14,Teens,2020,India
s1985,Movie,TV-MA,Adults,2020,France
s1986,Movie,TV-Y,Kids,2020,United Kingdom
s1988,Movie,TV-MA,Adults,2020,United States
s1989,TV Show,TV-MA,Adults,2020,Germany
s1990,TV Show,TV-MA,Adults,2020,Italy
s1991,TV Show,TV-14,Teens,2020,United States
s1992,TV Show,TV-MA,Adults,2020,United Kingdom
s1992,TV Show,TV-MA,Adults,2020,France
s1992,TV Show,TV-MA,Adults,2020,Germany
s1992,TV Show,TV-MA,Adults,2020,Spain
s1994,TV Show,TV-MA,Adults,2020,Poland
s1995,TV Show,TV-PG,Teens,2020,United States
s1996,Movie,R,Adults,2020,United States
s1997,Movie,TV-MA,Adults,2020,Spain
s1998,Movie,R,Adults,2020,United Kingdom
s1998,Movie,R,Adults,2020,France
s1998,Movie,R,Adults,2020,United States
s1998,Movie,R,Adults,2020,Belgium
s1998,Movie,R,Adults,2020,Luxembourg
s1998,Movie,R,Adults,2020,China
s1998,Movie,R,Adults,2020,Germany
s1999,TV Show,TV-MA,Adults,2020,United Kingdom
s2000,Movie,TV-PG,Teens,2020,Thailand
s2000,Movie,TV-PG,Teens,2020,United States
s2001,Movie,TV-MA,Adults,2020,United Kingdom
s2002,Movie,R,Adults,2020,France
s2002,Movie,R,Adults,2020,United States
s2003,TV Show,TV-MA,Adults,2020,United States
s2004,Movie,PG,Teens,2020,United States
s2004,Movie,PG,Teens,2020,France
s2004,Movie,PG,Teens,2020,Canada
s2004,Movie,PG,Teens,2020,Belgium
s2006,Movie,TV-MA,Adults,2020,Nigeria
s2007,TV Show,TV-Y,Kids,2020,United Kingdom
s2007,TV Show,TV-Y,Kids,2020,China
s2008,Movie,TV-14,Teens,2020,Mexico
s2009,TV Show,TV-MA,Adults,2020,France
s2010,TV Show,TV-14,Teens,2020,United States
s2011,Movie,PG,Teens,2020,United States
s2012,Movie,TV-Y7,Kids,2020,Germany
s2012,Movie,TV-Y7,Kids,2020,China
s2012,Movie,TV-Y7,Kids,2020,United Kingdom
s2013,TV Show,TV-MA,Adults,2020,Spain
s2014,TV Show,TV-MA,Adults,2020,United Kingdom
s2016,Movie,TV-14,Teens,2020,India
s2017,Movie,TV-14,Teens,2020,India
s2018,Movie,TV-14,Teens,2020,India
s2019,Movie,TV-PG,Teens,2020,India
s2020,Movie,TV-PG,Teens,2020,India
s2021,Movie,TV-G,Kids,2020,India
s2022,TV Show,TV-14,Teens,2020,United States
s2023,TV Show,TV-G,Kids,2020,United States
s2024,Movie,TV-MA,Adults,2020,India
s2025,Movie,TV-MA,Adults,2020,Turkey
s2026,Movie,TV-14,Teens,2020,India
s2027,Movie,TV-14,Teens,2020,India
s2028,Movie,TV-G,Kids,2020,Indonesia
s2029,Movie,TV-14,Teens,2020,Egypt
s2030,Movie,TV-MA,Adults,2020,United States
s2031,Movie,TV-14,Teens,2020,India
s2032,Movie,TV-MA,Adults,2020,France
s2033,TV Show,TV-PG,Teens,2020,United States
s2034,TV Show,TV-MA,Adults,2020,Spain
s2035,Movie,TV-14,Teens,2020,Argentina
s2036,Movie,PG-13,Adults,2020,United States
s2037,Movie,TV-MA,Adults,2020,South Korea
s2038,TV Show,TV-14,Teens,2020,South Korea
s2039,Movie,TV-G,Kids,2020,South Africa
s2040,Movie,TV-MA,Adults,2020,Turkey
s2042,Movie,PG,Teens,2020,United States
s2043,TV Show,TV-MA,Adults,2020,Australia
s2043,TV Show,TV-MA,Adults,2020,New Zealand
s2043,TV Show,TV-MA,Adults,2020,United States
s2044,Movie,R,Adults,2020,United Kingdom
s2045,TV Show,TV-14,Teens,2020,United States
s2046,Movie,R,Adults,2020,United States
s2047,Movie,TV-14,Teens,2020,South Africa
s2048,TV Show,TV-Y7,Kids,2020,United States
s2049,Movie,TV-MA,Adults,2020,Nigeria
s2050,Movie,TV-14,Teens,2020,Philippines
s2051,Movie,TV-MA,Adults,2020,Brazil
s2052,Movie,TV-PG,Teens,2020,Indonesia
s2053,Movie,TV-PG,Teens,2020,United States
s2054,TV Show,TV-MA,Adults,2020,United Kingdom
s2055,TV Show,TV-14,Teens,2020,United States
s2056,Movie,TV-MA,Adults,2020,Germany
s2057,Movie,PG,Teens,2020,Germany
s2057,Movie,PG,Teens,2020,United States
s2058,Movie,TV-G,Kids,2020,Vietnam
s2060,Movie,PG-13,Adults,2020,Hong Kong
s2060,Movie,PG-13,Adults,2020,Iceland
s2060,Movie,PG-13,Adults,2020,United States
s2061,Movie,TV-14,Teens,2020,Philippines
s2062,Movie,TV-Y,Kids,2020,Netherlands
s2063,TV Show,TV-MA,Adults,2020,Japan
s2064,TV Show,TV-Y,Kids,2020,United States
s2065,TV Show,TV-MA,Adults,2020,Denmark
s2066,Movie,TV-PG,Teens,2020,Japan
s2066,Movie,TV-PG,Teens,2020,United States
s2067,TV Show,TV-14,Teens,2020,Japan
s2068,Movie,TV-14,Teens,2020,Japan
s2069,TV Show,TV-MA,Adults,2020,United States
s2070,TV Show,TV-MA,Adults,2020,France
s2071,TV Show,TV-Y7,Kids,2020,France
s2071,TV Show,TV-Y7,Kids,2020,Australia
s2071,TV Show,TV-Y7,Kids,2020,Germany
s2072,Movie,PG,Teens,2020,United States
s2073,Movie,R,Adults,2020,United States
s2074,TV Show,TV-PG,Teens,2020,United States
s2075,Movie,TV-14,Teens,2020,India
s2076,Movie,TV-MA,Adults,2020,Spain
s2077,Movie,TV-Y7,Kids,2020,United States
s2078,Movie,TV-MA,Adults,2020,Italy
s2079,TV Show,TV-14,Teens,2020,Japan
s2080,Movie,PG,Teens,2020,United States
s2080,Movie,PG,Teens,2020,Belgium
s2080,Movie,PG,Teens,2020,Canada
s2080,Movie,PG,Teens,2020,France
s2081,TV Show,TV-Y,Kids,2020,United Kingdom
s2082,Movie,TV-Y,Kids,2020,Canada
s2083,Movie,TV-14,Teens,2020,India
s2084,Movie,TV-MA,Adults,2020,United States
s2085,Movie,PG,Teens,2020,United States
s2086,TV Show,TV-MA,Adults,2020,United Kingdom
s2086,TV Show,TV-MA,Adults,2020,United States
s2087,TV Show,TV-MA,Adults,2020,India
s2088,Movie,TV-MA,Adults,2020,South Africa
s2088,Movie,TV-MA,Adults,2020,Angola
s2089,Movie,TV-MA,Adults,2020,Spain
s2090,TV Show,TV-14,Teens,2020,Japan
s2091,Movie,TV-MA,Adults,2020,United States
s2092,Movie,TV-MA,Adults,2020,Taiwan
s2093,Movie,PG-13,Adults,2020,United States
s2094,TV Show,TV-MA,Adults,2020,Colombia
s2095,Movie,TV-MA,Adults,2020,United States
s2095,Movie,TV-MA,Adults,2020,Philippines
s2096,Movie,TV-MA,Adults,2020,United States
s2097,TV Show,TV-MA,Adults,2020,United States
s2098,Movie,PG-13,Adults,2020,United Kingdom
s2099,TV Show,TV-Y,Kids,2020,United States
s2100,TV Show,TV-MA,Adults,2020,United States
s2101,Movie,PG-13,Adults,2020,United States
s2103,TV Show,TV-G,Kids,2020,Nigeria
s2104,Movie,TV-14,Teens,2020,India
s2105,Movie,TV-MA,Adults,2020,Mexico
s2106,TV Show,TV-MA,Adults,2020,United States
s2107,TV Show,TV-14,Teens,2020,Canada
s2108,Movie,TV-PG,Teens,2020,United States
s2109,TV Show,TV-MA,Adults,2020,South Korea
s2110,Movie,TV-PG,Teens,2020,United States
s2111,Movie,TV-MA,Adults,2020,Egypt
s2112,Movie,TV-14,Teens,2020,Argentina
s2113,TV Show,TV-14,Teens,2020,United States
s2114,TV Show,TV-14,Teens,2020,United States
s2116,Movie,R,Adults,2020,United States
s2117,Movie,TV-PG,Teens,2020,Nigeria
s2118,Movie,TV-PG,Teens,2020,Indonesia
s2119,TV Show,TV-Y7,Kids,2020,United States
s2120,Movie,TV-PG,Teens,2020,Indonesia
s2121,Movie,PG-13,Adults,2020,United Kingdom
s2121,Movie,PG-13,Adults,2020,United States
s2122,Movie,PG-13,Adults,2020,United States
s2122,Movie,PG-13,Adults,2020,United Kingdom
s2122,Movie,PG-13,Adults,2020,Canada
s2122,Movie,PG-13,Adults,2020,China
s2123,TV Show,TV-MA,Adults,2020,South Korea
s2125,TV Show,TV-MA,Adults,2020,Denmark
s2126,TV Show,TV-14,Teens,2020,Saudi Arabia
s2127,Movie,TV-PG,Teens,2020,India
s2128,TV Show,TV-MA,Adults,2020,Brazil
s2130,Movie,TV-Y7,Kids,2020,Canada
s2131,Movie,TV-MA,Adults,2020,United States
s2131,Movie,TV-MA,Adults,2020,Nigeria
s2132,Movie,TV-Y,Kids,2020,United Kingdom
s2133,Movie,R,Adults,2020,United States
s2134,TV Show,TV-MA,Adults,2020,United States
s2135,TV Show,TV-MA,Adults,2020,Colombia
s2136,TV Show,TV-Y7,Kids,2020,United States
s2137,TV Show,TV-Y7,Kids,2020,Japan
s2138,Movie,TV-MA,Adults,2020,France
s2139,Movie,R,Adults,2020,United Kingdom
s2139,Movie,R,Adults,2020,United States
s2140,Movie,TV-MA,Adults,2020,United States
s2140,Movie,TV-MA,Adults,2020,France
s2141,TV Show,TV-MA,Adults,2020,United States
s2142,Movie,TV-14,Teens,2020,India
s2143,Movie,PG,Teens,2020,United States
s2144,Movie,TV-MA,Adults,2020,United States
s2145,TV Show,TV-G,Kids,2020,United States
s2146,TV Show,TV-MA,Adults,2020,Japan
s2147,Movie,PG-13,Adults,2020,United States
s2149,TV Show,TV-14,Teens,2020,Nigeria
s2150,Movie,R,Adults,2020,United States
s2150,Movie,R,Adults,2020,Canada
s2150,Movie,R,Adults,2020,United Kingdom
s2151,Movie,TV-MA,Adults,2020,Germany
s2152,TV Show,TV-MA,Adults,2020,Spain
s2154,TV Show,TV-PG,Teens,2020,Germany
s2155,Movie,TV-14,Teens,2020,United States
s2156,Movie,TV-Y,Kids,2020,United States
s2157,TV Show,TV-PG,Teens,2020,United States
s2158,TV Show,TV-Y7,Kids,2020,United States
s2159,TV Show,TV-Y,Kids,2020,United States
s2160,Movie,TV-14,Teens,2020,United States
s2161,TV Show,TV-Y7,Kids,2020,Canada
s2162,Movie,TV-PG,Teens,2020,Uruguay
s2163,TV Show,TV-MA,Adults,2020,Denmark
s2163,TV Show,TV-MA,Adults,2020,United States
s2164,Movie,TV-14,Teens,2020,France
s2166,TV Show,TV-14,Teens,2020,United States
s2168,Movie,TV-G,Kids,2020,United States
s2169,TV Show,TV-PG,Teens,2020,Brazil
s2170,Movie,TV-MA,Adults,2020,United States
s2171,TV Show,TV-MA,Adults,2020,United States
s2172,Movie,TV-MA,Adults,2020,United States
s2173,Movie,R,Adults,2020,United States
s2174,TV Show,TV-PG,Teens,2020,United States
s2175,TV Show,TV-G,Kids,2020,Canada
s2176,TV Show,TV-14,Teens,2020,Japan
s2177,Movie,R,Adults,2020,United States
s2178,Movie,TV-Y,Kids,2020,Canada
s2179,TV Show,TV-G,Kids,2020,Canada
s2180,Movie,R,Adults,2020,Turkey
s2180,Movie,R,Adults,2020,United States
s2181,TV Show,TV-14,Teens,2020,Japan
s2182,TV Show,TV-Y,Kids,2020,United States
s2184,Movie,R,Adults,2020,Canada
s2185,TV Show,TV-PG,Teens,2020,United Kingdom
s2186,Movie,TV-Y,Kids,2020,Germany
s2187,Movie,TV-MA,Adults,2020,India
s2188,Movie,TV-MA,Adults,2020,South Africa
s2189,Movie,TV-G,Kids,2020,United States
s2190,TV Show,TV-PG,Teens,2020,United States
s2191,TV Show,TV-14,Teens,2020,United States
s2191,TV Show,TV-14,Teens,2020,Canada
s2192,Movie,TV-MA,Adults,2020,Peru
s2192,Movie,TV-MA,Adults,2020,Germany
s2192,Movie,TV-MA,Adults,2020,Norway
s2193,TV Show,TV-Y7,Kids,2020,United States
s2194,Movie,TV-MA,Adults,2020,India
s2196,Movie,TV-MA,Adults,2020,Nigeria
s2197,Movie,TV-MA,Adults,2020,Mozambique
s2198,Movie,TV-MA,Adults,2020,Brazil
s2198,Movie,TV-MA,Adults,2020,France
s2199,Movie,TV-MA,Adults,2020,Poland
s2200,Movie,TV-PG,Teens,2020,United States
s2201,Movie,TV-MA,Adults,2020,United States
s2202,TV Show,TV-MA,Adults,2020,United States
s2203,Movie,TV-MA,Adults,2020,United States
s2204,TV Show,TV-MA,Adults,2020,United States
s2205,Movie,TV-14,Teens,2020,India
s2206,Movie,TV-14,Teens,2020,China
s2207,Movie,TV-MA,Adults,2020,India
s2208,Movie,TV-Y7,Kids,2020,China
s2208,Movie,TV-Y7,Kids,2020,Spain
s2208,Movie,TV-Y7,Kids,2020,South Korea
s2208,Movie,TV-Y7,Kids,2020,United States
s2209,Movie,TV-Y,Kids,2020,United States
s2210,Movie,TV-MA,Adults,2020,Nigeria
s2211,Movie,TV-MA,Adults,2020,Spain
s2211,Movie,TV-MA,Adults,2020,Germany
s2212,Movie,TV-MA,Adults,2020,Japan
s2213,TV Show,TV-G,Kids,2020,Spain
s2214,Movie,TV-14,Teens,2020,United Kingdom
s2214,Movie,TV-14,Teens,2020,United States
s2215,TV Show,TV-14,Teens,2020,United States
s2216,Movie,TV-Y7,Kids,2020,South Korea
s2217,Movie,TV-PG,Teens,2020,South Africa
s2218,TV Show,TV-MA,Adults,2020,United States
s2219,TV Show,TV-MA,Adults,2020,Norway
s2220,Movie,TV-MA,Adults,2020,United States
s2221,Movie,TV-MA,Adults,2020,Hong Kong
s2221,Movie,TV-MA,Adults,2020,China
s2222,Movie,TV-MA,Adults,2020,United Kingdom
s2224,TV Show,TV-MA,Adults,2020,United Kingdom
s2225,Movie,TV-14,Teens,2020,France
s2225,Movie,TV-14,Teens,2020,Belgium
s2225,Movie,TV-14,Teens,2020,Luxembourg
s2225,Movie,TV-14,Teens,2020,Cambodia
s2226,TV Show,TV-Y,Kids,2020,France
s2227,TV Show,TV-MA,Adults,2020,Australia
s2228,TV Show,TV-MA,Adults,2020,United Kingdom
s2228,TV Show,TV-MA,Adults,2020,Australia
s2229,Movie,R,Adults,2020,United States
s2230,TV Show,TV-14,Teens,2020,United States
s2231,TV Show,TV-MA,Adults,2020,Brazil
s2232,Movie,TV-MA,Adults,2020,Nigeria
s2233,Movie,TV-14,Teens,2020,United States
s2234,Movie,TV-MA,Adults,2020,France
s2234,Movie,TV-MA,Adults,2020,Belgium
s2235,Movie,TV-14,Teens,2020,Nigeria
s2236,TV Show,TV-MA,Adults,2020,Mexico
s2238,TV Show,TV-MA,Adults,2020,United States
s2239,TV Show,TV-Y,Kids,2020,Belarus
s2240,Movie,TV-14,Teens,2020,Nigeria
s2241,Movie,TV-MA,Adults,2020,Italy
s2242,TV Show,TV-MA,Adults,2020,United States
s2243,Movie,TV-MA,Adults,2020,Australia
s2244,Movie,TV-MA,Adults,2020,France
s2245,Movie,TV-MA,Adults,2020,South Africa
s2246,TV Show,TV-14,Teens,2020,Brazil
s2247,TV Show,TV-PG,Teens,2020,United States
s2248,Movie,TV-14,Teens,2020,Egypt
s2249,Movie,TV-14,Teens,2020,United States
s2250,TV Show,TV-Y7,Kids,2020,United States
s2251,Movie,R,Adults,2020,United States
s2252,TV Show,TV-MA,Adults,2020,Belgium
s2254,TV Show,TV-MA,Adults,2020,Japan
s2255,TV Show,TV-MA,Adults,2020,Turkey
s2256,TV Show,TV-14,Teens,2020,South Korea
s2257,Movie,R,Adults,2020,New Zealand
s2258,Movie,TV-14,Teens,2020,United States
s2259,TV Show,TV-MA,Adults,2020,Australia
s2260,Movie,R,Adults,2020,United States
s2261,Movie,PG,Teens,2020,United States
s2261,Movie,PG,Teens,2020,France
s2263,Movie,TV-MA,Adults,2020,United States
s2263,Movie,TV-MA,Adults,2020,China
s2265,Movie,TV-14,Teens,2020,India
s2266,Movie,TV-14,Teens,2020,India
s2267,Movie,TV-14,Teens,2020,India
s2268,Movie,TV-MA,Adults,2020,India
s2269,Movie,TV-14,Teens,2020,India
s2270,Movie,TV-MA,Adults,2020,India
s2271,Movie,TV-14,Teens,2020,India
s2272,Movie,TV-PG,Teens,2020,India
s2273,Movie,TV-14,Teens,2020,India
s2274,Movie,TV-14,Teens,2020,India
s2275,Movie,TV-14,Teens,2020,India
s2276,TV Show,TV-MA,Adults,2020,Thailand
s2277,Movie,TV-MA,Adults,2020,India
s2278,Movie,TV-14,Teens,2020,India
s2279,Movie,TV-PG,Teens,2020,India
s2280,Movie,TV-MA,Adults,2020,India
s2281,Movie,TV-MA,Adults,2020,India
s2282,Movie,TV-PG,Teens,2020,India
s2283,Movie,TV-14,Teens,2020,India
s2284,Movie,TV-MA,Adults,2020,United States
s2285,Movie,TV-14,Teens,2020,India
s2286,Movie,TV-14,Teens,2020,India
s2287,Movie,TV-MA,Adults,2020,India
s2288,Movie,TV-MA,Adults,2020,India
s2289,Movie,TV-MA,Adults,2020,India
s2290,Movie,TV-PG,Teens,2020,India
s2291,Movie,TV-14,Teens,2020,India
s2292,Movie,TV-14,Teens,2020,India
s2293,TV Show,TV-Y7,Kids,2020,India
s2294,TV Show,TV-MA,Adults,2020,Spain
s2295,Movie,TV-MA,Adults,2020,United States
s2296,Movie,TV-MA,Adults,2020,Indonesia
s2296,Movie,TV-MA,Adults,2020,United Kingdom
s2297,Movie,PG-13,Adults,2020,Switzerland
s2297,Movie,PG-13,Adults,2020,France
s2297,Movie,PG-13,Adults,2020,Belgium
s2297,Movie,PG-13,Adults,2020,United States
s2298,TV Show,TV-MA,Adults,2020,Japan
s2299,TV Show,TV-PG,Teens,2020,United States
s2300,TV Show,TV-G,Kids,2020,United States
s2301,Movie,TV-MA,Adults,2020,Ghana
s2302,TV Show,TV-G,Kids,2020,United States
s2303,Movie,TV-MA,Adults,2020,Brazil
s2304,TV Show,TV-MA,Adults,2020,United States
s2305,Movie,TV-14,Teens,2020,Italy
s2306,TV Show,TV-MA,Adults,2020,United Kingdom
s2307,TV Show,TV-MA,Adults,2020,Taiwan
s2308,TV Show,TV-Y,Kids,2020,United States
s2308,TV Show,TV-Y,Kids,2020,Canada
s2309,Movie,TV-MA,Adults,2020,Spain
s2310,Movie,TV-MA,Adults,2020,Turkey
s2311,Movie,TV-MA,Adults,2020,Canada
s2312,Movie,R,Adults,2020,United States
s2312,Movie,R,Adults,2020,Germany
s2312,Movie,R,Adults,2020,Canada
s2313,Movie,TV-MA,Adults,2020,Turkey
s2314,TV Show,TV-14,Teens,2020,United States
s2315,Movie,PG-13,Adults,2020,United Kingdom
s2315,Movie,PG-13,Adults,2020,United States
s2316,Movie,TV-MA,Adults,2020,United States
s2317,Movie,TV-14,Teens,2020,Spain
s2317,Movie,TV-14,Teens,2020,France
s2317,Movie,TV-14,Teens,2020,Canada
s2317,Movie,TV-14,Teens,2020,United States
s2318,Movie,R,Adults,2020,United States
s2318,Movie,R,Adults,2020,Mexico
s2319,TV Show,TV-Y,Kids,2020,France
s2320,Movie,TV-MA,Adults,2020,Italy
s2321,TV Show,TV-14,Teens,2020,Japan
s2322,Movie,TV-MA,Adults,2020,United States
s2323,TV Show,TV-MA,Adults,2020,Chile
s2323,TV Show,TV-MA,Adults,2020,Italy
s2324,Movie,TV-14,Teens,2020,United Kingdom
s2324,Movie,TV-14,Teens,2020,Nigeria
s2325,Movie,TV-G,Kids,2020,Indonesia
s2326,Movie,TV-MA,Adults,2020,Nigeria
s2328,TV Show,TV-MA,Adults,2020,Germany
s2328,TV Show,TV-MA,Adults,2020,United States
s2329,Movie,PG,Teens,2020,Australia
s2330,TV Show,TV-MA,Adults,2020,Colombia
s2331,Movie,PG-13,Adults,2020,United States
s2332,TV Show,TV-MA,Adults,2020,United States
s2333,Movie,TV-14,Teens,2020,Nigeria
s2334,Movie,TV-MA,Adults,2020,Philippines
s2335,Movie,TV-MA,Adults,2020,India
s2337,Movie,TV-14,Teens,2020,India
s2338,TV Show,TV-G,Kids,2020,South Korea
s2339,Movie,TV-MA,Adults,2020,India
s2340,Movie,TV-14,Teens,2020,India
s2341,Movie,TV-14,Teens,2020,India
s2342,Movie,PG-13,Adults,2020,United States
s2343,Movie,TV-MA,Adults,2020,India
s2344,TV Show,TV-PG,Teens,2020,United Kingdom
s2345,Movie,TV-MA,Adults,2020,Chile
s2346,Movie,TV-MA,Adults,2020,United States
s2347,TV Show,TV-14,Teens,2020,United States
s2348,Movie,TV-14,Teens,2020,India
s2349,Movie,TV-PG,Teens,2020,Nigeria
s2350,TV Show,TV-MA,Adults,2020,South Korea
s2351,Movie,R,Adults,2020,United States
s2352,Movie,TV-MA,Adults,2020,Nigeria
s2353,TV Show,TV-14,Teens,2020,United States
s2354,Movie,TV-MA,Adults,2020,India
s2355,Movie,TV-14,Teens,2020,France
s2355,Movie,TV-14,Teens,2020,Egypt
s2356,Movie,TV-MA,Adults,2020,United States
s2357,Movie,TV-G,Kids,2020,United States
s2358,TV Show,TV-PG,Teens,2020,United States
s2359,Movie,TV-MA,Adults,2020,France
s2360,TV Show,TV-MA,Adults,2020,Brazil
s2361,Movie,TV-MA,Adults,2020,Turkey
s2362,Movie,TV-14,Teens,2020,Egypt
s2362,Movie,TV-14,Teens,2020,France
s2363,TV Show,TV-MA,Adults,2020,United States
s2364,Movie,TV-MA,Adults,2020,France
s2364,Movie,TV-MA,Adults,2020,Brazil
s2364,Movie,TV-MA,Adults,2020,Spain
s2364,Movie,TV-MA,Adults,2020,Belgium
s2365,Movie,TV-PG,Teens,2020,Japan
s2366,Movie,TV-MA,Adults,2020,Egypt
s2366,Movie,TV-MA,Adults,2020,Algeria
s2367,Movie,TV-MA,Adults,2020,France
s2367,Movie,TV-MA,Adults,2020,Egypt
s2368,Movie,TV-MA,Adults,2020,Egypt
s2369,Movie,TV-14,Teens,2020,Egypt
s2370,Movie,TV-14,Teens,2020,Egypt
s2372,Movie,TV-14,Teens,2020,Philippines
s2373,Movie,TV-G,Kids,2020,Thailand
s2374,Movie,TV-MA,Adults,2020,Egypt
s2375,Movie,TV-MA,Adults,2020,Lebanon
s2376,Movie,TV-14,Teens,2020,Egypt
s2377,Movie,TV-MA,Adults,2020,Egypt
s2378,Movie,PG,Teens,2020,Canada
s2378,Movie,PG,Teens,2020,South Korea
s2378,Movie,PG,Teens,2020,United States
s2379,TV Show,TV-MA,Adults,2020,United States
s2380,Movie,R,Adults,2020,United Kingdom
s2380,Movie,R,Adults,2020,United States
s2381,Movie,TV-PG,Teens,2020,United States
s2382,Movie,TV-14,Teens,2020,Nigeria
s2382,Movie,TV-14,Teens,2020,United Kingdom
s2383,Movie,PG-13,Adults,2020,United States
s2384,TV Show,TV-PG,Teens,2020,United States
s2385,Movie,TV-MA,Adults,2020,United Kingdom
s2385,Movie,TV-MA,Adults,2020,United States
s2386,Movie,PG,Teens,2020,Argentina
s2386,Movie,PG,Teens,2020,Spain
s2387,Movie,TV-14,Teens,2020,Malaysia
s2388,Movie,TV-MA,Adults,2020,Nigeria
s2389,TV Show,TV-G,Kids,2020,United States
s2390,Movie,TV-14,Teens,2020,India
s2391,TV Show,TV-14,Teens,2020,United States
s2392,Movie,TV-14,Teens,2020,Indonesia
s2393,Movie,TV-MA,Adults,2020,India
s2394,Movie,R,Adults,2020,United States
s2396,TV Show,TV-MA,Adults,2020,United States
s2396,TV Show,TV-MA,Adults,2020,France
s2396,TV Show,TV-MA,Adults,2020,Canada
s2397,TV Show,TV-MA,Adults,2020,Germany
s2398,Movie,TV-MA,Adults,2020,United States
s2399,Movie,PG,Teens,2020,Japan
s2400,TV Show,TV-14,Teens,2020,Japan
s2401,TV Show,TV-MA,Adults,2020,Mexico
s2402,TV Show,TV-MA,Adults,2020,Poland
s2402,TV Show,TV-MA,Adults,2020,United States
s2403,Movie,TV-MA,Adults,2020,United Arab Emirates
s2403,Movie,TV-MA,Adults,2020,Jordan
s2403,Movie,TV-MA,Adults,2020,Lebanon
s2403,Movie,TV-MA,Adults,2020,Saudi Arabia
s2404,Movie,TV-14,Teens,2020,Saudi Arabia
s2405,TV Show,TV-MA,Adults,2020,Italy
s2406,TV Show,TV-14,Teens,2020,United States
s2407,TV Show,TV-MA,Adults,2020,United States
s2408,Movie,R,Adults,2020,United States
s2409,TV Show,TV-MA,Adults,2020,South Korea
s2410,TV Show,TV-MA,Adults,2020,Brazil
s2411,Movie,TV-MA,Adults,2020,South Korea
s2412,Movie,PG-13,Adults,2020,United States
s2413,Movie,TV-MA,Adults,2020,Poland
s2414,Movie,TV-14,Teens,2020,India
s2415,Movie,TV-14,Teens,2020,India
s2416,TV Show,TV-MA,Adults,2020,United States
s2416,TV Show,TV-MA,Adults,2020,Mexico
s2416,TV Show,TV-MA,Adults,2020,Spain
s2416,TV Show,TV-MA,Adults,2020,Malta
s2417,Movie,R,Adults,2020,United States
s2418,TV Show,TV-MA,Adults,2020,United States
s2419,Movie,TV-14,Teens,2020,Egypt
s2420,Movie,PG-13,Adults,2020,United States
s2421,Movie,TV-14,Teens,2020,India
s2422,Movie,TV-MA,Adults,2020,Nigeria
s2423,TV Show,TV-14,Teens,2020,United States
s2424,TV Show,TV-14,Teens,2020,United States
s2424,TV Show,TV-14,Teens,2020,Canada
s2425,Movie,TV-MA,Adults,2020,United States
s2427,TV Show,TV-MA,Adults,2020,Japan
s2428,Movie,TV-14,Teens,2020,Turkey
s2429,Movie,TV-MA,Adults,2020,Turkey
s2430,Movie,TV-MA,Adults,2020,Egypt
s2431,Movie,R,Adults,2020,United States
s2432,Movie,TV-G,Kids,2020,United States
s2434,Movie,TV-14,Teens,2020,Egypt
s2435,Movie,TV-14,Teens,2020,Egypt
s2436,Movie,TV-14,Teens,2020,Egypt
s2438,Movie,TV-MA,Adults,2020,Egypt
s2439,Movie,TV-14,Teens,2020,Egypt
s2440,Movie,TV-14,Teens,2020,Egypt
s2441,Movie,TV-Y,Kids,2020,Canada
s2442,Movie,TV-PG,Teens,2020,Saudi Arabia
s2442,Movie,TV-PG,Teens,2020,United Arab Emirates
s2443,Movie,TV-14,Teens,2020,Egypt
s2444,Movie,TV-MA,Adults,2020,Egypt
s2445,TV Show,TV-Y7,Kids,2020,Japan
s2446,Movie,TV-14,Teens,2020,India
s2447,Movie,TV-G,Kids,2020,Zimbabwe
s2448,TV Show,TV-MA,Adults,2020,South Korea
s2449,Movie,TV-PG,Teens,2020,United Arab Emirates
s2450,TV Show,TV-MA,Adults,2020,Japan
s2451,TV Show,TV-MA,Adults,2020,Japan
s2452,Movie,PG,Teens,2020,Japan
s2452,Movie,PG,Teens,2020,United States
s2453,TV Show,TV-MA,Adults,2020,South Korea
s2454,TV Show,TV-MA,Adults,2020,South Korea
s2455,Movie,R,Adults,2020,United States
s2456,Movie,TV-14,Teens,2020,United Kingdom
s2456,Movie,TV-14,Teens,2020,Germany
s2456,Movie,TV-14,Teens,2020,United Arab Emirates
s2456,Movie,TV-14,Teens,2020,New Zealand
s2457,Movie,TV-14,Teens,2020,Romania
s2457,Movie,TV-14,Teens,2020,United States
s2458,Movie,TV-PG,Teens,2020,United Arab Emirates
s2459,Movie,TV-MA,Adults,2020,India
s2460,TV Show,TV-MA,Adults,2020,United States
s2461,Movie,TV-MA,Adults,2020,France
s2461,Movie,TV-MA,Adults,2020,Egypt
s2462,TV Show,TV-MA,Adults,2020,Ireland
s2463,TV Show,TV-MA,Adults,2020,Japan
s2464,Movie,TV-14,Teens,2020,United Arab Emirates
s2465,Movie,TV-14,Teens,2020,United Arab Emirates
s2466,Movie,TV-MA,Adults,2020,Argentina
s2467,TV Show,TV-G,Kids,2020,Australia
s2468,Movie,TV-MA,Adults,2020,Mexico
s2468,Movie,TV-MA,Adults,2020,United States
s2469,Movie,TV-MA,Adults,2020,Australia
s2470,Movie,TV-14,Teens,2020,China
s2471,TV Show,TV-14,Teens,2020,United States
s2472,Movie,R,Adults,2020,United States
s2473,TV Show,TV-MA,Adults,2020,India
s2474,TV Show,TV-14,Teens,2020,United States
s2475,Movie,TV-G,Kids,2020,Indonesia
s2476,Movie,TV-G,Kids,2020,Indonesia
s2477,TV Show,TV-14,Teens,2020,United Kingdom
s2478,Movie,TV-MA,Adults,2020,Nigeria
s2479,Movie,PG,Teens,2020,Japan
s2480,Movie,R,Adults,2020,United States
s2481,TV Show,TV-MA,Adults,2020,Canada
s2482,Movie,TV-G,Kids,2020,Indonesia
s2483,Movie,TV-14,Teens,2020,Kuwait
s2486,Movie,TV-14,Teens,2020,Chile
s2487,TV Show,TV-MA,Adults,2020,South Korea
s2488,Movie,TV-14,Teens,2020,Egypt
s2491,Movie,TV-14,Teens,2020,Egypt
s2492,Movie,TV-14,Teens,2020,Egypt
s2493,Movie,TV-PG,Teens,2020,Egypt
s2494,Movie,TV-MA,Adults,2020,Canada
s2494,Movie,TV-MA,Adults,2020,Nigeria
s2495,Movie,TV-PG,Teens,2020,United States
s2497,Movie,TV-MA,Adults,2020,United Kingdom
s2498,Movie,TV-14,Teens,2020,United States
s2499,Movie,TV-MA,Adults,2020,Mexico
s2500,TV Show,TV-14,Teens,2020,Colombia
s2501,Movie,TV-MA,Adults,2020,India
s2502,Movie,TV-PG,Teens,2020,Egypt
s2503,Movie,TV-14,Teens,2020,Egypt
s2504,Movie,TV-14,Teens,2020,Egypt
s2505,Movie,TV-14,Teens,2020,Egypt
s2506,Movie,TV-PG,Teens,2020,Egypt
s2507,Movie,TV-14,Teens,2020,Egypt
s2508,TV Show,TV-MA,Adults,2020,United States
s2509,TV Show,TV-14,Teens,2020,United States
s2510,Movie,TV-14,Teens,2020,Egypt
s2511,Movie,TV-14,Teens,2020,Egypt
s2512,Movie,PG,Teens,2020,Saudi Arabia
s2512,Movie,PG,Teens,2020,Netherlands
s2512,Movie,PG,Teens,2020,Germany
s2512,Movie,PG,Teens,2020,Jordan
s2512,Movie,PG,Teens,2020,United Arab Emirates
s2512,Movie,PG,Teens,2020,United States
s2513,Movie,TV-PG,Teens,2020,Egypt
s2514,Movie,TV-14,Teens,2020,Nigeria
s2515,TV Show,TV-PG,Teens,2020,United Kingdom
s2516,TV Show,TV-MA,Adults,2020,United States
s2517,Movie,TV-MA,Adults,2020,Kuwait
s2518,TV Show,TV-14,Teens,2020,South Korea
s2519,TV Show,TV-14,Teens,2020,South Korea
s2520,TV Show,TV-Y7,Kids,2020,United States
s2521,Movie,TV-MA,Adults,2020,Lebanon
s2522,Movie,TV-MA,Adults,2020,Spain
s2523,TV Show,TV-MA,Adults,2020,France
s2524,TV Show,TV-PG,Teens,2020,United States
s2525,TV Show,TV-14,Teens,2020,United States
s2526,TV Show,TV-MA,Adults,2020,Japan
s2527,TV Show,TV-Y7,Kids,2020,United States
s2528,TV Show,TV-MA,Adults,2020,Thailand
s2529,TV Show,TV-MA,Adults,2020,South Korea
s2530,TV Show,TV-Y,Kids,2020,Australia
s2531,TV Show,TV-MA,Adults,2020,United Kingdom
s2531,TV Show,TV-MA,Adults,2020,Spain
s2532,Movie,TV-14,Teens,2020,Indonesia
s2533,Movie,TV-14,Teens,2020,Indonesia
s2534,Movie,TV-G,Kids,2020,United Arab Emirates
s2535,Movie,TV-MA,Adults,2020,India
s2537,Movie,TV-MA,Adults,2020,Mexico
s2538,Movie,TV-14,Teens,2020,Nigeria
s2539,Movie,TV-PG,Teens,2020,Kuwait
s2540,Movie,TV-14,Teens,2020,India
s2541,Movie,TV-MA,Adults,2020,United States
s2542,Movie,TV-14,Teens,2020,United Arab Emirates
s2543,TV Show,TV-Y,Kids,2020,Canada
s2544,Movie,TV-14,Teens,2020,United States
s2545,Movie,TV-PG,Teens,2020,India
s2546,Movie,TV-14,Teens,2020,India
s2547,TV Show,TV-MA,Adults,2020,Finland
s2547,TV Show,TV-MA,Adults,2020,France
s2548,Movie,TV-MA,Adults,2020,United States
s2549,TV Show,TV-MA,Adults,2020,United States
s2550,Movie,R,Adults,2020,United States
s2551,Movie,TV-MA,Adults,2020,Italy
s2552,TV Show,TV-MA,Adults,2020,United States
s2553,TV Show,TV-14,Teens,2020,Canada
s2554,TV Show,TV-MA,Adults,2020,United Kingdom
s2554,TV Show,TV-MA,Adults,2020,Germany
s2554,TV Show,TV-MA,Adults,2020,United States
s2554,TV Show,TV-MA,Adults,2020,France
s2555,TV Show,TV-Y7,Kids,2020,Canada
s2556,Movie,TV-14,Teens,2020,United Arab Emirates
s2557,Movie,TV-14,Teens,2020,Kuwait
s2558,TV Show,TV-MA,Adults,2020,China
s2559,Movie,TV-PG,Teens,2020,Indonesia
s2560,Movie,PG,Teens,2020,United States
s2562,Movie,TV-PG,Teens,2020,United States
s2563,Movie,PG,Teens,2020,India
s2563,Movie,PG,Teens,2020,United Kingdom
s2563,Movie,PG,Teens,2020,China
s2563,Movie,PG,Teens,2020,Canada
s2563,Movie,PG,Teens,2020,Japan
s2563,Movie,PG,Teens,2020,South Korea
s2563,Movie,PG,Teens,2020,United States
s2564,Movie,TV-G,Kids,2020,Brazil
s2565,Movie,TV-14,Teens,2020,India
s2566,TV Show,TV-MA,Adults,2020,Argentina
s2567,Movie,PG-13,Adults,2020,United States
s2568,Movie,TV-14,Teens,2020,Colombia
s2571,Movie,PG,Teens,2020,United States
s2572,Movie,TV-14,Teens,2020,United States
s2573,Movie,PG,Teens,2020,United States
s2574,Movie,R,Adults,2020,United States
s2576,TV Show,TV-14,Teens,2020,United States
s2577,Movie,R,Adults,2020,United States
s2578,Movie,TV-MA,Adults,2020,United States
s2579,Movie,TV-MA,Adults,2020,France
s2579,Movie,TV-MA,Adults,2020,Belgium
s2580,Movie,TV-Y,Kids,2020,United States
s2581,TV Show,TV-MA,Adults,2020,United States
s2582,Movie,TV-MA,Adults,2020,United States
s2583,Movie,PG,Teens,2020,United States
s2584,TV Show,TV-Y,Kids,2020,Russia
s2585,Movie,TV-14,Teens,2020,South Africa
s2586,TV Show,TV-MA,Adults,2020,Italy
s2586,TV Show,TV-MA,Adults,2020,United Kingdom
s2586,TV Show,TV-MA,Adults,2020,France
s2587,TV Show,TV-PG,Teens,2020,Japan
s2588,Movie,TV-MA,Adults,2020,India
s2589,TV Show,TV-G,Kids,2020,Canada
s2590,Movie,TV-MA,Adults,2020,India
s2591,TV Show,TV-MA,Adults,2020,Australia
s2591,TV Show,TV-MA,Adults,2020,United States
s2592,Movie,PG-13,Adults,2020,United States
s2593,Movie,R,Adults,2020,United States
s2597,Movie,PG,Teens,2020,United States
s2597,Movie,PG,Teens,2020,United Kingdom
s2598,Movie,TV-14,Teens,2020,United States
s2599,TV Show,TV-14,Teens,2020,Japan
s2600,TV Show,TV-MA,Adults,2020,United States
s2600,TV Show,TV-MA,Adults,2020,Mexico
s2600,TV Show,TV-MA,Adults,2020,Colombia
s2601,TV Show,TV-PG,Teens,2020,United States
s2601,TV Show,TV-PG,Teens,2020,Canada
s2602,Movie,TV-14,Teens,2020,Brazil
s2603,TV Show,TV-MA,Adults,2020,Japan
s2604,TV Show,TV-MA,Adults,2020,Taiwan
s2605,Movie,TV-14,Teens,2020,United States
s2606,Movie,TV-PG,Teens,2020,Turkey
s2607,TV Show,TV-MA,Adults,2020,South Korea
s2608,Movie,TV-14,Teens,2020,Nigeria
s2609,Movie,TV-MA,Adults,2020,United States
s2610,TV Show,TV-G,Kids,2020,United Kingdom
s2611,Movie,TV-14,Teens,2020,India
s2612,TV Show,TV-MA,Adults,2020,South Africa
s2613,Movie,TV-MA,Adults,2020,Turkey
s2614,Movie,TV-MA,Adults,2020,Turkey
s2614,Movie,TV-MA,Adults,2020,India
s2615,Movie,TV-MA,Adults,2020,Egypt
s2616,Movie,TV-14,Teens,2020,Turkey
s2617,Movie,TV-MA,Adults,2020,Turkey
s2618,Movie,TV-MA,Adults,2020,Italy
s2618,Movie,TV-MA,Adults,2020,Turkey
s2619,Movie,TV-MA,Adults,2020,Turkey
s2621,Movie,TV-14,Teens,2020,Turkey
s2622,Movie,TV-14,Teens,2020,Turkey
s2623,Movie,PG-13,Adults,2020,United States
s2624,Movie,TV-14,Teens,2020,Egypt
s2625,Movie,TV-14,Teens,2020,Romania
s2626,Movie,TV-MA,Adults,2020,India
s2627,Movie,TV-MA,Adults,2020,India
s2628,TV Show,TV-PG,Teens,2020,United States
s2629,TV Show,TV-MA,Adults,2020,United Kingdom
s2630,Movie,TV-14,Teens,2020,India
s2631,Movie,TV-MA,Adults,2020,Egypt
s2632,TV Show,TV-14,Teens,2020,South Korea
s2633,Movie,TV-MA,Adults,2020,United Kingdom
s2633,Movie,TV-MA,Adults,2020,United States
s2633,Movie,TV-MA,Adults,2020,Japan
s2634,Movie,TV-14,Teens,2020,Egypt
s2635,Movie,PG-13,Adults,2020,France
s2635,Movie,PG-13,Adults,2020,Belgium
s2635,Movie,PG-13,Adults,2020,United States
s2636,Movie,TV-14,Teens,2020,Egypt
s2637,Movie,TV-14,Teens,2020,Egypt
s2638,Movie,TV-14,Teens,2020,Egypt
s2639,Movie,TV-14,Teens,2020,Egypt
s2641,TV Show,TV-MA,Adults,2020,United Kingdom
s2643,Movie,TV-14,Teens,2020,India
s2644,TV Show,TV-MA,Adults,2020,Turkey
s2645,Movie,TV-MA,Adults,2020,India
s2646,TV Show,TV-14,Teens,2020,Japan
s2646,TV Show,TV-14,Teens,2020,United States
s2647,Movie,TV-G,Kids,2020,Indonesia
s2648,Movie,TV-14,Teens,2020,Indonesia
s2649,TV Show,TV-MA,Adults,2020,Mexico
s2650,Movie,TV-14,Teens,2020,Indonesia
s2651,Movie,TV-MA,Adults,2020,South Korea
s2652,TV Show,TV-PG,Teens,2020,United States
s2653,Movie,TV-MA,Adults,2020,United States
s2654,Movie,TV-MA,Adults,2020,Poland
s2655,Movie,TV-MA,Adults,2020,Nigeria
s2656,Movie,TV-MA,Adults,2020,Spain
s2657,Movie,PG,Teens,2020,Canada
s2657,Movie,PG,Teens,2020,United States
s2657,Movie,PG,Teens,2020,United Kingdom
s2658,TV Show,TV-14,Teens,2020,United Kingdom
s2659,TV Show,TV-14,Teens,2020,Japan
s2660,TV Show,TV-MA,Adults,2020,United States
s2661,TV Show,TV-MA,Adults,2020,Puerto Rico
s2661,TV Show,TV-MA,Adults,2020,United States
s2661,TV Show,TV-MA,Adults,2020,Colombia
s2662,TV Show,TV-MA,Adults,2020,United States
s2663,TV Show,TV-MA,Adults,2020,United States
s2664,Movie,TV-14,Teens,2020,India
s2665,TV Show,TV-Y,Kids,2020,India
s2666,TV Show,TV-14,Teens,2020,South Korea
s2667,TV Show,TV-MA,Adults,2020,United States
s2668,Movie,TV-MA,Adults,2020,Turkey
s2669,Movie,TV-MA,Adults,2020,France
s2669,Movie,TV-MA,Adults,2020,Belgium
s2670,TV Show,TV-MA,Adults,2020,Mexico
s2671,TV Show,TV-MA,Adults,2020,India
s2672,Movie,TV-MA,Adults,2020,Germany
s2673,Movie,R,Adults,2020,United States
s2674,Movie,TV-MA,Adults,2020,Spain
s2674,Movie,TV-MA,Adults,2020,Germany
s2675,Movie,TV-MA,Adults,2020,Uruguay
s2675,Movie,TV-MA,Adults,2020,Argentina
s2676,TV Show,TV-MA,Adults,2020,France
s2677,TV Show,TV-MA,Adults,2020,Israel
s2678,Movie,PG-13,Adults,2020,United States
s2678,Movie,PG-13,Adults,2020,United Kingdom
s2678,Movie,PG-13,Adults,2020,Japan
s2679,Movie,PG,Teens,2020,United States
s2680,Movie,TV-MA,Adults,2020,Brazil
s2681,Movie,R,Adults,2020,United States
s2682,Movie,TV-G,Kids,2020,Turkey
s2683,Movie,TV-14,Teens,2020,Philippines
s2684,Movie,TV-PG,Teens,2020,India
s2685,TV Show,TV-MA,Adults,2020,United States
s2686,Movie,TV-MA,Adults,2020,India
s2687,Movie,TV-MA,Adults,2020,United States
s2688,Movie,TV-14,Teens,2020,Nigeria
s2689,Movie,TV-14,Teens,2020,Nigeria
s2690,Movie,TV-14,Teens,2020,United States
s2691,Movie,TV-MA,Adults,2020,Canada
s2692,TV Show,TV-MA,Adults,2020,United States
s2693,Movie,TV-MA,Adults,2020,United States
s2693,Movie,TV-MA,Adults,2020,Argentina
s2694,Movie,TV-MA,Adults,2020,United Kingdom
s2694,Movie,TV-MA,Adults,2020,Italy
s2695,Movie,TV-MA,Adults,2020,France
s2696,Movie,TV-G,Kids,2020,United States
s2697,TV Show,TV-MA,Adults,2020,Italy
s2698,Movie,PG,Teens,2020,United States
s2699,TV Show,TV-14,Teens,2020,Japan
s2701,Movie,TV-MA,Adults,2020,Philippines
s2702,Movie,PG,Teens,2020,United States
s2703,Movie,TV-MA,Adults,2020,United States
s2704,Movie,TV-MA,Adults,2020,United States
s2705,Movie,R,Adults,2020,United States
s2706,Movie,TV-MA,Adults,2020,United States
s2707,Movie,R,Adults,2020,Ireland
s2707,Movie,R,Adults,2020,United Kingdom
s2708,Movie,R,Adults,2020,United States
s2709,TV Show,TV-MA,Adults,2020,Chile
s2710,Movie,TV-MA,Adults,2020,United States
s2711,TV Show,TV-14,Teens,2020,United States
s2712,Movie,TV-MA,Adults,2020,Spain
s2713,Movie,R,Adults,2020,United Kingdom
s2713,Movie,R,Adults,2020,France
s2713,Movie,R,Adults,2020,Belgium
s2713,Movie,R,Adults,2020,Canada
s2713,Movie,R,Adults,2020,United States
s2714,Movie,TV-14,Teens,2020,Japan
s2715,Movie,TV-PG,Teens,2020,Japan
s2716,Movie,TV-14,Teens,2020,India
s2717,Movie,TV-14,Teens,2020,India
s2717,Movie,TV-14,Teens,2020,United States
s2718,Movie,TV-Y7,Kids,2020,India
s2719,TV Show,TV-14,Teens,2020,United States
s2720,Movie,TV-MA,Adults,2020,Sweden
s2721,Movie,TV-14,Teens,2020,India
s2721,Movie,TV-14,Teens,2020,United States
s2722,Movie,TV-14,Teens,2020,India
s2723,Movie,TV-14,Teens,2020,India
s2724,Movie,TV-14,Teens,2020,India
s2725,Movie,TV-14,Teens,2020,India
s2726,Movie,TV-14,Teens,2020,India
s2727,Movie,TV-14,Teens,2020,India
s2728,TV Show,TV-MA,Adults,2020,United States
s2729,Movie,TV-14,Teens,2020,India
s2730,Movie,TV-14,Teens,2020,India
s2731,Movie,TV-14,Teens,2020,India
s2732,Movie,TV-14,Teens,2020,India
s2733,Movie,TV-14,Teens,2020,India
s2734,Movie,TV-14,Teens,2020,India
s2735,Movie,TV-14,Teens,2020,India
s2736,Movie,TV-14,Teens,2020,India
s2737,TV Show,TV-MA,Adults,2020,United Kingdom
s2738,Movie,TV-Y7,Kids,2020,India
s2739,Movie,TV-14,Teens,2020,India
s2741,TV Show,TV-14,Teens,2020,Japan
s2742,Movie,TV-MA,Adults,2020,India
s2743,TV Show,TV-MA,Adults,2020,United Kingdom
s2744,TV Show,TV-MA,Adults,2020,United States
s2745,Movie,TV-G,Kids,2020,Netherlands
s2745,Movie,TV-G,Kids,2020,Germany
s2745,Movie,TV-G,Kids,2020,Denmark
s2745,Movie,TV-G,Kids,2020,United Kingdom
s2746,Movie,R,Adults,2020,United States
s2747,TV Show,TV-MA,Adults,2020,United Kingdom
s2748,Movie,TV-14,Teens,2020,India
s2749,TV Show,TV-14,Teens,2020,China
s2750,Movie,R,Adults,2020,United States
s2751,Movie,TV-Y7,Kids,2020,India
s2752,TV Show,TV-G,Kids,2020,India
s2754,Movie,TV-MA,Adults,2020,United States
s2755,Movie,PG,Teens,2020,United States
s2756,Movie,TV-MA,Adults,2020,Canada
s2757,Movie,TV-MA,Adults,2020,India
s2758,Movie,TV-14,Teens,2020,United States
s2759,Movie,R,Adults,2020,Canada
s2759,Movie,R,Adults,2020,United States
s2761,Movie,TV-14,Teens,2020,India
s2762,TV Show,TV-MA,Adults,2020,South Korea
s2763,Movie,R,Adults,2020,United States
s2764,Movie,TV-Y,Kids,2020,United States
s2765,TV Show,TV-MA,Adults,2020,United States
s2766,TV Show,TV-MA,Adults,2020,India
s2767,Movie,TV-MA,Adults,2020,India
s2768,TV Show,TV-MA,Adults,2020,United States
s2769,Movie,TV-MA,Adults,2020,Canada
s2770,Movie,TV-14,Teens,2020,Canada
s2771,Movie,TV-Y,Kids,2020,Canada
s2772,Movie,TV-MA,Adults,2020,United States
s2774,Movie,TV-Y,Kids,2020,Hungary
s2776,Movie,TV-MA,Adults,2020,Thailand
s2777,Movie,TV-G,Kids,2020,Germany
s2778,TV Show,TV-MA,Adults,2020,Germany
s2779,Movie,PG,Teens,2020,United States
s2780,Movie,R,Adults,2020,United States
s2781,Movie,TV-MA,Adults,2020,Hungary
s2782,Movie,TV-MA,Adults,2020,Spain
s2783,Movie,TV-MA,Adults,2020,United States
s2784,TV Show,TV-MA,Adults,2020,Austria
s2784,TV Show,TV-MA,Adults,2020,Germany
s2785,TV Show,TV-14,Teens,2020,Taiwan
s2785,TV Show,TV-14,Teens,2020,China
s2787,Movie,TV-14,Teens,2020,Argentina
s2789,TV Show,TV-Y7,Kids,2020,United States
s2789,TV Show,TV-Y7,Kids,2020,Japan
s2790,Movie,TV-14,Teens,2020,Mexico
s2791,TV Show,TV-PG,Teens,2020,United States
s2792,TV Show,TV-MA,Adults,2020,United States
s2793,TV Show,TV-MA,Adults,2020,India
s2794,TV Show,TV-14,Teens,2020,United Kingdom
s2795,TV Show,TV-PG,Teens,2020,United Kingdom
s2796,TV Show,TV-MA,Adults,2020,United States
s2797,Movie,TV-MA,Adults,2020,Italy
s2798,TV Show,TV-MA,Adults,2020,France
s2799,Movie,R,Adults,2020,United States
s2800,Movie,TV-MA,Adults,2020,Japan
s2800,Movie,TV-MA,Adults,2020,United States
s2801,Movie,TV-14,Teens,2020,Saudi Arabia
s2802,Movie,R,Adults,2020,United States
s2803,TV Show,TV-MA,Adults,2020,Sweden
s2804,Movie,PG,Teens,2020,Japan
s2805,TV Show,TV-MA,Adults,2020,Netherlands
s2806,Movie,TV-14,Teens,2020,United Kingdom
s2807,Movie,TV-MA,Adults,2020,United States
s2808,TV Show,TV-Y7,Kids,2020,United Kingdom
s2808,TV Show,TV-Y7,Kids,2020,United States
s2808,TV Show,TV-Y7,Kids,2020,Ireland
s2809,TV Show,TV-MA,Adults,2020,United States
s2810,Movie,R,Adults,2020,United States
s2811,Movie,TV-14,Teens,2020,India
s2814,TV Show,TV-MA,Adults,2020,United States
s2816,Movie,TV-MA,Adults,2020,India
s2817,TV Show,TV-14,Teens,2020,United States
s2818,Movie,TV-14,Teens,2020,South Africa
s2819,TV Show,TV-MA,Adults,2020,Norway
s2820,Movie,TV-PG,Teens,2020,Australia
s2821,Movie,TV-MA,Adults,2020,United States
s2822,TV Show,TV-MA,Adults,2020,South Korea
s2822,TV Show,TV-MA,Adults,2020,United States
s2823,Movie,R,Adults,2020,United States
s2824,Movie,TV-14,Teens,2020,Turkey
s2825,TV Show,TV-MA,Adults,2020,Iceland
s2826,TV Show,TV-MA,Adults,2020,United States
s2827,TV Show,TV-14,Teens,2020,United States
s2828,TV Show,TV-MA,Adults,2020,Brazil
s2828,TV Show,TV-MA,Adults,2020,United Kingdom
s2829,Movie,TV-Y7,Kids,2020,Canada
s2829,Movie,TV-Y7,Kids,2020,United States
s2830,Movie,TV-MA,Adults,2020,United States
s2831,Movie,TV-PG,Teens,2020,Pakistan
s2831,Movie,TV-PG,Teens,2020,United States
s2833,Movie,TV-MA,Adults,2020,South Africa
s2834,Movie,TV-MA,Adults,2020,India
s2835,Movie,TV-MA,Adults,2020,France
s2836,Movie,TV-MA,Adults,2020,United States
s2837,Movie,R,Adults,2020,United States
s2838,Movie,TV-MA,Adults,2020,Spain
s2839,TV Show,TV-MA,Adults,2020,United States
s2840,Movie,TV-PG,Teens,2020,Nigeria
s2842,TV Show,TV-Y,Kids,2020,India
s2843,Movie,TV-MA,Adults,2020,Thailand
s2844,Movie,TV-MA,Adults,2020,Romania
s2844,Movie,TV-MA,Adults,2020,France
s2844,Movie,TV-MA,Adults,2020,Switzerland
s2844,Movie,TV-MA,Adults,2020,Germany
s2845,Movie,TV-MA,Adults,2020,United States
s2846,Movie,R,Adults,2020,Romania
s2847,TV Show,TV-14,Teens,2020,Spain
s2848,Movie,R,Adults,2020,United States
s2848,Movie,R,Adults,2020,Canada
s2849,Movie,TV-Y,Kids,2020,Brazil
s2850,Movie,TV-MA,Adults,2020,United States
s2851,Movie,TV-14,Teens,2020,India
s2852,Movie,TV-MA,Adults,2020,South Africa
s2853,Movie,R,Adults,2020,United Kingdom
s2854,Movie,TV-MA,Adults,2020,United States
s2855,TV Show,TV-14,Teens,2020,Japan
s2856,TV Show,TV-MA,Adults,2020,Germany
s2857,Movie,TV-14,Teens,2020,India
s2860,Movie,TV-MA,Adults,2020,United States
s2861,Movie,PG,Teens,2020,United Kingdom
s2861,Movie,PG,Teens,2020,United States
s2861,Movie,PG,Teens,2020,France
s2862,Movie,TV-14,Teens,2020,United States
s2863,Movie,TV-14,Teens,2020,South Africa
s2864,Movie,R,Adults,2020,United States
s2866,Movie,TV-MA,Adults,2020,France
s2867,Movie,TV-MA,Adults,2020,United Kingdom
s2867,Movie,TV-MA,Adults,2020,Canada
s2867,Movie,TV-MA,Adults,2020,United States
s2868,Movie,TV-MA,Adults,2020,United States
s2869,TV Show,TV-14,Teens,2020,Colombia
s2870,Movie,TV-14,Teens,2020,India
s2871,TV Show,TV-MA,Adults,2020,South Africa
s2872,TV Show,TV-MA,Adults,2020,Spain
s2873,TV Show,TV-MA,Adults,2020,Mexico
s2874,Movie,TV-14,Teens,2020,India
s2875,TV Show,TV-MA,Adults,2020,United States
s2876,TV Show,TV-MA,Adults,2020,Japan
s2877,Movie,TV-Y7,Kids,2020,Japan
s2878,TV Show,TV-14,Teens,2020,Saudi Arabia
s2879,Movie,TV-14,Teens,2020,Nigeria
s2880,Movie,TV-MA,Adults,2020,Nigeria
s2881,TV Show,TV-MA,Adults,2020,United States
s2882,Movie,TV-MA,Adults,2020,Nigeria
s2883,Movie,TV-MA,Adults,2020,Nigeria
s2884,TV Show,TV-MA,Adults,2020,United States
s2886,Movie,TV-14,Teens,2020,Nigeria
s2887,Movie,TV-MA,Adults,2020,United States
s2888,Movie,TV-PG,Teens,2020,United States
s2889,TV Show,TV-14,Teens,2020,South Korea
s2890,Movie,TV-MA,Adults,2020,United States
s2891,TV Show,TV-MA,Adults,2020,Canada
s2892,TV Show,TV-MA,Adults,2020,United States
s2893,TV Show,TV-MA,Adults,2020,South Korea
s2895,TV Show,TV-MA,Adults,2020,Argentina
s2896,Movie,TV-MA,Adults,2020,Germany
s2897,Movie,TV-14,Teens,2020,India
s2898,Movie,R,Adults,2020,United States
s2899,Movie,TV-MA,Adults,2020,India
s2900,Movie,TV-PG,Teens,2020,South Africa
s2901,TV Show,TV-MA,Adults,2020,Brazil
s2902,Movie,TV-PG,Teens,2020,Romania
s2902,Movie,TV-PG,Teens,2020,United Kingdom
s2903,TV Show,TV-PG,Teens,2020,United States
s2904,Movie,R,Adults,2020,France
s2904,Movie,R,Adults,2020,Malta
s2904,Movie,R,Adults,2020,United States
s2905,Movie,TV-MA,Adults,2020,United States
s2906,Movie,R,Adults,2020,United States
s2907,TV Show,TV-MA,Adults,2020,Nigeria
s2908,Movie,R,Adults,2020,United States
s2909,Movie,PG-13,Adults,2020,United States
s2911,TV Show,TV-Y,Kids,2020,Cyprus
s2912,Movie,G,Kids,2020,United Kingdom
s2912,Movie,G,Kids,2020,France
s2912,Movie,G,Kids,2020,Belgium
s2912,Movie,G,Kids,2020,Ireland
s2912,Movie,G,Kids,2020,United States
s2913,Movie,TV-MA,Adults,2020,Philippines
s2914,Movie,TV-MA,Adults,2020,Poland
s2915,Movie,TV-MA,Adults,2020,Germany
s2916,Movie,TV-PG,Teens,2020,South Africa
s2917,Movie,TV-14,Teens,2020,India
s2918,TV Show,TV-MA,Adults,2020,India
s2919,Movie,TV-14,Teens,2020,Nigeria
s2920,Movie,TV-PG,Teens,2020,Japan
s2921,TV Show,TV-MA,Adults,2020,United States
s2922,TV Show,TV-MA,Adults,2020,Mexico
s2922,TV Show,TV-MA,Adults,2020,United States
s2924,TV Show,TV-MA,Adults,2020,Thailand
s2925,Movie,TV-PG,Teens,2020,South Africa
s2926,Movie,TV-14,Teens,2020,United States
s2927,TV Show,TV-Y,Kids,2020,United States
s2928,Movie,TV-Y7,Kids,2020,United States
s2929,Movie,R,Adults,2020,United States
s2930,Movie,TV-PG,Teens,2020,Mexico
s2931,Movie,TV-14,Teens,2020,Indonesia
s2932,TV Show,TV-MA,Adults,2020,United States
s2933,Movie,TV-MA,Adults,2020,United States
s2934,Movie,PG-13,Adults,2020,United States
s2934,Movie,PG-13,Adults,2020,Norway
s2934,Movie,PG-13,Adults,2020,Canada
s2935,Movie,TV-MA,Adults,2020,Poland
s2935,Movie,TV-MA,Adults,2020,United States
s2936,Movie,TV-14,Teens,2020,India
s2937,Movie,TV-14,Teens,2020,Ghana
s2938,TV Show,TV-Y,Kids,2020,United States
s2939,TV Show,TV-14,Teens,2020,Nigeria
s2940,Movie,R,Adults,2020,United States
s2941,Movie,TV-14,Teens,2020,India
s2942,TV Show,TV-14,Teens,2020,Canada
s2942,TV Show,TV-14,Teens,2020,United States
s2944,Movie,R,Adults,2020,United States
s2945,TV Show,TV-MA,Adults,2020,United States
s2946,TV Show,TV-MA,Adults,2020,Japan
s2947,Movie,TV-14,Teens,2020,Kenya
s2947,Movie,TV-14,Teens,2020,United States
s2948,TV Show,TV-14,Teens,2020,United States
s2949,TV Show,TV-MA,Adults,2020,United States
s2950,Movie,TV-MA,Adults,2020,United States
s2951,Movie,PG-13,Adults,2020,United States
s2952,Movie,PG,Teens,2020,United States
s2953,Movie,TV-14,Teens,2020,United States
s2954,TV Show,TV-PG,Teens,2020,United States
s2955,Movie,TV-14,Teens,2020,India
s2956,Movie,TV-MA,Adults,2020,Spain
s2957,Movie,TV-MA,Adults,2020,United States
s2958,Movie,TV-14,Teens,2020,India
s2959,TV Show,TV-MA,Adults,2020,Japan
s2960,TV Show,TV-MA,Adults,2020,South Korea
s2961,Movie,R,Adults,2020,United States
s2962,Movie,PG-13,Adults,2020,Canada
s2962,Movie,PG-13,Adults,2020,South Africa
s2963,TV Show,TV-Y7,Kids,2020,France
s2963,TV Show,TV-Y7,Kids,2020,South Korea
s2963,TV Show,TV-Y7,Kids,2020,Japan
s2963,TV Show,TV-Y7,Kids,2020,United States
s2964,Movie,TV-G,Kids,2020,Netherlands
s2965,Movie,TV-PG,Teens,2020,United Kingdom
s2966,TV Show,TV-MA,Adults,2020,Japan
s2967,TV Show,TV-14,Teens,2020,Japan
s2968,TV Show,TV-Y,Kids,2020,United States
s2969,Movie,TV-MA,Adults,2020,United States
s2970,Movie,TV-G,Kids,2020,India
s2971,Movie,TV-MA,Adults,2020,Japan
s2972,TV Show,TV-MA,Adults,2020,Mexico
s2973,Movie,TV-MA,Adults,2020,France
s2974,Movie,TV-14,Teens,2020,Nigeria
s2975,TV Show,TV-MA,Adults,2020,Italy
s2976,Movie,TV-MA,Adults,2020,United States
s2977,TV Show,TV-MA,Adults,2020,Spain
s2978,TV Show,TV-14,Teens,2020,Japan
s2979,Movie,TV-MA,Adults,2020,United States
s2980,TV Show,TV-MA,Adults,2020,United Kingdom
s2981,TV Show,TV-14,Teens,2020,United States
s2982,Movie,TV-MA,Adults,2020,France
s2982,Movie,TV-MA,Adults,2020,Belgium
s2984,TV Show,TV-PG,Teens,2020,United Kingdom
s2985,TV Show,TV-MA,Adults,2020,Brazil
s2986,Movie,TV-14,Teens,2020,India
s2987,Movie,TV-14,Teens,2020,India
s2988,Movie,TV-MA,Adults,2020,India
s2989,Movie,PG,Teens,2020,United States
s2990,Movie,TV-MA,Adults,2020,Taiwan
s2991,Movie,TV-MA,Adults,2020,South Africa
s2993,TV Show,TV-14,Teens,2020,Nigeria
s2994,TV Show,TV-MA,Adults,2020,United States
s2995,TV Show,TV-MA,Adults,2020,United States
s2996,Movie,TV-PG,Teens,2020,United States
s2997,Movie,TV-MA,Adults,2020,Mexico
s2998,TV Show,TV-MA,Adults,2020,United States
s2999,TV Show,TV-14,Teens,2020,Japan
s3000,TV Show,TV-14,Teens,2020,Taiwan
s3000,TV Show,TV-14,Teens,2020,Malaysia
s3001,TV Show,TV-14,Teens,2020,United States
s3002,TV Show,TV-MA,Adults,2020,United States
s3003,Movie,TV-MA,Adults,2020,Uruguay
s3003,Movie,TV-MA,Adults,2020,Argentina
s3003,Movie,TV-MA,Adults,2020,Germany
s3003,Movie,TV-MA,Adults,2020,Spain
s3004,Movie,TV-MA,Adults,2020,United States
s3005,Movie,TV-14,Teens,2020,India
s3006,TV Show,TV-PG,Teens,2020,United States
s3007,Movie,TV-14,Teens,2020,India
s3008,Movie,TV-14,Teens,2020,United States
s3009,Movie,R,Adults,2020,United States
s3009,Movie,R,Adults,2020,United Kingdom
s3009,Movie,R,Adults,2020,France
s3009,Movie,R,Adults,2020,Germany
s3009,Movie,R,Adults,2020,Japan
s3010,Movie,TV-MA,Adults,2020,United States
s3011,TV Show,TV-MA,Adults,2020,Netherlands
s3012,TV Show,TV-MA,Adults,2020,Canada
s3013,TV Show,TV-14,Teens,2020,Germany
s3014,TV Show,TV-PG,Teens,2020,United States
s3015,Movie,TV-14,Teens,2020,United States
s3016,TV Show,TV-14,Teens,2020,China
s3017,Movie,PG,Teens,2020,United States
s3017,Movie,PG,Teens,2020,France
s3017,Movie,PG,Teens,2020,Japan
s3018,Movie,TV-MA,Adults,2020,United States
s3019,Movie,R,Adults,2020,United Kingdom
s3019,Movie,R,Adults,2020,France
s3019,Movie,R,Adults,2020,United States
s3020,Movie,TV-14,Teens,2020,Japan
s3021,TV Show,TV-14,Teens,2020,Japan
s3022,Movie,R,Adults,2020,United Kingdom
s3022,Movie,R,Adults,2020,United States
s3023,Movie,TV-14,Teens,2020,India
s3024,Movie,TV-MA,Adults,2020,Spain
s3024,Movie,TV-MA,Adults,2020,France
s3024,Movie,TV-MA,Adults,2020,United States
s3025,TV Show,TV-MA,Adults,2020,United States
s3026,Movie,R,Adults,2020,Austria
s3027,Movie,TV-MA,Adults,2020,United States
s3028,Movie,TV-MA,Adults,2020,United States
s3029,TV Show,TV-Y,Kids,2020,France
s3030,Movie,TV-MA,Adults,2020,Poland
s3032,Movie,TV-14,Teens,2020,United States
s3033,Movie,TV-MA,Adults,2020,India
s3034,TV Show,TV-14,Teens,2020,United States
s3035,TV Show,TV-MA,Adults,2020,United Kingdom
s3036,TV Show,TV-Y7,Kids,2020,United States
s3037,TV Show,TV-MA,Adults,2020,India
s3038,TV Show,TV-MA,Adults,2020,United States
s3039,Movie,R,Adults,2020,United Kingdom
s3040,TV Show,TV-Y,Kids,2020,Australia
s3041,TV Show,TV-MA,Adults,2020,France
s3042,Movie,TV-MA,Adults,2020,United States
s3043,TV Show,TV-MA,Adults,2020,United States
s3044,Movie,R,Adults,2020,United States
s3045,Movie,TV-MA,Adults,2020,Spain
s3046,TV Show,TV-14,Teens,2020,United Kingdom
s3047,Movie,TV-14,Teens,2020,Mexico
s3048,TV Show,TV-PG,Teens,2020,Canada
s3049,Movie,TV-14,Teens,2020,India
s3050,TV Show,TV-MA,Adults,2020,United States
s3051,TV Show,TV-MA,Adults,2020,Belgium
s3052,Movie,TV-14,Teens,2020,Indonesia
s3052,Movie,TV-14,Teens,2020,South Korea
s3052,Movie,TV-14,Teens,2020,Singapore
s3053,TV Show,TV-14,Teens,2020,South Korea
s3054,TV Show,TV-14,Teens,2020,Canada
s3055,Movie,TV-PG,Teens,2020,United Kingdom
s3056,TV Show,TV-PG,Teens,2020,Japan
s3058,Movie,TV-Y,Kids,2020,United States
s3059,Movie,TV-Y7,Kids,2020,United States
s3059,Movie,TV-Y7,Kids,2020,South Korea
s3060,Movie,G,Kids,2020,South Korea
s3060,Movie,G,Kids,2020,United States
s3061,Movie,TV-MA,Adults,2020,India
s3062,Movie,TV-MA,Adults,2020,United States
s3063,Movie,G,Kids,2020,United States
s3063,Movie,G,Kids,2020,Spain
s3064,TV Show,TV-MA,Adults,2020,South Korea
s3066,TV Show,TV-MA,Adults,2020,United States
s3067,TV Show,TV-Y7,Kids,2020,Netherlands
s3067,TV Show,TV-Y7,Kids,2020,Germany
s3067,TV Show,TV-Y7,Kids,2020,Italy
s3067,TV Show,TV-Y7,Kids,2020,Canada
s3068,TV Show,TV-MA,Adults,2020,Spain
s3068,TV Show,TV-MA,Adults,2020,Germany
s3068,TV Show,TV-MA,Adults,2020,Denmark
s3068,TV Show,TV-MA,Adults,2020,United States
s3069,Movie,R,Adults,2020,Mexico
s3069,Movie,R,Adults,2020,Spain
s3070,Movie,TV-Y7,Kids,2020,Japan
s3071,Movie,TV-MA,Adults,2020,Indonesia
s3072,TV Show,TV-14,Teens,2020,South Korea
s3074,Movie,R,Adults,2020,United States
s3075,TV Show,TV-MA,Adults,2020,South Korea
s3076,TV Show,TV-MA,Adults,2020,United States
s3077,TV Show,TV-14,Teens,2020,South Korea
s3078,Movie,TV-14,Teens,2019,India
s3079,Movie,TV-MA,Adults,2019,India
s3080,TV Show,TV-PG,Teens,2019,Japan
s3081,Movie,PG-13,Adults,2019,United States
s3082,Movie,TV-MA,Adults,2019,United States
s3083,TV Show,TV-MA,Adults,2019,Norway
s3083,TV Show,TV-MA,Adults,2019,Sweden
s3085,TV Show,TV-Y,Kids,2019,South Korea
s3085,TV Show,TV-Y,Kids,2019,Canada
s3085,TV Show,TV-Y,Kids,2019,United States
s3085,TV Show,TV-Y,Kids,2019,China
s3086,TV Show,TV-Y7,Kids,2019,South Korea
s3088,TV Show,TV-14,Teens,2019,China
s3089,TV Show,TV-14,Teens,2019,Japan
s3090,Movie,TV-MA,Adults,2019,Japan
s3091,Movie,TV-MA,Adults,2019,South Africa
s3092,Movie,TV-14,Teens,2019,Argentina
s3092,Movie,TV-14,Teens,2019,Uruguay
s3092,Movie,TV-14,Teens,2019,Serbia
s3093,TV Show,TV-MA,Adults,2019,United States
s3095,Movie,TV-MA,Adults,2019,Italy
s3096,TV Show,TV-MA,Adults,2019,France
s3097,TV Show,TV-MA,Adults,2019,United States
s3098,Movie,R,Adults,2019,United States
s3099,Movie,TV-PG,Teens,2019,Japan
s3100,Movie,PG-13,Adults,2019,United States
s3101,Movie,R,Adults,2019,Israel
s3101,Movie,R,Adults,2019,United States
s3102,Movie,R,Adults,2019,France
s3102,Movie,R,Adults,2019,Japan
s3103,Movie,PG-13,Adults,2019,United States
s3104,TV Show,TV-MA,Adults,2019,Japan
s3105,Movie,TV-14,Teens,2019,Mexico
s3106,Movie,TV-PG,Teens,2019,United States
s3107,TV Show,TV-PG,Teens,2019,United States
s3108,Movie,R,Adults,2019,United States
s3109,TV Show,TV-14,Teens,2019,United States
s3110,Movie,TV-Y,Kids,2019,Australia
s3111,Movie,TV-PG,Teens,2019,Nigeria
s3112,TV Show,TV-MA,Adults,2019,Mauritius
s3112,TV Show,TV-MA,Adults,2019,South Africa
s3113,Movie,TV-14,Teens,2019,Nigeria
s3115,Movie,TV-PG,Teens,2019,Nigeria
s3117,Movie,PG-13,Adults,2019,United Kingdom
s3117,Movie,PG-13,Adults,2019,Italy
s3118,TV Show,TV-MA,Adults,2019,United States
s3118,TV Show,TV-MA,Adults,2019,Poland
s3119,Movie,TV-PG,Teens,2019,United States
s3119,Movie,TV-PG,Teens,2019,Mexico
s3120,TV Show,TV-MA,Adults,2019,France
s3121,TV Show,TV-MA,Adults,2019,Poland
s3122,TV Show,TV-MA,Adults,2019,United Kingdom
s3122,TV Show,TV-MA,Adults,2019,United States
s3123,TV Show,TV-MA,Adults,2019,United States
s3124,Movie,TV-MA,Adults,2019,United States
s3125,Movie,TV-MA,Adults,2019,Bangladesh
s3126,Movie,R,Adults,2019,United Kingdom
s3126,Movie,R,Adults,2019,United States
s3126,Movie,R,Adults,2019,Germany
s3126,Movie,R,Adults,2019,Denmark
s3126,Movie,R,Adults,2019,Belgium
s3126,Movie,R,Adults,2019,Japan
s3127,Movie,TV-14,Teens,2019,India
s3128,TV Show,TV-PG,Teens,2019,South Korea
s3129,TV Show,TV-Y,Kids,2019,United States
s3130,TV Show,TV-14,Teens,2019,South Korea
s3131,TV Show,TV-MA,Adults,2019,Nigeria
s3132,Movie,TV-14,Teens,2019,India
s3133,Movie,TV-MA,Adults,2019,India
s3134,Movie,TV-14,Teens,2019,India
s3135,Movie,TV-14,Teens,2019,India
s3135,Movie,TV-14,Teens,2019,Germany
s3136,Movie,TV-14,Teens,2019,India
s3137,Movie,TV-14,Teens,2019,India
s3138,TV Show,TV-PG,Teens,2019,Japan
s3140,Movie,TV-14,Teens,2019,India
s3141,Movie,TV-14,Teens,2019,Nigeria
s3142,Movie,TV-14,Teens,2019,India
s3143,Movie,TV-PG,Teens,2019,India
s3144,Movie,TV-14,Teens,2019,India
s3145,Movie,TV-MA,Adults,2019,Ghana
s3146,Movie,TV-14,Teens,2019,India
s3147,TV Show,TV-Y7,Kids,2019,United States
s3148,Movie,TV-14,Teens,2019,India
s3149,TV Show,TV-Y7,Kids,2019,United States
s3150,Movie,TV-14,Teens,2019,India
s3151,Movie,R,Adults,2019,United States
s3152,Movie,TV-MA,Adults,2019,Nigeria
s3153,Movie,TV-MA,Adults,2019,South Africa
s3154,Movie,TV-14,Teens,2019,Nigeria
s3156,Movie,TV-MA,Adults,2019,Taiwan
s3158,Movie,TV-MA,Adults,2019,United Kingdom
s3159,Movie,TV-MA,Adults,2019,India
s3159,Movie,TV-MA,Adults,2019,United Kingdom
s3159,Movie,TV-MA,Adults,2019,Canada
s3159,Movie,TV-MA,Adults,2019,United States
s3160,Movie,TV-14,Teens,2019,Egypt
s3161,Movie,TV-MA,Adults,2019,United States
s3162,Movie,TV-PG,Teens,2019,United States
s3163,Movie,R,Adults,2019,United States
s3164,Movie,TV-14,Teens,2019,India
s3165,Movie,PG-13,Adults,2019,Brazil
s3166,TV Show,TV-MA,Adults,2019,United States
s3167,Movie,TV-14,Teens,2019,Nigeria
s3169,TV Show,TV-PG,Teens,2019,United States
s3170,Movie,R,Adults,2019,United Kingdom
s3170,Movie,R,Adults,2019,United States
s3171,Movie,TV-MA,Adults,2019,Japan
s3172,Movie,TV-MA,Adults,2019,Nigeria
s3173,Movie,TV-Y7,Kids,2019,United States
s3174,TV Show,TV-PG,Teens,2019,Japan
s3175,TV Show,TV-MA,Adults,2019,Brazil
s3176,TV Show,TV-14,Teens,2019,United States
s3177,TV Show,TV-MA,Adults,2019,Spain
s3179,Movie,TV-14,Teens,2019,Nigeria
s3180,Movie,TV-PG,Teens,2019,United Kingdom
s3180,Movie,TV-PG,Teens,2019,Nigeria
s3181,Movie,TV-PG,Teens,2019,United States
s3182,Movie,TV-MA,Adults,2019,United States
s3183,TV Show,TV-MA,Adults,2019,United States
s3184,TV Show,TV-MA,Adults,2019,United States
s3185,TV Show,TV-PG,Teens,2019,China
s3186,TV Show,TV-14,Teens,2019,Colombia
s3187,Movie,TV-MA,Adults,2019,United States
s3188,TV Show,TV-MA,Adults,2019,United States
s3189,Movie,PG,Teens,2019,United States
s3190,Movie,TV-PG,Teens,2019,India
s3191,Movie,R,Adults,2019,United States
s3192,Movie,TV-MA,Adults,2019,Philippines
s3192,Movie,TV-MA,Adults,2019,United States
s3193,TV Show,TV-MA,Adults,2019,United States
s3194,Movie,TV-14,Teens,2019,India
s3195,Movie,TV-MA,Adults,2019,Australia
s3196,Movie,TV-14,Teens,2019,India
s3197,Movie,TV-PG,Teens,2019,India
s3198,Movie,TV-14,Teens,2019,United Kingdom
s3199,Movie,TV-PG,Teens,2019,India
s3201,Movie,TV-14,Teens,2019,Thailand
s3202,Movie,TV-14,Teens,2019,India
s3203,Movie,TV-MA,Adults,2019,France
s3204,Movie,TV-MA,Adults,2019,Romania
s3204,Movie,TV-MA,Adults,2019,Bulgaria
s3204,Movie,TV-MA,Adults,2019,Hungary
s3205,TV Show,TV-14,Teens,2019,South Korea
s3206,Movie,TV-G,Kids,2019,Uruguay
s3206,Movie,TV-G,Kids,2019,Guatemala
s3207,Movie,TV-14,Teens,2019,India
s3208,Movie,TV-14,Teens,2019,France
s3208,Movie,TV-14,Teens,2019,Senegal
s3208,Movie,TV-14,Teens,2019,Belgium
s3209,TV Show,TV-Y,Kids,2019,United Kingdom
s3209,TV Show,TV-Y,Kids,2019,Canada
s3210,Movie,TV-MA,Adults,2019,Nigeria
s3211,Movie,TV-MA,Adults,2019,France
s3212,Movie,TV-MA,Adults,2019,South Africa
s3213,TV Show,TV-MA,Adults,2019,Mexico
s3213,TV Show,TV-MA,Adults,2019,United States
s3213,TV Show,TV-MA,Adults,2019,Spain
s3213,TV Show,TV-MA,Adults,2019,Colombia
s3215,Movie,TV-MA,Adults,2019,Nigeria
s3216,Movie,TV-MA,Adults,2019,Nigeria
s3218,Movie,TV-14,Teens,2019,Nigeria
s3219,Movie,TV-PG,Teens,2019,United States
s3220,TV Show,TV-14,Teens,2019,Japan
s3221,TV Show,TV-MA,Adults,2019,Brazil
s3222,TV Show,TV-PG,Teens,2019,United States
s3223,TV Show,TV-MA,Adults,2019,France
s3224,Movie,R,Adults,2019,United States
s3225,Movie,TV-14,Teens,2019,India
s3227,Movie,TV-MA,Adults,2019,Canada
s3227,Movie,TV-MA,Adults,2019,Norway
s3228,Movie,R,Adults,2019,United States
s3229,Movie,TV-MA,Adults,2019,United States
s3230,Movie,TV-Y,Kids,2019,United States
s3231,TV Show,TV-MA,Adults,2019,Poland
s3233,TV Show,TV-MA,Adults,2019,Mexico
s3234,Movie,TV-14,Teens,2019,India
s3235,Movie,TV-MA,Adults,2019,Spain
s3236,Movie,R,Adults,2019,United States
s3237,TV Show,TV-14,Teens,2019,China
s3238,Movie,TV-MA,Adults,2019,France
s3239,TV Show,TV-14,Teens,2019,United States
s3240,Movie,TV-MA,Adults,2019,Japan
s3241,Movie,TV-MA,Adults,2019,United States
s3242,TV Show,TV-PG,Teens,2019,United States
s3243,TV Show,TV-MA,Adults,2019,United States
s3244,TV Show,TV-MA,Adults,2019,Brazil
s3245,Movie,TV-MA,Adults,2019,United States
s3246,TV Show,TV-MA,Adults,2019,Singapore
s3246,TV Show,TV-MA,Adults,2019,United States
s3247,TV Show,TV-Y7,Kids,2019,United States
s3247,TV Show,TV-Y7,Kids,2019,Canada
s3248,TV Show,TV-Y7,Kids,2019,United States
s3249,Movie,TV-14,Teens,2019,United States
s3250,TV Show,TV-MA,Adults,2019,Thailand
s3251,Movie,TV-MA,Adults,2019,United States
s3252,Movie,TV-14,Teens,2019,India
s3253,TV Show,TV-MA,Adults,2019,Germany
s3254,Movie,TV-G,Kids,2019,Mexico
s3255,Movie,TV-14,Teens,2019,India
s3256,TV Show,TV-MA,Adults,2019,France
s3257,Movie,TV-MA,Adults,2019,United States
s3259,TV Show,TV-MA,Adults,2019,Taiwan
s3260,Movie,TV-MA,Adults,2019,Finland
s3260,Movie,TV-MA,Adults,2019,Germany
s3260,Movie,TV-MA,Adults,2019,Belgium
s3261,Movie,TV-MA,Adults,2019,United States
s3262,Movie,PG-13,Adults,2019,United Kingdom
s3262,Movie,PG-13,Adults,2019,France
s3263,Movie,R,Adults,2019,United States
s3263,Movie,R,Adults,2019,Chile
s3264,TV Show,TV-14,Teens,2019,Taiwan
s3265,Movie,R,Adults,2019,United Kingdom
s3265,Movie,R,Adults,2019,Japan
s3265,Movie,R,Adults,2019,United States
s3266,Movie,TV-14,Teens,2019,Colombia
s3267,Movie,TV-PG,Teens,2019,Argentina
s3268,Movie,TV-MA,Adults,2019,India
s3269,Movie,TV-14,Teens,2019,India
s3270,TV Show,TV-MA,Adults,2019,United States
s3271,TV Show,TV-14,Teens,2019,South Korea
s3272,TV Show,TV-PG,Teens,2019,Japan
s3273,Movie,TV-PG,Teens,2019,Japan
s3274,Movie,PG,Teens,2019,Spain
s3274,Movie,PG,Teens,2019,United Kingdom
s3275,TV Show,TV-MA,Adults,2019,Taiwan
s3276,TV Show,TV-Y,Kids,2019,United States
s3277,TV Show,TV-PG,Teens,2019,Taiwan
s3278,TV Show,TV-14,Teens,2019,South Korea
s3279,Movie,TV-14,Teens,2019,India
s3279,Movie,TV-14,Teens,2019,United States
s3280,TV Show,TV-MA,Adults,2019,Mexico
s3281,Movie,TV-14,Teens,2019,Japan
s3282,TV Show,TV-MA,Adults,2019,Thailand
s3283,TV Show,TV-14,Teens,2019,United States
s3284,TV Show,TV-MA,Adults,2019,Turkey
s3286,Movie,TV-MA,Adults,2019,France
s3287,TV Show,TV-14,Teens,2019,Thailand
s3288,TV Show,TV-MA,Adults,2019,Argentina
s3288,TV Show,TV-MA,Adults,2019,United States
s3288,TV Show,TV-MA,Adults,2019,Mexico
s3289,TV Show,TV-14,Teens,2019,South Korea
s3290,Movie,TV-MA,Adults,2019,United States
s3291,Movie,R,Adults,2019,United States
s3292,TV Show,TV-14,Teens,2019,China
s3293,Movie,TV-MA,Adults,2019,United States
s3294,TV Show,TV-MA,Adults,2019,India
s3295,TV Show,TV-14,Teens,2019,United Kingdom
s3296,TV Show,TV-Y7,Kids,2019,United Kingdom
s3296,TV Show,TV-Y7,Kids,2019,Canada
s3296,TV Show,TV-Y7,Kids,2019,United States
s3297,Movie,PG-13,Adults,2019,United States
s3298,Movie,TV-MA,Adults,2019,France
s3299,TV Show,TV-MA,Adults,2019,Colombia
s3300,Movie,TV-14,Teens,2019,India
s3301,Movie,TV-MA,Adults,2019,United States
s3302,TV Show,TV-14,Teens,2019,Japan
s3303,Movie,TV-14,Teens,2019,China
s3303,Movie,TV-14,Teens,2019,Hong Kong
s3304,Movie,TV-G,Kids,2019,Brazil
s3305,TV Show,TV-PG,Teens,2019,United States
s3306,Movie,TV-MA,Adults,2019,United States
s3307,TV Show,TV-MA,Adults,2019,United Kingdom
s3308,Movie,R,Adults,2019,United States
s3309,Movie,TV-MA,Adults,2019,South Korea
s3310,Movie,R,Adults,2019,United States
s3311,TV Show,TV-PG,Teens,2019,United Kingdom
s3312,Movie,TV-14,Teens,2019,United States
s3313,Movie,TV-MA,Adults,2019,India
s3314,TV Show,TV-MA,Adults,2019,United States
s3315,Movie,TV-Y,Kids,2019,United States
s3316,Movie,TV-Y7,Kids,2019,United States
s3317,TV Show,TV-G,Kids,2019,United States
s3318,Movie,TV-PG,Teens,2019,United States
s3318,Movie,TV-PG,Teens,2019,Canada
s3319,Movie,TV-Y,Kids,2019,United States
s3320,Movie,TV-PG,Teens,2019,United States
s3320,Movie,TV-PG,Teens,2019,South Korea
s3320,Movie,TV-PG,Teens,2019,Japan
s3321,Movie,TV-Y,Kids,2019,United States
s3321,Movie,TV-Y,Kids,2019,Canada
s3322,Movie,TV-PG,Teens,2019,United States
s3323,Movie,TV-PG,Teens,2019,United States
s3324,Movie,TV-Y,Kids,2019,United States
s3324,Movie,TV-Y,Kids,2019,Canada
s3325,Movie,TV-Y,Kids,2019,United States
s3326,TV Show,TV-G,Kids,2019,United States
s3327,Movie,TV-MA,Adults,2019,Spain
s3328,TV Show,TV-PG,Teens,2019,United States
s3329,TV Show,TV-MA,Adults,2019,France
s3330,Movie,TV-MA,Adults,2019,United States
s3331,TV Show,TV-14,Teens,2019,United States
s3332,Movie,TV-PG,Teens,2019,United States
s3333,Movie,TV-MA,Adults,2019,United Kingdom
s3334,TV Show,TV-PG,Teens,2019,Japan
s3335,Movie,TV-14,Teens,2019,India
s3336,Movie,TV-MA,Adults,2019,United States
s3337,TV Show,TV-14,Teens,2019,Japan
s3338,Movie,TV-PG,Teens,2019,United States
s3339,Movie,PG,Teens,2019,United States
s3340,TV Show,TV-PG,Teens,2019,Japan
s3341,TV Show,TV-14,Teens,2019,Japan
s3342,TV Show,TV-14,Teens,2019,Japan
s3343,TV Show,TV-14,Teens,2019,United States
s3343,TV Show,TV-14,Teens,2019,Japan
s3344,Movie,TV-PG,Teens,2019,United States
s3345,TV Show,TV-MA,Adults,2019,United States
s3346,TV Show,TV-Y7,Kids,2019,Canada
s3346,TV Show,TV-Y7,Kids,2019,Australia
s3348,Movie,R,Adults,2019,United Kingdom
s3348,Movie,R,Adults,2019,Hungary
s3348,Movie,R,Adults,2019,Australia
s3349,Movie,TV-MA,Adults,2019,Italy
s3349,Movie,TV-MA,Adults,2019,Belgium
s3350,Movie,TV-MA,Adults,2019,Mexico
s3351,Movie,TV-Y,Kids,2019,Canada
s3352,TV Show,TV-MA,Adults,2019,Argentina
s3352,TV Show,TV-MA,Adults,2019,Spain
s3353,TV Show,TV-MA,Adults,2019,Germany
s3354,Movie,TV-MA,Adults,2019,Mexico
s3355,Movie,TV-MA,Adults,2019,Argentina
s3356,TV Show,TV-MA,Adults,2019,United States
s3356,TV Show,TV-MA,Adults,2019,Japan
s3357,TV Show,TV-MA,Adults,2019,Taiwan
s3359,TV Show,TV-14,Teens,2019,South Korea
s3360,Movie,TV-MA,Adults,2019,India
s3361,TV Show,TV-14,Teens,2019,South Korea
s3363,Movie,TV-MA,Adults,2019,United States
s3364,TV Show,TV-MA,Adults,2019,United States
s3365,Movie,TV-14,Teens,2019,United States
s3366,Movie,TV-PG,Teens,2019,Mexico
s3366,Movie,TV-PG,Teens,2019,United States
s3367,Movie,TV-G,Kids,2019,United Kingdom
s3368,TV Show,TV-PG,Teens,2019,China
s3369,TV Show,TV-G,Kids,2019,China
s3370,TV Show,TV-MA,Adults,2019,United States
s3371,TV Show,TV-MA,Adults,2019,Brazil
s3372,Movie,TV-MA,Adults,2019,Turkey
s3373,Movie,R,Adults,2019,United States
s3374,TV Show,TV-MA,Adults,2019,Spain
s3375,Movie,TV-MA,Adults,2019,United States
s3375,Movie,TV-MA,Adults,2019,United Kingdom
s3375,Movie,TV-MA,Adults,2019,Germany
s3376,TV Show,TV-MA,Adults,2019,Argentina
s3378,TV Show,TV-14,Teens,2019,France
s3379,TV Show,TV-PG,Teens,2019,Spain
s3380,Movie,TV-MA,Adults,2019,United States
s3381,Movie,TV-MA,Adults,2019,Switzerland
s3382,TV Show,TV-14,Teens,2019,China
s3383,TV Show,TV-MA,Adults,2019,United States
s3384,Movie,PG-13,Adults,2019,United States
s3385,Movie,TV-14,Teens,2019,Singapore
s3385,Movie,TV-14,Teens,2019,Malaysia
s3386,TV Show,TV-MA,Adults,2019,United States
s3387,Movie,TV-PG,Teens,2019,United States
s3388,Movie,TV-14,Teens,2019,Hong Kong
s3388,Movie,TV-14,Teens,2019,China
s3389,Movie,TV-MA,Adults,2019,United States
s3390,Movie,R,Adults,2019,United Kingdom
s3392,Movie,PG-13,Adults,2019,France
s3392,Movie,PG-13,Adults,2019,Belgium
s3392,Movie,PG-13,Adults,2019,Luxembourg
s3392,Movie,PG-13,Adults,2019,Romania
s3392,Movie,PG-13,Adults,2019,Canada
s3392,Movie,PG-13,Adults,2019,United States
s3393,Movie,TV-14,Teens,2019,South Africa
s3393,Movie,TV-14,Teens,2019,Nigeria
s3399,Movie,TV-MA,Adults,2019,United States
s3401,TV Show,TV-PG,Teens,2019,United Kingdom
s3402,TV Show,TV-Y,Kids,2019,United Kingdom
s3403,Movie,TV-14,Teens,2019,Turkey
s3404,TV Show,TV-Y,Kids,2019,India
s3406,Movie,TV-MA,Adults,2019,Spain
s3407,TV Show,TV-Y7,Kids,2019,United States
s3408,Movie,TV-MA,Adults,2019,Nigeria
s3409,Movie,TV-MA,Adults,2019,United Kingdom
s3410,Movie,R,Adults,2019,United States
s3411,TV Show,TV-MA,Adults,2019,Netherlands
s3412,Movie,TV-14,Teens,2019,Nigeria
s3413,Movie,TV-14,Teens,2019,India
s3414,Movie,TV-14,Teens,2019,Indonesia
s3415,TV Show,TV-14,Teens,2019,China
s3416,TV Show,TV-PG,Teens,2019,Australia
s3417,TV Show,TV-MA,Adults,2019,South Korea
s3418,Movie,TV-MA,Adults,2019,United States
s3419,Movie,TV-MA,Adults,2019,United States
s3420,Movie,TV-MA,Adults,2019,South Korea
s3421,TV Show,TV-14,Teens,2019,South Korea
s3422,Movie,R,Adults,2019,United States
s3422,Movie,R,Adults,2019,United Kingdom
s3423,Movie,TV-MA,Adults,2019,United States
s3424,TV Show,TV-MA,Adults,2019,Turkey
s3425,Movie,TV-14,Teens,2019,Canada
s3426,Movie,TV-MA,Adults,2019,France
s3427,TV Show,TV-14,Teens,2019,South Korea
s3428,Movie,TV-MA,Adults,2019,Turkey
s3429,Movie,TV-MA,Adults,2019,United States
s3430,Movie,TV-MA,Adults,2019,United States
s3431,TV Show,TV-MA,Adults,2019,United States
s3432,Movie,TV-14,Teens,2019,Nigeria
s3433,Movie,TV-MA,Adults,2019,Japan
s3434,TV Show,TV-MA,Adults,2019,France
s3435,Movie,TV-MA,Adults,2019,Spain
s3435,Movie,TV-MA,Adults,2019,France
s3438,TV Show,TV-14,Teens,2019,Japan
s3439,Movie,PG-13,Adults,2019,United States
s3440,Movie,TV-14,Teens,2019,United States
s3441,TV Show,TV-MA,Adults,2019,United States
s3442,Movie,TV-MA,Adults,2019,United States
s3443,Movie,TV-Y7,Kids,2019,United States
s3444,Movie,TV-14,Teens,2019,Indonesia
s3445,TV Show,TV-Y7,Kids,2019,Mexico
s3446,TV Show,TV-14,Teens,2019,South Korea
s3447,Movie,TV-MA,Adults,2019,India
s3448,Movie,TV-14,Teens,2019,United Kingdom
s3448,Movie,TV-14,Teens,2019,Hong Kong
s3449,Movie,TV-MA,Adults,2019,Turkey
s3450,TV Show,TV-PG,Teens,2019,United Kingdom
s3450,TV Show,TV-PG,Teens,2019,Canada
s3451,Movie,TV-MA,Adults,2019,Canada
s3451,Movie,TV-MA,Adults,2019,United States
s3452,Movie,TV-PG,Teens,2019,Turkey
s3453,TV Show,TV-MA,Adults,2019,United Kingdom
s3454,TV Show,TV-PG,Teens,2019,United States
s3455,TV Show,TV-MA,Adults,2019,United States
s3457,Movie,TV-Y,Kids,2019,United States
s3458,TV Show,TV-MA,Adults,2019,United States
s3459,TV Show,TV-MA,Adults,2019,United States
s3460,Movie,TV-MA,Adults,2019,Mexico
s3461,Movie,TV-PG,Teens,2019,United States
s3462,TV Show,TV-14,Teens,2019,South Korea
s3463,TV Show,TV-14,Teens,2019,South Korea
s3464,TV Show,TV-MA,Adults,2019,India
s3465,TV Show,TV-MA,Adults,2019,India
s3466,Movie,TV-14,Teens,2019,Netherlands
s3467,TV Show,TV-MA,Adults,2019,India
s3468,TV Show,TV-MA,Adults,2019,India
s3469,Movie,TV-PG,Teens,2019,India
s3471,TV Show,TV-Y7,Kids,2019,South Korea
s3472,Movie,TV-MA,Adults,2019,United States
s3473,Movie,G,Kids,2019,Germany
s3473,Movie,G,Kids,2019,United States
s3474,TV Show,TV-14,Teens,2019,South Korea
s3475,TV Show,TV-PG,Teens,2019,South Korea
s3476,Movie,G,Kids,2019,United States
s3477,Movie,R,Adults,2019,United States
s3478,TV Show,TV-MA,Adults,2019,United States
s3479,Movie,TV-MA,Adults,2019,United Kingdom
s3481,Movie,TV-PG,Teens,2019,Japan
s3482,TV Show,TV-MA,Adults,2019,India
s3483,Movie,TV-PG,Teens,2019,Turkey
s3484,TV Show,TV-MA,Adults,2019,Argentina
s3485,Movie,TV-MA,Adults,2019,United States
s3485,Movie,TV-MA,Adults,2019,Canada
s3486,Movie,TV-MA,Adults,2019,United States
s3487,Movie,TV-14,Teens,2019,India
s3488,Movie,PG-13,Adults,2019,Hong Kong
s3488,Movie,PG-13,Adults,2019,China
s3489,TV Show,TV-MA,Adults,2019,Mexico
s3490,TV Show,TV-14,Teens,2019,United States
s3491,Movie,TV-G,Kids,2019,United States
s3491,Movie,TV-G,Kids,2019,Mexico
s3492,TV Show,TV-MA,Adults,2019,Australia
s3495,Movie,R,Adults,2019,United States
s3496,Movie,TV-MA,Adults,2019,United States
s3497,Movie,TV-MA,Adults,2019,India
s3498,Movie,TV-MA,Adults,2019,United States
s3499,Movie,TV-MA,Adults,2019,India
s3500,TV Show,TV-MA,Adults,2019,South Korea
s3501,Movie,TV-MA,Adults,2019,United States
s3503,TV Show,TV-MA,Adults,2019,Germany
s3504,TV Show,TV-MA,Adults,2019,Spain
s3505,TV Show,TV-MA,Adults,2019,United States
s3506,TV Show,TV-14,Teens,2019,United States
s3507,TV Show,TV-MA,Adults,2019,Spain
s3508,Movie,TV-MA,Adults,2019,Turkey
s3509,Movie,TV-Y,Kids,2019,Canada
s3510,Movie,TV-MA,Adults,2019,India
s3511,TV Show,TV-14,Teens,2019,South Korea
s3512,Movie,TV-MA,Adults,2019,United Kingdom
s3513,Movie,TV-MA,Adults,2019,United States
s3514,Movie,TV-PG,Teens,2019,United States
s3515,Movie,TV-14,Teens,2019,United States
s3516,TV Show,TV-MA,Adults,2019,United States
s3517,Movie,TV-14,Teens,2019,India
s3518,Movie,TV-PG,Teens,2019,United States
s3519,Movie,TV-MA,Adults,2019,United States
s3520,TV Show,TV-MA,Adults,2019,Japan
s3521,Movie,TV-14,Teens,2019,Turkey
s3522,TV Show,TV-MA,Adults,2019,France
s3523,Movie,TV-14,Teens,2019,China
s3524,Movie,TV-PG,Teens,2019,United States
s3526,TV Show,TV-MA,Adults,2019,United States
s3527,TV Show,TV-MA,Adults,2019,United States
s3528,TV Show,TV-14,Teens,2019,United States
s3529,Movie,TV-MA,Adults,2019,United States
s3529,Movie,TV-MA,Adults,2019,United Kingdom
s3530,Movie,TV-MA,Adults,2019,United Kingdom
s3531,Movie,TV-MA,Adults,2019,India
s3532,Movie,TV-MA,Adults,2019,India
s3533,Movie,TV-14,Teens,2019,India
s3534,Movie,TV-14,Teens,2019,Turkey
s3535,TV Show,TV-MA,Adults,2019,France
s3536,Movie,TV-G,Kids,2019,United States
s3537,Movie,TV-14,Teens,2019,Pakistan
s3538,Movie,TV-14,Teens,2019,India
s3539,Movie,TV-MA,Adults,2019,Brazil
s3539,Movie,TV-MA,Adults,2019,United States
s3541,TV Show,TV-G,Kids,2019,United States
s3542,TV Show,TV-14,Teens,2019,Japan
s3543,Movie,TV-MA,Adults,2019,Denmark
s3543,Movie,TV-MA,Adults,2019,Brazil
s3543,Movie,TV-MA,Adults,2019,France
s3543,Movie,TV-MA,Adults,2019,Portugal
s3543,Movie,TV-MA,Adults,2019,Sweden
s3544,TV Show,TV-14,Teens,2019,United Kingdom
s3545,Movie,G,Kids,2019,United States
s3546,Movie,TV-14,Teens,2019,United Arab Emirates
s3547,TV Show,TV-Y,Kids,2019,China
s3547,TV Show,TV-Y,Kids,2019,United Kingdom
s3549,Movie,TV-MA,Adults,2019,Colombia
s3550,Movie,TV-PG,Teens,2019,Chile
s3552,TV Show,TV-PG,Teens,2019,United Kingdom
s3552,TV Show,TV-PG,Teens,2019,United States
s3553,TV Show,TV-MA,Adults,2019,Colombia
s3554,TV Show,TV-Y,Kids,2019,United States
s3554,TV Show,TV-Y,Kids,2019,Canada
s3555,Movie,TV-MA,Adults,2019,Spain
s3556,Movie,TV-PG,Teens,2019,United States
s3557,Movie,TV-14,Teens,2019,Brazil
s3558,Movie,TV-MA,Adults,2019,United States
s3559,TV Show,TV-MA,Adults,2019,United Kingdom
s3560,Movie,TV-MA,Adults,2019,United States
s3561,Movie,TV-MA,Adults,2019,Hong Kong
s3562,TV Show,TV-MA,Adults,2019,United States
s3564,Movie,TV-PG,Teens,2019,India
s3565,Movie,TV-14,Teens,2019,India
s3566,Movie,TV-PG,Teens,2019,China
s3566,Movie,TV-PG,Teens,2019,Taiwan
s3567,Movie,TV-14,Teens,2019,India
s3568,Movie,TV-14,Teens,2019,United States
s3570,Movie,TV-MA,Adults,2019,India
s3570,Movie,TV-MA,Adults,2019,Turkey
s3572,TV Show,TV-PG,Teens,2019,United States
s3573,Movie,TV-MA,Adults,2019,Philippines
s3574,Movie,TV-G,Kids,2019,United Kingdom
s3575,Movie,TV-MA,Adults,2019,United Kingdom
s3576,TV Show,TV-MA,Adults,2019,Spain
s3577,TV Show,TV-MA,Adults,2019,Argentina
s3578,TV Show,TV-MA,Adults,2019,Russia
s3579,TV Show,TV-14,Teens,2019,United States
s3580,TV Show,TV-MA,Adults,2019,Colombia
s3581,Movie,TV-Y7,Kids,2019,South Korea
s3581,Movie,TV-Y7,Kids,2019,United States
s3582,TV Show,TV-MA,Adults,2019,United States
s3583,Movie,PG-13,Adults,2019,United States
s3584,Movie,TV-14,Teens,2019,United States
s3585,Movie,TV-Y,Kids,2019,Canada
s3586,TV Show,TV-MA,Adults,2019,China
s3587,Movie,TV-MA,Adults,2019,Spain
s3588,TV Show,TV-MA,Adults,2019,Spain
s3589,TV Show,TV-MA,Adults,2019,United States
s3589,TV Show,TV-MA,Adults,2019,Japan
s3590,TV Show,TV-MA,Adults,2019,India
s3590,TV Show,TV-MA,Adults,2019,United States
s3591,TV Show,TV-MA,Adults,2019,Taiwan
s3592,Movie,TV-MA,Adults,2019,Brazil
s3594,Movie,TV-14,Teens,2019,India
s3595,Movie,TV-MA,Adults,2019,India
s3596,Movie,TV-MA,Adults,2019,United States
s3597,Movie,TV-MA,Adults,2019,Mexico
s3598,TV Show,TV-MA,Adults,2019,United States
s3599,TV Show,TV-Y7,Kids,2019,United States
s3601,TV Show,TV-MA,Adults,2019,United States
s3602,TV Show,TV-MA,Adults,2019,United States
s3603,Movie,TV-MA,Adults,2019,India
s3604,Movie,TV-Y7,Kids,2019,United States
s3605,TV Show,TV-MA,Adults,2019,Brazil
s3606,TV Show,TV-14,Teens,2019,United States
s3607,TV Show,TV-MA,Adults,2019,South Korea
s3608,TV Show,TV-MA,Adults,2019,Lebanon
s3609,TV Show,TV-14,Teens,2019,United States
s3610,TV Show,TV-MA,Adults,2019,Malaysia
s3610,TV Show,TV-MA,Adults,2019,Singapore
s3610,TV Show,TV-MA,Adults,2019,Hong Kong
s3611,TV Show,TV-PG,Teens,2019,South Korea
s3612,TV Show,TV-MA,Adults,2019,South Korea
s3613,TV Show,TV-MA,Adults,2019,South Korea
s3614,TV Show,TV-MA,Adults,2019,South Korea
s3615,TV Show,TV-MA,Adults,2019,South Korea
s3616,TV Show,TV-MA,Adults,2019,United States
s3617,Movie,TV-14,Teens,2019,India
s3618,Movie,TV-MA,Adults,2019,United States
s3619,Movie,TV-14,Teens,2019,Philippines
s3620,Movie,TV-MA,Adults,2019,United States
s3621,Movie,TV-MA,Adults,2019,United States
s3622,Movie,TV-MA,Adults,2019,United States
s3623,Movie,TV-MA,Adults,2019,United States
s3624,Movie,TV-MA,Adults,2019,United States
s3624,Movie,TV-MA,Adults,2019,Japan
s3625,TV Show,TV-PG,Teens,2019,United States
s3626,Movie,TV-MA,Adults,2019,Mexico
s3627,Movie,TV-14,Teens,2019,Netherlands
s3628,TV Show,TV-PG,Teens,2019,United States
s3630,Movie,R,Adults,2019,United Kingdom
s3630,Movie,R,Adults,2019,United States
s3631,Movie,TV-14,Teens,2019,India
s3632,Movie,TV-14,Teens,2019,India
s3633,TV Show,TV-MA,Adults,2019,Thailand
s3634,TV Show,TV-MA,Adults,2019,Australia
s3635,Movie,TV-MA,Adults,2019,Canada
s3637,TV Show,TV-PG,Teens,2019,United States
s3638,Movie,TV-MA,Adults,2019,Spain
s3639,Movie,TV-14,Teens,2019,Philippines
s3639,Movie,TV-14,Teens,2019,Singapore
s3640,Movie,TV-MA,Adults,2019,France
s3640,Movie,TV-MA,Adults,2019,Belgium
s3641,TV Show,TV-14,Teens,2019,South Korea
s3642,Movie,TV-MA,Adults,2019,Argentina
s3643,TV Show,TV-MA,Adults,2019,United States
s3644,Movie,TV-MA,Adults,2019,United States
s3645,TV Show,TV-Y,Kids,2019,Australia
s3645,TV Show,TV-Y,Kids,2019,Canada
s3646,Movie,TV-MA,Adults,2019,United States
s3647,Movie,TV-MA,Adults,2019,United States
s3648,Movie,TV-14,Teens,2019,Hong Kong
s3649,Movie,TV-14,Teens,2019,Hong Kong
s3650,Movie,TV-14,Teens,2019,Hong Kong
s3650,Movie,TV-14,Teens,2019,China
s3651,Movie,TV-MA,Adults,2019,Hong Kong
s3651,Movie,TV-MA,Adults,2019,China
s3652,TV Show,TV-MA,Adults,2019,Hong Kong
s3653,Movie,TV-MA,Adults,2019,Spain
s3654,TV Show,TV-14,Teens,2019,United States
s3655,TV Show,TV-Y7,Kids,2019,United States
s3656,TV Show,TV-MA,Adults,2019,India
s3657,TV Show,TV-14,Teens,2019,South Korea
s3658,Movie,TV-14,Teens,2019,United States
s3659,Movie,TV-14,Teens,2019,India
s3660,TV Show,TV-Y7,Kids,2019,United States
s3661,TV Show,TV-14,Teens,2019,China
s3662,Movie,TV-PG,Teens,2019,India
s3663,Movie,TV-14,Teens,2019,United States
s3664,TV Show,TV-PG,Teens,2019,Japan
s3665,TV Show,TV-14,Teens,2019,Japan
s3666,TV Show,TV-14,Teens,2019,Japan
s3667,TV Show,TV-PG,Teens,2019,Japan
s3668,TV Show,TV-Y7,Kids,2019,United States
s3669,Movie,TV-MA,Adults,2019,Spain
s3670,TV Show,TV-MA,Adults,2019,Sweden
s3671,Movie,TV-MA,Adults,2019,Taiwan
s3671,Movie,TV-MA,Adults,2019,China
s3671,Movie,TV-MA,Adults,2019,France
s3671,Movie,TV-MA,Adults,2019,United States
s3673,Movie,TV-MA,Adults,2019,Germany
s3674,TV Show,TV-14,Teens,2019,South Korea
s3676,Movie,TV-MA,Adults,2019,France
s3676,Movie,TV-MA,Adults,2019,United States
s3677,Movie,TV-14,Teens,2019,Germany
s3677,Movie,TV-14,Teens,2019,Italy
s3679,Movie,TV-14,Teens,2019,Spain
s3680,Movie,TV-MA,Adults,2019,United States
s3681,TV Show,TV-G,Kids,2019,United States
s3682,Movie,TV-G,Kids,2019,Argentina
s3683,TV Show,TV-14,Teens,2019,China
s3684,Movie,TV-14,Teens,2019,United States
s3686,TV Show,TV-14,Teens,2019,United States
s3687,TV Show,TV-MA,Adults,2019,United States
s3688,TV Show,TV-MA,Adults,2019,Australia
s3689,TV Show,TV-14,Teens,2019,Thailand
s3690,TV Show,TV-14,Teens,2019,Thailand
s3691,TV Show,TV-14,Teens,2019,South Korea
s3692,TV Show,TV-PG,Teens,2019,United States
s3693,TV Show,TV-Y,Kids,2019,United States
s3694,Movie,TV-MA,Adults,2019,United States
s3695,TV Show,TV-Y,Kids,2019,France
s3696,TV Show,TV-Y7,Kids,2019,France
s3697,TV Show,TV-MA,Adults,2019,Japan
s3698,Movie,TV-MA,Adults,2019,United States
s3698,Movie,TV-MA,Adults,2019,Spain
s3699,Movie,TV-MA,Adults,2019,Thailand
s3700,Movie,TV-14,Teens,2019,India
s3701,TV Show,TV-MA,Adults,2019,United States
s3702,Movie,TV-MA,Adults,2019,India
s3703,TV Show,TV-MA,Adults,2019,United States
s3704,Movie,TV-14,Teens,2019,Colombia
s3704,Movie,TV-14,Teens,2019,Peru
s3704,Movie,TV-14,Teens,2019,United Kingdom
s3705,TV Show,TV-MA,Adults,2019,United States
s3706,TV Show,TV-MA,Adults,2019,Australia
s3707,Movie,TV-MA,Adults,2019,Mexico
s3708,TV Show,TV-Y,Kids,2019,Australia
s3708,TV Show,TV-Y,Kids,2019,United States
s3709,TV Show,TV-MA,Adults,2019,Spain
s3710,Movie,TV-PG,Teens,2019,United Kingdom
s3712,Movie,TV-MA,Adults,2019,Mexico
s3713,Movie,TV-PG,Teens,2019,Japan
s3714,Movie,TV-14,Teens,2019,India
s3715,Movie,TV-14,Teens,2019,India
s3716,Movie,TV-MA,Adults,2019,United States
s3717,TV Show,TV-14,Teens,2019,Japan
s3718,Movie,R,Adults,2019,Thailand
s3718,Movie,R,Adults,2019,China
s3718,Movie,R,Adults,2019,United States
s3719,Movie,TV-MA,Adults,2019,Argentina
s3719,Movie,TV-MA,Adults,2019,United States
s3720,TV Show,TV-MA,Adults,2019,Colombia
s3721,Movie,TV-MA,Adults,2019,Japan
s3722,TV Show,TV-MA,Adults,2019,United States
s3723,TV Show,TV-PG,Teens,2019,Argentina
s3724,TV Show,TV-MA,Adults,2019,Japan
s3725,TV Show,TV-MA,Adults,2019,Japan
s3726,TV Show,TV-14,Teens,2019,United States
s3727,TV Show,TV-14,Teens,2019,New Zealand
s3728,TV Show,TV-MA,Adults,2019,United States
s3729,Movie,TV-MA,Adults,2019,Japan
s3730,Movie,TV-MA,Adults,2019,India
s3731,Movie,TV-14,Teens,2019,France
s3732,Movie,TV-MA,Adults,2019,United States
s3733,Movie,TV-14,Teens,2019,Brazil
s3734,Movie,TV-MA,Adults,2019,United States
s3735,Movie,R,Adults,2019,United States
s3736,Movie,TV-MA,Adults,2019,Germany
s3737,TV Show,TV-MA,Adults,2019,Japan
s3738,TV Show,TV-MA,Adults,2019,Japan
s3739,Movie,TV-PG,Teens,2019,Sweden
s3739,Movie,TV-PG,Teens,2019,United States
s3740,Movie,TV-14,Teens,2019,India
s3741,Movie,TV-14,Teens,2019,India
s3742,TV Show,TV-14,Teens,2019,Japan
s3743,TV Show,TV-MA,Adults,2019,China
s3744,TV Show,TV-MA,Adults,2019,Spain
s3745,TV Show,TV-MA,Adults,2019,Belgium
s3746,TV Show,TV-PG,Teens,2019,United States
s3747,TV Show,TV-MA,Adults,2019,France
s3747,TV Show,TV-MA,Adults,2019,Belgium
s3748,Movie,TV-PG,Teens,2019,Brazil
s3750,TV Show,TV-MA,Adults,2019,United States
s3751,TV Show,TV-MA,Adults,2019,India
s3752,TV Show,TV-14,Teens,2019,United States
s3753,TV Show,TV-MA,Adults,2019,United States
s3754,Movie,PG-13,Adults,2019,United States
s3755,TV Show,TV-MA,Adults,2019,Mexico
s3756,TV Show,TV-MA,Adults,2019,Jordan
s3757,Movie,TV-PG,Teens,2019,United States
s3758,Movie,TV-MA,Adults,2019,Indonesia
s3759,Movie,TV-MA,Adults,2019,United States
s3760,Movie,TV-MA,Adults,2019,United States
s3761,TV Show,TV-Y,Kids,2019,Malaysia
s3762,Movie,TV-MA,Adults,2019,Uruguay
s3762,Movie,TV-MA,Adults,2019,Spain
s3762,Movie,TV-MA,Adults,2019,Mexico
s3763,TV Show,TV-MA,Adults,2019,United States
s3764,Movie,TV-MA,Adults,2019,Spain
s3765,Movie,TV-PG,Teens,2019,Australia
s3766,Movie,TV-PG,Teens,2019,India
s3767,Movie,PG,Teens,2019,France
s3767,Movie,PG,Teens,2019,Luxembourg
s3767,Movie,PG,Teens,2019,Canada
s3768,Movie,TV-PG,Teens,2019,Germany
s3769,Movie,TV-MA,Adults,2019,India
s3770,TV Show,TV-Y,Kids,2019,United States
s3771,TV Show,TV-MA,Adults,2019,United States
s3772,Movie,TV-MA,Adults,2019,United States
s3773,Movie,TV-MA,Adults,2019,Germany
s3774,Movie,TV-14,Teens,2019,Japan
s3775,TV Show,TV-MA,Adults,2019,United Kingdom
s3776,Movie,TV-MA,Adults,2019,Netherlands
s3777,Movie,TV-14,Teens,2019,United States
s3778,Movie,TV-Y,Kids,2019,United States
s3779,TV Show,TV-14,Teens,2019,United States
s3780,TV Show,TV-G,Kids,2019,United States
s3781,TV Show,TV-MA,Adults,2019,South Korea
s3782,Movie,TV-14,Teens,2019,India
s3783,TV Show,TV-14,Teens,2019,Taiwan
s3784,Movie,TV-MA,Adults,2019,India
s3785,TV Show,TV-14,Teens,2019,Japan
s3786,Movie,TV-MA,Adults,2019,Romania
s3787,Movie,TV-14,Teens,2019,Hong Kong
s3788,TV Show,TV-MA,Adults,2019,Canada
s3789,Movie,TV-MA,Adults,2019,India
s3791,Movie,TV-MA,Adults,2019,India
s3792,Movie,TV-MA,Adults,2019,China
s3793,TV Show,TV-MA,Adults,2019,United States
s3794,Movie,TV-MA,Adults,2019,South Korea
s3795,TV Show,TV-MA,Adults,2019,United States
s3796,Movie,TV-PG,Teens,2019,United States
s3798,Movie,TV-MA,Adults,2019,Austria
s3799,Movie,TV-14,Teens,2019,United States
s3800,TV Show,TV-MA,Adults,2019,United States
s3801,Movie,TV-MA,Adults,2019,United States
s3802,TV Show,TV-MA,Adults,2019,United States
s3804,Movie,TV-PG,Teens,2019,United States
s3804,Movie,TV-PG,Teens,2019,Mexico
s3805,Movie,TV-14,Teens,2019,India
s3806,Movie,TV-MA,Adults,2019,United States
s3807,TV Show,TV-G,Kids,2019,United States
s3808,TV Show,TV-MA,Adults,2019,Mexico
s3809,TV Show,TV-MA,Adults,2019,Mexico
s3810,Movie,TV-14,Teens,2019,Spain
s3811,Movie,TV-14,Teens,2019,Denmark
s3811,Movie,TV-14,Teens,2019,Spain
s3812,Movie,TV-MA,Adults,2019,Spain
s3813,TV Show,TV-MA,Adults,2019,United States
s3814,Movie,TV-MA,Adults,2019,Philippines
s3816,Movie,TV-MA,Adults,2019,Italy
s3817,Movie,TV-MA,Adults,2019,United States
s3818,TV Show,TV-MA,Adults,2019,United Kingdom
s3819,Movie,TV-PG,Teens,2019,United States
s3820,Movie,TV-MA,Adults,2019,India
s3821,Movie,TV-PG,Teens,2019,United Kingdom
s3822,TV Show,TV-Y,Kids,2019,United Kingdom
s3823,Movie,TV-MA,Adults,2019,India
s3824,TV Show,TV-Y,Kids,2019,Argentina
s3826,Movie,R,Adults,2019,United States
s3827,TV Show,TV-14,Teens,2019,Japan
s3828,Movie,TV-MA,Adults,2019,United States
s3829,Movie,TV-MA,Adults,2019,United States
s3830,Movie,TV-G,Kids,2019,United States
s3831,Movie,TV-14,Teens,2019,New Zealand
s3832,TV Show,TV-14,Teens,2019,China
s3832,TV Show,TV-14,Teens,2019,Hong Kong
s3833,Movie,TV-MA,Adults,2019,Chile
s3833,Movie,TV-MA,Adults,2019,Argentina
s3834,Movie,TV-MA,Adults,2019,France
s3835,Movie,TV-14,Teens,2019,Hong Kong
s3835,Movie,TV-14,Teens,2019,China
s3836,TV Show,TV-MA,Adults,2019,United States
s3837,Movie,TV-MA,Adults,2019,Spain
s3839,TV Show,TV-MA,Adults,2019,Brazil
s3840,TV Show,TV-14,Teens,2019,China
s3841,TV Show,TV-MA,Adults,2019,United States
s3842,Movie,R,Adults,2019,United States
s3843,Movie,TV-MA,Adults,2019,Taiwan
s3853,TV Show,TV-14,Teens,2019,South Korea
s3855,TV Show,TV-14,Teens,2019,Kuwait
s3856,TV Show,TV-14,Teens,2019,Lebanon
s3858,Movie,TV-MA,Adults,2019,United Kingdom
s3858,Movie,TV-MA,Adults,2019,Belgium
s3858,Movie,TV-MA,Adults,2019,Sweden
s3859,Movie,TV-MA,Adults,2019,China
s3860,Movie,TV-14,Teens,2019,United States
s3861,TV Show,TV-MA,Adults,2019,Mexico
s3862,TV Show,TV-Y7,Kids,2019,Canada
s3862,TV Show,TV-Y7,Kids,2019,Brazil
s3863,Movie,TV-MA,Adults,2019,Spain
s3864,Movie,R,Adults,2019,United States
s3865,TV Show,TV-PG,Teens,2019,United Kingdom
s3866,Movie,TV-MA,Adults,2019,South Korea
s3867,Movie,TV-14,Teens,2019,United States
s3868,TV Show,TV-MA,Adults,2019,United States
s3869,Movie,TV-PG,Teens,2019,India
s3870,Movie,R,Adults,2019,United States
s3871,TV Show,TV-MA,Adults,2019,Japan
s3872,Movie,TV-MA,Adults,2019,United Kingdom
s3873,Movie,PG,Teens,2019,United States
s3874,Movie,TV-MA,Adults,2019,Malaysia
s3875,Movie,TV-14,Teens,2019,India
s3876,Movie,TV-MA,Adults,2019,Hong Kong
s3877,TV Show,TV-14,Teens,2019,Taiwan
s3878,Movie,TV-MA,Adults,2019,United States
s3879,TV Show,TV-MA,Adults,2019,Hong Kong
s3880,TV Show,TV-MA,Adults,2019,Japan
s3882,TV Show,TV-14,Teens,2019,Taiwan
s3884,TV Show,TV-MA,Adults,2019,Taiwan
s3885,TV Show,TV-MA,Adults,2019,United States
s3886,Movie,TV-MA,Adults,2019,India
s3887,TV Show,TV-MA,Adults,2019,Mexico
s3887,TV Show,TV-MA,Adults,2019,United States
s3888,TV Show,TV-MA,Adults,2019,United States
s3889,Movie,TV-MA,Adults,2019,Colombia
s3890,Movie,TV-MA,Adults,2019,Turkey
s3891,Movie,TV-PG,Teens,2019,India
s3892,Movie,TV-14,Teens,2019,United States
s3893,TV Show,TV-PG,Teens,2019,United States
s3895,Movie,TV-MA,Adults,2019,Denmark
s3898,TV Show,TV-MA,Adults,2019,Taiwan
s3899,TV Show,TV-MA,Adults,2019,Australia
s3900,Movie,TV-14,Teens,2019,India
s3901,TV Show,TV-MA,Adults,2019,Taiwan
s3902,TV Show,TV-PG,Teens,2019,Japan
s3902,TV Show,TV-PG,Teens,2019,United States
s3903,TV Show,TV-MA,Adults,2019,Brazil
s3904,Movie,R,Adults,2019,United States
s3905,Movie,TV-MA,Adults,2019,Italy
s3905,Movie,TV-MA,Adults,2019,France
s3906,Movie,R,Adults,2019,United Kingdom
s3907,Movie,TV-MA,Adults,2019,Mexico
s3909,Movie,R,Adults,2019,United Kingdom
s3911,Movie,TV-MA,Adults,2019,India
s3912,Movie,TV-14,Teens,2019,India
s3913,Movie,TV-MA,Adults,2019,United States
s3914,Movie,TV-MA,Adults,2019,India
s3914,Movie,TV-MA,Adults,2019,France
s3915,Movie,TV-14,Teens,2019,India
s3916,Movie,TV-14,Teens,2019,India
s3917,Movie,TV-14,Teens,2019,India
s3918,Movie,TV-14,Teens,2019,India
s3919,Movie,TV-PG,Teens,2019,India
s3920,Movie,TV-MA,Adults,2019,United States
s3921,TV Show,TV-MA,Adults,2019,United States
s3922,Movie,TV-MA,Adults,2019,Spain
s3923,Movie,TV-MA,Adults,2019,Turkey
s3924,Movie,TV-MA,Adults,2019,Turkey
s3925,Movie,TV-MA,Adults,2019,Italy
s3926,TV Show,TV-MA,Adults,2019,United States
s3927,Movie,TV-14,Teens,2019,United States
s3928,TV Show,TV-14,Teens,2019,United States
s3929,TV Show,TV-MA,Adults,2019,South Korea
s3930,Movie,TV-14,Teens,2019,Brazil
s3931,Movie,PG-13,Adults,2019,Canada
s3931,Movie,PG-13,Adults,2019,Germany
s3932,TV Show,TV-PG,Teens,2019,United States
s3933,Movie,TV-14,Teens,2019,India
s3935,TV Show,TV-MA,Adults,2019,United States
s3936,Movie,TV-MA,Adults,2019,United States
s3937,TV Show,TV-MA,Adults,2019,United Kingdom
s3938,TV Show,TV-MA,Adults,2019,United States
s3939,TV Show,TV-PG,Teens,2019,United States
s3939,TV Show,TV-PG,Teens,2019,United Kingdom
s3940,Movie,TV-14,Teens,2019,India
s3941,TV Show,TV-MA,Adults,2019,Sweden
s3942,TV Show,TV-PG,Teens,2019,Malaysia
s3943,TV Show,TV-MA,Adults,2019,Canada
s3943,TV Show,TV-MA,Adults,2019,United States
s3944,TV Show,TV-Y7,Kids,2019,United States
s3945,TV Show,TV-MA,Adults,2019,Mexico
s3946,Movie,TV-14,Teens,2019,United States
s3947,TV Show,TV-MA,Adults,2019,South Korea
s3949,Movie,TV-MA,Adults,2019,Indonesia
s3950,TV Show,TV-14,Teens,2019,Lebanon
s3951,Movie,TV-14,Teens,2019,India
s3952,Movie,TV-MA,Adults,2019,Malaysia
s3953,Movie,TV-MA,Adults,2019,United States
s3955,Movie,TV-14,Teens,2019,China
s3956,Movie,TV-MA,Adults,2019,Pakistan
s3956,Movie,TV-MA,Adults,2019,United Arab Emirates
s3957,TV Show,TV-MA,Adults,2019,South Korea
s3958,Movie,TV-MA,Adults,2019,United States
s3959,TV Show,TV-14,Teens,2019,United States
s3959,TV Show,TV-14,Teens,2019,Japan
s3960,Movie,TV-14,Teens,2019,United States
s3961,Movie,TV-14,Teens,2019,Ghana
s3961,Movie,TV-14,Teens,2019,United States
s3962,TV Show,TV-Y,Kids,2019,United Kingdom
s3963,Movie,TV-14,Teens,2019,India
s3964,Movie,TV-MA,Adults,2019,Mexico
s3964,Movie,TV-MA,Adults,2019,Finland
s3965,TV Show,TV-MA,Adults,2019,France
s3966,TV Show,TV-MA,Adults,2019,United States
s3967,Movie,R,Adults,2019,United States
s3968,Movie,TV-MA,Adults,2019,United States
s3970,TV Show,TV-MA,Adults,2019,United Kingdom
s3971,TV Show,TV-MA,Adults,2019,France
s3971,TV Show,TV-MA,Adults,2019,Canada
s3972,TV Show,TV-MA,Adults,2019,Japan
s3973,Movie,TV-MA,Adults,2019,Indonesia
s3974,Movie,TV-PG,Teens,2019,Indonesia
s3975,Movie,TV-PG,Teens,2019,United States
s3976,Movie,TV-14,Teens,2019,India
s3978,Movie,TV-MA,Adults,2019,Spain
s3979,Movie,TV-MA,Adults,2019,Thailand
s3980,TV Show,TV-Y,Kids,2019,United States
s3981,TV Show,TV-MA,Adults,2019,Mexico
s3982,TV Show,TV-MA,Adults,2019,India
s3983,Movie,TV-MA,Adults,2019,Spain
s3984,Movie,TV-MA,Adults,2019,United States
s3986,Movie,TV-MA,Adults,2019,United States
s3987,TV Show,TV-MA,Adults,2019,United States
s3989,TV Show,TV-Y,Kids,2019,Canada
s3990,TV Show,TV-14,Teens,2019,Japan
s3991,Movie,TV-14,Teens,2019,Philippines
s3992,Movie,TV-14,Teens,2019,Philippines
s3993,Movie,TV-MA,Adults,2019,Philippines
s3994,Movie,TV-MA,Adults,2019,Philippines
s3995,Movie,TV-PG,Teens,2019,Philippines
s3996,Movie,TV-MA,Adults,2019,Uruguay
s3998,Movie,TV-PG,Teens,2019,India
s3999,TV Show,TV-MA,Adults,2019,Japan
s4000,Movie,TV-MA,Adults,2019,United States
s4001,Movie,PG-13,Adults,2019,United States
s4002,TV Show,TV-MA,Adults,2019,Taiwan
s4003,Movie,TV-MA,Adults,2019,United Arab Emirates
s4003,Movie,TV-MA,Adults,2019,United Kingdom
s4003,Movie,TV-MA,Adults,2019,India
s4004,Movie,TV-MA,Adults,2019,France
s4004,Movie,TV-MA,Adults,2019,Belgium
s4005,Movie,TV-MA,Adults,2019,Italy
s4006,Movie,R,Adults,2019,Netherlands
s4006,Movie,R,Adults,2019,Belgium
s4007,TV Show,TV-MA,Adults,2019,Spain
s4008,Movie,TV-MA,Adults,2019,United States
s4009,Movie,TV-MA,Adults,2019,United States
s4010,Movie,TV-MA,Adults,2019,United States
s4011,Movie,TV-MA,Adults,2019,United States
s4012,Movie,TV-14,Teens,2019,United States
s4012,Movie,TV-14,Teens,2019,Taiwan
s4014,Movie,TV-14,Teens,2019,Malaysia
s4015,TV Show,TV-Y7,Kids,2019,United Kingdom
s4017,TV Show,TV-MA,Adults,2019,United Kingdom
s4018,Movie,TV-14,Teens,2019,Philippines
s4019,Movie,TV-14,Teens,2019,Philippines
s4020,Movie,TV-MA,Adults,2019,Philippines
s4021,Movie,TV-14,Teens,2019,Philippines
s4022,Movie,TV-MA,Adults,2019,Philippines
s4023,TV Show,TV-14,Teens,2019,Egypt
s4024,TV Show,TV-14,Teens,2019,Egypt
s4025,Movie,R,Adults,2019,United States
s4027,TV Show,TV-14,Teens,2019,Egypt
s4028,TV Show,TV-14,Teens,2019,Egypt
s4029,TV Show,TV-MA,Adults,2019,United States
s4031,TV Show,TV-MA,Adults,2019,Egypt
s4032,Movie,TV-14,Teens,2019,United Arab Emirates
s4033,TV Show,TV-MA,Adults,2019,Turkey
s4034,Movie,TV-MA,Adults,2019,United States
s4035,Movie,TV-MA,Adults,2019,France
s4037,Movie,TV-PG,Teens,2019,United States
s4038,Movie,TV-MA,Adults,2019,United States
s4039,Movie,TV-14,Teens,2019,Philippines
s4040,Movie,TV-14,Teens,2019,Philippines
s4041,Movie,TV-MA,Adults,2019,Philippines
s4042,Movie,TV-MA,Adults,2019,Philippines
s4043,TV Show,TV-MA,Adults,2019,United States
s4044,TV Show,TV-MA,Adults,2019,Australia
s4045,TV Show,TV-MA,Adults,2019,South Korea
s4046,Movie,TV-MA,Adults,2019,United States
s4047,Movie,TV-14,Teens,2019,Philippines
s4048,Movie,TV-MA,Adults,2019,Philippines
s4049,Movie,TV-MA,Adults,2019,Japan
s4051,Movie,TV-MA,Adults,2019,Austria
s4051,Movie,TV-MA,Adults,2019,Iraq
s4051,Movie,TV-MA,Adults,2019,United States
s4052,Movie,TV-MA,Adults,2019,Thailand
s4053,Movie,TV-14,Teens,2019,Thailand
s4054,Movie,TV-MA,Adults,2019,France
s4054,Movie,TV-MA,Adults,2019,Belgium
s4055,TV Show,TV-MA,Adults,2019,India
s4058,TV Show,TV-14,Teens,2019,Canada
s4059,Movie,TV-G,Kids,2019,Canada
s4060,Movie,TV-14,Teens,2019,United States
s4060,Movie,TV-14,Teens,2019,France
s4061,Movie,TV-G,Kids,2019,United States
s4063,Movie,TV-PG,Teens,2019,United Kingdom
s4063,Movie,TV-PG,Teens,2019,Malawi
s4064,TV Show,TV-14,Teens,2019,Japan
s4065,Movie,TV-MA,Adults,2019,Paraguay
s4065,Movie,TV-MA,Adults,2019,Argentina
s4066,Movie,PG,Teens,2019,United States
s4067,Movie,TV-MA,Adults,2019,Spain
s4067,Movie,TV-MA,Adults,2019,France
s4068,Movie,TV-MA,Adults,2019,Spain
s4068,Movie,TV-MA,Adults,2019,France
s4069,Movie,TV-MA,Adults,2019,Philippines
s4070,Movie,TV-14,Teens,2019,Philippines
s4071,Movie,TV-PG,Teens,2019,Philippines
s4072,Movie,TV-14,Teens,2019,Philippines
s4073,Movie,TV-PG,Teens,2019,India
s4074,Movie,TV-14,Teens,2019,Philippines
s4075,Movie,TV-PG,Teens,2019,Philippines
s4076,Movie,TV-14,Teens,2019,Philippines
s4077,Movie,TV-14,Teens,2019,Philippines
s4078,Movie,TV-MA,Adults,2019,Philippines
s4079,Movie,TV-MA,Adults,2019,Philippines
s4080,TV Show,TV-MA,Adults,2019,United States
s4081,Movie,TV-MA,Adults,2019,United States
s4082,Movie,TV-PG,Teens,2019,India
s4083,Movie,TV-MA,Adults,2019,Spain
s4084,Movie,TV-MA,Adults,2019,United States
s4085,TV Show,TV-MA,Adults,2019,United States
s4086,Movie,TV-MA,Adults,2019,India
s4087,Movie,TV-MA,Adults,2019,United States
s4088,Movie,TV-MA,Adults,2019,France
s4089,Movie,TV-PG,Teens,2019,India
s4090,TV Show,TV-PG,Teens,2019,United Kingdom
s4091,TV Show,TV-PG,Teens,2019,Brazil
s4092,Movie,TV-MA,Adults,2019,South Korea
s4093,Movie,TV-PG,Teens,2019,United States
s4094,Movie,TV-MA,Adults,2019,Canada
s4095,Movie,TV-14,Teens,2019,India
s4096,Movie,R,Adults,2019,United Kingdom
s4096,Movie,R,Adults,2019,Russia
s4096,Movie,R,Adults,2019,United States
s4097,Movie,TV-MA,Adults,2019,United States
s4098,Movie,TV-MA,Adults,2019,India
s4099,Movie,TV-MA,Adults,2019,India
s4100,Movie,TV-14,Teens,2019,United States
s4101,Movie,TV-MA,Adults,2019,Brazil
s4102,Movie,TV-MA,Adults,2019,India
s4103,Movie,TV-14,Teens,2019,India
s4104,Movie,TV-14,Teens,2019,India
s4105,TV Show,TV-MA,Adults,2019,Denmark
s4107,Movie,TV-14,Teens,2019,India
s4108,Movie,TV-MA,Adults,2019,India
s4109,Movie,TV-14,Teens,2019,India
s4111,Movie,TV-MA,Adults,2019,New Zealand
s4112,TV Show,TV-14,Teens,2019,Argentina
s4113,Movie,TV-14,Teens,2019,India
s4114,Movie,TV-MA,Adults,2019,Spain
s4115,TV Show,TV-Y,Kids,2019,United States
s4115,TV Show,TV-Y,Kids,2019,Canada
s4116,Movie,TV-MA,Adults,2019,United States
s4117,TV Show,TV-14,Teens,2019,Spain
s4118,Movie,TV-PG,Teens,2019,United States
s4119,TV Show,TV-14,Teens,2019,Taiwan
s4120,TV Show,TV-MA,Adults,2019,Belgium
s4121,Movie,TV-MA,Adults,2019,United States
s4122,Movie,TV-PG,Teens,2019,United States
s4123,TV Show,TV-PG,Teens,2019,United States
s4124,Movie,TV-MA,Adults,2019,United States
s4125,Movie,TV-MA,Adults,2019,Spain
s4126,TV Show,TV-MA,Adults,2019,Egypt
s4127,TV Show,TV-14,Teens,2019,Egypt
s4128,TV Show,TV-MA,Adults,2019,South Korea
s4129,Movie,TV-MA,Adults,2019,United States
s4130,TV Show,TV-MA,Adults,2019,United Kingdom
s4131,TV Show,TV-MA,Adults,2019,Egypt
s4132,TV Show,TV-14,Teens,2019,Japan
s4133,TV Show,TV-14,Teens,2019,South Korea
s4134,Movie,TV-MA,Adults,2019,United Kingdom
s4135,Movie,TV-14,Teens,2019,India
s4136,Movie,TV-MA,Adults,2019,United States
s4137,Movie,TV-MA,Adults,2019,Taiwan
s4138,Movie,TV-G,Kids,2019,United States
s4139,Movie,TV-Y7,Kids,2019,United States
s4140,Movie,TV-Y7,Kids,2019,United States
s4141,Movie,TV-Y,Kids,2019,United States
s4142,TV Show,TV-Y7,Kids,2019,United States
s4143,TV Show,TV-MA,Adults,2019,United States
s4144,TV Show,TV-MA,Adults,2019,Russia
s4145,TV Show,TV-MA,Adults,2019,Japan
s4146,Movie,TV-Y,Kids,2019,United States
s4146,Movie,TV-Y,Kids,2019,Canada
s4147,Movie,R,Adults,2019,United States
s4148,Movie,TV-PG,Teens,2019,Malaysia
s4149,Movie,TV-MA,Adults,2019,China
s4149,Movie,TV-MA,Adults,2019,Hong Kong
s4152,Movie,TV-14,Teens,2019,India
s4152,Movie,TV-14,Teens,2019,Pakistan
s4153,Movie,TV-14,Teens,2019,India
s4155,Movie,TV-MA,Adults,2019,South Korea
s4156,Movie,TV-MA,Adults,2019,Spain
s4158,Movie,TV-14,Teens,2019,Indonesia
s4158,Movie,TV-14,Teens,2019,Singapore
s4159,Movie,TV-MA,Adults,2019,India
s4160,Movie,TV-14,Teens,2019,Indonesia
s4161,Movie,TV-14,Teens,2019,Indonesia
s4162,Movie,TV-14,Teens,2019,Indonesia
s4163,TV Show,TV-MA,Adults,2019,Taiwan
s4164,TV Show,TV-MA,Adults,2019,United States
s4165,Movie,TV-MA,Adults,2019,Philippines
s4166,Movie,TV-MA,Adults,2019,Spain
s4166,Movie,TV-MA,Adults,2019,Belgium
s4167,TV Show,TV-MA,Adults,2019,United Kingdom
s4168,TV Show,TV-MA,Adults,2019,Mexico
s4169,TV Show,TV-MA,Adults,2019,Spain
s4170,Movie,TV-MA,Adults,2019,Argentina
s4170,Movie,TV-MA,Adults,2019,Spain
s4171,Movie,TV-MA,Adults,2019,United States
s4171,Movie,TV-MA,Adults,2019,Germany
s4173,TV Show,TV-MA,Adults,2019,United States
s4174,Movie,TV-MA,Adults,2019,Argentina
s4175,TV Show,TV-MA,Adults,2019,Turkey
s4176,Movie,TV-MA,Adults,2019,United Kingdom
s4176,Movie,TV-MA,Adults,2019,United States
s4177,Movie,TV-MA,Adults,2019,United States
s4178,Movie,TV-14,Teens,2019,United States
s4179,TV Show,TV-MA,Adults,2019,United States
s4181,Movie,TV-14,Teens,2019,Brazil
s4182,Movie,TV-MA,Adults,2019,Mexico
s4183,Movie,TV-MA,Adults,2019,India
s4184,TV Show,TV-G,Kids,2019,United Kingdom
s4186,Movie,TV-14,Teens,2019,United States
s4187,Movie,TV-14,Teens,2019,Pakistan
s4188,Movie,TV-14,Teens,2019,India
s4189,Movie,TV-14,Teens,2019,India
s4190,TV Show,TV-14,Teens,2019,Taiwan
s4191,Movie,TV-MA,Adults,2019,India
s4192,Movie,TV-14,Teens,2019,Pakistan
s4193,Movie,TV-MA,Adults,2019,South Korea
s4194,Movie,TV-MA,Adults,2019,United States
s4195,Movie,TV-MA,Adults,2019,Indonesia
s4196,Movie,TV-MA,Adults,2019,Indonesia
s4197,TV Show,TV-14,Teens,2019,Taiwan
s4198,Movie,TV-MA,Adults,2019,India
s4199,Movie,TV-MA,Adults,2019,Philippines
s4201,TV Show,TV-MA,Adults,2019,United States
s4202,TV Show,TV-MA,Adults,2019,Ireland
s4203,TV Show,TV-Y7,Kids,2019,United Kingdom
s4204,Movie,TV-MA,Adults,2019,United States
s4205,Movie,TV-MA,Adults,2019,Spain
s4206,Movie,TV-MA,Adults,2019,United States
s4207,TV Show,TV-Y,Kids,2019,Spain
s4207,TV Show,TV-Y,Kids,2019,United Kingdom
s4208,TV Show,TV-MA,Adults,2019,Israel
s4209,Movie,TV-PG,Teens,2019,Japan
s4210,Movie,TV-14,Teens,2019,India
s4211,Movie,TV-14,Teens,2019,Bangladesh
s4212,Movie,TV-MA,Adults,2019,Thailand
s4213,Movie,TV-14,Teens,2019,Iceland
s4213,Movie,TV-14,Teens,2019,Sweden
s4213,Movie,TV-14,Teens,2019,Belgium
s4215,Movie,TV-PG,Teens,2019,Nigeria
s4218,Movie,PG,Teens,2019,United Kingdom
s4219,TV Show,TV-PG,Teens,2019,United States
s4220,Movie,TV-14,Teens,2019,Thailand
s4221,TV Show,TV-MA,Adults,2019,United States
s4222,Movie,TV-MA,Adults,2019,India
s4223,Movie,TV-MA,Adults,2019,United States
s4224,Movie,TV-Y7,Kids,2019,Japan
s4225,Movie,TV-MA,Adults,2019,India
s4226,Movie,TV-MA,Adults,2019,India
s4227,TV Show,TV-MA,Adults,2019,Croatia
s4228,TV Show,TV-PG,Teens,2019,United States
s4229,Movie,TV-MA,Adults,2019,United States
s4230,Movie,TV-MA,Adults,2018,United Kingdom
s4232,Movie,TV-MA,Adults,2018,United Kingdom
s4233,Movie,TV-MA,Adults,2018,United Kingdom
s4234,Movie,TV-MA,Adults,2018,United States
s4236,Movie,TV-MA,Adults,2018,United Kingdom
s4237,Movie,TV-MA,Adults,2018,Mexico
s4238,Movie,TV-MA,Adults,2018,United States
s4239,Movie,TV-MA,Adults,2018,United States
s4240,Movie,TV-MA,Adults,2018,United States
s4241,Movie,TV-MA,Adults,2018,United States
s4242,Movie,TV-14,Teens,2018,Taiwan
s4244,Movie,TV-14,Teens,2018,Japan
s4245,Movie,TV-MA,Adults,2018,United States
s4246,Movie,TV-MA,Adults,2018,United States
s4247,Movie,TV-MA,Adults,2018,United Kingdom
s4248,Movie,TV-MA,Adults,2018,United Kingdom
s4249,Movie,TV-MA,Adults,2018,United States
s4250,Movie,TV-14,Teens,2018,United States
s4252,TV Show,TV-MA,Adults,2018,Thailand
s4253,Movie,TV-MA,Adults,2018,Uruguay
s4253,Movie,TV-MA,Adults,2018,Argentina
s4253,Movie,TV-MA,Adults,2018,Spain
s4254,Movie,TV-MA,Adults,2018,United States
s4255,TV Show,TV-MA,Adults,2018,Israel
s4256,Movie,TV-MA,Adults,2018,India
s4257,TV Show,TV-MA,Adults,2018,United States
s4258,TV Show,TV-14,Teens,2018,India
s4260,Movie,TV-MA,Adults,2018,Spain
s4261,TV Show,TV-PG,Teens,2018,United States
s4262,TV Show,TV-14,Teens,2018,Taiwan
s4263,TV Show,TV-PG,Teens,2018,United Kingdom
s4263,TV Show,TV-PG,Teens,2018,Ireland
s4263,TV Show,TV-PG,Teens,2018,United States
s4265,TV Show,TV-MA,Adults,2018,United Kingdom
s4267,TV Show,TV-PG,Teens,2018,United States
s4268,Movie,TV-MA,Adults,2018,France
s4268,Movie,TV-MA,Adults,2018,Belgium
s4269,Movie,R,Adults,2018,United States
s4270,TV Show,TV-14,Teens,2018,Taiwan
s4271,TV Show,TV-14,Teens,2018,Japan
s4272,TV Show,TV-MA,Adults,2018,Taiwan
s4273,TV Show,TV-14,Teens,2018,Taiwan
s4274,TV Show,TV-MA,Adults,2018,Germany
s4275,TV Show,TV-MA,Adults,2018,Japan
s4276,Movie,TV-MA,Adults,2018,Poland
s4276,Movie,TV-MA,Adults,2018,United States
s4277,TV Show,TV-MA,Adults,2018,Turkey
s4278,Movie,R,Adults,2018,Singapore
s4279,Movie,TV-PG,Teens,2018,Japan
s4280,TV Show,TV-14,Teens,2018,Japan
s4281,Movie,TV-MA,Adults,2018,Singapore
s4282,Movie,TV-MA,Adults,2018,Singapore
s4283,Movie,TV-MA,Adults,2018,Singapore
s4284,Movie,TV-MA,Adults,2018,India
s4285,TV Show,TV-MA,Adults,2018,United States
s4286,Movie,TV-MA,Adults,2018,India
s4287,Movie,TV-G,Kids,2018,United States
s4288,Movie,TV-14,Teens,2018,India
s4289,TV Show,TV-14,Teens,2018,China
s4290,Movie,TV-PG,Teens,2018,United States
s4291,TV Show,TV-PG,Teens,2018,United States
s4292,Movie,R,Adults,2018,United States
s4293,Movie,R,Adults,2018,Canada
s4293,Movie,R,Adults,2018,Germany
s4293,Movie,R,Adults,2018,France
s4293,Movie,R,Adults,2018,United States
s4294,Movie,TV-MA,Adults,2018,United States
s4295,Movie,PG-13,Adults,2018,United Kingdom
s4295,Movie,PG-13,Adults,2018,Japan
s4296,Movie,TV-PG,Teens,2018,United States
s4297,TV Show,TV-MA,Adults,2018,United Kingdom
s4298,Movie,TV-14,Teens,2018,Philippines
s4299,Movie,TV-MA,Adults,2018,United States
s4300,Movie,TV-MA,Adults,2018,United States
s4301,Movie,TV-PG,Teens,2018,United States
s4302,Movie,TV-MA,Adults,2018,United States
s4303,Movie,TV-14,Teens,2018,Spain
s4304,Movie,TV-MA,Adults,2018,India
s4305,TV Show,TV-14,Teens,2018,South Korea
s4307,Movie,R,Adults,2018,Mexico
s4307,Movie,R,Adults,2018,United States
s4308,TV Show,TV-MA,Adults,2018,United States
s4309,TV Show,TV-MA,Adults,2018,United States
s4310,TV Show,TV-MA,Adults,2018,Australia
s4311,TV Show,TV-MA,Adults,2018,Canada
s4311,TV Show,TV-MA,Adults,2018,United States
s4312,TV Show,TV-Y7,Kids,2018,United States
s4313,TV Show,TV-MA,Adults,2018,Japan
s4314,Movie,TV-PG,Teens,2018,United States
s4315,Movie,TV-MA,Adults,2018,United States
s4316,Movie,TV-14,Teens,2018,Italy
s4317,TV Show,TV-MA,Adults,2018,Germany
s4318,Movie,PG-13,Adults,2018,United States
s4320,Movie,PG-13,Adults,2018,United Kingdom
s4320,Movie,PG-13,Adults,2018,United States
s4321,TV Show,TV-MA,Adults,2018,United States
s4322,TV Show,TV-MA,Adults,2018,Australia
s4325,Movie,TV-MA,Adults,2018,United States
s4327,TV Show,TV-14,Teens,2018,South Korea
s4328,TV Show,TV-MA,Adults,2018,South Korea
s4329,Movie,TV-14,Teens,2018,Pakistan
s4330,Movie,TV-14,Teens,2018,China
s4330,Movie,TV-14,Teens,2018,Hong Kong
s4331,Movie,TV-MA,Adults,2018,Hong Kong
s4332,Movie,TV-MA,Adults,2018,Mexico
s4333,Movie,TV-MA,Adults,2018,Norway
s4333,Movie,TV-MA,Adults,2018,Denmark
s4333,Movie,TV-MA,Adults,2018,Netherlands
s4333,Movie,TV-MA,Adults,2018,Sweden
s4334,Movie,TV-MA,Adults,2018,Hong Kong
s4334,Movie,TV-MA,Adults,2018,China
s4335,Movie,TV-14,Teens,2018,Hong Kong
s4336,Movie,TV-14,Teens,2018,India
s4337,Movie,TV-14,Teens,2018,Malaysia
s4338,Movie,TV-PG,Teens,2018,Hong Kong
s4339,Movie,TV-14,Teens,2018,Hong Kong
s4339,Movie,TV-14,Teens,2018,China
s4340,Movie,TV-14,Teens,2018,Australia
s4342,Movie,TV-14,Teens,2018,Hong Kong
s4342,Movie,TV-14,Teens,2018,China
s4342,Movie,TV-14,Teens,2018,United States
s4343,Movie,TV-MA,Adults,2018,China
s4343,Movie,TV-MA,Adults,2018,Hong Kong
s4344,Movie,TV-14,Teens,2018,Hong Kong
s4346,Movie,TV-MA,Adults,2018,Hong Kong
s4347,Movie,TV-MA,Adults,2018,India
s4348,Movie,TV-MA,Adults,2018,United States
s4349,Movie,TV-MA,Adults,2018,Hong Kong
s4350,Movie,TV-MA,Adults,2018,China
s4351,TV Show,TV-MA,Adults,2018,Poland
s4351,TV Show,TV-MA,Adults,2018,United States
s4352,Movie,TV-PG,Teens,2018,United States
s4353,Movie,TV-Y,Kids,2018,Ireland
s4353,Movie,TV-Y,Kids,2018,Canada
s4354,TV Show,TV-PG,Teens,2018,United States
s4355,Movie,TV-MA,Adults,2018,Mexico
s4356,Movie,PG-13,Adults,2018,Italy
s4356,Movie,PG-13,Adults,2018,Switzerland
s4356,Movie,PG-13,Adults,2018,France
s4356,Movie,PG-13,Adults,2018,Germany
s4357,TV Show,TV-MA,Adults,2018,Japan
s4358,Movie,TV-MA,Adults,2018,India
s4359,Movie,TV-MA,Adults,2018,India
s4360,TV Show,TV-Y7,Kids,2018,United States
s4360,TV Show,TV-Y7,Kids,2018,Canada
s4361,Movie,TV-MA,Adults,2018,France
s4362,Movie,TV-MA,Adults,2018,Mexico
s4362,Movie,TV-MA,Adults,2018,Netherlands
s4363,TV Show,TV-MA,Adults,2018,United States
s4364,TV Show,TV-PG,Teens,2018,United States
s4364,TV Show,TV-PG,Teens,2018,Sweden
s4365,Movie,TV-Y,Kids,2018,United States
s4366,TV Show,TV-MA,Adults,2018,Canada
s4367,TV Show,TV-MA,Adults,2018,Spain
s4368,TV Show,TV-MA,Adults,2018,United Kingdom
s4369,TV Show,TV-14,Teens,2018,United States
s4370,Movie,TV-PG,Teens,2018,United States
s4371,Movie,TV-MA,Adults,2018,Spain
s4374,Movie,PG,Teens,2018,United States
s4374,Movie,PG,Teens,2018,Canada
s4375,Movie,TV-MA,Adults,2018,Indonesia
s4376,Movie,TV-14,Teens,2018,Indonesia
s4377,TV Show,TV-PG,Teens,2018,United States
s4378,Movie,TV-MA,Adults,2018,United States
s4379,Movie,G,Kids,2018,United States
s4380,TV Show,TV-14,Teens,2018,China
s4381,TV Show,TV-14,Teens,2018,United States
s4381,TV Show,TV-14,Teens,2018,Mexico
s4382,TV Show,TV-14,Teens,2018,United States
s4383,Movie,TV-MA,Adults,2018,United States
s4384,Movie,TV-MA,Adults,2018,France
s4384,Movie,TV-MA,Adults,2018,Belgium
s4385,TV Show,TV-G,Kids,2018,Canada
s4386,Movie,R,Adults,2018,United States
s4387,Movie,TV-G,Kids,2018,United States
s4388,TV Show,TV-MA,Adults,2018,Brazil
s4389,Movie,TV-PG,Teens,2018,India
s4391,Movie,PG,Teens,2018,Canada
s4392,Movie,TV-14,Teens,2018,India
s4393,Movie,TV-MA,Adults,2018,Indonesia
s4394,Movie,TV-MA,Adults,2018,India
s4395,Movie,TV-14,Teens,2018,India
s4396,Movie,TV-14,Teens,2018,India
s4397,Movie,TV-14,Teens,2018,Spain
s4398,Movie,TV-MA,Adults,2018,Philippines
s4400,TV Show,TV-MA,Adults,2018,Denmark
s4401,TV Show,TV-PG,Teens,2018,Germany
s4401,TV Show,TV-PG,Teens,2018,France
s4401,TV Show,TV-PG,Teens,2018,Russia
s4402,Movie,TV-14,Teens,2018,Hong Kong
s4403,Movie,TV-MA,Adults,2018,Germany
s4404,TV Show,TV-MA,Adults,2018,United States
s4405,Movie,R,Adults,2018,United Kingdom
s4405,Movie,R,Adults,2018,United States
s4406,TV Show,TV-MA,Adults,2018,Brazil
s4407,TV Show,TV-MA,Adults,2018,Colombia
s4408,TV Show,TV-Y,Kids,2018,South Korea
s4408,TV Show,TV-Y,Kids,2018,United States
s4409,TV Show,TV-MA,Adults,2018,United States
s4410,TV Show,TV-MA,Adults,2018,France
s4410,TV Show,TV-MA,Adults,2018,Belgium
s4411,TV Show,TV-MA,Adults,2018,United States
s4412,Movie,TV-14,Teens,2018,India
s4413,Movie,TV-MA,Adults,2018,United States
s4414,TV Show,TV-14,Teens,2018,Malaysia
s4415,Movie,TV-MA,Adults,2018,Brazil
s4417,Movie,TV-14,Teens,2018,United States
s4418,Movie,TV-G,Kids,2018,United States
s4419,Movie,R,Adults,2018,France
s4419,Movie,R,Adults,2018,Iran
s4419,Movie,R,Adults,2018,United States
s4420,Movie,TV-MA,Adults,2018,United States
s4421,Movie,TV-14,Teens,2018,India
s4422,Movie,TV-14,Teens,2018,India
s4423,Movie,TV-14,Teens,2018,India
s4424,Movie,TV-14,Teens,2018,India
s4425,Movie,TV-14,Teens,2018,India
s4426,Movie,TV-14,Teens,2018,India
s4427,Movie,TV-14,Teens,2018,India
s4428,Movie,TV-14,Teens,2018,India
s4429,Movie,TV-PG,Teens,2018,Canada
s4430,Movie,TV-14,Teens,2018,India
s4431,TV Show,TV-Y,Kids,2018,Argentina
s4432,Movie,TV-14,Teens,2018,United Kingdom
s4432,Movie,TV-14,Teens,2018,India
s4433,Movie,TV-14,Teens,2018,India
s4434,Movie,TV-PG,Teens,2018,India
s4435,Movie,TV-MA,Adults,2018,United States
s4436,Movie,TV-MA,Adults,2018,Brazil
s4437,TV Show,TV-MA,Adults,2018,United States
s4438,Movie,TV-14,Teens,2018,India
s4439,Movie,TV-MA,Adults,2018,India
s4440,Movie,TV-14,Teens,2018,India
s4441,Movie,TV-14,Teens,2018,India
s4442,Movie,TV-MA,Adults,2018,India
s4443,Movie,TV-14,Teens,2018,India
s4444,Movie,TV-14,Teens,2018,India
s4445,Movie,TV-PG,Teens,2018,India
s4446,Movie,TV-MA,Adults,2018,India
s4447,Movie,TV-14,Teens,2018,India
s4448,Movie,TV-MA,Adults,2018,United States
s4449,Movie,TV-14,Teens,2018,India
s4450,Movie,TV-14,Teens,2018,India
s4451,Movie,TV-MA,Adults,2018,United States
s4452,Movie,TV-MA,Adults,2018,India
s4453,Movie,TV-14,Teens,2018,India
s4454,Movie,TV-MA,Adults,2018,India
s4455,Movie,TV-14,Teens,2018,India
s4456,Movie,TV-14,Teens,2018,India
s4457,Movie,TV-14,Teens,2018,India
s4458,Movie,TV-14,Teens,2018,India
s4459,Movie,TV-14,Teens,2018,India
s4460,Movie,TV-14,Teens,2018,India
s4461,Movie,TV-MA,Adults,2018,United States
s4463,Movie,TV-MA,Adults,2018,United States
s4464,Movie,TV-MA,Adults,2018,South Africa
s4465,Movie,TV-14,Teens,2018,India
s4466,Movie,TV-PG,Teens,2018,India
s4467,Movie,PG,Teens,2018,India
s4468,Movie,TV-MA,Adults,2018,Spain
s4468,Movie,TV-MA,Adults,2018,France
s4469,Movie,R,Adults,2018,Philippines
s4470,TV Show,TV-MA,Adults,2018,Japan
s4471,Movie,TV-14,Teens,2018,Hong Kong
s4471,Movie,TV-14,Teens,2018,China
s4473,Movie,PG-13,Adults,2018,Russia
s4473,Movie,PG-13,Adults,2018,Poland
s4473,Movie,PG-13,Adults,2018,Serbia
s4474,Movie,TV-MA,Adults,2018,Spain
s4474,Movie,TV-MA,Adults,2018,Portugal
s4475,Movie,TV-14,Teens,2018,Colombia
s4476,Movie,TV-14,Teens,2018,United States
s4476,Movie,TV-14,Teens,2018,United Kingdom
s4477,TV Show,TV-MA,Adults,2018,United States
s4477,TV Show,TV-MA,Adults,2018,Czech Republic
s4478,Movie,TV-MA,Adults,2018,India
s4479,TV Show,TV-PG,Teens,2018,United States
s4480,TV Show,TV-14,Teens,2018,United States
s4481,Movie,TV-MA,Adults,2018,United States
s4483,Movie,TV-MA,Adults,2018,United States
s4484,TV Show,TV-14,Teens,2018,China
s4485,Movie,PG-13,Adults,2018,United States
s4486,TV Show,TV-MA,Adults,2018,United States
s4487,Movie,TV-MA,Adults,2018,Peru
s4488,TV Show,TV-14,Teens,2018,China
s4489,TV Show,TV-PG,Teens,2018,Australia
s4490,TV Show,TV-PG,Teens,2018,United States
s4491,Movie,TV-MA,Adults,2018,Mexico
s4491,Movie,TV-MA,Adults,2018,Argentina
s4493,Movie,PG,Teens,2018,United Kingdom
s4493,Movie,PG,Teens,2018,Canada
s4493,Movie,PG,Teens,2018,United States
s4493,Movie,PG,Teens,2018,Cayman Islands
s4494,Movie,TV-MA,Adults,2018,South Korea
s4495,TV Show,TV-14,Teens,2018,United States
s4496,TV Show,TV-MA,Adults,2018,United States
s4497,Movie,TV-14,Teens,2018,India
s4499,TV Show,TV-MA,Adults,2018,Thailand
s4500,Movie,TV-MA,Adults,2018,Hong Kong
s4500,Movie,TV-MA,Adults,2018,China
s4501,Movie,TV-MA,Adults,2018,Indonesia
s4501,Movie,TV-MA,Adults,2018,United States
s4502,TV Show,TV-MA,Adults,2018,United Kingdom
s4503,Movie,TV-MA,Adults,2018,India
s4504,TV Show,TV-PG,Teens,2018,Canada
s4505,TV Show,TV-MA,Adults,2018,Australia
s4506,Movie,TV-MA,Adults,2018,United States
s4507,Movie,TV-MA,Adults,2018,India
s4508,Movie,TV-MA,Adults,2018,India
s4509,TV Show,TV-MA,Adults,2018,United Kingdom
s4510,Movie,TV-14,Teens,2018,India
s4511,Movie,TV-MA,Adults,2018,United Kingdom
s4511,Movie,TV-MA,Adults,2018,United States
s4513,Movie,TV-MA,Adults,2018,Spain
s4513,Movie,TV-MA,Adults,2018,France
s4514,Movie,TV-MA,Adults,2018,United States
s4516,Movie,TV-14,Teens,2018,Indonesia
s4517,Movie,TV-14,Teens,2018,United States
s4518,TV Show,TV-PG,Teens,2018,United States
s4519,TV Show,TV-MA,Adults,2018,United States
s4520,Movie,R,Adults,2018,United States
s4520,Movie,R,Adults,2018,Israel
s4520,Movie,R,Adults,2018,United Kingdom
s4520,Movie,R,Adults,2018,Canada
s4523,Movie,R,Adults,2018,Norway
s4523,Movie,R,Adults,2018,Iceland
s4523,Movie,R,Adults,2018,United States
s4524,TV Show,TV-MA,Adults,2018,Brazil
s4525,Movie,R,Adults,2018,United States
s4526,Movie,TV-MA,Adults,2018,United States
s4527,Movie,TV-14,Teens,2018,Malaysia
s4528,TV Show,TV-Y,Kids,2018,United States
s4529,Movie,PG-13,Adults,2018,United States
s4531,TV Show,TV-14,Teens,2018,Czech Republic
s4531,TV Show,TV-14,Teens,2018,United States
s4532,TV Show,TV-14,Teens,2018,Japan
s4533,Movie,TV-MA,Adults,2018,United Kingdom
s4534,Movie,R,Adults,2018,United States
s4536,TV Show,TV-MA,Adults,2018,South Korea
s4538,Movie,PG-13,Adults,2018,United Kingdom
s4538,Movie,PG-13,Adults,2018,India
s4538,Movie,PG-13,Adults,2018,United States
s4539,Movie,TV-MA,Adults,2018,United States
s4540,Movie,R,Adults,2018,United States
s4540,Movie,R,Adults,2018,Bulgaria
s4541,Movie,TV-MA,Adults,2018,United States
s4543,TV Show,TV-MA,Adults,2018,United Kingdom
s4545,Movie,TV-MA,Adults,2018,United Kingdom
s4546,Movie,TV-MA,Adults,2018,United Kingdom
s4547,Movie,TV-MA,Adults,2018,United States
s4548,Movie,R,Adults,2018,United Kingdom
s4549,Movie,TV-MA,Adults,2018,United Kingdom
s4550,TV Show,TV-MA,Adults,2018,United Kingdom
s4551,TV Show,TV-MA,Adults,2018,United Kingdom
s4551,TV Show,TV-MA,Adults,2018,West Germany
s4552,TV Show,TV-14,Teens,2018,United Kingdom
s4553,Movie,R,Adults,2018,United Kingdom
s4554,TV Show,TV-MA,Adults,2018,United States
s4554,TV Show,TV-MA,Adults,2018,United Kingdom
s4555,Movie,TV-14,Teens,2018,United Kingdom
s4556,Movie,TV-MA,Adults,2018,United Kingdom
s4557,Movie,TV-14,Teens,2018,India
s4558,Movie,PG,Teens,2018,Canada
s4559,Movie,TV-14,Teens,2018,India
s4560,Movie,TV-14,Teens,2018,India
s4561,Movie,TV-14,Teens,2018,India
s4562,Movie,TV-14,Teens,2018,India
s4563,Movie,TV-MA,Adults,2018,India
s4564,Movie,TV-PG,Teens,2018,India
s4566,Movie,TV-14,Teens,2018,India
s4568,Movie,TV-14,Teens,2018,India
s4569,Movie,TV-14,Teens,2018,India
s4570,Movie,TV-PG,Teens,2018,India
s4571,TV Show,TV-MA,Adults,2018,United States
s4572,Movie,TV-14,Teens,2018,India
s4573,Movie,TV-14,Teens,2018,India
s4574,Movie,TV-14,Teens,2018,India
s4575,Movie,TV-PG,Teens,2018,India
s4576,Movie,TV-14,Teens,2018,India
s4577,Movie,TV-14,Teens,2018,India
s4578,Movie,TV-14,Teens,2018,India
s4579,Movie,TV-14,Teens,2018,India
s4580,Movie,TV-14,Teens,2018,India
s4581,Movie,TV-14,Teens,2018,India
s4582,Movie,TV-14,Teens,2018,India
s4583,Movie,TV-14,Teens,2018,India
s4584,Movie,TV-PG,Teens,2018,India
s4585,Movie,TV-14,Teens,2018,India
s4586,Movie,TV-PG,Teens,2018,India
s4587,Movie,TV-14,Teens,2018,India
s4588,Movie,TV-14,Teens,2018,India
s4589,Movie,TV-14,Teens,2018,India
s4590,Movie,TV-Y,Kids,2018,United States
s4591,Movie,TV-Y,Kids,2018,United States
s4591,Movie,TV-Y,Kids,2018,Canada
s4592,Movie,TV-MA,Adults,2018,United States
s4593,Movie,TV-14,Teens,2018,India
s4594,Movie,TV-14,Teens,2018,India
s4595,Movie,TV-PG,Teens,2018,India
s4596,Movie,TV-14,Teens,2018,India
s4597,Movie,TV-14,Teens,2018,India
s4597,Movie,TV-14,Teens,2018,United States
s4598,Movie,TV-14,Teens,2018,India
s4599,Movie,TV-14,Teens,2018,India
s4600,Movie,TV-PG,Teens,2018,India
s4601,Movie,TV-14,Teens,2018,India
s4602,Movie,TV-14,Teens,2018,India
s4603,Movie,TV-PG,Teens,2018,India
s4604,Movie,TV-14,Teens,2018,India
s4605,TV Show,TV-14,Teens,2018,United States
s4606,Movie,TV-14,Teens,2018,India
s4608,Movie,TV-PG,Teens,2018,India
s4609,TV Show,TV-14,Teens,2018,United Kingdom
s4610,Movie,TV-14,Teens,2018,India
s4611,Movie,TV-MA,Adults,2018,India
s4612,Movie,TV-14,Teens,2018,India
s4613,Movie,TV-14,Teens,2018,India
s4614,Movie,TV-14,Teens,2018,India
s4614,Movie,TV-14,Teens,2018,Australia
s4615,Movie,TV-PG,Teens,2018,India
s4616,Movie,TV-14,Teens,2018,Pakistan
s4617,Movie,PG,Teens,2018,United States
s4617,Movie,PG,Teens,2018,United Kingdom
s4618,Movie,TV-MA,Adults,2018,Brazil
s4619,Movie,TV-MA,Adults,2018,China
s4620,Movie,TV-MA,Adults,2018,United States
s4621,Movie,TV-14,Teens,2018,United States
s4622,TV Show,TV-MA,Adults,2018,United States
s4623,TV Show,TV-Y7,Kids,2018,Canada
s4624,TV Show,TV-Y7,Kids,2018,South Korea
s4624,TV Show,TV-Y7,Kids,2018,United States
s4625,Movie,TV-MA,Adults,2018,Indonesia
s4626,Movie,TV-MA,Adults,2018,Spain
s4627,Movie,TV-MA,Adults,2018,United Kingdom
s4627,Movie,TV-MA,Adults,2018,United States
s4629,TV Show,TV-14,Teens,2018,Japan
s4630,TV Show,TV-MA,Adults,2018,United States
s4631,Movie,TV-MA,Adults,2018,United States
s4632,Movie,TV-MA,Adults,2018,Brazil
s4633,TV Show,TV-14,Teens,2018,United States
s4634,TV Show,TV-PG,Teens,2018,Japan
s4635,TV Show,TV-Y7,Kids,2018,Canada
s4635,TV Show,TV-Y7,Kids,2018,United States
s4636,TV Show,TV-14,Teens,2018,Lebanon
s4637,TV Show,TV-MA,Adults,2018,United States
s4639,TV Show,TV-MA,Adults,2018,Mexico
s4640,TV Show,TV-MA,Adults,2018,United States
s4642,Movie,TV-MA,Adults,2018,Israel
s4642,Movie,TV-MA,Adults,2018,United States
s4643,Movie,TV-MA,Adults,2018,United States
s4644,TV Show,TV-14,Teens,2018,China
s4645,Movie,TV-14,Teens,2018,United States
s4646,TV Show,TV-MA,Adults,2018,South Korea
s4647,Movie,TV-MA,Adults,2018,Italy
s4648,TV Show,TV-MA,Adults,2018,United States
s4650,Movie,TV-MA,Adults,2018,Netherlands
s4652,TV Show,TV-Y7,Kids,2018,United States
s4653,TV Show,TV-Y7,Kids,2018,United States
s4654,Movie,TV-MA,Adults,2018,United States
s4656,TV Show,TV-MA,Adults,2018,United States
s4657,Movie,TV-PG,Teens,2018,China
s4657,Movie,TV-PG,Teens,2018,Canada
s4657,Movie,TV-PG,Teens,2018,United States
s4658,Movie,PG-13,Adults,2018,United States
s4659,TV Show,TV-Y7,Kids,2018,United States
s4660,Movie,TV-MA,Adults,2018,Belgium
s4660,Movie,TV-MA,Adults,2018,United Kingdom
s4660,Movie,TV-MA,Adults,2018,United States
s4661,Movie,TV-14,Teens,2018,India
s4662,Movie,TV-MA,Adults,2018,United Kingdom
s4662,Movie,TV-MA,Adults,2018,United States
s4663,TV Show,TV-MA,Adults,2018,Thailand
s4664,TV Show,TV-14,Teens,2018,United States
s4665,TV Show,TV-MA,Adults,2018,Taiwan
s4666,Movie,TV-MA,Adults,2018,France
s4666,Movie,TV-MA,Adults,2018,Belgium
s4667,Movie,TV-MA,Adults,2018,India
s4668,Movie,TV-14,Teens,2018,India
s4669,Movie,TV-MA,Adults,2018,India
s4670,Movie,TV-PG,Teens,2018,India
s4670,Movie,TV-PG,Teens,2018,Germany
s4670,Movie,TV-PG,Teens,2018,Austria
s4671,TV Show,TV-MA,Adults,2018,Australia
s4672,Movie,TV-MA,Adults,2018,France
s4673,TV Show,TV-MA,Adults,2018,Spain
s4674,TV Show,TV-MA,Adults,2018,United States
s4674,TV Show,TV-MA,Adults,2018,Czech Republic
s4675,TV Show,TV-MA,Adults,2018,United States
s4676,Movie,TV-MA,Adults,2018,Spain
s4677,TV Show,TV-PG,Teens,2018,United States
s4677,TV Show,TV-PG,Teens,2018,Brazil
s4677,TV Show,TV-PG,Teens,2018,South Korea
s4677,TV Show,TV-PG,Teens,2018,Mexico
s4677,TV Show,TV-PG,Teens,2018,Japan
s4677,TV Show,TV-PG,Teens,2018,Germany
s4679,TV Show,TV-MA,Adults,2018,Colombia
s4680,Movie,TV-14,Teens,2018,India
s4681,Movie,TV-14,Teens,2018,India
s4682,Movie,TV-14,Teens,2018,India
s4683,TV Show,TV-MA,Adults,2018,United States
s4684,Movie,TV-MA,Adults,2018,United States
s4686,TV Show,TV-MA,Adults,2018,India
s4687,Movie,TV-MA,Adults,2018,Canada
s4688,TV Show,TV-14,Teens,2018,China
s4689,Movie,TV-MA,Adults,2018,United States
s4690,TV Show,TV-MA,Adults,2018,United Kingdom
s4691,Movie,TV-14,Teens,2018,India
s4692,Movie,TV-14,Teens,2018,India
s4693,Movie,TV-14,Teens,2018,India
s4694,Movie,PG-13,Adults,2018,India
s4695,Movie,TV-14,Teens,2018,India
s4696,Movie,TV-14,Teens,2018,United States
s4697,TV Show,TV-PG,Teens,2018,United States
s4698,Movie,TV-MA,Adults,2018,Spain
s4698,Movie,TV-MA,Adults,2018,Mexico
s4699,Movie,TV-14,Teens,2018,United States
s4700,Movie,TV-MA,Adults,2018,South Korea
s4701,Movie,TV-14,Teens,2018,India
s4702,Movie,TV-MA,Adults,2018,United States
s4702,Movie,TV-MA,Adults,2018,India
s4703,TV Show,TV-14,Teens,2018,Australia
s4704,TV Show,TV-MA,Adults,2018,United States
s4705,TV Show,TV-PG,Teens,2018,United States
s4706,Movie,TV-PG,Teens,2018,United Kingdom
s4706,Movie,TV-PG,Teens,2018,France
s4706,Movie,TV-PG,Teens,2018,United States
s4707,Movie,TV-MA,Adults,2018,United States
s4708,Movie,TV-PG,Teens,2018,United States
s4709,Movie,TV-MA,Adults,2018,Argentina
s4709,Movie,TV-MA,Adults,2018,Spain
s4710,TV Show,TV-14,Teens,2018,United States
s4712,TV Show,TV-14,Teens,2018,Taiwan
s4713,Movie,TV-PG,Teens,2018,India
s4714,Movie,TV-14,Teens,2018,India
s4715,Movie,TV-MA,Adults,2018,India
s4716,Movie,TV-PG,Teens,2018,China
s4716,Movie,TV-PG,Teens,2018,Japan
s4717,TV Show,TV-MA,Adults,2018,Spain
s4719,Movie,TV-MA,Adults,2018,United States
s4720,Movie,TV-MA,Adults,2018,India
s4721,Movie,TV-PG,Teens,2018,India
s4722,Movie,TV-MA,Adults,2018,India
s4723,Movie,TV-14,Teens,2018,India
s4724,Movie,TV-14,Teens,2018,India
s4725,Movie,TV-14,Teens,2018,India
s4726,Movie,TV-MA,Adults,2018,India
s4727,Movie,TV-14,Teens,2018,India
s4728,Movie,TV-14,Teens,2018,India
s4729,Movie,TV-PG,Teens,2018,India
s4730,Movie,TV-14,Teens,2018,India
s4731,Movie,TV-14,Teens,2018,India
s4732,Movie,TV-14,Teens,2018,India
s4733,Movie,TV-14,Teens,2018,India
s4734,Movie,TV-14,Teens,2018,India
s4735,Movie,TV-14,Teens,2018,India
s4736,Movie,TV-14,Teens,2018,India
s4737,Movie,TV-14,Teens,2018,India
s4738,Movie,TV-PG,Teens,2018,India
s4739,TV Show,TV-G,Kids,2018,Mexico
s4740,Movie,TV-MA,Adults,2018,United States
s4741,Movie,TV-MA,Adults,2018,Argentina
s4741,Movie,TV-MA,Adults,2018,France
s4742,TV Show,TV-MA,Adults,2018,Japan
s4743,TV Show,TV-14,Teens,2018,Japan
s4744,TV Show,TV-MA,Adults,2018,France
s4745,TV Show,TV-MA,Adults,2018,Japan
s4746,Movie,TV-PG,Teens,2018,Australia
s4747,Movie,TV-14,Teens,2018,Australia
s4748,TV Show,TV-MA,Adults,2018,Australia
s4749,Movie,TV-MA,Adults,2018,France
s4749,Movie,TV-MA,Adults,2018,Belgium
s4750,Movie,TV-MA,Adults,2018,Mexico
s4751,TV Show,TV-MA,Adults,2018,Mexico
s4751,TV Show,TV-MA,Adults,2018,United States
s4752,Movie,TV-MA,Adults,2018,United States
s4753,TV Show,TV-MA,Adults,2018,Japan
s4754,Movie,TV-14,Teens,2018,Australia
s4754,Movie,TV-14,Teens,2018,United States
s4755,TV Show,TV-MA,Adults,2018,Spain
s4756,Movie,TV-PG,Teens,2018,India
s4757,Movie,TV-MA,Adults,2018,United States
s4758,Movie,TV-MA,Adults,2018,Spain
s4759,TV Show,TV-PG,Teens,2018,United Kingdom
s4760,TV Show,TV-MA,Adults,2018,New Zealand
s4761,Movie,PG,Teens,2018,China
s4761,Movie,PG,Teens,2018,United States
s4761,Movie,PG,Teens,2018,United Kingdom
s4762,Movie,TV-MA,Adults,2018,United States
s4763,TV Show,TV-Y7,Kids,2018,United States
s4764,TV Show,TV-MA,Adults,2018,Japan
s4765,TV Show,TV-Y,Kids,2018,Canada
s4765,TV Show,TV-Y,Kids,2018,United States
s4766,Movie,PG,Teens,2018,Brazil
s4767,Movie,TV-MA,Adults,2018,Spain
s4769,Movie,TV-14,Teens,2018,Spain
s4770,Movie,TV-14,Teens,2018,Japan
s4771,Movie,TV-G,Kids,2018,Australia
s4772,TV Show,TV-MA,Adults,2018,United States
s4773,TV Show,TV-14,Teens,2018,China
s4774,Movie,TV-MA,Adults,2018,United States
s4775,Movie,TV-MA,Adults,2018,United States
s4776,Movie,TV-MA,Adults,2018,Mexico
s4777,TV Show,TV-MA,Adults,2018,Israel
s4778,TV Show,TV-MA,Adults,2018,United Kingdom
s4779,TV Show,TV-MA,Adults,2018,United States
s4780,TV Show,TV-MA,Adults,2018,South Korea
s4781,TV Show,TV-PG,Teens,2018,United States
s4782,Movie,TV-14,Teens,2018,Argentina
s4783,Movie,TV-14,Teens,2018,United States
s4784,Movie,TV-MA,Adults,2018,Spain
s4785,Movie,TV-PG,Teens,2018,France
s4785,Movie,TV-PG,Teens,2018,Luxembourg
s4785,Movie,TV-PG,Teens,2018,United States
s4786,Movie,TV-MA,Adults,2018,United States
s4787,Movie,TV-MA,Adults,2018,United States
s4788,Movie,TV-MA,Adults,2018,United States
s4789,Movie,TV-MA,Adults,2018,United States
s4790,Movie,TV-14,Teens,2018,China
s4790,Movie,TV-14,Teens,2018,United States
s4790,Movie,TV-14,Teens,2018,Australia
s4791,Movie,TV-14,Teens,2018,India
s4792,Movie,TV-MA,Adults,2018,United States
s4793,Movie,TV-14,Teens,2018,India
s4794,Movie,TV-14,Teens,2018,India
s4795,Movie,TV-MA,Adults,2018,United States
s4796,Movie,TV-PG,Teens,2018,India
s4797,Movie,TV-14,Teens,2018,India
s4798,Movie,TV-14,Teens,2018,India
s4799,TV Show,TV-14,Teens,2018,United States
s4800,Movie,TV-14,Teens,2018,Mexico
s4801,Movie,TV-14,Teens,2018,India
s4802,Movie,TV-MA,Adults,2018,United States
s4803,Movie,TV-MA,Adults,2018,India
s4804,Movie,TV-MA,Adults,2018,United States
s4805,TV Show,TV-14,Teens,2018,United States
s4806,Movie,TV-MA,Adults,2018,Spain
s4807,Movie,TV-MA,Adults,2018,United Kingdom
s4808,TV Show,TV-MA,Adults,2018,United Kingdom
s4809,Movie,TV-MA,Adults,2018,Chile
s4810,TV Show,TV-MA,Adults,2018,United Kingdom
s4810,TV Show,TV-MA,Adults,2018,United States
s4811,Movie,TV-14,Teens,2018,Colombia
s4811,Movie,TV-14,Teens,2018,Mexico
s4812,Movie,TV-MA,Adults,2018,United States
s4813,Movie,R,Adults,2018,United States
s4814,TV Show,TV-Y7,Kids,2018,United States
s4814,TV Show,TV-Y7,Kids,2018,Canada
s4815,Movie,TV-MA,Adults,2018,United States
s4816,TV Show,TV-MA,Adults,2018,Brazil
s4817,Movie,TV-MA,Adults,2018,Japan
s4818,Movie,TV-MA,Adults,2018,France
s4819,TV Show,TV-14,Teens,2018,United States
s4820,Movie,PG-13,Adults,2018,United States
s4820,Movie,PG-13,Adults,2018,Canada
s4820,Movie,PG-13,Adults,2018,Ireland
s4821,Movie,TV-MA,Adults,2018,United Kingdom
s4822,TV Show,TV-MA,Adults,2018,United States
s4823,Movie,TV-MA,Adults,2018,China
s4824,Movie,TV-MA,Adults,2018,Australia
s4825,TV Show,TV-MA,Adults,2018,United States
s4826,Movie,TV-MA,Adults,2018,India
s4827,Movie,TV-MA,Adults,2018,Israel
s4828,Movie,TV-G,Kids,2018,Peru
s4829,Movie,TV-MA,Adults,2018,United States
s4830,Movie,PG-13,Adults,2018,Spain
s4831,Movie,TV-MA,Adults,2018,Chile
s4831,Movie,TV-MA,Adults,2018,Peru
s4834,Movie,TV-MA,Adults,2018,United States
s4835,Movie,TV-MA,Adults,2018,Australia
s4836,Movie,TV-MA,Adults,2018,Mexico
s4837,TV Show,TV-MA,Adults,2018,France
s4838,TV Show,TV-14,Teens,2018,United States
s4839,TV Show,TV-Y7,Kids,2018,Japan
s4840,Movie,TV-14,Teens,2018,India
s4841,Movie,TV-MA,Adults,2018,Thailand
s4842,TV Show,TV-MA,Adults,2018,France
s4843,Movie,TV-MA,Adults,2018,United States
s4844,Movie,TV-MA,Adults,2018,Germany
s4845,TV Show,TV-14,Teens,2018,United States
s4846,TV Show,TV-MA,Adults,2018,United States
s4847,TV Show,TV-MA,Adults,2018,United States
s4848,Movie,TV-MA,Adults,2018,Spain
s4849,TV Show,TV-MA,Adults,2018,South Korea
s4850,Movie,TV-MA,Adults,2018,Argentina
s4851,Movie,TV-MA,Adults,2018,United States
s4852,Movie,TV-14,Teens,2018,United States
s4853,TV Show,TV-Y7,Kids,2018,United States
s4853,TV Show,TV-Y7,Kids,2018,Mexico
s4854,TV Show,TV-MA,Adults,2018,Japan
s4855,Movie,TV-14,Teens,2018,United States
s4856,Movie,TV-MA,Adults,2018,South Africa
s4858,TV Show,TV-Y7,Kids,2018,Canada
s4858,TV Show,TV-Y7,Kids,2018,United States
s4858,TV Show,TV-Y7,Kids,2018,France
s4859,Movie,TV-MA,Adults,2018,United States
s4860,Movie,TV-MA,Adults,2018,Argentina
s4860,Movie,TV-MA,Adults,2018,Italy
s4861,Movie,TV-MA,Adults,2018,India
s4862,Movie,PG-13,Adults,2018,Japan
s4863,TV Show,TV-MA,Adults,2018,Japan
s4864,Movie,TV-MA,Adults,2018,United States
s4865,Movie,TV-MA,Adults,2018,United States
s4866,TV Show,TV-14,Teens,2018,United States
s4867,Movie,TV-MA,Adults,2018,Mexico
s4868,TV Show,TV-MA,Adults,2018,United States
s4869,Movie,TV-14,Teens,2018,United Kingdom
s4869,Movie,TV-14,Teens,2018,United States
s4870,TV Show,TV-PG,Teens,2018,United States
s4871,Movie,TV-MA,Adults,2018,United States
s4872,Movie,TV-14,Teens,2018,Germany
s4873,Movie,TV-MA,Adults,2018,United States
s4874,Movie,G,Kids,2018,Canada
s4874,Movie,G,Kids,2018,Japan
s4874,Movie,G,Kids,2018,United States
s4875,TV Show,TV-G,Kids,2018,United States
s4876,Movie,TV-MA,Adults,2018,United Kingdom
s4876,Movie,TV-MA,Adults,2018,Canada
s4876,Movie,TV-MA,Adults,2018,United States
s4876,Movie,TV-MA,Adults,2018,Germany
s4877,Movie,TV-MA,Adults,2018,France
s4878,Movie,TV-PG,Teens,2018,United States
s4879,Movie,TV-MA,Adults,2018,Italy
s4879,Movie,TV-MA,Adults,2018,Switzerland
s4879,Movie,TV-MA,Adults,2018,Albania
s4879,Movie,TV-MA,Adults,2018,Poland
s4880,TV Show,TV-Y7,Kids,2018,United States
s4880,TV Show,TV-Y7,Kids,2018,Japan
s4880,TV Show,TV-Y7,Kids,2018,Canada
s4881,Movie,TV-14,Teens,2018,Mexico
s4882,Movie,TV-MA,Adults,2018,China
s4882,Movie,TV-MA,Adults,2018,Hong Kong
s4883,Movie,TV-MA,Adults,2018,Spain
s4884,Movie,TV-MA,Adults,2018,Colombia
s4885,Movie,TV-MA,Adults,2018,Cambodia
s4886,Movie,TV-MA,Adults,2018,India
s4887,Movie,TV-14,Teens,2018,India
s4888,Movie,TV-PG,Teens,2018,Italy
s4888,Movie,TV-PG,Teens,2018,United States
s4888,Movie,TV-PG,Teens,2018,Argentina
s4889,Movie,TV-MA,Adults,2018,United States
s4890,Movie,TV-MA,Adults,2018,Argentina
s4890,Movie,TV-MA,Adults,2018,Spain
s4891,Movie,TV-MA,Adults,2018,United States
s4892,Movie,PG,Teens,2018,Canada
s4894,Movie,TV-Y,Kids,2018,Spain
s4896,Movie,TV-Y,Kids,2018,United States
s4899,TV Show,TV-Y,Kids,2018,France
s4900,Movie,TV-14,Teens,2018,India
s4902,Movie,R,Adults,2018,United States
s4903,Movie,TV-MA,Adults,2018,Spain
s4904,TV Show,TV-14,Teens,2018,Saudi Arabia
s4904,TV Show,TV-14,Teens,2018,Syria
s4904,TV Show,TV-14,Teens,2018,Egypt
s4904,TV Show,TV-14,Teens,2018,Lebanon
s4904,TV Show,TV-14,Teens,2018,Kuwait
s4905,Movie,TV-14,Teens,2018,India
s4906,Movie,TV-MA,Adults,2018,France
s4908,Movie,TV-14,Teens,2018,United States
s4910,Movie,TV-MA,Adults,2018,Spain
s4912,Movie,TV-MA,Adults,2018,United States
s4913,Movie,TV-14,Teens,2018,United States
s4916,Movie,TV-MA,Adults,2018,Germany
s4917,Movie,TV-PG,Teens,2018,United States
s4918,Movie,TV-Y,Kids,2018,Brazil
s4919,Movie,TV-MA,Adults,2018,South Korea
s4920,Movie,TV-PG,Teens,2018,United States
s4921,Movie,TV-MA,Adults,2018,United States
s4922,Movie,TV-MA,Adults,2018,Canada
s4922,Movie,TV-MA,Adults,2018,United States
s4923,Movie,TV-PG,Teens,2018,United States
s4924,Movie,TV-MA,Adults,2018,Brazil
s4925,TV Show,TV-MA,Adults,2018,Germany
s4926,TV Show,TV-MA,Adults,2018,France
s4927,TV Show,TV-MA,Adults,2018,United States
s4928,Movie,R,Adults,2018,United States
s4928,Movie,R,Adults,2018,Canada
s4928,Movie,R,Adults,2018,Indonesia
s4928,Movie,R,Adults,2018,United Kingdom
s4928,Movie,R,Adults,2018,China
s4928,Movie,R,Adults,2018,Singapore
s4929,Movie,TV-14,Teens,2018,United States
s4930,Movie,TV-MA,Adults,2018,France
s4931,TV Show,TV-Y,Kids,2018,United States
s4932,Movie,TV-MA,Adults,2018,Colombia
s4933,Movie,TV-MA,Adults,2018,United Kingdom
s4934,TV Show,TV-MA,Adults,2018,Philippines
s4935,Movie,TV-MA,Adults,2018,United States
s4936,Movie,TV-MA,Adults,2018,United States
s4937,Movie,TV-14,Teens,2018,Spain
s4937,Movie,TV-14,Teens,2018,Colombia
s4938,Movie,TV-14,Teens,2018,United States
s4939,Movie,TV-MA,Adults,2018,United States
s4940,Movie,TV-MA,Adults,2018,Mexico
s4940,Movie,TV-MA,Adults,2018,United States
s4941,Movie,TV-MA,Adults,2018,Argentina
s4942,TV Show,TV-MA,Adults,2018,United Kingdom
s4942,TV Show,TV-MA,Adults,2018,South Africa
s4942,TV Show,TV-MA,Adults,2018,Australia
s4942,TV Show,TV-MA,Adults,2018,United States
s4943,TV Show,TV-PG,Teens,2018,France
s4944,Movie,R,Adults,2018,Bulgaria
s4945,Movie,TV-MA,Adults,2018,France
s4946,Movie,TV-MA,Adults,2018,India
s4947,TV Show,TV-PG,Teens,2018,United States
s4948,Movie,TV-14,Teens,2018,Argentina
s4948,Movie,TV-14,Teens,2018,Brazil
s4948,Movie,TV-14,Teens,2018,France
s4948,Movie,TV-14,Teens,2018,Poland
s4948,Movie,TV-14,Teens,2018,Germany
s4948,Movie,TV-14,Teens,2018,Denmark
s4949,Movie,TV-PG,Teens,2018,India
s4950,TV Show,TV-MA,Adults,2018,Sweden
s4951,Movie,TV-MA,Adults,2018,United States
s4952,TV Show,TV-MA,Adults,2018,United Kingdom
s4953,Movie,TV-14,Teens,2018,India
s4954,Movie,TV-14,Teens,2018,India
s4955,Movie,TV-14,Teens,2018,India
s4956,Movie,TV-PG,Teens,2018,India
s4957,Movie,TV-14,Teens,2018,India
s4958,TV Show,TV-MA,Adults,2018,United Kingdom
s4959,Movie,R,Adults,2018,United Kingdom
s4960,Movie,TV-MA,Adults,2018,United States
s4961,Movie,TV-MA,Adults,2018,United States
s4962,TV Show,TV-MA,Adults,2018,United States
s4963,Movie,TV-MA,Adults,2018,Mexico
s4964,Movie,TV-MA,Adults,2018,United Kingdom
s4964,Movie,TV-MA,Adults,2018,Spain
s4964,Movie,TV-MA,Adults,2018,United States
s4964,Movie,TV-MA,Adults,2018,Germany
s4965,TV Show,TV-MA,Adults,2018,Canada
s4966,Movie,R,Adults,2018,Canada
s4967,Movie,R,Adults,2018,Canada
s4968,TV Show,TV-14,Teens,2018,United Kingdom
s4969,TV Show,TV-14,Teens,2018,United Kingdom
s4970,Movie,TV-MA,Adults,2018,Philippines
s4970,Movie,TV-MA,Adults,2018,Qatar
s4971,Movie,TV-MA,Adults,2018,United States
s4972,Movie,TV-MA,Adults,2018,Netherlands
s4972,Movie,TV-MA,Adults,2018,Belgium
s4972,Movie,TV-MA,Adults,2018,Germany
s4972,Movie,TV-MA,Adults,2018,Jordan
s4973,Movie,TV-MA,Adults,2018,United States
s4974,TV Show,TV-MA,Adults,2018,United Kingdom
s4975,Movie,TV-MA,Adults,2018,United States
s4976,Movie,TV-14,Teens,2018,India
s4977,TV Show,TV-MA,Adults,2018,United States
s4978,Movie,TV-PG,Teens,2018,United Arab Emirates
s4978,Movie,TV-PG,Teens,2018,United States
s4979,TV Show,TV-MA,Adults,2018,Argentina
s4980,Movie,TV-14,Teens,2018,United States
s4981,TV Show,TV-MA,Adults,2018,United States
s4983,Movie,PG-13,Adults,2018,Japan
s4984,Movie,TV-MA,Adults,2018,Sweden
s4985,TV Show,TV-14,Teens,2018,Egypt
s4986,TV Show,TV-MA,Adults,2018,Belgium
s4987,Movie,TV-MA,Adults,2018,Poland
s4988,Movie,TV-MA,Adults,2018,South Korea
s4989,TV Show,TV-14,Teens,2018,Japan
s4990,Movie,TV-MA,Adults,2018,United Kingdom
s4991,Movie,TV-Y7,Kids,2018,United States
s4992,TV Show,TV-14,Teens,2018,Japan
s4993,TV Show,TV-MA,Adults,2018,United Kingdom
s4993,TV Show,TV-MA,Adults,2018,United States
s4994,Movie,TV-MA,Adults,2018,United States
s4995,TV Show,TV-MA,Adults,2018,South Korea
s4996,Movie,TV-G,Kids,2018,India
s4997,Movie,R,Adults,2018,Bulgaria
s4997,Movie,R,Adults,2018,United States
s4998,TV Show,TV-MA,Adults,2018,Norway
s4998,TV Show,TV-MA,Adults,2018,Germany
s4998,TV Show,TV-MA,Adults,2018,Sweden
s4999,Movie,TV-14,Teens,2018,United States
s5001,TV Show,TV-MA,Adults,2018,United States
s5002,Movie,TV-MA,Adults,2018,Argentina
s5003,Movie,TV-MA,Adults,2018,Chile
s5004,Movie,TV-MA,Adults,2018,Canada
s5005,TV Show,TV-MA,Adults,2018,Canada
s5006,Movie,TV-MA,Adults,2018,United States
s5007,Movie,TV-MA,Adults,2018,United States
s5008,Movie,TV-14,Teens,2018,India
s5009,Movie,TV-PG,Teens,2018,India
s5010,Movie,TV-14,Teens,2018,India
s5011,Movie,R,Adults,2018,United States
s5012,Movie,TV-14,Teens,2018,Germany
s5013,Movie,TV-PG,Teens,2018,India
s5014,Movie,TV-MA,Adults,2018,Spain
s5015,Movie,TV-PG,Teens,2018,India
s5016,Movie,TV-MA,Adults,2018,Canada
s5017,Movie,TV-MA,Adults,2018,Canada
s5018,Movie,TV-MA,Adults,2018,Canada
s5019,Movie,TV-MA,Adults,2018,Canada
s5020,Movie,TV-MA,Adults,2018,Canada
s5021,Movie,TV-14,Teens,2018,India
s5022,Movie,TV-14,Teens,2018,India
s5023,Movie,TV-MA,Adults,2018,South Korea
s5024,Movie,TV-MA,Adults,2018,United Kingdom
s5025,Movie,TV-MA,Adults,2018,United States
s5026,Movie,TV-MA,Adults,2018,Spain
s5027,TV Show,TV-14,Teens,2018,South Korea
s5027,TV Show,TV-14,Teens,2018,China
s5028,TV Show,TV-MA,Adults,2018,France
s5029,Movie,TV-MA,Adults,2018,United Kingdom
s5029,Movie,TV-MA,Adults,2018,Germany
s5030,TV Show,TV-MA,Adults,2018,United States
s5031,TV Show,TV-14,Teens,2018,United Kingdom
s5032,Movie,TV-MA,Adults,2018,South Korea
s5033,TV Show,TV-MA,Adults,2018,United Kingdom
s5034,Movie,TV-PG,Teens,2018,Japan
s5035,Movie,TV-MA,Adults,2018,Argentina
s5036,TV Show,TV-Y7,Kids,2018,United States
s5037,TV Show,TV-14,Teens,2018,United States
s5038,Movie,TV-MA,Adults,2018,United States
s5039,TV Show,TV-MA,Adults,2018,Japan
s5040,Movie,TV-MA,Adults,2018,United States
s5041,Movie,TV-14,Teens,2018,India
s5042,Movie,TV-14,Teens,2018,United States
s5043,Movie,TV-MA,Adults,2018,United Kingdom
s5043,Movie,TV-MA,Adults,2018,Canada
s5044,Movie,TV-PG,Teens,2018,Georgia
s5045,Movie,TV-14,Teens,2018,United States
s5047,TV Show,TV-14,Teens,2018,United States
s5048,Movie,PG-13,Adults,2018,United States
s5049,TV Show,TV-MA,Adults,2018,United States
s5051,Movie,TV-MA,Adults,2018,Hungary
s5052,Movie,TV-14,Teens,2018,South Korea
s5053,Movie,TV-MA,Adults,2018,United States
s5053,Movie,TV-MA,Adults,2018,Mexico
s5054,Movie,TV-MA,Adults,2018,United States
s5055,TV Show,TV-MA,Adults,2018,United States
s5056,Movie,TV-PG,Teens,2018,Germany
s5057,Movie,TV-14,Teens,2018,United States
s5058,TV Show,TV-MA,Adults,2018,United Kingdom
s5059,Movie,TV-MA,Adults,2018,Spain
s5060,Movie,TV-MA,Adults,2018,United States
s5061,Movie,TV-MA,Adults,2018,Singapore
s5062,Movie,TV-MA,Adults,2018,Mexico
s5063,Movie,TV-MA,Adults,2018,Argentina
s5064,TV Show,TV-Y7,Kids,2018,United States
s5065,Movie,R,Adults,2018,Bulgaria
s5065,Movie,R,Adults,2018,United States
s5066,TV Show,TV-MA,Adults,2018,South Korea
s5067,Movie,TV-MA,Adults,2018,Colombia
s5068,Movie,TV-MA,Adults,2018,United States
s5070,TV Show,TV-MA,Adults,2018,United States
s5070,TV Show,TV-MA,Adults,2018,New Zealand
s5071,TV Show,TV-PG,Teens,2018,Japan
s5072,Movie,TV-14,Teens,2018,United States
s5073,Movie,PG-13,Adults,2018,United States
s5074,Movie,TV-MA,Adults,2018,Canada
s5074,Movie,TV-MA,Adults,2018,United States
s5075,Movie,TV-MA,Adults,2018,United Kingdom
s5076,TV Show,TV-MA,Adults,2018,Spain
s5077,Movie,TV-MA,Adults,2018,Colombia
s5078,TV Show,TV-14,Teens,2018,Japan
s5079,Movie,TV-MA,Adults,2018,United States
s5080,Movie,TV-14,Teens,2018,Soviet Union
s5080,Movie,TV-14,Teens,2018,India
s5081,Movie,TV-14,Teens,2018,India
s5082,Movie,TV-PG,Teens,2018,Australia
s5082,Movie,TV-PG,Teens,2018,United Arab Emirates
s5083,TV Show,TV-MA,Adults,2018,United States
s5084,Movie,TV-14,Teens,2018,Czech Republic
s5084,Movie,TV-14,Teens,2018,United States
s5085,Movie,TV-14,Teens,2018,United States
s5086,Movie,TV-MA,Adults,2018,South Korea
s5087,Movie,TV-MA,Adults,2018,United States
s5088,Movie,TV-MA,Adults,2018,Colombia
s5089,Movie,TV-MA,Adults,2018,India
s5091,TV Show,TV-MA,Adults,2018,United Kingdom
s5091,TV Show,TV-MA,Adults,2018,United States
s5092,Movie,PG-13,Adults,2018,United States
s5093,TV Show,TV-MA,Adults,2018,Japan
s5094,Movie,TV-14,Teens,2018,United States
s5095,Movie,TV-MA,Adults,2018,Spain
s5096,TV Show,TV-14,Teens,2018,Japan
s5097,TV Show,TV-14,Teens,2018,Japan
s5098,TV Show,TV-MA,Adults,2018,United Kingdom
s5099,TV Show,TV-Y7,Kids,2018,Japan
s5100,TV Show,TV-MA,Adults,2018,France
s5101,TV Show,TV-MA,Adults,2017,United States
s5102,Movie,R,Adults,2017,United States
s5103,Movie,R,Adults,2017,Canada
s5104,TV Show,TV-MA,Adults,2017,France
s5105,Movie,TV-14,Teens,2017,France
s5107,Movie,TV-14,Teens,2017,Germany
s5108,Movie,TV-MA,Adults,2017,United States
s5109,Movie,TV-MA,Adults,2017,United States
s5111,Movie,TV-MA,Adults,2017,United States
s5112,TV Show,TV-PG,Teens,2017,United Kingdom
s5113,TV Show,TV-14,Teens,2017,Australia
s5113,TV Show,TV-14,Teens,2017,United States
s5114,Movie,TV-MA,Adults,2017,United States
s5115,Movie,TV-MA,Adults,2017,Argentina
s5116,Movie,TV-G,Kids,2017,Canada
s5117,Movie,R,Adults,2017,Mexico
s5117,Movie,R,Adults,2017,United States
s5118,Movie,TV-MA,Adults,2017,United Kingdom
s5119,TV Show,TV-14,Teens,2017,Canada
s5119,TV Show,TV-14,Teens,2017,Germany
s5119,TV Show,TV-14,Teens,2017,South Africa
s5120,TV Show,TV-MA,Adults,2017,South Korea
s5122,Movie,TV-G,Kids,2017,United States
s5123,Movie,TV-MA,Adults,2017,India
s5124,Movie,PG-13,Adults,2017,United States
s5125,Movie,TV-MA,Adults,2017,South Korea
s5125,Movie,TV-MA,Adults,2017,China
s5125,Movie,TV-MA,Adults,2017,United States
s5126,TV Show,TV-14,Teens,2017,United States
s5127,TV Show,TV-14,Teens,2017,United States
s5128,Movie,TV-MA,Adults,2017,United States
s5130,Movie,TV-MA,Adults,2017,United States
s5131,Movie,TV-14,Teens,2017,India
s5132,Movie,TV-14,Teens,2017,India
s5132,Movie,TV-14,Teens,2017,Soviet Union
s5133,Movie,TV-14,Teens,2017,Australia
s5133,Movie,TV-14,Teens,2017,United States
s5134,Movie,TV-Y7,Kids,2017,United States
s5135,Movie,TV-MA,Adults,2017,United States
s5136,Movie,TV-MA,Adults,2017,India
s5137,Movie,TV-MA,Adults,2017,Japan
s5137,Movie,TV-MA,Adults,2017,United States
s5138,Movie,TV-Y,Kids,2017,United States
s5139,TV Show,TV-Y7,Kids,2017,United States
s5140,TV Show,TV-14,Teens,2017,Malaysia
s5141,Movie,TV-Y,Kids,2017,United States
s5142,TV Show,TV-PG,Teens,2017,Japan
s5143,Movie,TV-Y7,Kids,2017,India
s5143,Movie,TV-Y7,Kids,2017,Mexico
s5144,Movie,TV-14,Teens,2017,Georgia
s5144,Movie,TV-14,Teens,2017,Germany
s5144,Movie,TV-14,Teens,2017,France
s5145,TV Show,TV-Y7,Kids,2017,France
s5147,Movie,TV-MA,Adults,2017,United Arab Emirates
s5147,Movie,TV-MA,Adults,2017,Romania
s5148,TV Show,TV-14,Teens,2017,United States
s5149,Movie,TV-MA,Adults,2017,United States
s5150,TV Show,TV-MA,Adults,2017,United Kingdom
s5151,TV Show,TV-MA,Adults,2017,United Kingdom
s5152,Movie,PG-13,Adults,2017,India
s5153,Movie,TV-14,Teens,2017,United States
s5154,Movie,TV-MA,Adults,2017,Spain
s5155,TV Show,TV-14,Teens,2017,Japan
s5158,TV Show,TV-MA,Adults,2017,South Korea
s5159,Movie,TV-14,Teens,2017,United States
s5160,TV Show,TV-MA,Adults,2017,United States
s5161,Movie,TV-Y,Kids,2017,Australia
s5161,Movie,TV-Y,Kids,2017,Canada
s5162,Movie,TV-PG,Teens,2017,United States
s5163,Movie,TV-PG,Teens,2017,United States
s5164,Movie,TV-PG,Teens,2017,United States
s5165,Movie,TV-MA,Adults,2017,Canada
s5165,Movie,TV-MA,Adults,2017,United States
s5166,TV Show,TV-MA,Adults,2017,United States
s5167,TV Show,TV-Y,Kids,2017,United States
s5168,Movie,R,Adults,2017,United States
s5169,TV Show,TV-MA,Adults,2017,United States
s5170,TV Show,TV-14,Teens,2017,Japan
s5171,TV Show,TV-MA,Adults,2017,Russia
s5172,Movie,TV-MA,Adults,2017,United States
s5173,Movie,TV-MA,Adults,2017,Canada
s5174,TV Show,TV-MA,Adults,2017,Japan
s5175,TV Show,TV-Y7,Kids,2017,Japan
s5176,TV Show,TV-MA,Adults,2017,United States
s5177,Movie,TV-MA,Adults,2017,Mexico
s5178,Movie,TV-MA,Adults,2017,Brazil
s5179,TV Show,TV-MA,Adults,2017,Japan
s5180,Movie,R,Adults,2017,United States
s5181,TV Show,TV-G,Kids,2017,United States
s5182,Movie,R,Adults,2017,United States
s5183,Movie,TV-MA,Adults,2017,United States
s5184,Movie,PG-13,Adults,2017,India
s5186,TV Show,TV-MA,Adults,2017,Canada
s5187,Movie,TV-PG,Teens,2017,India
s5188,Movie,TV-MA,Adults,2017,Spain
s5189,Movie,TV-PG,Teens,2017,United Arab Emirates
s5190,Movie,TV-G,Kids,2017,Germany
s5191,Movie,TV-MA,Adults,2017,China
s5196,TV Show,TV-14,Teens,2017,Singapore
s5197,Movie,TV-MA,Adults,2017,United States
s5198,Movie,R,Adults,2017,United States
s5199,Movie,PG-13,Adults,2017,United States
s5200,Movie,PG,Teens,2017,Canada
s5201,TV Show,TV-14,Teens,2017,United States
s5202,Movie,TV-14,Teens,2017,United States
s5203,Movie,R,Adults,2017,United States
s5204,Movie,R,Adults,2017,United States
s5205,Movie,TV-MA,Adults,2017,United Kingdom
s5206,TV Show,TV-MA,Adults,2017,Canada
s5206,TV Show,TV-MA,Adults,2017,United States
s5207,TV Show,TV-MA,Adults,2017,United Kingdom
s5208,Movie,TV-MA,Adults,2017,United States
s5209,TV Show,TV-PG,Teens,2017,United States
s5210,Movie,TV-14,Teens,2017,United States
s5211,TV Show,TV-MA,Adults,2017,United States
s5212,Movie,TV-MA,Adults,2017,United States
s5213,Movie,TV-MA,Adults,2017,France
s5214,Movie,TV-MA,Adults,2017,United States
s5215,Movie,TV-14,Teens,2017,India
s5218,Movie,TV-14,Teens,2017,India
s5219,Movie,TV-MA,Adults,2017,New Zealand
s5220,TV Show,TV-Y,Kids,2017,France
s5221,Movie,TV-PG,Teens,2017,India
s5221,Movie,TV-PG,Teens,2017,Malaysia
s5222,TV Show,TV-G,Kids,2017,United States
s5223,Movie,TV-14,Teens,2017,Germany
s5223,Movie,TV-14,Teens,2017,Jordan
s5223,Movie,TV-14,Teens,2017,Netherlands
s5224,Movie,TV-MA,Adults,2017,Turkey
s5224,Movie,TV-MA,Adults,2017,France
s5224,Movie,TV-MA,Adults,2017,Germany
s5224,Movie,TV-MA,Adults,2017,Poland
s5225,Movie,TV-MA,Adults,2017,Mexico
s5226,Movie,TV-MA,Adults,2017,United Kingdom
s5227,Movie,TV-MA,Adults,2017,United States
s5228,Movie,TV-MA,Adults,2017,United States
s5229,Movie,TV-MA,Adults,2017,Saudi Arabia
s5230,Movie,TV-MA,Adults,2017,Spain
s5231,Movie,TV-MA,Adults,2017,United States
s5232,TV Show,TV-PG,Teens,2017,Japan
s5233,TV Show,TV-Y7,Kids,2017,China
s5234,Movie,TV-MA,Adults,2017,Greece
s5234,Movie,TV-MA,Adults,2017,United States
s5235,Movie,TV-MA,Adults,2017,United States
s5236,Movie,TV-MA,Adults,2017,South Korea
s5237,TV Show,TV-Y7,Kids,2017,Japan
s5238,TV Show,TV-Y7,Kids,2017,United States
s5238,TV Show,TV-Y7,Kids,2017,Canada
s5239,Movie,TV-MA,Adults,2017,Spain
s5240,Movie,TV-MA,Adults,2017,United States
s5240,Movie,TV-MA,Adults,2017,Italy
s5241,Movie,PG-13,Adults,2017,United States
s5242,Movie,TV-Y7,Kids,2017,Canada
s5244,TV Show,TV-Y,Kids,2017,France
s5244,TV Show,TV-Y,Kids,2017,United Kingdom
s5244,TV Show,TV-Y,Kids,2017,United States
s5245,TV Show,TV-14,Teens,2017,United States
s5246,TV Show,TV-PG,Teens,2017,United States
s5247,TV Show,TV-14,Teens,2017,Singapore
s5248,TV Show,TV-14,Teens,2017,Singapore
s5249,Movie,TV-14,Teens,2017,Norway
s5249,Movie,TV-14,Teens,2017,Germany
s5250,Movie,TV-MA,Adults,2017,Mexico
s5251,TV Show,TV-14,Teens,2017,Taiwan
s5252,TV Show,TV-MA,Adults,2017,United Kingdom
s5253,Movie,TV-MA,Adults,2017,United States
s5254,Movie,TV-14,Teens,2017,United States
s5256,Movie,TV-14,Teens,2017,United States
s5258,TV Show,TV-14,Teens,2017,United Kingdom
s5259,TV Show,TV-MA,Adults,2017,United States
s5261,Movie,TV-MA,Adults,2017,France
s5261,Movie,TV-MA,Adults,2017,Morocco
s5262,Movie,TV-MA,Adults,2017,United States
s5263,TV Show,TV-14,Teens,2017,United States
s5263,TV Show,TV-14,Teens,2017,Japan
s5264,TV Show,TV-14,Teens,2017,Canada
s5265,Movie,NC-17,Adults,2017,Canada
s5266,Movie,TV-MA,Adults,2017,Spain
s5266,Movie,TV-MA,Adults,2017,Argentina
s5267,Movie,TV-MA,Adults,2017,United States
s5268,Movie,R,Adults,2017,United States
s5269,Movie,TV-14,Teens,2017,United States
s5270,Movie,TV-Y,Kids,2017,United States
s5270,Movie,TV-Y,Kids,2017,Canada
s5271,Movie,TV-MA,Adults,2017,Cambodia
s5271,Movie,TV-MA,Adults,2017,United States
s5272,Movie,TV-MA,Adults,2017,United States
s5272,Movie,TV-MA,Adults,2017,Denmark
s5273,TV Show,TV-Y,Kids,2017,United States
s5274,Movie,G,Kids,2017,United States
s5275,TV Show,TV-MA,Adults,2017,Australia
s5276,Movie,TV-14,Teens,2017,United States
s5277,Movie,TV-MA,Adults,2017,United States
s5278,Movie,TV-14,Teens,2017,United States
s5279,TV Show,TV-MA,Adults,2017,Spain
s5280,Movie,TV-MA,Adults,2017,Chile
s5281,TV Show,TV-MA,Adults,2017,United States
s5283,Movie,TV-MA,Adults,2017,United States
s5284,Movie,TV-MA,Adults,2017,United States
s5285,TV Show,TV-PG,Teens,2017,United States
s5286,TV Show,TV-14,Teens,2017,United States
s5287,TV Show,TV-14,Teens,2017,United States
s5288,TV Show,TV-14,Teens,2017,United States
s5289,TV Show,TV-MA,Adults,2017,Taiwan
s5290,TV Show,TV-PG,Teens,2017,Taiwan
s5291,Movie,TV-14,Teens,2017,India
s5293,Movie,TV-MA,Adults,2017,Japan
s5294,Movie,TV-MA,Adults,2017,Japan
s5295,Movie,TV-MA,Adults,2017,United States
s5296,Movie,TV-PG,Teens,2017,India
s5297,Movie,TV-14,Teens,2017,India
s5298,TV Show,TV-PG,Teens,2017,Japan
s5299,TV Show,TV-14,Teens,2017,Japan
s5300,TV Show,TV-PG,Teens,2017,United States
s5301,Movie,TV-14,Teens,2017,India
s5302,TV Show,TV-Y7,Kids,2017,United States
s5303,Movie,TV-MA,Adults,2017,United States
s5304,Movie,TV-14,Teens,2017,India
s5305,Movie,TV-14,Teens,2017,India
s5306,TV Show,TV-MA,Adults,2017,United States
s5306,TV Show,TV-MA,Adults,2017,Colombia
s5306,TV Show,TV-MA,Adults,2017,Mexico
s5307,Movie,TV-MA,Adults,2017,Germany
s5308,Movie,TV-MA,Adults,2017,United States
s5309,Movie,TV-MA,Adults,2017,France
s5310,Movie,TV-14,Teens,2017,India
s5310,Movie,TV-14,Teens,2017,Soviet Union
s5311,Movie,TV-MA,Adults,2017,Argentina
s5311,Movie,TV-MA,Adults,2017,Spain
s5312,Movie,TV-G,Kids,2017,China
s5313,Movie,TV-14,Teens,2017,United Kingdom
s5313,Movie,TV-14,Teens,2017,Italy
s5313,Movie,TV-14,Teens,2017,Israel
s5313,Movie,TV-14,Teens,2017,Peru
s5313,Movie,TV-14,Teens,2017,United States
s5314,Movie,TV-MA,Adults,2017,Argentina
s5314,Movie,TV-MA,Adults,2017,Uruguay
s5314,Movie,TV-MA,Adults,2017,Spain
s5314,Movie,TV-MA,Adults,2017,France
s5315,Movie,TV-MA,Adults,2017,Argentina
s5316,Movie,TV-14,Teens,2017,United States
s5317,Movie,TV-MA,Adults,2017,United States
s5318,Movie,R,Adults,2017,Australia
s5319,Movie,TV-MA,Adults,2017,United States
s5320,Movie,TV-MA,Adults,2017,United States
s5321,TV Show,TV-Y7,Kids,2017,United States
s5322,TV Show,TV-MA,Adults,2017,United States
s5323,Movie,PG-13,Adults,2017,United States
s5324,Movie,TV-MA,Adults,2017,United Kingdom
s5324,Movie,TV-MA,Adults,2017,France
s5324,Movie,TV-MA,Adults,2017,United States
s5324,Movie,TV-MA,Adults,2017,Belgium
s5325,TV Show,TV-MA,Adults,2017,Turkey
s5326,Movie,TV-MA,Adults,2017,United States
s5327,Movie,TV-MA,Adults,2017,United States
s5328,TV Show,TV-MA,Adults,2017,Japan
s5329,Movie,TV-14,Teens,2017,United States
s5330,Movie,TV-MA,Adults,2017,United States
s5331,Movie,TV-MA,Adults,2017,Mexico
s5332,Movie,TV-14,Teens,2017,United States
s5333,Movie,R,Adults,2017,United States
s5334,Movie,TV-14,Teens,2017,United States
s5335,Movie,TV-MA,Adults,2017,India
s5338,Movie,TV-14,Teens,2017,India
s5341,Movie,TV-Y7,Kids,2017,United States
s5342,Movie,PG-13,Adults,2017,France
s5342,Movie,PG-13,Adults,2017,Canada
s5342,Movie,PG-13,Adults,2017,China
s5342,Movie,PG-13,Adults,2017,Cambodia
s5343,Movie,TV-MA,Adults,2017,Mexico
s5344,Movie,TV-MA,Adults,2017,United States
s5345,Movie,R,Adults,2017,United Kingdom
s5345,Movie,R,Adults,2017,France
s5345,Movie,R,Adults,2017,Belgium
s5345,Movie,R,Adults,2017,United States
s5346,TV Show,TV-MA,Adults,2017,United States
s5347,Movie,TV-MA,Adults,2017,Spain
s5347,Movie,TV-MA,Adults,2017,Germany
s5348,TV Show,TV-14,Teens,2017,Singapore
s5349,TV Show,TV-14,Teens,2017,Taiwan
s5350,TV Show,TV-14,Teens,2017,South Korea
s5351,TV Show,TV-14,Teens,2017,Russia
s5352,Movie,TV-MA,Adults,2017,Ireland
s5354,Movie,TV-Y,Kids,2017,United States
s5355,TV Show,TV-PG,Teens,2017,Taiwan
s5356,TV Show,TV-MA,Adults,2017,Russia
s5359,Movie,TV-MA,Adults,2017,United States
s5360,Movie,TV-Y,Kids,2017,Australia
s5362,Movie,TV-MA,Adults,2017,Chile
s5362,Movie,TV-MA,Adults,2017,France
s5363,TV Show,TV-14,Teens,2017,Singapore
s5364,TV Show,TV-MA,Adults,2017,United Kingdom
s5365,Movie,TV-MA,Adults,2017,France
s5366,TV Show,TV-MA,Adults,2017,United Kingdom
s5367,TV Show,TV-MA,Adults,2017,United Kingdom
s5368,TV Show,TV-14,Teens,2017,United States
s5369,Movie,TV-MA,Adults,2017,United States
s5370,Movie,TV-MA,Adults,2017,United States
s5371,Movie,TV-14,Teens,2017,Sweden
s5371,Movie,TV-14,Teens,2017,United States
s5372,Movie,TV-MA,Adults,2017,India
s5373,TV Show,TV-MA,Adults,2017,United States
s5374,Movie,TV-MA,Adults,2017,Spain
s5375,Movie,TV-MA,Adults,2017,Spain
s5376,Movie,TV-Y7,Kids,2017,United States
s5377,Movie,TV-PG,Teens,2017,United States
s5378,Movie,TV-MA,Adults,2017,United States
s5379,Movie,TV-MA,Adults,2017,United States
s5380,Movie,TV-MA,Adults,2017,United States
s5381,TV Show,TV-Y7,Kids,2017,United States
s5382,TV Show,TV-14,Teens,2017,Canada
s5383,TV Show,TV-PG,Teens,2017,China
s5384,TV Show,TV-14,Teens,2017,China
s5385,TV Show,TV-14,Teens,2017,China
s5386,Movie,TV-MA,Adults,2017,United States
s5387,TV Show,TV-14,Teens,2017,China
s5388,Movie,TV-14,Teens,2017,France
s5389,TV Show,TV-MA,Adults,2017,Turkey
s5390,Movie,PG,Teens,2017,Australia
s5391,TV Show,TV-14,Teens,2017,Singapore
s5392,Movie,TV-PG,Teens,2017,India
s5393,TV Show,TV-Y,Kids,2017,United States
s5393,TV Show,TV-Y,Kids,2017,Canada
s5395,Movie,TV-MA,Adults,2017,Netherlands
s5396,TV Show,TV-MA,Adults,2017,Turkey
s5397,Movie,TV-14,Teens,2017,India
s5398,TV Show,TV-Y,Kids,2017,United Kingdom
s5399,Movie,TV-MA,Adults,2017,India
s5400,TV Show,TV-14,Teens,2017,Singapore
s5401,Movie,TV-PG,Teens,2017,India
s5403,Movie,TV-14,Teens,2017,Spain
s5404,TV Show,TV-14,Teens,2017,Singapore
s5405,TV Show,TV-MA,Adults,2017,Singapore
s5406,TV Show,TV-14,Teens,2017,Singapore
s5407,TV Show,TV-14,Teens,2017,Singapore
s5408,TV Show,TV-14,Teens,2017,Singapore
s5409,Movie,TV-14,Teens,2017,India
s5410,TV Show,TV-14,Teens,2017,Singapore
s5411,TV Show,TV-14,Teens,2017,Singapore
s5412,Movie,TV-PG,Teens,2017,Spain
s5413,TV Show,TV-14,Teens,2017,United States
s5413,TV Show,TV-14,Teens,2017,Canada
s5414,TV Show,TV-MA,Adults,2017,United States
s5414,TV Show,TV-MA,Adults,2017,United Kingdom
s5415,TV Show,TV-Y7,Kids,2017,Japan
s5416,Movie,TV-MA,Adults,2017,South Korea
s5416,Movie,TV-MA,Adults,2017,United States
s5417,Movie,TV-MA,Adults,2017,United States
s5418,Movie,TV-MA,Adults,2017,United States
s5419,Movie,TV-14,Teens,2017,Netherlands
s5419,Movie,TV-14,Teens,2017,United States
s5420,Movie,TV-MA,Adults,2017,United States
s5421,Movie,TV-PG,Teens,2017,India
s5422,TV Show,TV-14,Teens,2017,United States
s5423,TV Show,TV-Y7,Kids,2017,United States
s5423,TV Show,TV-Y7,Kids,2017,Japan
s5423,TV Show,TV-Y7,Kids,2017,Canada
s5424,Movie,TV-Y7,Kids,2017,United States
s5425,Movie,TV-MA,Adults,2017,United States
s5426,TV Show,TV-MA,Adults,2017,United States
s5427,Movie,TV-MA,Adults,2017,United States
s5428,Movie,TV-PG,Teens,2017,United States
s5429,TV Show,TV-Y7,Kids,2017,Italy
s5429,TV Show,TV-Y7,Kids,2017,United States
s5430,Movie,TV-PG,Teens,2017,India
s5431,Movie,TV-MA,Adults,2017,Brazil
s5432,Movie,TV-PG,Teens,2017,United Kingdom
s5433,Movie,TV-MA,Adults,2017,United States
s5434,TV Show,TV-PG,Teens,2017,South Korea
s5435,TV Show,TV-PG,Teens,2017,South Korea
s5436,TV Show,TV-14,Teens,2017,South Korea
s5437,TV Show,TV-PG,Teens,2017,South Korea
s5438,TV Show,TV-14,Teens,2017,China
s5439,TV Show,TV-14,Teens,2017,South Korea
s5440,TV Show,TV-MA,Adults,2017,South Korea
s5441,Movie,TV-MA,Adults,2017,Canada
s5441,Movie,TV-MA,Adults,2017,United States
s5442,Movie,TV-14,Teens,2017,India
s5443,Movie,TV-MA,Adults,2017,Indonesia
s5444,Movie,R,Adults,2017,Spain
s5445,TV Show,TV-MA,Adults,2017,United Kingdom
s5446,TV Show,TV-MA,Adults,2017,United States
s5447,Movie,TV-MA,Adults,2017,South Korea
s5448,Movie,TV-14,Teens,2017,India
s5449,Movie,TV-PG,Teens,2017,United Kingdom
s5450,Movie,TV-MA,Adults,2017,United States
s5451,Movie,TV-14,Teens,2017,United Kingdom
s5452,Movie,TV-PG,Teens,2017,United Kingdom
s5453,Movie,TV-MA,Adults,2017,India
s5454,Movie,TV-MA,Adults,2017,United States
s5455,Movie,TV-MA,Adults,2017,Brazil
s5456,Movie,TV-14,Teens,2017,France
s5456,Movie,TV-14,Teens,2017,United Kingdom
s5456,Movie,TV-14,Teens,2017,India
s5457,Movie,TV-PG,Teens,2017,Canada
s5457,Movie,TV-PG,Teens,2017,United States
s5458,TV Show,TV-14,Teens,2017,Singapore
s5460,TV Show,TV-MA,Adults,2017,United States
s5461,Movie,TV-14,Teens,2017,India
s5462,Movie,TV-PG,Teens,2017,India
s5463,Movie,TV-14,Teens,2017,India
s5464,Movie,TV-14,Teens,2017,Spain
s5465,TV Show,TV-14,Teens,2017,Denmark
s5466,TV Show,TV-14,Teens,2017,Singapore
s5467,Movie,TV-PG,Teens,2017,United Kingdom
s5468,Movie,TV-14,Teens,2017,United Kingdom
s5469,Movie,TV-MA,Adults,2017,United States
s5470,Movie,TV-14,Teens,2017,India
s5471,TV Show,TV-MA,Adults,2017,United States
s5472,Movie,TV-14,Teens,2017,United States
s5473,Movie,TV-14,Teens,2017,India
s5474,Movie,TV-MA,Adults,2017,United States
s5475,Movie,TV-MA,Adults,2017,France
s5477,Movie,TV-14,Teens,2017,Japan
s5478,TV Show,TV-MA,Adults,2017,Thailand
s5479,Movie,TV-MA,Adults,2017,Brazil
s5480,TV Show,TV-MA,Adults,2017,United States
s5481,Movie,TV-MA,Adults,2017,United States
s5482,Movie,TV-14,Teens,2017,India
s5483,Movie,TV-14,Teens,2017,India
s5484,Movie,TV-MA,Adults,2017,United States
s5485,Movie,TV-14,Teens,2017,United States
s5486,Movie,TV-14,Teens,2017,India
s5487,Movie,TV-MA,Adults,2017,Czech Republic
s5487,Movie,TV-MA,Adults,2017,Slovakia
s5488,Movie,PG-13,Adults,2017,Germany
s5488,Movie,PG-13,Adults,2017,United States
s5490,Movie,TV-MA,Adults,2017,United States
s5491,Movie,TV-MA,Adults,2017,United Kingdom
s5492,Movie,TV-Y7,Kids,2017,France
s5492,Movie,TV-Y7,Kids,2017,Canada
s5493,Movie,TV-MA,Adults,2017,United States
s5494,Movie,TV-MA,Adults,2017,United States
s5495,TV Show,TV-Y,Kids,2017,Australia
s5496,Movie,TV-MA,Adults,2017,Mexico
s5497,Movie,TV-PG,Teens,2017,United States
s5498,Movie,TV-MA,Adults,2017,United States
s5499,Movie,TV-MA,Adults,2017,Singapore
s5499,Movie,TV-MA,Adults,2017,France
s5500,Movie,TV-14,Teens,2017,India
s5501,Movie,TV-14,Teens,2017,India
s5502,Movie,TV-MA,Adults,2017,France
s5502,Movie,TV-MA,Adults,2017,Belgium
s5503,Movie,TV-MA,Adults,2017,France
s5503,Movie,TV-MA,Adults,2017,Belgium
s5504,Movie,TV-PG,Teens,2017,United Kingdom
s5505,Movie,TV-MA,Adults,2017,Canada
s5506,Movie,TV-MA,Adults,2017,India
s5507,Movie,TV-MA,Adults,2017,Canada
s5508,Movie,TV-MA,Adults,2017,Spain
s5508,Movie,TV-MA,Adults,2017,Switzerland
s5509,Movie,TV-14,Teens,2017,United States
s5509,Movie,TV-14,Teens,2017,Australia
s5509,Movie,TV-14,Teens,2017,China
s5510,TV Show,TV-14,Teens,2017,South Korea
s5511,TV Show,TV-14,Teens,2017,South Korea
s5512,Movie,TV-MA,Adults,2017,United States
s5513,Movie,TV-MA,Adults,2017,Canada
s5513,Movie,TV-MA,Adults,2017,United States
s5514,TV Show,TV-14,Teens,2017,South Korea
s5515,TV Show,TV-MA,Adults,2017,Spain
s5516,Movie,TV-14,Teens,2017,India
s5517,Movie,R,Adults,2017,South Africa
s5517,Movie,R,Adults,2017,United States
s5517,Movie,R,Adults,2017,Germany
s5518,Movie,TV-MA,Adults,2017,Sweden
s5519,Movie,TV-MA,Adults,2017,United States
s5520,TV Show,TV-Y7,Kids,2017,Canada
s5521,TV Show,TV-MA,Adults,2017,United States
s5522,TV Show,TV-MA,Adults,2017,United States
s5523,Movie,TV-MA,Adults,2017,United States
s5524,TV Show,TV-Y7,Kids,2017,United States
s5525,Movie,TV-MA,Adults,2017,United States
s5526,Movie,TV-MA,Adults,2017,United States
s5527,Movie,TV-PG,Teens,2017,Germany
s5528,Movie,TV-14,Teens,2017,Germany
s5529,Movie,TV-14,Teens,2017,Germany
s5530,Movie,TV-MA,Adults,2017,Italy
s5531,Movie,TV-14,Teens,2017,Nigeria
s5532,Movie,TV-14,Teens,2017,France
s5532,Movie,TV-14,Teens,2017,Belgium
s5533,Movie,TV-MA,Adults,2017,Spain
s5534,Movie,TV-14,Teens,2017,United States
s5535,Movie,TV-MA,Adults,2017,Mexico
s5536,Movie,R,Adults,2017,United States
s5537,Movie,TV-MA,Adults,2017,United States
s5538,TV Show,TV-14,Teens,2017,South Korea
s5539,TV Show,TV-MA,Adults,2017,United States
s5540,Movie,TV-MA,Adults,2017,Spain
s5540,Movie,TV-MA,Adults,2017,Argentina
s5541,Movie,TV-MA,Adults,2017,United States
s5542,Movie,,Unknown,2017,United States
s5543,TV Show,TV-MA,Adults,2017,Turkey
s5544,Movie,TV-MA,Adults,2017,Brazil
s5545,Movie,TV-MA,Adults,2017,United States
s5546,Movie,TV-14,Teens,2017,India
s5547,Movie,TV-MA,Adults,2017,United States
s5548,Movie,TV-14,Teens,2017,India
s5549,Movie,TV-MA,Adults,2017,United States
s5550,Movie,TV-14,Teens,2017,India
s5551,Movie,TV-MA,Adults,2017,Spain
s5552,Movie,TV-MA,Adults,2017,Argentina
s5553,Movie,TV-MA,Adults,2017,Spain
s5554,Movie,TV-MA,Adults,2017,United Kingdom
s5556,TV Show,TV-MA,Adults,2017,United Kingdom
s5557,Movie,TV-MA,Adults,2017,United States
s5558,Movie,TV-MA,Adults,2017,United States
s5559,TV Show,TV-Y7,Kids,2017,United States
s5559,TV Show,TV-Y7,Kids,2017,United Kingdom
s5559,TV Show,TV-Y7,Kids,2017,Australia
s5560,Movie,TV-MA,Adults,2017,Brazil
s5561,Movie,TV-14,Teens,2017,United States
s5562,Movie,TV-MA,Adults,2017,United States
s5563,TV Show,TV-MA,Adults,2017,United States
s5564,TV Show,TV-14,Teens,2017,Japan
s5565,Movie,TV-MA,Adults,2017,United States
s5566,Movie,TV-14,Teens,2017,United States
s5567,TV Show,TV-Y,Kids,2017,United States
s5568,TV Show,TV-MA,Adults,2017,Australia
s5569,Movie,TV-MA,Adults,2017,South Korea
s5570,TV Show,TV-PG,Teens,2017,Japan
s5571,Movie,PG,Teens,2017,United Kingdom
s5571,Movie,PG,Teens,2017,Japan
s5571,Movie,PG,Teens,2017,United States
s5572,Movie,R,Adults,2017,India
s5573,Movie,TV-MA,Adults,2017,Canada
s5574,Movie,TV-PG,Teens,2017,United Kingdom
s5575,Movie,TV-14,Teens,2017,India
s5576,TV Show,TV-PG,Teens,2017,United States
s5577,Movie,TV-MA,Adults,2017,United States
s5578,Movie,TV-MA,Adults,2017,Portugal
s5578,Movie,TV-MA,Adults,2017,Spain
s5579,TV Show,TV-Y7,Kids,2017,United States
s5580,Movie,TV-MA,Adults,2017,United States
s5581,TV Show,TV-14,Teens,2017,South Korea
s5582,Movie,TV-PG,Teens,2017,Turkey
s5583,Movie,TV-MA,Adults,2017,United States
s5584,TV Show,TV-14,Teens,2017,United Kingdom
s5585,Movie,TV-MA,Adults,2017,India
s5586,TV Show,TV-MA,Adults,2017,South Korea
s5587,Movie,TV-MA,Adults,2017,United States
s5588,Movie,TV-14,Teens,2017,India
s5589,Movie,TV-MA,Adults,2017,Brazil
s5590,Movie,TV-MA,Adults,2017,Brazil
s5591,Movie,TV-MA,Adults,2017,United States
s5592,TV Show,TV-Y7,Kids,2017,Mexico
s5593,TV Show,TV-14,Teens,2017,South Korea
s5594,TV Show,TV-PG,Teens,2017,Turkey
s5595,Movie,TV-14,Teens,2017,United States
s5596,Movie,TV-MA,Adults,2017,Spain
s5597,Movie,G,Kids,2017,United States
s5598,Movie,G,Kids,2017,Spain
s5598,Movie,G,Kids,2017,Italy
s5598,Movie,G,Kids,2017,Argentina
s5599,TV Show,TV-14,Teens,2017,South Korea
s5600,Movie,TV-MA,Adults,2017,India
s5601,Movie,TV-MA,Adults,2017,Germany
s5602,TV Show,TV-14,Teens,2017,South Korea
s5603,Movie,TV-MA,Adults,2017,Canada
s5604,TV Show,TV-PG,Teens,2017,South Korea
s5605,Movie,TV-MA,Adults,2017,Spain
s5606,Movie,TV-MA,Adults,2017,Chile
s5606,Movie,TV-MA,Adults,2017,Spain
s5606,Movie,TV-MA,Adults,2017,Argentina
s5606,Movie,TV-MA,Adults,2017,Germany
s5607,Movie,TV-MA,Adults,2017,United States
s5608,Movie,TV-MA,Adults,2017,United Kingdom
s5609,TV Show,TV-14,Teens,2017,South Korea
s5610,TV Show,TV-14,Teens,2017,Japan
s5611,Movie,TV-MA,Adults,2017,United Kingdom
s5611,Movie,TV-MA,Adults,2017,United States
s5612,Movie,TV-MA,Adults,2017,Italy
s5613,Movie,TV-MA,Adults,2017,West Germany
s5614,Movie,TV-MA,Adults,2017,United States
s5615,Movie,TV-MA,Adults,2017,Mexico
s5616,Movie,TV-MA,Adults,2017,United States
s5617,Movie,TV-PG,Teens,2017,India
s5618,Movie,TV-14,Teens,2017,India
s5619,Movie,TV-14,Teens,2017,India
s5620,Movie,TV-MA,Adults,2017,Spain
s5621,Movie,TV-MA,Adults,2017,Spain
s5622,Movie,TV-Y,Kids,2017,Canada
s5622,Movie,TV-Y,Kids,2017,United States
s5623,Movie,TV-MA,Adults,2017,United States
s5624,Movie,TV-MA,Adults,2017,Mexico
s5625,Movie,TV-14,Teens,2017,France
s5626,Movie,TV-MA,Adults,2017,United Kingdom
s5627,Movie,TV-MA,Adults,2017,Brazil
s5628,Movie,TV-MA,Adults,2017,United States
s5629,Movie,TV-MA,Adults,2017,France
s5630,Movie,TV-14,Teens,2017,India
s5631,Movie,TV-MA,Adults,2017,United States
s5632,Movie,TV-MA,Adults,2017,United States
s5633,Movie,TV-MA,Adults,2017,Germany
s5634,Movie,TV-PG,Teens,2017,Austria
s5634,Movie,TV-PG,Teens,2017,Czech Republic
s5635,Movie,TV-MA,Adults,2017,Germany
s5636,Movie,TV-MA,Adults,2017,Germany
s5637,Movie,TV-14,Teens,2017,France
s5638,Movie,TV-MA,Adults,2017,United States
s5639,Movie,TV-MA,Adults,2017,Lebanon
s5639,Movie,TV-MA,Adults,2017,Qatar
s5640,Movie,TV-14,Teens,2017,United States
s5641,TV Show,TV-Y,Kids,2017,United States
s5642,Movie,PG-13,Adults,2017,United Kingdom
s5642,Movie,PG-13,Adults,2017,Jordan
s5642,Movie,PG-13,Adults,2017,Qatar
s5642,Movie,PG-13,Adults,2017,Iran
s5643,Movie,TV-14,Teens,2017,United States
s5644,Movie,TV-Y7,Kids,2017,United States
s5645,Movie,TV-MA,Adults,2017,Canada
s5646,Movie,PG,Teens,2017,United States
s5647,Movie,TV-MA,Adults,2017,United States
s5648,Movie,TV-MA,Adults,2017,India
s5649,Movie,PG,Teens,2017,United States
s5650,Movie,TV-MA,Adults,2017,France
s5650,Movie,TV-MA,Adults,2017,Belgium
s5651,TV Show,TV-14,Teens,2017,United States
s5652,Movie,TV-MA,Adults,2017,India
s5653,Movie,TV-MA,Adults,2016,Mexico
s5654,TV Show,TV-14,Teens,2016,South Korea
s5655,TV Show,TV-MA,Adults,2016,Japan
s5656,TV Show,TV-14,Teens,2016,United States
s5657,Movie,TV-MA,Adults,2016,Mexico
s5658,Movie,TV-MA,Adults,2016,United States
s5659,TV Show,TV-MA,Adults,2016,United States
s5660,Movie,TV-Y7,Kids,2016,France
s5660,Movie,TV-Y7,Kids,2016,South Korea
s5660,Movie,TV-Y7,Kids,2016,Japan
s5661,Movie,TV-14,Teens,2016,United States
s5662,Movie,TV-MA,Adults,2016,United States
s5663,TV Show,TV-MA,Adults,2016,United Kingdom
s5664,Movie,TV-MA,Adults,2016,United States
s5665,Movie,TV-MA,Adults,2016,Germany
s5666,TV Show,TV-PG,Teens,2016,South Korea
s5667,Movie,TV-MA,Adults,2016,United Kingdom
s5668,TV Show,TV-14,Teens,2016,South Korea
s5669,TV Show,TV-14,Teens,2016,South Korea
s5670,TV Show,TV-MA,Adults,2016,South Korea
s5671,TV Show,TV-14,Teens,2016,China
s5672,TV Show,TV-14,Teens,2016,South Korea
s5673,TV Show,TV-14,Teens,2016,Japan
s5674,TV Show,TV-14,Teens,2016,South Korea
s5675,TV Show,TV-PG,Teens,2016,United Kingdom
s5676,TV Show,TV-PG,Teens,2016,South Korea
s5677,Movie,TV-PG,Teens,2016,Israel
s5677,Movie,TV-PG,Teens,2016,Germany
s5677,Movie,TV-PG,Teens,2016,France
s5678,TV Show,TV-MA,Adults,2016,Canada
s5678,TV Show,TV-MA,Adults,2016,Japan
s5678,TV Show,TV-MA,Adults,2016,Netherlands
s5679,Movie,TV-MA,Adults,2016,Mexico
s5680,Movie,TV-MA,Adults,2016,United States
s5681,TV Show,TV-MA,Adults,2016,United Kingdom
s5682,Movie,TV-G,Kids,2016,United States
s5683,Movie,TV-14,Teens,2016,United States
s5683,Movie,TV-14,Teens,2016,Hungary
s5684,TV Show,TV-14,Teens,2016,United States
s5685,TV Show,TV-14,Teens,2016,Taiwan
s5686,Movie,TV-MA,Adults,2016,United States
s5687,TV Show,TV-14,Teens,2016,France
s5687,TV Show,TV-14,Teens,2016,Germany
s5688,Movie,TV-MA,Adults,2016,United States
s5689,Movie,TV-14,Teens,2016,United States
s5690,Movie,TV-MA,Adults,2016,United States
s5691,TV Show,TV-MA,Adults,2016,United States
s5692,Movie,TV-MA,Adults,2016,France
s5693,TV Show,TV-G,Kids,2016,Canada
s5694,Movie,TV-14,Teens,2016,Canada
s5694,Movie,TV-14,Teens,2016,United States
s5695,Movie,TV-MA,Adults,2016,United States
s5696,Movie,TV-PG,Teens,2016,United States
s5697,Movie,TV-14,Teens,2016,India
s5698,Movie,TV-PG,Teens,2016,United States
s5699,Movie,TV-14,Teens,2016,Peru
s5700,TV Show,TV-PG,Teens,2016,Taiwan
s5701,TV Show,TV-PG,Teens,2016,Taiwan
s5702,Movie,TV-MA,Adults,2016,India
s5703,Movie,TV-MA,Adults,2016,United States
s5704,TV Show,TV-14,Teens,2016,Taiwan
s5705,Movie,TV-MA,Adults,2016,United States
s5706,Movie,TV-14,Teens,2016,India
s5707,Movie,TV-MA,Adults,2016,Mexico
s5708,TV Show,TV-14,Teens,2016,United States
s5709,Movie,TV-MA,Adults,2016,United States
s5710,Movie,TV-MA,Adults,2016,United States
s5711,Movie,TV-14,Teens,2016,India
s5712,Movie,TV-MA,Adults,2016,Mexico
s5713,Movie,TV-MA,Adults,2016,United States
s5714,Movie,TV-MA,Adults,2016,United States
s5715,Movie,TV-MA,Adults,2016,France
s5715,Movie,TV-MA,Adults,2016,Qatar
s5716,TV Show,TV-MA,Adults,2016,Colombia
s5717,TV Show,TV-MA,Adults,2016,United Kingdom
s5718,Movie,TV-MA,Adults,2016,Germany
s5719,Movie,TV-MA,Adults,2016,India
s5720,Movie,TV-14,Teens,2016,United States
s5721,TV Show,TV-MA,Adults,2016,France
s5722,Movie,TV-MA,Adults,2016,United States
s5723,TV Show,TV-MA,Adults,2016,Iceland
s5724,TV Show,TV-Y7,Kids,2016,United Kingdom
s5725,Movie,TV-MA,Adults,2016,United States
s5726,Movie,TV-14,Teens,2016,Austria
s5727,Movie,TV-PG,Teens,2016,United Kingdom
s5728,TV Show,TV-14,Teens,2016,Taiwan
s5729,TV Show,TV-14,Teens,2016,Taiwan
s5730,TV Show,TV-14,Teens,2016,Taiwan
s5731,TV Show,TV-MA,Adults,2016,Taiwan
s5732,TV Show,TV-14,Teens,2016,Taiwan
s5733,TV Show,TV-14,Teens,2016,Taiwan
s5734,Movie,TV-MA,Adults,2016,United States
s5736,Movie,TV-MA,Adults,2016,Spain
s5737,Movie,G,Kids,2016,Canada
s5738,Movie,TV-14,Teens,2016,Canada
s5738,Movie,TV-14,Teens,2016,United States
s5739,Movie,TV-PG,Teens,2016,United Kingdom
s5739,Movie,TV-PG,Teens,2016,Germany
s5739,Movie,TV-PG,Teens,2016,Canada
s5740,Movie,TV-14,Teens,2016,France
s5741,Movie,TV-MA,Adults,2016,France
s5741,Movie,TV-MA,Adults,2016,Belgium
s5742,TV Show,TV-MA,Adults,2016,Canada
s5743,Movie,TV-MA,Adults,2016,France
s5744,Movie,TV-MA,Adults,2016,Spain
s5745,TV Show,TV-MA,Adults,2016,United States
s5746,Movie,TV-MA,Adults,2016,United States
s5747,Movie,TV-MA,Adults,2016,France
s5748,Movie,TV-MA,Adults,2016,Japan
s5749,Movie,TV-PG,Teens,2016,Japan
s5750,Movie,TV-14,Teens,2016,Japan
s5751,Movie,TV-14,Teens,2016,France
s5752,TV Show,TV-14,Teens,2016,Japan
s5753,TV Show,TV-MA,Adults,2016,United Kingdom
s5753,TV Show,TV-MA,Adults,2016,France
s5754,TV Show,TV-14,Teens,2016,Japan
s5755,Movie,TV-MA,Adults,2016,United States
s5756,Movie,TV-MA,Adults,2016,United States
s5757,Movie,TV-MA,Adults,2016,United States
s5758,Movie,TV-MA,Adults,2016,United States
s5759,Movie,TV-MA,Adults,2016,United States
s5760,TV Show,TV-Y,Kids,2016,United States
s5761,Movie,TV-MA,Adults,2016,Ireland
s5761,Movie,TV-MA,Adults,2016,South Africa
s5762,Movie,TV-Y7,Kids,2016,United States
s5763,TV Show,TV-PG,Teens,2016,Taiwan
s5764,TV Show,TV-14,Teens,2016,Taiwan
s5765,Movie,TV-MA,Adults,2016,New Zealand
s5766,Movie,TV-MA,Adults,2016,Brazil
s5767,TV Show,TV-14,Teens,2016,Taiwan
s5768,Movie,TV-MA,Adults,2016,India
s5769,TV Show,TV-14,Teens,2016,Taiwan
s5770,TV Show,TV-Y,Kids,2016,United States
s5770,TV Show,TV-Y,Kids,2016,Russia
s5771,Movie,TV-MA,Adults,2016,Chile
s5771,Movie,TV-MA,Adults,2016,United States
s5771,Movie,TV-MA,Adults,2016,France
s5772,TV Show,TV-PG,Teens,2016,Taiwan
s5773,Movie,TV-MA,Adults,2016,Spain
s5774,Movie,TV-Y7,Kids,2016,United States
s5774,Movie,TV-Y7,Kids,2016,Canada
s5775,TV Show,TV-MA,Adults,2016,United States
s5777,Movie,TV-14,Teens,2016,Netherlands
s5778,TV Show,TV-14,Teens,2016,Taiwan
s5779,Movie,TV-MA,Adults,2016,India
s5780,Movie,TV-MA,Adults,2016,United States
s5781,Movie,TV-MA,Adults,2016,Italy
s5782,TV Show,TV-14,Teens,2016,Taiwan
s5783,Movie,TV-MA,Adults,2016,Denmark
s5783,Movie,TV-MA,Adults,2016,United States
s5784,Movie,TV-MA,Adults,2016,United States
s5785,Movie,TV-MA,Adults,2016,United States
s5786,TV Show,TV-Y,Kids,2016,United States
s5793,Movie,TV-MA,Adults,2016,Canada
s5793,Movie,TV-MA,Adults,2016,United States
s5794,Movie,TV-MA,Adults,2016,United States
s5795,Movie,,Unknown,2016,United States
s5796,Movie,TV-PG,Teens,2016,United Kingdom
s5797,Movie,TV-14,Teens,2016,United States
s5798,Movie,TV-PG,Teens,2016,United States
s5799,Movie,TV-MA,Adults,2016,United Kingdom
s5801,TV Show,TV-Y7,Kids,2016,United States
s5802,TV Show,TV-14,Teens,2016,United Kingdom
s5803,TV Show,TV-MA,Adults,2016,United Kingdom
s5804,TV Show,TV-MA,Adults,2016,United States
s5805,Movie,TV-14,Teens,2016,United Kingdom
s5806,TV Show,TV-MA,Adults,2016,Taiwan
s5807,TV Show,TV-14,Teens,2016,United Kingdom
s5808,TV Show,TV-Y7,Kids,2016,Japan
s5809,Movie,TV-14,Teens,2016,United States
s5810,Movie,TV-MA,Adults,2016,United States
s5811,Movie,TV-MA,Adults,2016,United States
s5812,TV Show,TV-14,Teens,2016,United States
s5813,TV Show,TV-MA,Adults,2016,United Kingdom
s5814,Movie,,Unknown,2016,United States
s5815,Movie,TV-14,Teens,2016,United Kingdom
s5816,Movie,TV-14,Teens,2016,United States
s5817,Movie,TV-PG,Teens,2016,United States
s5818,Movie,TV-14,Teens,2016,United States
s5819,Movie,TV-14,Teens,2016,United States
s5820,Movie,TV-MA,Adults,2016,United States
s5821,Movie,TV-MA,Adults,2016,United States
s5822,Movie,TV-MA,Adults,2016,United Kingdom
s5823,TV Show,TV-14,Teens,2016,United Kingdom
s5824,TV Show,TV-G,Kids,2016,United Kingdom
s5825,Movie,TV-MA,Adults,2016,United States
s5826,TV Show,TV-MA,Adults,2016,Colombia
s5827,Movie,TV-14,Teens,2016,United Kingdom
s5828,TV Show,TV-Y7,Kids,2016,United States
s5829,Movie,TV-MA,Adults,2016,United States
s5830,TV Show,TV-Y,Kids,2016,United States
s5830,TV Show,TV-Y,Kids,2016,France
s5831,Movie,TV-MA,Adults,2016,United States
s5832,Movie,TV-MA,Adults,2016,United States
s5833,Movie,R,Adults,2016,Canada
s5834,Movie,TV-MA,Adults,2016,India
s5834,Movie,TV-MA,Adults,2016,United Kingdom
s5835,TV Show,TV-14,Teens,2016,Japan
s5836,Movie,TV-MA,Adults,2016,United States
s5837,TV Show,TV-MA,Adults,2016,United States
s5838,Movie,TV-MA,Adults,2016,India
s5840,Movie,TV-MA,Adults,2016,Mexico
s5841,Movie,TV-MA,Adults,2016,United States
s5842,Movie,PG-13,Adults,2016,China
s5842,Movie,PG-13,Adults,2016,Hong Kong
s5843,Movie,TV-MA,Adults,2016,United States
s5844,TV Show,TV-MA,Adults,2016,Japan
s5845,TV Show,TV-PG,Teens,2016,Australia
s5846,TV Show,TV-PG,Teens,2016,Australia
s5847,Movie,TV-MA,Adults,2016,United States
s5848,Movie,TV-MA,Adults,2016,United States
s5849,Movie,TV-MA,Adults,2016,Canada
s5849,Movie,TV-MA,Adults,2016,United Kingdom
s5849,Movie,TV-MA,Adults,2016,United States
s5850,Movie,TV-MA,Adults,2016,United States
s5851,Movie,TV-MA,Adults,2016,United States
s5852,Movie,TV-MA,Adults,2016,Belgium
s5852,Movie,TV-MA,Adults,2016,France
s5852,Movie,TV-MA,Adults,2016,Netherlands
s5853,Movie,R,Adults,2016,United States
s5854,TV Show,TV-MA,Adults,2016,Japan
s5854,TV Show,TV-MA,Adults,2016,United States
s5855,Movie,TV-MA,Adults,2016,United States
s5856,TV Show,TV-Y,Kids,2016,Canada
s5857,TV Show,TV-14,Teens,2016,Japan
s5858,Movie,TV-PG,Teens,2016,United States
s5859,Movie,R,Adults,2016,Canada
s5860,Movie,TV-MA,Adults,2016,United Kingdom
s5861,Movie,TV-14,Teens,2016,United Kingdom
s5862,Movie,TV-PG,Teens,2016,United States
s5863,TV Show,TV-MA,Adults,2016,United States
s5864,TV Show,TV-14,Teens,2016,Japan
s5865,Movie,PG-13,Adults,2016,China
s5865,Movie,PG-13,Adults,2016,United States
s5866,Movie,PG,Teens,2016,United States
s5867,TV Show,TV-14,Teens,2016,United States
s5868,TV Show,TV-Y,Kids,2016,United States
s5869,Movie,TV-MA,Adults,2016,United States
s5870,TV Show,TV-Y7,Kids,2016,United States
s5872,TV Show,TV-MA,Adults,2016,United States
s5873,Movie,TV-MA,Adults,2016,Mexico
s5874,Movie,R,Adults,2016,Hong Kong
s5874,Movie,R,Adults,2016,China
s5875,Movie,R,Adults,2016,Hong Kong
s5875,Movie,R,Adults,2016,China
s5876,Movie,TV-MA,Adults,2016,United States
s5877,Movie,TV-MA,Adults,2015,United States
s5878,TV Show,TV-Y,Kids,2015,France
s5879,Movie,TV-MA,Adults,2015,United States
s5880,Movie,TV-14,Teens,2015,United States
s5881,Movie,TV-MA,Adults,2015,Canada
s5882,Movie,TV-14,Teens,2015,United States
s5883,TV Show,TV-PG,Teens,2015,Japan
s5884,Movie,TV-MA,Adults,2015,United States
s5885,Movie,TV-MA,Adults,2015,United States
s5886,TV Show,TV-MA,Adults,2015,United States
s5887,Movie,TV-MA,Adults,2015,United States
s5888,Movie,TV-Y,Kids,2015,United States
s5889,TV Show,TV-MA,Adults,2015,United States
s5890,Movie,R,Adults,2015,United States
s5891,Movie,TV-MA,Adults,2015,United States
s5892,Movie,TV-MA,Adults,2015,United States
s5893,Movie,TV-MA,Adults,2015,United States
s5894,Movie,TV-MA,Adults,2015,United Kingdom
s5894,Movie,TV-MA,Adults,2015,Ukraine
s5894,Movie,TV-MA,Adults,2015,United States
s5895,Movie,TV-14,Teens,2015,United States
s5897,Movie,TV-14,Teens,2015,United States
s5898,Movie,TV-PG,Teens,2015,United States
s5899,Movie,TV-MA,Adults,2015,United States
s5900,Movie,TV-MA,Adults,2015,United States
s5901,TV Show,TV-MA,Adults,2015,United States
s5902,Movie,TV-14,Teens,2015,United States
s5903,TV Show,TV-Y7,Kids,2015,Germany
s5903,TV Show,TV-Y7,Kids,2015,Australia
s5903,TV Show,TV-Y7,Kids,2015,France
s5903,TV Show,TV-Y7,Kids,2015,China
s5904,Movie,R,Adults,2015,United States
s5905,Movie,TV-MA,Adults,2015,United States
s5906,Movie,TV-MA,Adults,2015,United States
s5907,Movie,TV-14,Teens,2015,United States
s5908,Movie,TV-MA,Adults,2015,United States
s5909,TV Show,TV-Y,Kids,2015,United Kingdom
s5910,Movie,TV-MA,Adults,2015,Mexico
s5911,Movie,TV-MA,Adults,2015,United States
s5912,Movie,TV-MA,Adults,2015,United States
s5913,Movie,TV-14,Teens,2015,United States
s5914,Movie,TV-MA,Adults,2015,United States
s5915,TV Show,TV-Y,Kids,2015,France
s5916,Movie,TV-MA,Adults,2015,United States
s5917,Movie,TV-MA,Adults,2015,United States
s5918,Movie,TV-MA,Adults,2015,United States
s5919,Movie,TV-14,Teens,2015,United States
s5921,Movie,TV-MA,Adults,2014,United States
s5922,Movie,TV-MA,Adults,2014,United States
s5923,TV Show,TV-MA,Adults,2014,Norway
s5923,TV Show,TV-MA,Adults,2014,United States
s5924,TV Show,TV-G,Kids,2014,Canada
s5925,Movie,TV-MA,Adults,2014,United States
s5926,Movie,TV-MA,Adults,2014,United Kingdom
s5927,Movie,TV-MA,Adults,2014,United States
s5928,Movie,TV-MA,Adults,2014,United States
s5929,Movie,TV-MA,Adults,2014,United States
s5930,Movie,TV-14,Teens,2014,United States
s5931,Movie,TV-PG,Teens,2014,United States
s5931,Movie,TV-PG,Teens,2014,Bermuda
s5931,Movie,TV-PG,Teens,2014,Ecuador
s5932,Movie,TV-MA,Adults,2014,United States
s5933,Movie,TV-14,Teens,2014,United States
s5934,TV Show,TV-MA,Adults,2014,United States
s5934,TV Show,TV-MA,Adults,2014,Hungary
s5934,TV Show,TV-MA,Adults,2014,Ireland
s5934,TV Show,TV-MA,Adults,2014,Canada
s5935,Movie,TV-PG,Teens,2014,United States
s5936,Movie,TV-MA,Adults,2014,United Kingdom
s5936,Movie,TV-MA,Adults,2014,Egypt
s5936,Movie,TV-MA,Adults,2014,United States
s5937,Movie,TV-G,Kids,2013,United States
s5938,Movie,PG,Teens,2013,United States
s5939,Movie,TV-MA,Adults,2013,United States
s5940,TV Show,TV-14,Teens,2013,United States
s5940,TV Show,TV-14,Teens,2013,United Kingdom
s5941,TV Show,TV-MA,Adults,2013,United States
s5942,Movie,PG,Teens,2012,United States
s5943,Movie,TV-14,Teens,2011,United States
s5944,Movie,TV-MA,Adults,2011,United States
s5945,Movie,TV-14,Teens,2011,United States
s5946,Movie,TV-14,Teens,2011,United States
s5947,Movie,TV-PG,Teens,2011,United States
s5948,Movie,TV-PG,Teens,2011,United States
s5949,Movie,TV-PG,Teens,2011,United States
s5950,Movie,TV-MA,Adults,2011,United States
s5951,Movie,TV-PG,Teens,2011,United States
s5952,Movie,TV-14,Teens,2011,United States
s5953,Movie,TV-14,Teens,2011,United States
s5954,Movie,TV-PG,Teens,2011,United States
s5954,Movie,TV-PG,Teens,2011,France
s5954,Movie,TV-PG,Teens,2011,United Kingdom
s5955,Movie,TV-MA,Adults,2011,Spain
s5955,Movie,TV-MA,Adults,2011,Mexico
s5955,Movie,TV-MA,Adults,2011,France
s5956,Movie,TV-MA,Adults,2009,United States
s5957,Movie,TV-MA,Adults,2009,Denmark
s5958,Movie,TV-MA,Adults,2008,United States
s5959,Movie,PG-13,Adults,2017,United States
s5960,Movie,PG-13,Adults,2020,United States
s5961,Movie,R,Adults,2019,United States
s5962,Movie,TV-14,Teens,2019,India
s5963,Movie,TV-MA,Adults,2017,India
s5964,Movie,TV-14,Teens,2019,Nigeria
s5966,Movie,R,Adults,2018,Norway
s5966,Movie,R,Adults,2018,Iceland
s5966,Movie,R,Adults,2018,United States
s5967,Movie,TV-14,Teens,2019,India
s5968,Movie,TV-PG,Teens,2018,United Kingdom
s5969,Movie,TV-14,Teens,2018,India
s5970,Movie,TV-14,Teens,2018,India
s5971,Movie,TV-14,Teens,2018,India
s5972,Movie,NR,Unrated,2016,United States
s5973,Movie,TV-14,Teens,2020,Canada
s5974,Movie,TV-14,Teens,2019,Canada
s5976,Movie,TV-MA,Adults,2018,Iceland
s5977,Movie,TV-MA,Adults,2017,Turkey
s5978,Movie,PG-13,Adults,2018,United States
s5979,TV Show,TV-MA,Adults,2017,Turkey
s5980,Movie,TV-PG,Teens,2017,United States
s5981,Movie,TV-14,Teens,2017,United States
s5982,Movie,PG-13,Adults,2019,United States
s5982,Movie,PG-13,Adults,2019,South Africa
s5983,Movie,TV-MA,Adults,2018,Spain
s5984,Movie,TV-14,Teens,2018,United States
s5985,TV Show,TV-14,Teens,2019,United Kingdom
s5986,Movie,TV-MA,Adults,2019,United States
s5987,TV Show,TV-14,Teens,2017,South Korea
s5988,Movie,NR,Unrated,2016,United States
s5989,Movie,R,Adults,2019,United States
s5991,Movie,R,Adults,2019,Hong Kong
s5991,Movie,R,Adults,2019,China
s5991,Movie,R,Adults,2019,Singapore
s5992,Movie,TV-MA,Adults,2018,United States
s5993,Movie,PG-13,Adults,2019,United States
s5993,Movie,PG-13,Adults,2019,Germany
s5994,Movie,PG-13,Adults,2021,United States
s5995,Movie,TV-MA,Adults,2020,United States
s5996,Movie,TV-MA,Adults,2019,United States
s5997,Movie,PG-13,Adults,2018,United States
s5998,Movie,TV-PG,Teens,2017,South Korea
s5999,Movie,TV-14,Teens,2018,United Kingdom
s6000,Movie,R,Adults,2019,United States
s6001,Movie,R,Adults,2019,United States
s6002,TV Show,TV-14,Teens,2018,India
s6003,Movie,TV-MA,Adults,2018,United States
s6004,Movie,R,Adults,2018,South Africa
s6004,Movie,R,Adults,2018,China
s6004,Movie,R,Adults,2018,United States
s6005,Movie,TV-MA,Adults,2018,Argentina
s6006,Movie,TV-MA,Adults,2018,United Kingdom
s6007,Movie,PG-13,Adults,2020,United States
s6009,Movie,PG-13,Adults,2017,United States
s6010,Movie,TV-PG,Teens,2019,Indonesia
s6011,Movie,TV-PG,Teens,2019,Canada
s6012,Movie,TV-14,Teens,2019,Egypt
s6013,Movie,R,Adults,2021,United States
s6014,Movie,TV-14,Teens,2019,Denmark
s6014,Movie,TV-14,Teens,2019,France
s6014,Movie,TV-14,Teens,2019,Poland
s6015,Movie,TV-MA,Adults,2018,United States
s6016,Movie,NR,Unrated,2016,United States
s6018,Movie,R,Adults,2017,United States
s6019,Movie,PG-13,Adults,2020,United States
s6020,Movie,R,Adults,2019,United States
s6021,Movie,TV-14,Teens,2018,Indonesia
s6022,Movie,R,Adults,2018,New Zealand
s6022,Movie,R,Adults,2018,United Kingdom
s6023,Movie,TV-MA,Adults,2017,India
s6024,Movie,R,Adults,2019,United States
s6025,TV Show,TV-14,Teens,2019,India
s6026,Movie,TV-PG,Teens,2019,Pakistan
s6027,TV Show,TV-PG,Teens,2017,United States
s6028,Movie,R,Adults,2020,United States
s6028,Movie,R,Adults,2020,China
s6029,Movie,TV-14,Teens,2018,India
s6030,Movie,PG,Teens,2018,United States
s6031,Movie,PG,Teens,2020,United States
s6031,Movie,PG,Teens,2020,United Kingdom
s6032,Movie,R,Adults,2020,United Kingdom
s6032,Movie,R,Adults,2020,United States
s6033,Movie,R,Adults,2018,United States
s6034,Movie,TV-PG,Teens,2016,Netherlands
s6034,Movie,TV-PG,Teens,2016,Denmark
s6034,Movie,TV-PG,Teens,2016,South Africa
s6035,Movie,R,Adults,2019,Canada
s6035,Movie,R,Adults,2019,United States
s6036,Movie,TV-14,Teens,2017,India
s6037,Movie,R,Adults,2018,United States
s6038,TV Show,TV-14,Teens,2017,Taiwan
s6039,Movie,TV-MA,Adults,2017,United States
s6040,Movie,R,Adults,2020,United States
s6041,Movie,TV-14,Teens,2019,United States
s6042,Movie,TV-G,Kids,2019,United States
s6043,Movie,R,Adults,2017,United States
s6044,Movie,TV-MA,Adults,2018,United States
s6045,TV Show,TV-14,Teens,2019,South Korea
s6047,Movie,R,Adults,2018,United Arab Emirates
s6047,Movie,R,Adults,2018,United States
s6048,Movie,PG-13,Adults,2017,United States
s6049,Movie,TV-14,Teens,2018,Brazil
s6050,Movie,PG-13,Adults,2019,United States
s6051,Movie,TV-MA,Adults,2016,Netherlands
s6052,Movie,TV-MA,Adults,2017,United Kingdom
s6053,Movie,R,Adults,2019,United States
s6054,Movie,TV-PG,Teens,2020,United States
s6055,Movie,NR,Unrated,2013,Canada
s6056,Movie,TV-MA,Adults,2017,India
s6057,Movie,PG-13,Adults,2019,Iran
s6057,Movie,PG-13,Adults,2019,France
s6058,Movie,R,Adults,2018,United States
s6058,Movie,R,Adults,2018,United Kingdom
s6058,Movie,R,Adults,2018,France
s6059,Movie,TV-PG,Teens,2017,United States
s6060,Movie,PG-13,Adults,2019,Israel
s6060,Movie,PG-13,Adults,2019,United States
s6061,Movie,R,Adults,2020,United States
s6062,Movie,PG-13,Adults,2020,United States
s6063,Movie,PG,Teens,2020,United States
s6064,Movie,TV-MA,Adults,2018,India
s6065,Movie,TV-14,Teens,2018,United States
s6066,Movie,PG,Teens,2018,United States
s6067,TV Show,TV-MA,Adults,,United Kingdom
s6068,TV Show,TV-14,Teens,2017,United States
s6069,Movie,TV-MA,Adults,2020,Canada
s6070,Movie,PG,Teens,2019,United States
s6071,Movie,TV-MA,Adults,2018,Turkey
s6072,Movie,TV-MA,Adults,2018,India
s6073,Movie,TV-PG,Teens,2018,India
s6074,Movie,TV-14,Teens,2019,India
s6075,Movie,TV-14,Teens,2017,India
s6076,Movie,TV-14,Teens,2018,India
s6077,Movie,TV-PG,Teens,2017,India
s6078,Movie,TV-MA,Adults,2019,Egypt
s6079,Movie,TV-14,Teens,2018,India
s6080,TV Show,TV-PG,Teens,2017,South Korea
s6081,Movie,TV-Y7,Kids,2016,United States
s6082,Movie,PG-13,Adults,2019,United Kingdom
s6082,Movie,PG-13,Adults,2019,United States
s6082,Movie,PG-13,Adults,2019,France
s6082,Movie,PG-13,Adults,2019,Germany
s6083,Movie,TV-MA,Adults,2016,Argentina
s6084,Movie,TV-MA,Adults,2017,Mexico
s6085,Movie,TV-MA,Adults,2019,Canada
s6086,Movie,PG-13,Adults,2019,United States
s6086,Movie,PG-13,Adults,2019,United Kingdom
s6087,Movie,R,Adults,2020,United States
s6088,Movie,NR,Unrated,2018,Turkey
s6088,Movie,NR,Unrated,2018,United States
s6089,Movie,R,Adults,2020,Canada
s6090,TV Show,TV-14,Teens,2018,United States
s6091,Movie,TV-14,Teens,2020,France
s6092,Movie,R,Adults,2019,Australia
s6092,Movie,R,Adults,2019,France
s6093,Movie,TV-14,Teens,2019,India
s6094,Movie,NR,Unrated,2018,Canada
s6094,Movie,NR,Unrated,2018,United States
s6095,TV Show,TV-PG,Teens,2016,United Kingdom
s6096,Movie,NR,Unrated,2019,United States
s6097,Movie,TV-MA,Adults,2018,United States
s6098,Movie,TV-MA,Adults,2020,United States
s6099,Movie,R,Adults,2018,United States
s6099,Movie,R,Adults,2018,Chile
s6100,Movie,TV-MA,Adults,2019,United Kingdom
s6101,TV Show,TV-MA,Adults,2019,United Kingdom
s6103,TV Show,TV-14,Teens,2017,India
s6104,Movie,TV-14,Teens,2019,India
s6105,Movie,R,Adults,2018,United States
s6106,TV Show,TV-PG,Teens,2019,United Kingdom
s6107,Movie,TV-14,Teens,2017,India
s6108,Movie,TV-14,Teens,2018,India
s6109,Movie,TV-MA,Adults,2019,Egypt
s6110,Movie,TV-PG,Teens,2017,United States
s6110,Movie,TV-PG,Teens,2017,Bulgaria
s6111,Movie,TV-MA,Adults,2018,Spain
s6112,Movie,PG,Teens,2019,United States
s6113,Movie,TV-PG,Teens,2018,United States
s6114,Movie,PG,Teens,2018,United States
s6115,Movie,TV-14,Teens,2017,Sweden
s6115,Movie,TV-14,Teens,2017,United States
s6116,Movie,R,Adults,2019,United States
s6117,Movie,G,Kids,2020,Ireland
s6117,Movie,G,Kids,2020,United Kingdom
s6117,Movie,G,Kids,2020,United States
s6118,Movie,TV-MA,Adults,2019,Spain
s6118,Movie,TV-MA,Adults,2019,Italy
s6119,Movie,TV-G,Kids,2017,United States
s6120,Movie,TV-MA,Adults,2019,United States
s6121,Movie,R,Adults,2018,United States
s6122,Movie,R,Adults,2019,United Kingdom
s6123,Movie,R,Adults,2019,United Kingdom
s6123,Movie,R,Adults,2019,France
s6123,Movie,R,Adults,2019,Germany
s6124,Movie,R,Adults,2019,United States
s6124,Movie,R,Adults,2019,Germany
s6124,Movie,R,Adults,2019,Canada
s6125,Movie,TV-G,Kids,2019,United States
s6126,Movie,TV-Y7,Kids,2020,United States
s6126,Movie,TV-Y7,Kids,2020,India
s6127,TV Show,TV-Y,Kids,2020,United Kingdom
s6128,Movie,TV-G,Kids,2018,United States
s6129,Movie,TV-14,Teens,2020,United States
s6130,Movie,TV-MA,Adults,2017,United Kingdom
s6131,Movie,TV-14,Teens,2019,India
s6132,Movie,TV-14,Teens,2019,Egypt
s6133,TV Show,TV-14,Teens,2019,United States
s6134,Movie,TV-MA,Adults,2017,United States
s6135,Movie,R,Adults,2020,United States
s6136,Movie,R,Adults,2020,United States
s6137,Movie,TV-14,Teens,2018,United States
s6138,TV Show,TV-MA,Adults,2017,United States
s6139,Movie,TV-MA,Adults,2017,United States
s6140,TV Show,TV-PG,Teens,2019,United States
s6141,Movie,TV-14,Teens,2019,United States
s6142,Movie,TV-MA,Adults,2019,Canada
s6143,Movie,R,Adults,2019,Canada
s6143,Movie,R,Adults,2019,Luxembourg
s6144,Movie,R,Adults,2019,United States
s6145,Movie,R,Adults,2019,United Kingdom
s6145,Movie,R,Adults,2019,United States
s6146,Movie,TV-MA,Adults,2019,United States
s6147,TV Show,TV-14,Teens,2016,United States
s6148,Movie,R,Adults,2019,United States
s6148,Movie,R,Adults,2019,Canada
s6149,Movie,TV-MA,Adults,2019,United States
s6150,Movie,R,Adults,2018,United Kingdom
s6151,Movie,TV-PG,Teens,2017,India
s6152,Movie,G,Kids,2018,United States
s6153,Movie,G,Kids,2018,United States
s6154,Movie,G,Kids,2018,United States
s6155,Movie,G,Kids,2018,United States
s6156,Movie,TV-14,Teens,2019,Egypt
s6157,TV Show,TV-14,Teens,2017,Taiwan
s6158,Movie,TV-PG,Teens,2019,United States
s6159,Movie,TV-MA,Adults,2019,Egypt
s6160,Movie,TV-MA,Adults,2017,India
s6161,Movie,TV-MA,Adults,2019,Spain
s6162,TV Show,TV-14,Teens,2019,United States
s6163,Movie,R,Adults,2018,United States
s6164,Movie,R,Adults,2020,United States
s6165,Movie,PG-13,Adults,2019,United States
s6166,Movie,TV-MA,Adults,2017,India
s6166,Movie,TV-MA,Adults,2017,Germany
s6167,TV Show,TV-14,Teens,2018,India
s6168,TV Show,TV-14,Teens,2018,India
s6169,Movie,TV-14,Teens,2017,India
s6170,Movie,TV-PG,Teens,2017,United States
s6171,Movie,TV-PG,Teens,2017,Brazil
s6171,Movie,TV-PG,Teens,2017,Netherlands
s6171,Movie,TV-PG,Teens,2017,United States
s6171,Movie,TV-PG,Teens,2017,Colombia
s6171,Movie,TV-PG,Teens,2017,Austria
s6171,Movie,TV-PG,Teens,2017,Germany
s6172,Movie,PG-13,Adults,2019,United States
s6173,Movie,TV-MA,Adults,2019,Egypt
s6175,TV Show,TV-PG,Teens,,United States
s6176,Movie,TV-MA,Adults,2019,United States
s6177,Movie,TV-14,Teens,2019,India
s6178,TV Show,TV-Y7,Kids,2018,Japan
s6179,Movie,TV-MA,Adults,2019,United States
s6180,Movie,NR,Unrated,2016,United States
s6181,Movie,PG-13,Adults,2019,United States
s6181,Movie,PG-13,Adults,2019,Canada
s6182,Movie,PG,Teens,2017,France
s6182,Movie,PG,Teens,2017,Canada
s6182,Movie,PG,Teens,2017,Belgium
s6183,Movie,TV-14,Teens,2017,United States
s6184,Movie,TV-14,Teens,2019,Egypt
s6185,Movie,TV-14,Teens,2018,Indonesia
s6186,Movie,PG-13,Adults,2019,United States
s6187,Movie,PG,Teens,2020,United Kingdom
s6187,Movie,PG,Teens,2020,United States
s6188,Movie,R,Adults,2018,United States
s6189,Movie,PG-13,Adults,2020,United States
s6190,Movie,TV-MA,Adults,2019,United States
s6191,Movie,NR,Unrated,2018,South Korea
s6192,Movie,TV-MA,Adults,2016,United States
s6193,Movie,TV-14,Teens,2018,Canada
s6194,Movie,TV-14,Teens,2018,United States
s6194,Movie,TV-14,Teens,2018,Canada
s6195,TV Show,TV-Y7,Kids,2017,Canada
s6195,TV Show,TV-Y7,Kids,2017,France
s6196,Movie,TV-14,Teens,2016,United Kingdom
s6197,Movie,TV-14,Teens,2018,Chile
s6198,Movie,TV-PG,Teens,2019,United Kingdom
s6199,TV Show,TV-MA,Adults,2017,Australia
s6200,Movie,R,Adults,2017,Bulgaria
s6200,Movie,R,Adults,2017,United States
s6200,Movie,R,Adults,2017,Spain
s6200,Movie,R,Adults,2017,Canada
s6201,Movie,PG-13,Adults,2018,United States
s6202,Movie,TV-MA,Adults,2018,Sweden
s6202,Movie,TV-MA,Adults,2018,Netherlands
s6203,Movie,TV-14,Teens,2019,India
s6204,Movie,TV-14,Teens,2018,India
s6205,Movie,TV-14,Teens,2018,Turkey
s6206,Movie,R,Adults,2019,France
s6206,Movie,R,Adults,2019,United States
s6206,Movie,R,Adults,2019,Mexico
s6207,Movie,TV-MA,Adults,2018,India
s6208,Movie,NR,Unrated,2017,Brazil
s6209,Movie,NR,Unrated,2017,Canada
s6210,Movie,TV-MA,Adults,2019,United States
s6211,Movie,R,Adults,2018,Australia
s6211,Movie,R,Adults,2018,United Kingdom
s6211,Movie,R,Adults,2018,United Arab Emirates
s6211,Movie,R,Adults,2018,Canada
s6212,Movie,R,Adults,2019,United States
s6213,Movie,R,Adults,2019,United States
s6214,TV Show,TV-MA,Adults,2018,United Kingdom
s6215,Movie,TV-MA,Adults,2018,Singapore
s6215,Movie,TV-MA,Adults,2018,United States
s6216,Movie,TV-MA,Adults,2017,United States
s6216,Movie,TV-MA,Adults,2017,Canada
s6217,TV Show,TV-14,Teens,2017,India
s6218,Movie,TV-14,Teens,2018,India
s6219,Movie,TV-14,Teens,2020,United States
s6220,TV Show,TV-MA,Adults,2017,Chile
s6221,Movie,G,Kids,2018,United States
s6222,Movie,G,Kids,2018,United States
s6223,Movie,G,Kids,2018,United States
s6224,Movie,TV-MA,Adults,2018,Pakistan
s6225,Movie,TV-14,Teens,2017,Turkey
s6226,Movie,R,Adults,2019,United States
s6227,Movie,NR,Unrated,2016,United States
s6228,Movie,TV-MA,Adults,2018,Thailand
s6230,Movie,TV-MA,Adults,2018,Thailand
s6231,Movie,TV-14,Teens,2018,Thailand
s6232,Movie,TV-MA,Adults,2018,Spain
s6233,Movie,TV-14,Teens,2019,India
s6234,Movie,TV-MA,Adults,2017,Australia
s6234,Movie,TV-MA,Adults,2017,Armenia
s6234,Movie,TV-MA,Adults,2017,Japan
s6234,Movie,TV-MA,Adults,2017,Jordan
s6234,Movie,TV-MA,Adults,2017,Mexico
s6234,Movie,TV-MA,Adults,2017,Mongolia
s6234,Movie,TV-MA,Adults,2017,New Zealand
s6234,Movie,TV-MA,Adults,2017,Philippines
s6234,Movie,TV-MA,Adults,2017,South Africa
s6234,Movie,TV-MA,Adults,2017,Sweden
s6234,Movie,TV-MA,Adults,2017,United States
s6234,Movie,TV-MA,Adults,2017,Uruguay
s6235,Movie,TV-Y,Kids,2017,United States
s6236,Movie,TV-Y,Kids,2017,United States
s6237,Movie,TV-Y,Kids,2017,United States
s6238,Movie,TV-Y,Kids,2017,United States
s6239,Movie,TV-Y,Kids,2017,United States
s6240,Movie,TV-Y7,Kids,2017,United States
s6241,Movie,TV-Y,Kids,2017,United States
s6241,Movie,TV-Y,Kids,2017,Canada
s6242,Movie,TV-Y,Kids,2017,United States
s6242,Movie,TV-Y,Kids,2017,Canada
s6243,Movie,TV-Y,Kids,2017,United States
s6244,Movie,TV-Y,Kids,2017,United States
s6245,Movie,PG-13,Adults,2018,United States
s6246,Movie,TV-14,Teens,2018,Chile
s6247,Movie,TV-PG,Teens,2018,India
s6248,Movie,R,Adults,2018,United States
s6249,Movie,R,Adults,2020,United States
s6249,Movie,R,Adults,2020,France
s6250,TV Show,TV-Y,Kids,2017,Italy
s6251,TV Show,TV-MA,Adults,2018,United States
s6252,Movie,PG-13,Adults,2019,United States
s6253,TV Show,TV-14,Teens,2015,United States
s6254,TV Show,TV-PG,Teens,2016,United Kingdom
s6255,Movie,TV-PG,Teens,2019,India
s6256,Movie,TV-14,Teens,2019,India
s6257,Movie,TV-MA,Adults,2017,United States
s6257,Movie,TV-MA,Adults,2017,Australia
s6258,Movie,PG,Teens,2019,United States
s6259,TV Show,TV-Y,Kids,2018,Russia
s6260,Movie,TV-G,Kids,2017,Germany
s6261,Movie,PG-13,Adults,2018,United Kingdom
s6261,Movie,PG-13,Adults,2018,United States
s6262,Movie,TV-G,Kids,2017,United States
s6263,TV Show,TV-PG,Teens,2019,Canada
s6264,TV Show,TV-14,Teens,2017,South Korea
s6265,TV Show,TV-14,Teens,2016,Canada
s6267,Movie,PG-13,Adults,2019,United States
s6268,Movie,PG-13,Adults,2019,United States
s6269,Movie,TV-14,Teens,2018,Indonesia
s6270,Movie,TV-14,Teens,2019,Egypt
s6271,Movie,PG-13,Adults,2019,United Kingdom
s6271,Movie,PG-13,Adults,2019,Ireland
s6272,Movie,PG,Teens,2019,United States
s6273,Movie,PG,Teens,2018,United States
s6274,Movie,TV-14,Teens,2017,Japan
s6274,Movie,TV-14,Teens,2017,United States
s6275,Movie,TV-MA,Adults,2018,United States
s6277,TV Show,TV-MA,Adults,2017,Turkey
s6278,Movie,TV-MA,Adults,2017,India
s6279,Movie,TV-14,Teens,2016,United Kingdom
s6280,TV Show,TV-14,Teens,2017,United States
s6281,Movie,TV-MA,Adults,2017,Canada
s6282,TV Show,TV-Y7,Kids,2018,United States
s6283,Movie,TV-MA,Adults,2019,United States
s6284,Movie,PG,Teens,2018,United States
s6285,Movie,TV-G,Kids,2018,United States
s6286,Movie,TV-14,Teens,2017,Turkey
s6287,Movie,R,Adults,2019,Germany
s6289,Movie,TV-PG,Teens,2017,United States
s6290,Movie,TV-PG,Teens,2019,India
s6291,Movie,TV-14,Teens,2019,Egypt
s6292,TV Show,TV-Y7,Kids,2017,Japan
s6293,Movie,TV-14,Teens,2017,United States
s6293,Movie,TV-14,Teens,2017,India
s6294,Movie,TV-14,Teens,2018,India
s6294,Movie,TV-14,Teens,2018,Iran
s6295,TV Show,TV-PG,Teens,2018,India
s6296,TV Show,TV-14,Teens,2017,India
s6297,Movie,TV-14,Teens,2019,India
s6299,Movie,TV-14,Teens,2017,India
s6300,Movie,TV-MA,Adults,2019,India
s6301,Movie,TV-14,Teens,2017,India
s6302,TV Show,TV-G,Kids,2016,United States
s6302,TV Show,TV-G,Kids,2016,France
s6302,TV Show,TV-G,Kids,2016,Japan
s6303,Movie,TV-MA,Adults,2018,United States
s6304,Movie,PG-13,Adults,2020,United States
s6305,TV Show,TV-G,Kids,2019,United Kingdom
s6306,Movie,PG,Teens,2020,United States
s6306,Movie,PG,Teens,2020,Germany
s6307,Movie,R,Adults,2019,United States
s6308,Movie,TV-MA,Adults,2018,Denmark
s6309,Movie,PG,Teens,2017,United States
s6310,Movie,R,Adults,2019,United Kingdom
s6311,Movie,NR,Unrated,2017,United States
s6312,Movie,R,Adults,2019,United Kingdom
s6312,Movie,R,Adults,2019,France
s6313,Movie,TV-PG,Teens,2019,United States
s6314,Movie,TV-MA,Adults,2018,India
s6315,Movie,TV-14,Teens,2018,India
s6316,Movie,TV-MA,Adults,2018,Canada
s6317,Movie,R,Adults,2018,United States
s6318,Movie,TV-14,Teens,2017,Vietnam
s6319,TV Show,TV-MA,Adults,2016,Canada
s6320,TV Show,TV-MA,Adults,2019,Spain
s6321,Movie,TV-14,Teens,2020,India
s6322,Movie,TV-MA,Adults,2019,United States
s6323,Movie,R,Adults,2019,United States
s6323,Movie,R,Adults,2019,United Kingdom
s6324,TV Show,TV-14,Teens,2018,Turkey
s6325,Movie,TV-PG,Teens,2016,Spain
s6326,Movie,PG-13,Adults,2018,United States
s6327,Movie,TV-MA,Adults,2017,United States
s6328,Movie,R,Adults,2019,United States
s6329,Movie,TV-MA,Adults,2017,Argentina
s6329,Movie,TV-MA,Adults,2017,Spain
s6330,Movie,PG-13,Adults,2020,United States
s6331,Movie,PG-13,Adults,2017,United States
s6332,Movie,R,Adults,2020,United States
s6333,Movie,R,Adults,2020,United States
s6334,Movie,PG,Teens,2017,Australia
s6334,Movie,PG,Teens,2017,United States
s6335,Movie,TV-MA,Adults,2018,France
s6336,TV Show,TV-14,Teens,2018,Thailand
s6337,Movie,R,Adults,2020,France
s6338,Movie,R,Adults,2019,United States
s6339,Movie,NC-17,Adults,2016,France
s6339,Movie,NC-17,Adults,2016,Belgium
s6339,Movie,NC-17,Adults,2016,Spain
s6340,Movie,PG-13,Adults,2019,United States
s6341,Movie,R,Adults,2016,United States
s6342,TV Show,TV-G,Kids,2018,United Kingdom
s6343,Movie,R,Adults,2019,United States
s6343,Movie,R,Adults,2019,France
s6344,Movie,PG-13,Adults,2021,Germany
s6344,Movie,PG-13,Adults,2021,United States
s6345,Movie,R,Adults,2018,United States
s6346,Movie,TV-MA,Adults,2017,Canada
s6347,Movie,TV-MA,Adults,2019,United States
s6349,Movie,TV-G,Kids,2015,Canada
s6350,Movie,TV-MA,Adults,2018,Denmark
s6350,Movie,TV-MA,Adults,2018,Sweden
s6350,Movie,TV-MA,Adults,2018,Israel
s6350,Movie,TV-MA,Adults,2018,United States
s6351,Movie,TV-14,Teens,2019,India
s6352,Movie,TV-14,Teens,2018,United Kingdom
s6353,Movie,TV-14,Teens,2017,Ireland
s6353,Movie,TV-14,Teens,2017,United Kingdom
s6354,Movie,TV-14,Teens,2017,United States
s6354,Movie,TV-14,Teens,2017,Iceland
s6355,Movie,PG,Teens,2018,United States
s6356,Movie,TV-14,Teens,2018,United States
s6357,Movie,TV-MA,Adults,2016,Netherlands
s6358,TV Show,TV-PG,Teens,2019,Australia
s6359,Movie,R,Adults,2021,United States
s6360,Movie,TV-MA,Adults,2018,India
s6362,TV Show,TV-14,Teens,2017,United Kingdom
s6363,Movie,TV-MA,Adults,2017,United States
s6364,Movie,TV-14,Teens,2017,United Kingdom
s6364,Movie,TV-14,Teens,2017,Russia
s6365,TV Show,TV-MA,Adults,2019,United Kingdom
s6366,Movie,TV-MA,Adults,2020,Canada
s6366,Movie,TV-MA,Adults,2020,United States
s6367,Movie,PG,Teens,2017,Brazil
s6368,Movie,TV-MA,Adults,2019,United States
s6369,TV Show,TV-G,Kids,2019,United States
s6370,Movie,TV-MA,Adults,2019,United States
s6371,Movie,PG,Teens,2020,United States
s6372,TV Show,TV-14,Teens,2018,United States
s6372,TV Show,TV-14,Teens,2018,Israel
s6372,TV Show,TV-14,Teens,2018,Italy
s6372,TV Show,TV-14,Teens,2018,South Africa
s6373,Movie,TV-MA,Adults,2017,United States
s6374,TV Show,TV-PG,Teens,2020,United States
s6375,Movie,TV-MA,Adults,2017,India
s6376,Movie,TV-MA,Adults,2018,Australia
s6377,Movie,R,Adults,2018,United States
s6378,Movie,PG-13,Adults,2017,United States
s6380,Movie,R,Adults,2018,United States
s6381,Movie,TV-MA,Adults,2018,China
s6382,TV Show,TV-14,Teens,2016,United States
s6383,Movie,TV-PG,Teens,2017,Canada
s6384,Movie,TV-PG,Teens,2017,Canada
s6385,Movie,TV-PG,Teens,2017,Canada
s6387,Movie,TV-MA,Adults,2019,Indonesia
s6387,Movie,TV-MA,Adults,2019,Singapore
s6388,Movie,TV-G,Kids,2018,Netherlands
s6388,Movie,TV-G,Kids,2018,Denmark
s6388,Movie,TV-G,Kids,2018,France
s6388,Movie,TV-G,Kids,2018,Germany
s6389,Movie,TV-MA,Adults,2019,United States
s6391,Movie,PG-13,Adults,2019,United States
s6392,Movie,TV-MA,Adults,2017,United States
s6393,Movie,TV-MA,Adults,2019,South Korea
s6393,Movie,TV-MA,Adults,2019,Japan
s6394,TV Show,TV-MA,Adults,2019,United Kingdom
s6395,Movie,TV-MA,Adults,2017,United States
s6396,Movie,TV-14,Teens,2019,United States
s6397,Movie,R,Adults,2017,Belgium
s6397,Movie,R,Adults,2017,France
s6398,Movie,R,Adults,2019,United States
s6399,TV Show,TV-PG,Teens,2018,United Kingdom
s6400,Movie,TV-14,Teens,2018,Indonesia
s6401,Movie,TV-MA,Adults,2017,Argentina
s6402,TV Show,TV-MA,Adults,2019,South Korea
s6403,Movie,TV-MA,Adults,2019,United Kingdom
s6403,Movie,TV-MA,Adults,2019,Pakistan
s6404,Movie,TV-14,Teens,2017,India
s6408,TV Show,TV-14,Teens,2016,Italy
s6409,TV Show,TV-14,Teens,2017,Mexico
s6409,TV Show,TV-14,Teens,2017,United States
s6410,Movie,TV-MA,Adults,2017,United States
s6411,Movie,TV-G,Kids,2018,United States
s6412,TV Show,TV-MA,Adults,2019,Canada
s6413,Movie,R,Adults,2017,United States
s6414,TV Show,TV-14,Teens,2017,South Korea
s6415,Movie,PG-13,Adults,2021,United States
s6416,Movie,R,Adults,2019,United States
s6416,Movie,R,Adults,2019,United Kingdom
s6417,TV Show,TV-MA,Adults,2016,France
s6418,Movie,TV-14,Teens,2020,France
s6418,Movie,TV-14,Teens,2020,New Zealand
s6419,Movie,TV-PG,Teens,2018,India
s6420,Movie,TV-MA,Adults,2018,Ireland
s6421,TV Show,TV-Y,Kids,2019,United States
s6422,Movie,TV-14,Teens,2019,Philippines
s6423,Movie,R,Adults,2020,United Kingdom
s6423,Movie,R,Adults,2020,United States
s6423,Movie,R,Adults,2020,Australia
s6424,Movie,R,Adults,2019,United States
s6425,Movie,PG-13,Adults,2019,United States
s6426,Movie,R,Adults,2012,United States
s6426,Movie,R,Adults,2012,Mexico
s6427,TV Show,TV-14,Teens,2019,Japan
s6428,Movie,PG-13,Adults,2020,United Kingdom
s6428,Movie,PG-13,Adults,2020,Czech Republic
s6428,Movie,PG-13,Adults,2020,United States
s6428,Movie,PG-13,Adults,2020,Germany
s6428,Movie,PG-13,Adults,2020,Bahamas
s6429,Movie,TV-MA,Adults,2018,Hong Kong
s6430,Movie,TV-MA,Adults,2018,Hong Kong
s6432,Movie,NR,Unrated,2019,United States
s6433,Movie,TV-14,Teens,2016,China
s6433,Movie,TV-14,Teens,2016,Germany
s6433,Movie,TV-14,Teens,2016,India
s6433,Movie,TV-14,Teens,2016,United States
s6434,Movie,PG,Teens,2019,United States
s6434,Movie,PG,Teens,2019,Australia
s6435,Movie,TV-PG,Teens,2019,Canada
s6436,Movie,TV-MA,Adults,2017,Norway
s6437,Movie,TV-PG,Teens,2017,India
s6438,Movie,PG-13,Adults,2020,United States
s6439,Movie,TV-PG,Teens,2018,India
s6440,Movie,TV-14,Teens,2018,India
s6441,Movie,TV-14,Teens,2019,India
s6442,Movie,TV-14,Teens,2018,Pakistan
s6443,Movie,TV-G,Kids,2017,Germany
s6443,Movie,TV-G,Kids,2017,Sri Lanka
s6444,Movie,PG,Teens,2020,United States
s6445,Movie,TV-14,Teens,2019,Indonesia
s6446,Movie,PG-13,Adults,2018,United States
s6446,Movie,PG-13,Adults,2018,Sweden
s6447,Movie,PG,Teens,2020,United Kingdom
s6447,Movie,PG,Teens,2020,United States
s6448,Movie,PG-13,Adults,2019,United States
s6449,Movie,G,Kids,2019,United States
s6450,Movie,TV-PG,Teens,2017,India
s6451,Movie,R,Adults,2020,United States
s6452,TV Show,TV-PG,Teens,2017,Canada
s6453,Movie,TV-MA,Adults,2018,Hong Kong
s6453,Movie,TV-MA,Adults,2018,China
s6454,Movie,TV-PG,Teens,2017,United States
s6455,Movie,TV-14,Teens,2017,India
s6455,Movie,TV-14,Teens,2017,France
s6456,TV Show,TV-14,Teens,2017,Australia
s6457,TV Show,TV-PG,Teens,2017,United States
s6458,TV Show,TV-PG,Teens,2017,South Korea
s6459,Movie,R,Adults,2018,United States
s6460,TV Show,TV-14,Teens,2016,United Kingdom
s6461,TV Show,TV-MA,Adults,2017,United Kingdom
s6465,Movie,TV-Y7,Kids,2019,India
s6466,Movie,TV-14,Teens,2018,India
s6467,Movie,G,Kids,2016,United States
s6468,Movie,TV-MA,Adults,2019,Nigeria
s6469,Movie,R,Adults,2019,United States
s6471,Movie,TV-MA,Adults,2018,China
s6473,Movie,NR,Unrated,2018,United States
s6473,Movie,NR,Unrated,2018,India
s6473,Movie,NR,Unrated,2018,Bangladesh
s6474,Movie,G,Kids,2020,United Kingdom
s6474,Movie,G,Kids,2020,United States
s6475,Movie,R,Adults,2020,United States
s6475,Movie,R,Adults,2020,Canada
s6475,Movie,R,Adults,2020,France
s6476,Movie,TV-MA,Adults,2017,United States
s6477,Movie,PG,Teens,2019,United States
s6478,TV Show,TV-MA,Adults,2018,United States
s6479,Movie,TV-PG,Teens,2019,Canada
s6479,Movie,TV-PG,Teens,2019,United States
s6480,Movie,TV-G,Kids,2019,United States
s6481,Movie,PG,Teens,2019,United States
s6482,Movie,PG,Teens,2019,United States
s6483,Movie,R,Adults,2018,Argentina
s6484,TV Show,TV-Y7,Kids,2017,Malaysia
s6485,Movie,TV-14,Teens,2019,Pakistan
s6486,Movie,TV-PG,Teens,2019,India
s6487,Movie,PG-13,Adults,2018,United States
s6488,TV Show,TV-PG,Teens,2017,United Kingdom
s6489,Movie,R,Adults,2020,Brazil
s6489,Movie,R,Adults,2020,France
s6489,Movie,R,Adults,2020,Germany
s6490,Movie,TV-MA,Adults,2017,United Kingdom
s6491,TV Show,TV-14,Teens,2018,United Kingdom
s6492,Movie,TV-MA,Adults,2019,United States
s6493,Movie,PG-13,Adults,2019,United States
s6493,Movie,PG-13,Adults,2019,United Kingdom
s6493,Movie,PG-13,Adults,2019,Australia
s6494,Movie,TV-PG,Teens,2018,United States
s6495,Movie,TV-MA,Adults,2018,United States
s6496,TV Show,TV-PG,Teens,2017,India
s6497,Movie,PG,Teens,2019,United States
s6498,Movie,PG-13,Adults,2020,United States
s6499,TV Show,TV-14,Teens,2017,United Kingdom
s6500,Movie,TV-MA,Adults,2019,United States
s6501,Movie,R,Adults,2017,United Kingdom
s6501,Movie,R,Adults,2017,United States
s6502,Movie,R,Adults,2017,Germany
s6502,Movie,R,Adults,2017,United States
s6502,Movie,R,Adults,2017,Hong Kong
s6502,Movie,R,Adults,2017,Singapore
s6503,Movie,R,Adults,2017,France
s6503,Movie,R,Adults,2017,Germany
s6503,Movie,R,Adults,2017,Switzerland
s6504,Movie,PG-13,Adults,2020,United States
s6511,Movie,PG-13,Adults,2020,United States
s6511,Movie,PG-13,Adults,2020,Germany
s6512,Movie,PG-13,Adults,2019,United States
s6513,Movie,TV-PG,Teens,2017,India
s6514,TV Show,TV-14,Teens,2019,United States
s6515,TV Show,TV-MA,Adults,2020,United States
s6516,Movie,TV-14,Teens,2017,India
s6517,Movie,R,Adults,2018,Germany
s6517,Movie,R,Adults,2018,France
s6517,Movie,R,Adults,2018,Luxembourg
s6517,Movie,R,Adults,2018,United Kingdom
s6517,Movie,R,Adults,2018,United States
s6518,Movie,TV-14,Teens,2018,India
s6519,Movie,R,Adults,2019,Canada
s6519,Movie,R,Adults,2019,United States
s6519,Movie,R,Adults,2019,United Kingdom
s6520,TV Show,TV-14,Teens,2016,United States
s6522,Movie,TV-PG,Teens,2017,United States
s6523,Movie,TV-MA,Adults,2018,India
s6524,Movie,TV-MA,Adults,2018,United Kingdom
s6524,Movie,TV-MA,Adults,2018,Canada
s6524,Movie,TV-MA,Adults,2018,Italy
s6525,TV Show,TV-14,Teens,2018,United States
s6526,Movie,TV-MA,Adults,2017,Czech Republic
s6526,Movie,TV-MA,Adults,2017,France
s6527,Movie,R,Adults,2018,United States
s6528,Movie,TV-MA,Adults,2018,Vietnam
s6529,Movie,R,Adults,2018,Ireland
s6530,Movie,TV-MA,Adults,2019,Turkey
s6531,Movie,TV-14,Teens,2019,India
s6533,TV Show,TV-MA,Adults,2018,United States
s6534,Movie,TV-14,Teens,2021,United States
s6535,Movie,PG,Teens,2017,Canada
s6537,Movie,PG,Teens,2017,United States
s6538,Movie,TV-14,Teens,2018,Canada
s6539,TV Show,TV-MA,Adults,2019,Australia
s6540,Movie,TV-G,Kids,2016,United States
s6541,Movie,R,Adults,2019,United States
s6541,Movie,R,Adults,2019,Germany
s6542,Movie,TV-MA,Adults,2019,India
s6543,TV Show,TV-MA,Adults,2019,France
s6544,Movie,PG-13,Adults,2019,Taiwan
s6544,Movie,PG-13,Adults,2019,Hong Kong
s6544,Movie,PG-13,Adults,2019,United States
s6544,Movie,PG-13,Adults,2019,China
s6545,Movie,R,Adults,2017,United States
s6546,Movie,R,Adults,2018,United States
s6547,Movie,TV-14,Teens,2018,India
s6548,Movie,TV-MA,Adults,2019,Turkey
s6549,Movie,PG,Teens,2018,United States
s6550,TV Show,TV-PG,Teens,2018,United Kingdom
s6551,Movie,PG,Teens,2019,United States
s6552,Movie,TV-MA,Adults,2019,United States
s6553,Movie,NR,Unrated,2016,Argentina
s6554,Movie,TV-14,Teens,2018,India
s6555,Movie,TV-MA,Adults,2018,United States
s6555,Movie,TV-MA,Adults,2018,India
s6556,Movie,R,Adults,2018,United States
s6557,TV Show,TV-PG,Teens,2017,Australia
s6558,Movie,TV-PG,Teens,2018,Germany
s6558,Movie,TV-PG,Teens,2018,Australia
s6559,Movie,TV-MA,Adults,2017,Germany
s6560,TV Show,TV-MA,Adults,2018,Mexico
s6561,TV Show,TV-MA,Adults,2019,United Kingdom
s6562,Movie,TV-MA,Adults,2017,United States
s6563,Movie,PG-13,Adults,2019,United States
s6564,Movie,TV-PG,Teens,2018,Ireland
s6565,Movie,TV-MA,Adults,2017,India
s6566,Movie,R,Adults,2019,United Kingdom
s6566,Movie,R,Adults,2019,Poland
s6566,Movie,R,Adults,2019,United States
s6567,Movie,R,Adults,2018,United States
s6567,Movie,R,Adults,2018,United Kingdom
s6567,Movie,R,Adults,2018,France
s6568,Movie,TV-MA,Adults,2019,India
s6569,TV Show,TV-MA,Adults,2018,India
s6570,Movie,TV-14,Teens,2017,India
s6571,Movie,NR,Unrated,2017,United Kingdom
s6571,Movie,NR,Unrated,2017,United States
s6572,TV Show,TV-MA,Adults,2018,China
s6573,TV Show,TV-MA,Adults,2018,Taiwan
s6574,Movie,TV-MA,Adults,2018,United States
s6575,Movie,TV-PG,Teens,2019,Netherlands
s6576,Movie,R,Adults,2018,United States
s6577,Movie,TV-MA,Adults,2019,United Kingdom
s6578,Movie,TV-14,Teens,2019,India
s6579,Movie,TV-14,Teens,2019,United States
s6580,Movie,PG-13,Adults,2020,United States
s6581,Movie,TV-14,Teens,2019,India
s6582,Movie,TV-Y7-FV,Kids,2016,United States
s6583,Movie,TV-PG,Teens,2019,Canada
s6584,Movie,R,Adults,2020,United States
s6585,Movie,R,Adults,2019,United States
s6586,Movie,TV-MA,Adults,2018,United Kingdom
s6587,TV Show,TV-MA,Adults,2018,United States
s6588,TV Show,TV-MA,Adults,2017,Australia
s6589,Movie,TV-MA,Adults,2020,India
s6590,Movie,TV-14,Teens,2017,United States
s6591,Movie,R,Adults,2018,United States
s6592,Movie,NR,Unrated,2016,Denmark
s6592,Movie,NR,Unrated,2016,Zimbabwe
s6593,Movie,R,Adults,2020,United States
s6594,Movie,R,Adults,2017,United States
s6596,Movie,TV-MA,Adults,2018,United States
s6597,Movie,TV-14,Teens,2019,Egypt
s6598,Movie,R,Adults,2017,United Kingdom
s6598,Movie,R,Adults,2017,South Africa
s6599,Movie,TV-14,Teens,2019,United States
s6600,Movie,TV-MA,Adults,2017,Finland
s6600,Movie,TV-MA,Adults,2017,Sweden
s6600,Movie,TV-MA,Adults,2017,Norway
s6600,Movie,TV-MA,Adults,2017,Latvia
s6600,Movie,TV-MA,Adults,2017,Germany
s6601,Movie,TV-MA,Adults,2020,Canada
s6602,TV Show,TV-PG,Teens,2018,India
s6603,Movie,TV-PG,Teens,2018,India
s6604,TV Show,TV-MA,Adults,2018,United States
s6605,Movie,TV-14,Teens,2019,India
s6606,Movie,TV-14,Teens,2019,China
s6606,Movie,TV-14,Teens,2019,Hong Kong
s6607,Movie,TV-PG,Teens,2017,United Kingdom
s6608,Movie,TV-PG,Teens,2017,United Kingdom
s6609,Movie,NR,Unrated,2016,France
s6609,Movie,NR,Unrated,2016,Belgium
s6610,Movie,PG-13,Adults,2019,United Kingdom
s6610,Movie,PG-13,Adults,2019,United States
s6611,Movie,TV-14,Teens,2018,India
s6612,TV Show,TV-MA,Adults,2008,United States
s6613,Movie,PG-13,Adults,2020,United States
s6614,TV Show,TV-G,Kids,2017,Canada
s6615,Movie,TV-14,Teens,2018,Hong Kong
s6616,Movie,TV-MA,Adults,2017,United States
s6617,Movie,TV-14,Teens,2018,United States
s6618,Movie,R,Adults,2019,South Africa
s6618,Movie,R,Adults,2019,United States
s6618,Movie,R,Adults,2019,New Zealand
s6618,Movie,R,Adults,2019,Canada
s6620,Movie,PG-13,Adults,2019,United States
s6620,Movie,PG-13,Adults,2019,Italy
s6620,Movie,PG-13,Adults,2019,United Kingdom
s6620,Movie,PG-13,Adults,2019,Liechtenstein
s6621,Movie,TV-MA,Adults,2016,United States
s6622,Movie,TV-PG,Teens,2019,United States
s6623,Movie,PG,Teens,2019,United States
s6624,Movie,R,Adults,2019,Denmark
s6624,Movie,R,Adults,2019,France
s6624,Movie,R,Adults,2019,Belgium
s6624,Movie,R,Adults,2019,Italy
s6624,Movie,R,Adults,2019,Netherlands
s6624,Movie,R,Adults,2019,United States
s6624,Movie,R,Adults,2019,United Kingdom
s6625,Movie,TV-14,Teens,2018,United States
s6626,Movie,PG-13,Adults,2020,United States
s6627,Movie,R,Adults,2019,United States
s6627,Movie,R,Adults,2019,Australia
s6627,Movie,R,Adults,2019,Mexico
s6628,Movie,TV-MA,Adults,2020,France
s6629,Movie,TV-MA,Adults,2020,France
s6630,Movie,TV-14,Teens,2020,France
s6631,Movie,R,Adults,2019,United Kingdom
s6632,Movie,TV-MA,Adults,2017,United Kingdom
s6633,Movie,R,Adults,2017,United States
s6634,Movie,R,Adults,2020,United States
s6635,Movie,R,Adults,2020,United Kingdom
s6635,Movie,R,Adults,2020,Czech Republic
s6635,Movie,R,Adults,2020,Germany
s6635,Movie,R,Adults,2020,United States
s6636,TV Show,TV-14,Teens,2019,United States
s6637,Movie,TV-14,Teens,2018,Hong Kong
s6638,Movie,PG-13,Adults,2019,United States
s6639,Movie,TV-PG,Teens,2018,United States
s6640,Movie,PG,Teens,2019,United States
s6641,Movie,PG,Teens,2019,France
s6641,Movie,PG,Teens,2019,China
s6641,Movie,PG,Teens,2019,Japan
s6641,Movie,PG,Teens,2019,United States
s6642,Movie,PG-13,Adults,2020,United States
s6643,Movie,PG-13,Adults,2020,United States
s6644,Movie,PG,Teens,2020,United States
s6645,Movie,PG-13,Adults,2017,United States
s6647,TV Show,TV-14,Teens,2016,United States
s6647,TV Show,TV-14,Teens,2016,South Korea
s6647,TV Show,TV-14,Teens,2016,China
s6648,Movie,TV-G,Kids,2018,United States
s6649,Movie,TV-MA,Adults,2017,Germany
s6650,Movie,TV-PG,Teens,2018,Germany
s6650,Movie,TV-PG,Teens,2018,Belgium
s6651,Movie,TV-PG,Teens,2019,United States
s6652,TV Show,TV-MA,Adults,2019,United States
s6653,TV Show,TV-14,Teens,2017,United States
s6653,TV Show,TV-14,Teens,2017,Chile
s6654,Movie,TV-14,Teens,2016,Pakistan
s6654,Movie,TV-14,Teens,2016,Norway
s6654,Movie,TV-14,Teens,2016,United States
s6655,Movie,TV-14,Teens,2018,India
s6656,Movie,PG-13,Adults,2019,United States
s6657,Movie,TV-14,Teens,2019,United Kingdom
s6658,Movie,PG,Teens,2019,United States
s6659,TV Show,TV-Y,Kids,2020,Brazil
s6660,TV Show,TV-PG,Teens,2017,United Kingdom
s6662,Movie,PG,Teens,2020,United States
s6663,Movie,PG-13,Adults,2020,United States
s6664,TV Show,TV-MA,Adults,2016,Taiwan
s6665,Movie,PG-13,Adults,2019,United States
s6666,Movie,TV-MA,Adults,2018,United States
s6667,Movie,TV-14,Teens,2018,India
s6668,Movie,TV-14,Teens,2017,India
s6669,Movie,TV-PG,Teens,2018,India
s6670,Movie,TV-MA,Adults,2019,India
s6671,Movie,R,Adults,2018,United States
s6671,Movie,R,Adults,2018,Canada
s6671,Movie,R,Adults,2018,Belgium
s6671,Movie,R,Adults,2018,United Kingdom
s6672,TV Show,NR,Unrated,2017,Spain
s6673,TV Show,TV-MA,Adults,2018,Colombia
s6674,TV Show,TV-MA,Adults,2018,Colombia
s6675,TV Show,TV-PG,Teens,2017,Mexico
s6676,Movie,TV-14,Teens,2017,Venezuela
s6677,TV Show,TV-14,Teens,2017,United States
s6678,Movie,TV-14,Teens,2017,Spain
s6679,TV Show,TV-MA,Adults,2018,United States
s6681,Movie,TV-MA,Adults,2018,Netherlands
s6682,Movie,TV-G,Kids,2017,United Kingdom
s6683,Movie,R,Adults,2020,United States
s6684,Movie,TV-14,Teens,2017,France
s6687,Movie,TV-PG,Teens,2016,United Kingdom
s6688,Movie,TV-MA,Adults,2018,United States
s6689,Movie,TV-PG,Teens,2018,Indonesia
s6690,Movie,TV-MA,Adults,2018,Australia
s6691,TV Show,TV-PG,Teens,2018,United States
s6692,Movie,TV-14,Teens,2018,Canada
s6692,Movie,TV-14,Teens,2018,France
s6692,Movie,TV-14,Teens,2018,Italy
s6692,Movie,TV-14,Teens,2018,Morocco
s6692,Movie,TV-14,Teens,2018,United States
s6693,Movie,PG-13,Adults,2020,United States
s6695,Movie,TV-14,Teens,2019,India
s6696,TV Show,TV-14,Teens,2019,United Kingdom
s6697,Movie,R,Adults,2019,United States
s6699,Movie,R,Adults,2018,Canada
s6699,Movie,R,Adults,2018,Spain
s6699,Movie,R,Adults,2018,France
s6700,Movie,TV-14,Teens,2017,United States
s6701,Movie,TV-MA,Adults,2018,Canada
s6702,Movie,R,Adults,2021,Hong Kong
s6702,Movie,R,Adults,2021,United States
s6703,Movie,PG-13,Adults,2018,United States
s6703,Movie,PG-13,Adults,2018,Indonesia
s6704,Movie,R,Adults,2019,United States
s6705,Movie,TV-MA,Adults,2019,Poland
s6706,Movie,NR,Unrated,2018,Argentina
s6707,Movie,TV-14,Teens,2017,Mexico
s6708,Movie,TV-14,Teens,2018,India
s6709,Movie,R,Adults,2019,Italy
s6711,Movie,PG,Teens,2019,United States
s6712,Movie,R,Adults,2020,United Kingdom
s6712,Movie,R,Adults,2020,United States
s6713,Movie,TV-MA,Adults,2020,United States
s6714,Movie,R,Adults,2019,Spain
s6714,Movie,R,Adults,2019,France
s6714,Movie,R,Adults,2019,Italy
s6715,TV Show,TV-PG,Teens,2017,United Kingdom
s6716,Movie,PG-13,Adults,2019,United States
s6717,Movie,R,Adults,2018,United Kingdom
s6718,TV Show,TV-14,Teens,2017,China
s6720,Movie,R,Adults,2019,United States
s6721,Movie,TV-MA,Adults,2016,Norway
s6722,Movie,NR,Unrated,2019,United States
s6723,Movie,R,Adults,2019,United States
s6724,Movie,TV-14,Teens,2019,United States
s6725,TV Show,TV-MA,Adults,2017,United Kingdom
s6725,TV Show,TV-MA,Adults,2017,United States
s6726,Movie,TV-MA,Adults,2017,Turkey
s6727,Movie,TV-PG,Teens,2017,Turkey
s6728,Movie,TV-PG,Teens,2017,Turkey
s6729,TV Show,TV-14,Teens,2016,Turkey
s6730,Movie,TV-MA,Adults,2018,United States
s6731,Movie,TV-MA,Adults,2018,United States
s6732,TV Show,TV-MA,Adults,2017,Japan
s6733,TV Show,TV-G,Kids,2019,United Kingdom
s6734,Movie,TV-14,Teens,2018,India
s6735,Movie,TV-14,Teens,2020,United States
s6736,Movie,R,Adults,2019,United States
s6737,Movie,TV-MA,Adults,2019,Germany
s6738,Movie,TV-14,Teens,2016,India
s6739,Movie,TV-14,Teens,2019,United States
s6740,Movie,NR,Unrated,2018,India
s6741,Movie,TV-MA,Adults,2019,Egypt
s6743,TV Show,TV-14,Teens,2018,United Kingdom
s6744,Movie,R,Adults,2019,United States
s6745,TV Show,TV-MA,Adults,2017,India
s6746,Movie,TV-MA,Adults,2017,United States
s6747,Movie,G,Kids,2020,United States
s6748,Movie,NR,Unrated,2015,Nigeria
s6749,Movie,TV-Y7,Kids,2016,United Kingdom
s6750,Movie,TV-PG,Teens,2016,United States
s6751,TV Show,TV-14,Teens,2017,Turkey
s6752,Movie,TV-MA,Adults,2018,United States
s6753,Movie,TV-PG,Teens,2018,Indonesia
s6754,Movie,R,Adults,2020,United States
s6755,Movie,R,Adults,2020,United States
s6755,Movie,R,Adults,2020,Canada
s6756,Movie,R,Adults,2020,United States
s6756,Movie,R,Adults,2020,Germany
s6757,Movie,TV-14,Teens,2017,Italy
s6757,Movie,TV-14,Teens,2017,France
s6758,Movie,TV-MA,Adults,2019,India
s6759,Movie,TV-14,Teens,2019,United States
s6760,Movie,R,Adults,2019,United Kingdom
s6760,Movie,R,Adults,2019,Canada
s6760,Movie,R,Adults,2019,United States
s6761,Movie,TV-MA,Adults,2017,United Kingdom
s6763,Movie,NR,Unrated,2018,United States
s6765,Movie,TV-14,Teens,2020,United Arab Emirates
s6766,Movie,R,Adults,2019,Hong Kong
s6767,TV Show,TV-G,Kids,2018,United States
s6768,Movie,PG-13,Adults,2017,Canada
s6768,Movie,PG-13,Adults,2017,United States
s6769,Movie,TV-14,Teens,2019,Egypt
s6770,Movie,TV-MA,Adults,2018,United States
s6771,TV Show,TV-Y7,Kids,2019,South Korea
s6772,Movie,TV-MA,Adults,2018,Hong Kong
s6773,Movie,TV-MA,Adults,2018,United Arab Emirates
s6773,Movie,TV-MA,Adults,2018,United States
s6773,Movie,TV-MA,Adults,2018,United Kingdom
s6775,TV Show,TV-14,Teens,2017,United States
s6776,Movie,PG,Teens,2017,Spain
s6777,Movie,R,Adults,2020,United States
s6778,Movie,TV-PG,Teens,2016,United States
s6779,Movie,R,Adults,2019,Mexico
s6780,Movie,TV-MA,Adults,2019,United Kingdom
s6781,Movie,TV-MA,Adults,2019,United States
s6782,Movie,G,Kids,2018,United States
s6783,TV Show,TV-14,Teens,2018,United States
s6784,Movie,TV-14,Teens,2017,United Kingdom
s6785,Movie,G,Kids,2019,United States
s6786,TV Show,TV-PG,Teens,2017,United Kingdom
s6787,Movie,TV-MA,Adults,2018,Brazil
s6788,Movie,TV-MA,Adults,2017,United Kingdom
s6788,Movie,TV-MA,Adults,2017,Israel
s6788,Movie,TV-MA,Adults,2017,Russia
s6789,TV Show,TV-MA,Adults,2017,United Kingdom
s6790,Movie,PG,Teens,2019,United States
s6791,Movie,PG-13,Adults,2021,Germany
s6791,Movie,PG-13,Adults,2021,United States
s6792,TV Show,TV-MA,Adults,2016,Spain
s6792,TV Show,TV-MA,Adults,2016,Cuba
s6793,Movie,R,Adults,2019,United Kingdom
s6794,Movie,R,Adults,2019,United States
s6794,Movie,R,Adults,2019,Germany
s6795,Movie,R,Adults,2017,United States
s6795,Movie,R,Adults,2017,Brazil
s6796,TV Show,TV-PG,Teens,,United States
s6797,Movie,TV-MA,Adults,2020,United States
s6798,Movie,PG,Teens,2021,United States
s6799,Movie,PG,Teens,2020,United States
s6799,Movie,PG,Teens,2020,France
s6799,Movie,PG,Teens,2020,Mexico
s6800,Movie,R,Adults,2017,United States
s6800,Movie,R,Adults,2017,Nicaragua
s6801,Movie,TV-MA,Adults,2019,Egypt
s6802,Movie,TV-MA,Adults,2016,United States
s6803,Movie,TV-PG,Teens,2020,United States
s6804,TV Show,TV-PG,Teens,2018,United States
s6805,Movie,R,Adults,2020,United States
s6806,Movie,R,Adults,2018,Germany
s6807,TV Show,TV-14,Teens,,United States
s6808,Movie,TV-14,Teens,2019,Egypt
s6809,Movie,R,Adults,2020,France
s6809,Movie,R,Adults,2020,United Kingdom
s6809,Movie,R,Adults,2020,United States
s6810,Movie,PG,Teens,2018,United States
s6811,TV Show,TV-PG,Teens,2016,United Kingdom
s6811,TV Show,TV-PG,Teens,2016,United States
s6811,TV Show,TV-PG,Teens,2016,Spain
s6811,TV Show,TV-PG,Teens,2016,Germany
s6811,TV Show,TV-PG,Teens,2016,Greece
s6811,TV Show,TV-PG,Teens,2016,Canada
s6812,Movie,TV-PG,Teens,2016,United Kingdom
s6812,Movie,TV-PG,Teens,2016,United States
s6812,Movie,TV-PG,Teens,2016,Spain
s6812,Movie,TV-PG,Teens,2016,Germany
s6812,Movie,TV-PG,Teens,2016,Greece
s6812,Movie,TV-PG,Teens,2016,Canada
s6813,Movie,TV-PG,Teens,2016,United Kingdom
s6813,Movie,TV-PG,Teens,2016,United States
s6813,Movie,TV-PG,Teens,2016,Spain
s6813,Movie,TV-PG,Teens,2016,Germany
s6813,Movie,TV-PG,Teens,2016,Greece
s6813,Movie,TV-PG,Teens,2016,Canada
s6814,Movie,R,Adults,2019,United States
s6815,Movie,TV-PG,Teens,2016,Canada
s6815,Movie,TV-PG,Teens,2016,United States
s6816,Movie,TV-MA,Adults,2018,United States
s6817,Movie,TV-MA,Adults,2019,Vietnam
s6818,Movie,TV-MA,Adults,2019,United States
s6818,Movie,TV-MA,Adults,2019,United Kingdom
s6819,Movie,PG,Teens,2019,United States
s6820,Movie,TV-MA,Adults,2018,Brazil
s6820,Movie,TV-MA,Adults,2018,France
s6821,TV Show,TV-14,Teens,2018,India
s6822,Movie,TV-14,Teens,2017,Russia
s6823,TV Show,TV-PG,Teens,2016,United States
s6824,Movie,TV-PG,Teens,2018,Indonesia
s6825,TV Show,TV-MA,Adults,2016,Taiwan
s6826,TV Show,TV-PG,Teens,2017,India
s6827,Movie,R,Adults,2019,United States
s6827,Movie,R,Adults,2019,Italy
s6828,TV Show,,Unknown,2016,Japan
s6829,Movie,TV-PG,Teens,2018,Indonesia
s6830,Movie,TV-PG,Teens,2018,Indonesia
s6831,Movie,TV-MA,Adults,2018,Japan
s6831,Movie,TV-MA,Adults,2018,United States
s6832,Movie,TV-MA,Adults,2017,India
s6833,Movie,TV-PG,Teens,2018,India
s6834,Movie,TV-PG,Teens,2018,United States
s6835,TV Show,TV-PG,Teens,2017,United Kingdom
s6836,TV Show,TV-PG,Teens,2017,United Kingdom
s6837,TV Show,TV-MA,Adults,2016,Sweden
s6838,Movie,PG,Teens,2016,United States
s6838,Movie,PG,Teens,2016,Australia
s6839,TV Show,TV-Y,Kids,2017,Italy
s6839,TV Show,TV-Y,Kids,2017,Canada
s6839,TV Show,TV-Y,Kids,2017,France
s6840,Movie,R,Adults,2020,United States
s6841,Movie,PG,Teens,2014,United Kingdom
s6841,Movie,PG,Teens,2014,United States
s6842,TV Show,TV-MA,Adults,2018,United States
s6843,Movie,PG-13,Adults,2019,United States
s6844,Movie,PG-13,Adults,2019,United States
s6845,Movie,TV-14,Teens,2019,India
s6846,Movie,TV-MA,Adults,2017,Thailand
s6846,Movie,TV-MA,Adults,2017,United States
s6847,Movie,TV-MA,Adults,2019,Japan
s6848,Movie,PG-13,Adults,2020,United States
s6848,Movie,PG-13,Adults,2020,Australia
s6849,Movie,TV-MA,Adults,2019,Japan
s6850,TV Show,TV-14,Teens,2019,United States
s6851,Movie,TV-14,Teens,2019,Japan
s6852,Movie,TV-MA,Adults,2019,India
s6853,Movie,TV-14,Teens,2018,Indonesia
s6854,Movie,G,Kids,2019,United States
s6855,Movie,PG-13,Adults,2018,United Kingdom
s6855,Movie,PG-13,Adults,2018,Denmark
s6855,Movie,PG-13,Adults,2018,Canada
s6855,Movie,PG-13,Adults,2018,Croatia
s6856,Movie,TV-14,Teens,2019,Philippines
s6857,Movie,NR,Unrated,2017,United States
s6859,Movie,PG,Teens,2019,United States
s6860,Movie,TV-PG,Teens,2018,United States
s6861,Movie,NR,Unrated,2017,China
s6861,Movie,NR,Unrated,2017,Hong Kong
s6862,Movie,PG,Teens,2020,United States
s6863,Movie,PG,Teens,2018,United States
s6864,Movie,TV-MA,Adults,2018,United Kingdom
s6865,Movie,TV-PG,Teens,2019,India
s6866,Movie,TV-Y,Kids,2017,Japan
s6867,Movie,PG-13,Adults,2019,United Kingdom
s6867,Movie,PG-13,Adults,2019,United States
s6868,Movie,TV-MA,Adults,2020,United States
s6869,TV Show,TV-Y,Kids,2018,United States
s6870,Movie,R,Adults,2018,Australia
s6871,Movie,TV-14,Teens,2019,India
s6872,TV Show,TV-MA,Adults,2017,Italy
s6872,TV Show,TV-MA,Adults,2017,Germany
s6873,Movie,R,Adults,2019,United States
s6874,TV Show,TV-14,Teens,2017,Turkey
s6875,Movie,R,Adults,2017,United States
s6876,Movie,R,Adults,2017,United States
s6877,Movie,TV-MA,Adults,2020,United States
s6878,Movie,TV-MA,Adults,2019,Egypt
s6879,Movie,PG,Teens,2019,United States
s6879,Movie,PG,Teens,2019,France
s6879,Movie,PG,Teens,2019,United Kingdom
s6879,Movie,PG,Teens,2019,Japan
s6880,Movie,R,Adults,2017,United States
s6880,Movie,R,Adults,2017,United Kingdom
s6880,Movie,R,Adults,2017,Denmark
s6880,Movie,R,Adults,2017,Sweden
s6881,Movie,R,Adults,2021,United States
s6882,Movie,TV-MA,Adults,2018,United States
s6883,Movie,R,Adults,2017,United States
s6883,Movie,R,Adults,2017,Canada
s6884,Movie,PG,Teens,2019,United States
s6884,Movie,PG,Teens,2019,United Kingdom
s6885,Movie,R,Adults,2019,United States
s6885,Movie,R,Adults,2019,United Kingdom
s6885,Movie,R,Adults,2019,Italy
s6886,TV Show,TV-14,Teens,2013,United States
s6887,Movie,R,Adults,2021,United States
s6887,Movie,R,Adults,2021,France
s6887,Movie,R,Adults,2021,Canada
s6887,Movie,R,Adults,2021,Spain
s6888,Movie,TV-14,Teens,2017,India
s6889,Movie,R,Adults,2020,Germany
s6889,Movie,R,Adults,2020,United States
s6890,TV Show,TV-14,Teens,2019,United Kingdom
s6891,TV Show,TV-PG,Teens,2017,Spain
s6892,Movie,TV-MA,Adults,2018,India
s6893,Movie,TV-MA,Adults,2019,United States
s6894,Movie,PG,Teens,2019,United States
s6895,TV Show,TV-PG,Teens,2018,United Kingdom
s6896,TV Show,TV-PG,Teens,2017,United Kingdom
s6897,Movie,R,Adults,2018,United States
s6898,Movie,TV-MA,Adults,2018,Nigeria
s6899,Movie,TV-MA,Adults,2018,United States
s6900,Movie,TV-PG,Teens,2017,United States
s6901,Movie,TV-PG,Teens,2017,Canada
s6902,TV Show,TV-14,Teens,,Japan
s6903,Movie,TV-G,Kids,2019,United Kingdom
s6904,Movie,TV-MA,Adults,2018,Chile
s6905,Movie,TV-MA,Adults,2017,Turkey
s6906,Movie,TV-14,Teens,2017,Turkey
s6908,Movie,TV-14,Teens,2018,India
s6909,Movie,TV-14,Teens,2018,Turkey
s6910,Movie,PG,Teens,2020,United States
s6910,Movie,PG,Teens,2020,United Kingdom
s6910,Movie,PG,Teens,2020,Canada
s6911,Movie,PG-13,Adults,2017,United States
s6911,Movie,PG-13,Adults,2017,Japan
s6912,Movie,TV-14,Teens,2016,United States
s6913,Movie,TV-14,Teens,2018,India
s6914,Movie,R,Adults,2019,United States
s6915,Movie,TV-14,Teens,2019,Egypt
s6916,Movie,R,Adults,2020,United States
s6917,Movie,TV-14,Teens,2018,United States
s6918,TV Show,TV-MA,Adults,2020,United States
s6919,Movie,TV-G,Kids,2018,United Kingdom
s6920,TV Show,TV-14,Teens,2017,Taiwan
s6921,Movie,TV-MA,Adults,2018,United States
s6922,Movie,NR,Unrated,2017,Mexico
s6923,TV Show,TV-MA,Adults,2016,United Kingdom
s6924,TV Show,TV-MA,Adults,2016,United States
s6925,Movie,TV-MA,Adults,2017,United Kingdom
s6926,Movie,R,Adults,2020,Russia
s6926,Movie,R,Adults,2020,United States
s6926,Movie,R,Adults,2020,China
s6928,Movie,R,Adults,2019,United States
s6929,Movie,R,Adults,2020,United States
s6929,Movie,R,Adults,2020,Canada
s6929,Movie,R,Adults,2020,Germany
s6930,Movie,TV-14,Teens,2018,United States
s6931,TV Show,TV-14,Teens,2019,United Kingdom
s6932,Movie,TV-G,Kids,2018,United States
s6932,Movie,TV-G,Kids,2018,Canada
s6933,TV Show,TV-Y7,Kids,2017,Malaysia
s6934,Movie,TV-PG,Teens,2017,United States
s6935,Movie,NR,Unrated,2017,United States
s6936,TV Show,TV-PG,Teens,2015,United States
s6937,Movie,TV-PG,Teens,2018,India
s6938,TV Show,TV-14,Teens,2017,Indonesia
s6939,Movie,TV-MA,Adults,2018,United States
s6940,Movie,TV-MA,Adults,2019,United States
s6941,Movie,TV-MA,Adults,2019,Australia
s6942,TV Show,TV-14,Teens,2015,Canada
s6942,TV Show,TV-14,Teens,2015,United States
s6943,Movie,TV-MA,Adults,2017,United States
s6944,Movie,R,Adults,2020,Ireland
s6944,Movie,R,Adults,2020,United States
s6945,Movie,PG-13,Adults,2018,United States
s6945,Movie,PG-13,Adults,2018,United Arab Emirates
s6946,Movie,R,Adults,2019,United States
s6947,Movie,TV-MA,Adults,2019,United States
s6948,Movie,TV-MA,Adults,2018,Australia
s6949,Movie,TV-14,Teens,2019,United States
s6950,Movie,PG-13,Adults,2019,United States
s6951,Movie,TV-MA,Adults,2018,United States
s6952,TV Show,TV-MA,Adults,2018,Canada
s6953,Movie,PG,Teens,2019,United States
s6953,Movie,PG,Teens,2019,China
s6954,TV Show,TV-MA,Adults,2018,United States
s6954,TV Show,TV-MA,Adults,2018,Canada
s6955,Movie,R,Adults,2018,United States
s6956,TV Show,TV-14,Teens,2016,Canada
s6956,TV Show,TV-14,Teens,2016,United Kingdom
s6957,Movie,R,Adults,2019,United States
s6958,Movie,PG-13,Adults,2018,United States
s6959,Movie,R,Adults,2018,United States
s6960,Movie,TV-14,Teens,2019,United States
s6961,Movie,TV-14,Teens,2019,India
s6962,Movie,TV-MA,Adults,2017,United States
s6963,Movie,TV-MA,Adults,2018,Hong Kong
s6963,Movie,TV-MA,Adults,2018,China
s6964,TV Show,TV-MA,Adults,2019,Denmark
s6965,Movie,TV-MA,Adults,2020,United States
s6966,TV Show,TV-Y7,Kids,2017,South Korea
s6967,Movie,TV-14,Teens,2018,India
s6968,Movie,TV-14,Teens,2017,China
s6969,Movie,TV-14,Teens,2017,Australia
s6970,TV Show,TV-PG,Teens,2019,Canada
s6971,TV Show,TV-PG,Teens,2016,United States
s6972,TV Show,TV-14,Teens,2017,United Kingdom
s6973,Movie,TV-PG,Teens,2017,United Kingdom
s6974,Movie,TV-MA,Adults,2017,India
s6974,Movie,TV-MA,Adults,2017,United States
s6975,TV Show,TV-MA,Adults,2017,Argentina
s6976,Movie,TV-14,Teens,2018,India
s6977,TV Show,TV-PG,Teens,2019,Australia
s6978,Movie,PG-13,Adults,2020,United States
s6979,Movie,TV-PG,Teens,2016,United Kingdom
s6980,Movie,TV-14,Teens,2017,France
s6981,Movie,TV-PG,Teens,2017,Pakistan
s6982,TV Show,TV-Y,Kids,2017,United States
s6983,Movie,TV-MA,Adults,2017,Turkey
s6984,Movie,TV-MA,Adults,2016,Australia
s6985,Movie,TV-MA,Adults,2016,United States
s6985,Movie,TV-MA,Adults,2016,Ireland
s6986,Movie,NR,Unrated,2016,United States
s6987,Movie,TV-14,Teens,2018,Thailand
s6988,Movie,TV-MA,Adults,2018,Thailand
s6989,Movie,TV-14,Teens,2018,India
s6991,Movie,PG-13,Adults,2019,United States
s6992,Movie,PG-13,Adults,2018,United States
s6993,Movie,PG,Teens,2018,United States
s6994,Movie,TV-14,Teens,2018,India
s6995,Movie,PG,Teens,2018,United States
s6996,Movie,TV-14,Teens,2019,United States
s6996,Movie,TV-14,Teens,2019,South Africa
s6997,TV Show,TV-MA,Adults,2018,Thailand
s6998,Movie,R,Adults,2019,United States
s6998,Movie,R,Adults,2019,Canada
s6999,TV Show,TV-14,Teens,2019,United Kingdom
s7000,Movie,TV-14,Teens,2019,India
s7001,Movie,TV-14,Teens,2017,Ireland
s7001,Movie,TV-14,Teens,2017,United Kingdom
s7001,Movie,TV-14,Teens,2017,Italy
s7001,Movie,TV-14,Teens,2017,United States
s7003,Movie,R,Adults,2018,United States
s7004,Movie,NR,Unrated,2016,United States
s7005,Movie,TV-MA,Adults,2017,United Kingdom
s7006,Movie,PG-13,Adults,2019,United States
s7007,TV Show,TV-14,Teens,2017,Belgium
s7008,Movie,TV-MA,Adults,2019,Poland
s7009,Movie,PG,Teens,2019,United States
s7010,Movie,PG-13,Adults,2020,United States
s7010,Movie,PG-13,Adults,2020,Canada
s7011,Movie,TV-14,Teens,2018,United States
s7011,Movie,TV-14,Teens,2018,Canada
s7012,Movie,TV-14,Teens,2017,Slovenia
s7012,Movie,TV-14,Teens,2017,Croatia
s7012,Movie,TV-14,Teens,2017,Germany
s7012,Movie,TV-14,Teens,2017,Czech Republic
s7012,Movie,TV-14,Teens,2017,Qatar
s7013,Movie,TV-PG,Teens,2018,United States
s7013,Movie,TV-PG,Teens,2018,United Kingdom
s7014,Movie,PG,Teens,2017,United States
s7015,Movie,PG-13,Adults,2019,Mexico
s7015,Movie,PG-13,Adults,2019,United States
s7016,Movie,R,Adults,2019,United States
s7017,Movie,NR,Unrated,2016,Canada
s7017,Movie,NR,Unrated,2016,United Kingdom
s7017,Movie,NR,Unrated,2016,Netherlands
s7019,Movie,PG-13,Adults,2018,United States
s7020,Movie,TV-PG,Teens,2016,United States
s7021,Movie,TV-14,Teens,2018,India
s7022,Movie,PG-13,Adults,2020,United States
s7023,Movie,TV-G,Kids,2018,India
s7024,Movie,TV-PG,Teens,2017,India
s7025,TV Show,TV-PG,Teens,2016,Pakistan
s7026,Movie,TV-MA,Adults,2018,United Kingdom
s7027,Movie,R,Adults,2020,Canada
s7028,Movie,R,Adults,2019,United States
s7028,Movie,R,Adults,2019,Spain
s7028,Movie,R,Adults,2019,Germany
s7029,TV Show,TV-14,Teens,2019,United Kingdom
s7030,TV Show,TV-Y7,Kids,2018,United States
s7030,TV Show,TV-Y7,Kids,2018,Italy
s7031,Movie,TV-MA,Adults,2017,United States
s7032,Movie,TV-MA,Adults,2018,United States
s7033,Movie,R,Adults,2019,United States
s7035,Movie,TV-MA,Adults,2017,Argentina
s7036,Movie,TV-MA,Adults,2019,India
s7036,Movie,TV-MA,Adults,2019,Japan
s7037,Movie,PG,Teens,2017,United Kingdom
s7038,Movie,TV-14,Teens,2017,United States
s7039,Movie,TV-14,Teens,2019,United States
s7040,TV Show,TV-14,Teens,2017,Mexico
s7041,Movie,TV-14,Teens,2017,China
s7042,Movie,NR,Unrated,2017,China
s7042,Movie,NR,Unrated,2017,South Korea
s7042,Movie,NR,Unrated,2017,United States
s7043,Movie,R,Adults,2018,United Kingdom
s7044,Movie,R,Adults,2019,United States
s7045,Movie,PG-13,Adults,2019,United States
s7047,Movie,TV-14,Teens,2018,Thailand
s7048,Movie,R,Adults,2019,United Kingdom
s7048,Movie,R,Adults,2019,France
s7048,Movie,R,Adults,2019,Belgium
s7049,Movie,PG-13,Adults,2019,United States
s7050,Movie,PG,Teens,2017,United States
s7051,TV Show,TV-MA,Adults,2019,United States
s7052,Movie,TV-MA,Adults,2017,Canada
s7052,Movie,TV-MA,Adults,2017,Ireland
s7052,Movie,TV-MA,Adults,2017,United States
s7053,Movie,R,Adults,2018,China
s7053,Movie,R,Adults,2018,Hong Kong
s7054,Movie,TV-14,Teens,2018,India
s7055,TV Show,TV-PG,Teens,2018,United States
s7056,Movie,PG,Teens,2019,United States
s7056,Movie,PG,Teens,2019,France
s7057,Movie,NR,Unrated,2013,United States
s7058,Movie,PG,Teens,2019,United States
s7058,Movie,PG,Teens,2019,Germany
s7059,Movie,UR,Unrated,2019,France
s7060,TV Show,TV-14,Teens,2017,Taiwan
s7061,Movie,R,Adults,2018,United States
s7062,Movie,PG-13,Adults,2018,United Kingdom
s7062,Movie,PG-13,Adults,2018,United States
s7062,Movie,PG-13,Adults,2018,Dominican Republic
s7063,Movie,TV-14,Teens,2017,Turkey
s7064,Movie,TV-MA,Adults,2018,Serbia
s7064,Movie,TV-MA,Adults,2018,United States
s7065,Movie,TV-MA,Adults,2017,India
s7066,Movie,R,Adults,2018,United Kingdom
s7066,Movie,R,Adults,2018,United States
s7067,Movie,TV-MA,Adults,2017,United States
s7067,Movie,TV-MA,Adults,2017,Senegal
s7068,Movie,PG,Teens,2019,United States
s7069,Movie,NR,Unrated,2017,India
s7070,TV Show,TV-PG,Teens,2017,United Kingdom
s7071,Movie,PG-13,Adults,2019,United States
s7072,Movie,PG-13,Adults,2019,United States
s7073,Movie,PG,Teens,2019,United States
s7074,Movie,PG,Teens,2019,United States
s7075,Movie,TV-MA,Adults,2017,United States
s7076,Movie,PG,Teens,2018,United States
s7077,Movie,TV-PG,Teens,2018,United Kingdom
s7078,Movie,R,Adults,2019,Germany
s7078,Movie,R,Adults,2019,United States
s7079,Movie,PG,Teens,2019,Germany
s7079,Movie,PG,Teens,2019,United Kingdom
s7079,Movie,PG,Teens,2019,United States
s7080,Movie,TV-14,Teens,2018,India
s7081,TV Show,TV-MA,Adults,2018,United Kingdom
s7082,TV Show,TV-14,Teens,2019,United States
s7083,TV Show,TV-14,Teens,2019,Israel
s7084,TV Show,TV-MA,Adults,2018,United Kingdom
s7085,Movie,PG-13,Adults,2020,Mexico
s7086,TV Show,TV-MA,Adults,2017,Canada
s7087,Movie,TV-14,Teens,2016,United States
s7088,Movie,R,Adults,2018,Canada
s7089,Movie,TV-PG,Teens,2017,Japan
s7090,Movie,TV-14,Teens,2017,Japan
s7091,Movie,TV-14,Teens,2017,Japan
s7092,Movie,PG-13,Adults,2019,United States
s7093,Movie,TV-PG,Teens,2019,Canada
s7094,Movie,TV-MA,Adults,2018,South Africa
s7094,Movie,TV-MA,Adults,2018,Germany
s7094,Movie,TV-MA,Adults,2018,Netherlands
s7094,Movie,TV-MA,Adults,2018,France
s7095,Movie,TV-Y7,Kids,2018,India
s7096,Movie,TV-14,Teens,2018,India
s7097,Movie,TV-14,Teens,2019,United States
s7098,Movie,PG,Teens,2014,United States
s7099,TV Show,TV-Y7,Kids,2020,Canada
s7099,TV Show,TV-Y7,Kids,2020,United States
s7099,TV Show,TV-Y7,Kids,2020,United Kingdom
s7099,TV Show,TV-Y7,Kids,2020,France
s7099,TV Show,TV-Y7,Kids,2020,Luxembourg
s7100,Movie,TV-14,Teens,2018,India
s7101,TV Show,TV-PG,Teens,2017,United Kingdom
s7102,TV Show,TV-MA,Adults,2018,South Korea
s7103,Movie,TV-MA,Adults,2018,India
s7104,Movie,PG,Teens,2019,United States
s7106,Movie,TV-MA,Adults,2016,Spain
s7107,Movie,TV-14,Teens,2019,Egypt
s7108,Movie,NR,Unrated,2016,United States
s7110,Movie,TV-14,Teens,2019,India
s7111,Movie,PG,Teens,2017,France
s7111,Movie,PG,Teens,2017,Belgium
s7112,Movie,TV-MA,Adults,2019,Canada
s7113,TV Show,TV-MA,Adults,2013,United States
s7113,TV Show,TV-MA,Adults,2013,Ireland
s7114,Movie,R,Adults,2019,United States
s7115,Movie,TV-14,Teens,2018,Vietnam
s7116,Movie,TV-14,Teens,2019,India
s7118,Movie,TV-14,Teens,2017,India
s7119,Movie,TV-14,Teens,2018,India
s7120,Movie,TV-14,Teens,2017,Pakistan
s7121,TV Show,TV-G,Kids,2017,Japan
s7122,Movie,R,Adults,2019,United States
s7123,Movie,TV-MA,Adults,2019,Poland
s7124,TV Show,TV-G,Kids,2020,United States
s7125,Movie,PG-13,Adults,2016,United States
s7126,TV Show,TV-14,Teens,2017,United States
s7127,Movie,R,Adults,2019,United States
s7128,Movie,TV-14,Teens,2019,Ireland
s7128,Movie,TV-14,Teens,2019,United States
s7128,Movie,TV-14,Teens,2019,France
s7129,Movie,TV-MA,Adults,2018,United States
s7130,TV Show,TV-14,Teens,2017,India
s7131,Movie,R,Adults,2019,United States
s7132,TV Show,TV-Y7,Kids,2019,Russia
s7133,Movie,PG,Teens,2019,United States
s7135,Movie,TV-14,Teens,2017,United Kingdom
s7136,Movie,TV-14,Teens,2016,India
s7137,Movie,PG-13,Adults,2019,United States
s7138,Movie,TV-MA,Adults,2019,India
s7140,Movie,TV-MA,Adults,2019,United States
s7141,TV Show,TV-14,Teens,2016,United Kingdom
s7142,Movie,TV-MA,Adults,2018,India
s7143,TV Show,TV-MA,Adults,2017,Chile
s7144,TV Show,TV-14,Teens,2017,Mexico
s7145,Movie,TV-14,Teens,2019,India
s7146,Movie,PG,Teens,2019,United States
s7148,Movie,PG-13,Adults,2021,United States
s7149,TV Show,TV-Y,Kids,2015,United States
s7150,Movie,PG-13,Adults,2020,United States
s7151,Movie,R,Adults,2019,United States
s7152,Movie,PG-13,Adults,2019,United States
s7152,Movie,PG-13,Adults,2019,Australia
s7153,Movie,PG-13,Adults,2019,Germany
s7153,Movie,PG-13,Adults,2019,United States
s7153,Movie,PG-13,Adults,2019,Canada
s7154,Movie,TV-14,Teens,2018,Hong Kong
s7155,Movie,G,Kids,2018,United States
s7156,TV Show,TV-MA,Adults,2016,Japan
s7157,Movie,PG-13,Adults,2019,United Kingdom
s7157,Movie,PG-13,Adults,2019,Germany
s7157,Movie,PG-13,Adults,2019,Canada
s7157,Movie,PG-13,Adults,2019,United States
s7158,TV Show,TV-14,Teens,2016,Turkey
s7159,Movie,TV-14,Teens,2017,India
s7160,Movie,TV-PG,Teens,2018,India
s7161,Movie,TV-14,Teens,2019,India
s7162,Movie,TV-PG,Teens,2018,India
s7163,Movie,TV-MA,Adults,2017,India
s7164,Movie,TV-14,Teens,2017,India
s7165,Movie,PG,Teens,2017,United States
s7165,Movie,PG,Teens,2017,France
s7165,Movie,PG,Teens,2017,Canada
s7165,Movie,PG,Teens,2017,Lebanon
s7165,Movie,PG,Teens,2017,Qatar
s7166,Movie,TV-14,Teens,2017,India
s7167,Movie,TV-MA,Adults,2018,United Kingdom
s7168,Movie,TV-14,Teens,2018,India
s7169,Movie,TV-14,Teens,2018,India
s7170,Movie,TV-14,Teens,2017,India
s7171,Movie,PG-13,Adults,2020,United States
s7172,Movie,TV-PG,Teens,2019,India
s7173,Movie,NR,Unrated,2018,United States
s7174,Movie,TV-14,Teens,2018,India
s7175,Movie,TV-14,Teens,2018,India
s7176,TV Show,TV-14,Teens,2017,United States
s7177,TV Show,TV-PG,Teens,2017,United States
s7178,TV Show,TV-PG,Teens,2017,United States
s7179,Movie,R,Adults,2018,United States
s7180,Movie,R,Adults,2018,United States
s7181,Movie,TV-MA,Adults,2018,United States
s7182,Movie,TV-MA,Adults,2019,United States
s7183,TV Show,TV-14,Teens,2019,Pakistan
s7184,Movie,TV-14,Teens,2018,India
s7185,TV Show,TV-14,Teens,2018,India
s7186,TV Show,TV-14,Teens,2017,India
s7187,Movie,TV-14,Teens,2018,India
s7188,TV Show,TV-14,Teens,2018,India
s7189,Movie,TV-PG,Teens,2019,India
s7190,Movie,TV-14,Teens,2018,India
s7191,Movie,TV-14,Teens,2019,India
s7192,Movie,R,Adults,2018,United States
s7193,Movie,TV-MA,Adults,2016,United States
s7194,Movie,R,Adults,2019,United States
s7195,Movie,TV-14,Teens,2019,Philippines
s7196,Movie,R,Adults,2017,Netherlands
s7196,Movie,R,Adults,2017,Belgium
s7196,Movie,R,Adults,2017,United Kingdom
s7196,Movie,R,Adults,2017,United States
s7198,Movie,R,Adults,2020,United States
s7198,Movie,R,Adults,2020,Japan
s7199,Movie,R,Adults,2020,United States
s7200,Movie,TV-MA,Adults,2017,United Kingdom
s7201,Movie,TV-14,Teens,2019,France
s7202,Movie,TV-MA,Adults,2017,United States
s7203,Movie,R,Adults,2020,United States
s7204,Movie,PG-13,Adults,2020,United States
s7205,Movie,PG-13,Adults,2021,United States
s7206,Movie,TV-MA,Adults,2018,Hungary
s7207,Movie,R,Adults,2019,United Kingdom
s7208,Movie,NR,Unrated,2016,United States
s7209,Movie,PG-13,Adults,2019,United States
s7209,Movie,PG-13,Adults,2019,Canada
s7211,Movie,PG-13,Adults,2020,United States
s7212,Movie,R,Adults,2018,France
s7212,Movie,R,Adults,2018,Belgium
s7212,Movie,R,Adults,2018,China
s7212,Movie,R,Adults,2018,United States
s7213,Movie,TV-PG,Teens,2017,India
s7214,Movie,R,Adults,2020,United States
s7216,TV Show,TV-14,Teens,2019,United Kingdom
s7217,Movie,TV-14,Teens,2017,Malaysia
s7218,TV Show,TV-MA,Adults,2019,Japan
s7219,Movie,R,Adults,2020,United States
s7219,Movie,R,Adults,2020,Chile
s7219,Movie,R,Adults,2020,Israel
s7220,Movie,TV-14,Teens,2017,United States
s7221,Movie,PG-13,Adults,2019,United States
s7221,Movie,PG-13,Adults,2019,United Kingdom
s7221,Movie,PG-13,Adults,2019,Australia
s7222,Movie,TV-G,Kids,2017,United Kingdom
s7224,Movie,PG-13,Adults,2019,United Kingdom
s7224,Movie,PG-13,Adults,2019,Norway
s7224,Movie,PG-13,Adults,2019,Denmark
s7224,Movie,PG-13,Adults,2019,Germany
s7224,Movie,PG-13,Adults,2019,Sweden
s7225,Movie,TV-14,Teens,2019,India
s7226,Movie,TV-MA,Adults,2017,Norway
s7226,Movie,TV-MA,Adults,2017,Denmark
s7226,Movie,TV-MA,Adults,2017,Sweden
s7231,Movie,TV-Y7,Kids,2017,India
s7235,Movie,R,Adults,2018,United States
s7237,Movie,NR,Unrated,2015,United States
s7238,Movie,R,Adults,2019,United States
s7239,Movie,TV-MA,Adults,2019,India
s7240,Movie,R,Adults,2020,Hong Kong
s7240,Movie,R,Adults,2020,China
s7240,Movie,R,Adults,2020,United States
s7241,Movie,TV-Y7,Kids,2018,Mexico
s7241,Movie,TV-Y7,Kids,2018,United States
s7242,Movie,TV-PG,Teens,2012,United States
s7243,Movie,TV-PG,Teens,2017,China
s7243,Movie,TV-PG,Teens,2017,India
s7243,Movie,TV-PG,Teens,2017,Nepal
s7245,Movie,R,Adults,2019,United Kingdom
s7246,TV Show,TV-14,Teens,2016,Turkey
s7247,Movie,TV-MA,Adults,2017,Turkey
s7248,Movie,TV-PG,Teens,2018,India
s7249,Movie,TV-MA,Adults,2018,United States
s7250,Movie,TV-PG,Teens,2018,India
s7251,Movie,TV-MA,Adults,2017,Argentina
s7252,Movie,R,Adults,2018,United States
s7253,Movie,PG-13,Adults,2020,United States
s7254,Movie,TV-MA,Adults,2017,Italy
s7255,TV Show,TV-14,Teens,,United States
s7257,TV Show,TV-MA,Adults,2018,Mexico
s7258,TV Show,TV-PG,Teens,2019,Mexico
s7259,TV Show,TV-14,Teens,2019,Colombia
s7259,TV Show,TV-14,Teens,2019,Mexico
s7259,TV Show,TV-14,Teens,2019,United States
s7260,Movie,TV-14,Teens,2018,India
s7261,Movie,TV-MA,Adults,2018,Thailand
s7262,Movie,R,Adults,2017,Hong Kong
s7263,Movie,PG-13,Adults,2019,United States
s7264,Movie,NC-17,Adults,2019,United States
s7265,TV Show,TV-14,Teens,2018,Colombia
s7266,Movie,TV-MA,Adults,2018,India
s7267,TV Show,TV-14,Teens,2017,United Kingdom
s7268,Movie,TV-14,Teens,2017,United States
s7268,Movie,TV-14,Teens,2017,Mexico
s7269,TV Show,TV-14,Teens,2017,South Korea
s7270,Movie,TV-MA,Adults,2020,United States
s7271,Movie,R,Adults,2019,United Kingdom
s7271,Movie,R,Adults,2019,South Korea
s7272,Movie,R,Adults,2019,United States
s7272,Movie,R,Adults,2019,France
s7273,Movie,TV-14,Teens,2018,France
s7274,Movie,TV-PG,Teens,2019,France
s7275,Movie,PG,Teens,2019,United States
s7275,Movie,PG,Teens,2019,Ireland
s7276,Movie,TV-Y,Kids,2020,United States
s7277,Movie,TV-Y,Kids,2020,United States
s7278,Movie,TV-Y,Kids,2020,United States
s7280,TV Show,TV-Y,Kids,2020,United Kingdom
s7281,Movie,TV-MA,Adults,2018,India
s7282,Movie,PG-13,Adults,2018,United States
s7282,Movie,PG-13,Adults,2018,Canada
s7283,Movie,PG,Teens,2020,United States
s7283,Movie,PG,Teens,2020,Australia
s7284,Movie,TV-MA,Adults,2018,China
s7285,Movie,TV-14,Teens,2018,Hong Kong
s7286,TV Show,TV-PG,Teens,2019,United States
s7287,Movie,R,Adults,2019,United States
s7289,TV Show,TV-Y,Kids,2019,Denmark
s7291,Movie,TV-Y7-FV,Kids,2019,Denmark
s7291,Movie,TV-Y7-FV,Kids,2019,China
s7293,Movie,TV-Y7-FV,Kids,2015,United States
s7293,Movie,TV-Y7-FV,Kids,2015,Italy
s7294,Movie,TV-MA,Adults,2017,France
s7295,Movie,TV-PG,Teens,2017,United States
s7296,TV Show,TV-MA,Adults,2017,Turkey
s7297,Movie,TV-14,Teens,2019,United States
s7298,TV Show,TV-PG,Teens,2019,Canada
s7299,Movie,R,Adults,2018,United States
s7300,Movie,TV-PG,Teens,2019,United States
s7301,TV Show,TV-G,Kids,2015,United States
s7302,TV Show,TV-14,Teens,2016,United Kingdom
s7303,Movie,TV-MA,Adults,2019,Canada
s7304,Movie,TV-14,Teens,2018,Hong Kong
s7305,Movie,TV-PG,Teens,2019,United States
s7306,Movie,R,Adults,2019,Mexico
s7307,Movie,R,Adults,2016,United States
s7308,TV Show,TV-MA,Adults,2019,United Kingdom
s7309,Movie,PG-13,Adults,2018,United States
s7309,Movie,PG-13,Adults,2018,India
s7310,Movie,TV-14,Teens,2019,Egypt
s7312,Movie,TV-14,Teens,2018,Hong Kong
s7313,TV Show,,Unknown,2018,Australia
s7314,Movie,TV-Y7,Kids,2018,Australia
s7315,Movie,TV-Y7,Kids,2018,Australia
s7316,Movie,PG,Teens,2017,United States
s7316,Movie,PG,Teens,2017,Greece
s7316,Movie,PG,Teens,2017,Brazil
s7317,Movie,PG-13,Adults,2020,United States
s7321,Movie,NR,Unrated,2017,United States
s7322,TV Show,TV-G,Kids,2017,United States
s7323,Movie,TV-14,Teens,2016,United States
s7324,Movie,PG-13,Adults,2016,United States
s7325,TV Show,TV-14,Teens,2019,Spain
s7326,TV Show,TV-14,Teens,2017,Mexico
s7327,Movie,R,Adults,2019,United Kingdom
s7328,Movie,R,Adults,2018,United Kingdom
s7328,Movie,R,Adults,2018,United States
s7329,Movie,PG-13,Adults,2020,France
s7329,Movie,PG-13,Adults,2020,United States
s7330,Movie,TV-MA,Adults,2017,Mexico
s7331,Movie,PG,Teens,2019,United States
s7332,TV Show,TV-Y,Kids,2018,South Korea
s7332,TV Show,TV-Y,Kids,2018,France
s7333,Movie,R,Adults,2019,United Kingdom
s7333,Movie,R,Adults,2019,United States
s7334,TV Show,TV-MA,Adults,2017,United Kingdom
s7335,Movie,TV-14,Teens,2017,Canada
s7336,Movie,TV-14,Teens,2018,Hong Kong
s7337,Movie,NR,Unrated,2016,Germany
s7338,Movie,TV-14,Teens,2017,India
s7341,TV Show,TV-14,Teens,2018,Colombia
s7342,Movie,TV-14,Teens,2017,United States
s7342,Movie,TV-14,Teens,2017,Australia
s7342,Movie,TV-14,Teens,2017,Samoa
s7342,Movie,TV-14,Teens,2017,United Kingdom
s7343,TV Show,TV-14,Teens,2016,Canada
s7344,TV Show,TV-MA,Adults,2016,Taiwan
s7345,Movie,TV-MA,Adults,2020,United States
s7346,Movie,TV-MA,Adults,2018,Hong Kong
s7347,Movie,TV-14,Teens,2018,India
s7348,Movie,TV-14,Teens,2018,Hong Kong
s7349,TV Show,TV-PG,Teens,2018,South Korea
s7351,Movie,TV-MA,Adults,2019,United States
s7352,Movie,TV-14,Teens,2019,Egypt
s7353,Movie,TV-14,Teens,2019,Indonesia
s7354,TV Show,TV-G,Kids,2019,United Kingdom
s7355,Movie,R,Adults,2019,Germany
s7355,Movie,R,Adults,2019,United Kingdom
s7356,Movie,TV-MA,Adults,2017,United States
s7357,Movie,TV-MA,Adults,2018,United States
s7358,Movie,TV-14,Teens,2018,Hong Kong
s7359,Movie,TV-PG,Teens,2018,Argentina
s7360,TV Show,TV-PG,Teens,2016,China
s7361,Movie,TV-14,Teens,2017,India
s7362,Movie,TV-14,Teens,2019,India
s7363,Movie,TV-MA,Adults,2016,Argentina
s7363,Movie,TV-MA,Adults,2016,Chile
s7363,Movie,TV-MA,Adults,2016,Peru
s7364,Movie,TV-14,Teens,2018,India
s7365,Movie,TV-PG,Teens,2018,India
s7365,Movie,TV-PG,Teens,2018,France
s7366,Movie,R,Adults,2016,United States
s7367,Movie,TV-MA,Adults,2017,India
s7368,Movie,R,Adults,2020,Australia
s7368,Movie,R,Adults,2020,United States
s7369,TV Show,TV-14,Teens,2015,United States
s7370,Movie,PG-13,Adults,2019,United States
s7371,Movie,NR,Unrated,2010,United States
s7372,Movie,TV-MA,Adults,2018,Hong Kong
s7373,Movie,TV-14,Teens,2017,India
s7374,Movie,TV-MA,Adults,2018,United States
s7375,Movie,TV-MA,Adults,2017,Chile
s7376,TV Show,TV-Y7,Kids,2019,Italy
s7377,TV Show,TV-14,Teens,2016,Japan
s7378,Movie,TV-Y,Kids,2015,France
s7378,Movie,TV-Y,Kids,2015,Belgium
s7379,Movie,TV-14,Teens,2020,France
s7380,Movie,TV-PG,Teens,2017,Norway
s7381,Movie,TV-14,Teens,2018,India
s7382,TV Show,TV-14,Teens,2017,India
s7383,TV Show,TV-14,Teens,2017,India
s7384,TV Show,TV-14,Teens,2018,India
s7385,Movie,TV-PG,Teens,2018,Hong Kong
s7386,TV Show,TV-14,Teens,2016,Turkey
s7386,TV Show,TV-14,Teens,2016,Azerbaijan
s7387,Movie,TV-14,Teens,2019,India
s7388,Movie,TV-PG,Teens,2018,India
s7389,Movie,TV-PG,Teens,2018,India
s7390,Movie,TV-MA,Adults,2019,United States
s7391,Movie,R,Adults,2018,United States
s7391,Movie,R,Adults,2018,China
s7391,Movie,R,Adults,2018,Hong Kong
s7392,Movie,R,Adults,2018,United Kingdom
s7392,Movie,R,Adults,2018,France
s7394,Movie,TV-MA,Adults,2020,India
s7395,Movie,TV-14,Teens,2018,India
s7396,Movie,PG-13,Adults,2017,United States
s7397,Movie,TV-14,Teens,2018,United States
s7398,Movie,TV-14,Teens,2017,United States
s7399,Movie,TV-MA,Adults,2018,United Kingdom
s7400,Movie,PG-13,Adults,2020,United Kingdom
s7401,Movie,TV-MA,Adults,2017,India
s7402,Movie,TV-14,Teens,2017,India
s7403,Movie,TV-MA,Adults,2019,United Kingdom
s7404,Movie,R,Adults,2020,Canada
s7404,Movie,R,Adults,2020,United States
s7405,TV Show,TV-14,Teens,2018,United States
s7407,TV Show,TV-MA,Adults,,United States
s7408,Movie,TV-MA,Adults,2017,India
s7409,TV Show,TV-14,Teens,2020,United States
s7410,TV Show,TV-PG,Teens,2019,United States
s7411,Movie,R,Adults,2018,Hong Kong
s7411,Movie,R,Adults,2018,China
s7412,Movie,R,Adults,2019,United States
s7413,Movie,TV-PG,Teens,2018,United States
s7414,Movie,TV-14,Teens,2018,India
s7416,Movie,PG,Teens,2014,United States
s7417,Movie,PG,Teens,2018,Japan
s7418,Movie,PG,Teens,2019,United States
s7418,Movie,PG,Teens,2019,United Kingdom
s7419,TV Show,TV-14,Teens,2019,United Kingdom
s7420,Movie,TV-14,Teens,2019,India
s7421,Movie,NR,Unrated,2018,South Korea
s7422,Movie,TV-MA,Adults,2018,Argentina
s7423,Movie,TV-14,Teens,2018,India
s7424,Movie,TV-14,Teens,2017,United States
s7425,Movie,TV-MA,Adults,2018,Hong Kong
s7426,Movie,TV-14,Teens,2019,Egypt
s7427,Movie,TV-PG,Teens,2017,United States
s7428,Movie,TV-PG,Teens,2018,United States
s7429,Movie,TV-PG,Teens,2018,India
s7430,Movie,TV-MA,Adults,2017,Mexico
s7431,Movie,R,Adults,2019,Canada
s7432,Movie,R,Adults,2019,United States
s7433,Movie,TV-PG,Teens,2018,Canada
s7434,Movie,TV-MA,Adults,2019,Poland
s7434,Movie,TV-MA,Adults,2019,West Germany
s7435,Movie,TV-14,Teens,2017,United Kingdom
s7436,TV Show,TV-G,Kids,2019,United Kingdom
s7437,TV Show,TV-PG,Teens,2019,Australia
s7438,Movie,TV-PG,Teens,2018,India
s7440,Movie,R,Adults,2018,United States
s7441,Movie,TV-MA,Adults,2018,South Korea
s7442,Movie,TV-14,Teens,2019,Germany
s7442,Movie,TV-14,Teens,2019,United States
s7442,Movie,TV-14,Teens,2019,Sweden
s7443,Movie,PG-13,Adults,2019,United States
s7444,Movie,PG-13,Adults,2019,United States
s7445,Movie,TV-MA,Adults,2017,Canada
s7445,Movie,TV-MA,Adults,2017,Spain
s7446,Movie,R,Adults,2019,Indonesia
s7448,TV Show,TV-MA,Adults,2016,Spain
s7449,Movie,TV-MA,Adults,2019,Nigeria
s7450,TV Show,TV-PG,Teens,2017,United States
s7451,Movie,TV-14,Teens,2018,India
s7452,Movie,R,Adults,2019,United Kingdom
s7453,Movie,PG,Teens,2019,United States
s7453,Movie,PG,Teens,2019,Cambodia
s7454,TV Show,TV-14,Teens,2019,India
s7455,Movie,PG-13,Adults,2020,United States
s7455,Movie,PG-13,Adults,2020,Greece
s7457,Movie,R,Adults,2017,United States
s7458,TV Show,TV-G,Kids,2018,France
s7459,Movie,TV-14,Teens,2018,India
s7460,TV Show,TV-PG,Teens,2018,United States
s7461,Movie,PG,Teens,2018,Canada
s7461,Movie,PG,Teens,2018,United States
s7462,Movie,PG,Teens,2020,United States
s7462,Movie,PG,Teens,2020,Canada
s7463,Movie,TV-MA,Adults,2017,India
s7464,TV Show,TV-14,Teens,2018,Mexico
s7465,Movie,PG-13,Adults,2017,Japan
s7466,Movie,PG-13,Adults,2015,Norway
s7466,Movie,PG-13,Adults,2015,United Kingdom
s7466,Movie,PG-13,Adults,2015,France
s7466,Movie,PG-13,Adults,2015,Ireland
s7467,Movie,TV-14,Teens,2017,United States
s7468,Movie,NR,Unrated,2017,United States
s7469,TV Show,TV-MA,Adults,2016,Taiwan
s7470,Movie,TV-MA,Adults,2017,United States
s7471,Movie,NR,Unrated,2016,United States
s7472,Movie,TV-14,Teens,2017,United States
s7472,Movie,TV-14,Teens,2017,United Kingdom
s7473,Movie,TV-MA,Adults,2019,United Kingdom
s7473,Movie,TV-MA,Adults,2019,Poland
s7474,Movie,TV-PG,Teens,2017,Malaysia
s7475,Movie,R,Adults,2018,United States
s7476,Movie,TV-MA,Adults,2017,India
s7477,Movie,TV-MA,Adults,2018,United States
s7478,Movie,R,Adults,2018,United States
s7479,Movie,TV-14,Teens,2019,Nigeria
s7480,Movie,R,Adults,2020,China
s7480,Movie,R,Adults,2020,Canada
s7480,Movie,R,Adults,2020,United States
s7481,TV Show,TV-14,Teens,2017,South Korea
s7482,Movie,PG-13,Adults,2019,United States
s7483,Movie,R,Adults,2017,United States
s7483,Movie,R,Adults,2017,Spain
s7485,Movie,R,Adults,2019,United States
s7486,TV Show,TV-PG,Teens,2017,United Kingdom
s7487,Movie,PG,Teens,2016,Canada
s7488,Movie,TV-MA,Adults,2019,Egypt
s7489,Movie,PG,Teens,2018,Germany
s7489,Movie,PG,Teens,2018,United Kingdom
s7490,Movie,TV-Y7,Kids,2018,United States
s7491,Movie,TV-Y7,Kids,2015,United States
s7492,Movie,TV-Y7,Kids,2018,United States
s7493,Movie,TV-Y7,Kids,2018,United States
s7494,Movie,TV-Y7,Kids,2018,United States
s7495,Movie,TV-Y7,Kids,2018,United States
s7496,Movie,TV-Y7,Kids,2018,United States
s7497,Movie,TV-Y7,Kids,2018,United States
s7498,Movie,TV-Y7,Kids,2017,United States
s7499,Movie,TV-Y7,Kids,2018,United States
s7500,Movie,TV-Y7,Kids,2017,United States
s7501,Movie,TV-G,Kids,2015,United States
s7502,Movie,TV-Y7,Kids,2018,United States
s7503,TV Show,TV-Y,Kids,2020,Canada
s7504,Movie,PG-13,Adults,2020,United States
s7504,Movie,PG-13,Adults,2020,Germany
s7505,TV Show,TV-G,Kids,2019,United Kingdom
s7506,TV Show,TV-G,Kids,2019,United Kingdom
s7507,Movie,R,Adults,2020,United Kingdom
s7507,Movie,R,Adults,2020,United States
s7508,Movie,R,Adults,2019,United States
s7509,Movie,R,Adults,2017,France
s7509,Movie,R,Adults,2017,Belgium
s7510,Movie,TV-14,Teens,2017,Pakistan
s7510,Movie,TV-14,Teens,2017,United States
s7511,Movie,R,Adults,2018,Germany
s7511,Movie,R,Adults,2018,United States
s7512,Movie,TV-MA,Adults,2018,United States
s7513,Movie,TV-14,Teens,2018,India
s7514,Movie,TV-Y7-FV,Kids,2017,India
s7515,Movie,PG,Teens,2018,Australia
s7516,Movie,R,Adults,2019,United States
s7517,Movie,PG-13,Adults,2018,United States
s7518,Movie,PG-13,Adults,2020,United States
s7519,Movie,TV-14,Teens,2017,Israel
s7519,Movie,TV-14,Teens,2017,Sweden
s7519,Movie,TV-14,Teens,2017,Germany
s7519,Movie,TV-14,Teens,2017,Netherlands
s7520,Movie,TV-14,Teens,2018,Hong Kong
s7521,Movie,PG-13,Adults,2019,United States
s7522,TV Show,TV-G,Kids,2019,Canada
s7523,Movie,TV-14,Teens,2019,Egypt
s7524,Movie,PG-13,Adults,2021,United States
s7525,Movie,TV-PG,Teens,2019,India
s7526,Movie,PG,Teens,2018,France
s7527,Movie,PG,Teens,2020,United States
s7528,Movie,NR,Unrated,2018,United States
s7529,TV Show,TV-MA,Adults,2018,United States
s7530,TV Show,TV-PG,Teens,2017,Spain
s7531,Movie,TV-PG,Teens,2019,United States
s7532,Movie,TV-PG,Teens,2018,Canada
s7533,Movie,TV-PG,Teens,2018,India
s7534,Movie,TV-14,Teens,2018,United States
s7535,Movie,TV-14,Teens,2019,Egypt
s7536,Movie,PG-13,Adults,2018,United States
s7537,Movie,TV-MA,Adults,2017,Canada
s7538,Movie,,Unknown,2017,Italy
s7539,TV Show,TV-PG,Teens,2019,United Kingdom
s7540,Movie,PG-13,Adults,2017,Switzerland
s7540,Movie,PG-13,Adults,2017,France
s7542,Movie,TV-Y,Kids,2015,United States
s7542,Movie,TV-Y,Kids,2015,Canada
s7543,Movie,TV-Y,Kids,2014,United States
s7543,Movie,TV-Y,Kids,2014,Canada
s7545,Movie,TV-14,Teens,2018,Hong Kong
s7546,Movie,TV-MA,Adults,2017,United Kingdom
s7547,Movie,PG-13,Adults,2019,United States
s7548,TV Show,TV-MA,Adults,2019,United Kingdom
s7549,Movie,TV-MA,Adults,2018,Thailand
s7550,Movie,R,Adults,2019,United Kingdom
s7550,Movie,R,Adults,2019,United States
s7552,TV Show,TV-14,Teens,2018,United States
s7553,Movie,TV-PG,Teens,2018,India
s7554,Movie,PG,Teens,2019,United States
s7554,Movie,PG,Teens,2019,Mexico
s7555,Movie,TV-PG,Teens,2017,Italy
s7555,Movie,TV-PG,Teens,2017,India
s7556,Movie,TV-MA,Adults,2018,Ireland
s7557,Movie,TV-PG,Teens,2020,United States
s7557,Movie,TV-PG,Teens,2020,Botswana
s7558,Movie,TV-14,Teens,2019,India
s7559,Movie,NR,Unrated,2017,United States
s7560,Movie,TV-14,Teens,2017,Japan
s7561,Movie,TV-MA,Adults,2017,United States
s7562,Movie,TV-MA,Adults,2017,United States
s7564,Movie,TV-G,Kids,2018,United States
s7565,Movie,PG,Teens,2018,United States
s7566,Movie,TV-14,Teens,2018,India
s7567,Movie,R,Adults,2016,United States
s7568,Movie,R,Adults,2016,United States
s7569,TV Show,TV-PG,Teens,2018,United Kingdom
s7569,TV Show,TV-PG,Teens,2018,United States
s7570,TV Show,TV-G,Kids,2017,United States
s7571,Movie,TV-G,Kids,2017,United States
s7572,TV Show,TV-PG,Teens,2015,United States
s7572,TV Show,TV-PG,Teens,2015,United Kingdom
s7573,TV Show,TV-PG,Teens,2015,United States
s7573,TV Show,TV-PG,Teens,2015,United Kingdom
s7574,TV Show,TV-PG,Teens,2017,United Kingdom
s7575,TV Show,TV-PG,Teens,2019,United Kingdom
s7576,Movie,TV-MA,Adults,2017,United States
s7577,TV Show,TV-PG,Teens,2017,United States
s7578,Movie,R,Adults,2017,Chile
s7578,Movie,R,Adults,2017,Argentina
s7578,Movie,R,Adults,2017,France
s7578,Movie,R,Adults,2017,Spain
s7578,Movie,R,Adults,2017,United States
s7579,Movie,TV-PG,Teens,2019,United States
s7580,Movie,PG,Teens,2020,United States
s7581,Movie,NR,Unrated,2017,United States
s7582,Movie,PG-13,Adults,2019,United States
s7583,Movie,TV-14,Teens,2018,India
s7584,Movie,TV-MA,Adults,2020,United States
s7585,Movie,R,Adults,2019,United States
s7586,Movie,R,Adults,2020,United States
s7588,Movie,PG-13,Adults,2019,United States
s7588,Movie,PG-13,Adults,2019,Australia
s7589,TV Show,TV-Y7,Kids,2018,Japan
s7590,TV Show,TV-G,Kids,2016,Canada
s7590,TV Show,TV-G,Kids,2016,United States
s7591,Movie,TV-PG,Teens,2018,India
s7592,Movie,TV-MA,Adults,2018,Chile
s7593,Movie,PG,Teens,2019,United States
s7594,TV Show,R,Adults,2016,Norway
s7595,Movie,TV-Y7,Kids,2020,United States
s7596,Movie,TV-PG,Teens,2020,India
s7596,Movie,TV-PG,Teens,2020,United States
s7597,Movie,TV-PG,Teens,2019,United States
s7597,Movie,TV-PG,Teens,2019,India
s7597,Movie,TV-PG,Teens,2019,South Korea
s7597,Movie,TV-PG,Teens,2019,China
s7598,TV Show,NR,Unrated,2017,United Kingdom
s7599,Movie,TV-14,Teens,2018,United States
s7600,Movie,TV-G,Kids,2019,United States
s7601,Movie,TV-G,Kids,2019,United States
s7602,Movie,TV-PG,Teens,2019,United States
s7603,Movie,TV-PG,Teens,2019,United States
s7604,Movie,TV-PG,Teens,2019,United States
s7605,Movie,TV-G,Kids,2019,United States
s7606,Movie,TV-14,Teens,2019,United States
s7607,Movie,TV-G,Kids,2019,United States
s7608,Movie,TV-PG,Teens,2019,United States
s7609,Movie,TV-PG,Teens,2019,United States
s7610,Movie,TV-14,Teens,2019,United States
s7611,Movie,TV-PG,Teens,2019,United States
s7612,Movie,TV-PG,Teens,2019,United States
s7613,Movie,TV-PG,Teens,2019,United States
s7614,Movie,TV-PG,Teens,2019,United States
s7615,Movie,TV-G,Kids,2019,United States
s7616,Movie,TV-PG,Teens,2019,United States
s7617,Movie,TV-PG,Teens,2019,United States
s7618,Movie,TV-PG,Teens,2019,United States
s7619,Movie,TV-G,Kids,2019,United States
s7620,Movie,PG-13,Adults,2020,United States
s7621,Movie,PG-13,Adults,2019,United States
s7622,Movie,TV-MA,Adults,2018,United States
s7623,Movie,R,Adults,2018,United Kingdom
s7623,Movie,R,Adults,2018,Canada
s7624,TV Show,TV-MA,Adults,2016,Germany
s7626,Movie,TV-PG,Teens,2017,Israel
s7627,Movie,TV-MA,Adults,2018,Italy
s7628,TV Show,TV-MA,Adults,2016,Japan
s7629,TV Show,TV-MA,Adults,2015,United States
s7630,TV Show,TV-14,Teens,2017,United Kingdom
s7631,Movie,NR,Unrated,2018,Denmark
s7631,Movie,NR,Unrated,2018,Germany
s7631,Movie,NR,Unrated,2018,Belgium
s7631,Movie,NR,Unrated,2018,United Kingdom
s7631,Movie,NR,Unrated,2018,France
s7632,Movie,TV-MA,Adults,2018,Denmark
s7632,Movie,TV-MA,Adults,2018,Germany
s7632,Movie,TV-MA,Adults,2018,Belgium
s7632,Movie,TV-MA,Adults,2018,United Kingdom
s7632,Movie,TV-MA,Adults,2018,France
s7632,Movie,TV-MA,Adults,2018,Sweden
s7634,Movie,R,Adults,2018,United Kingdom
s7635,Movie,R,Adults,2018,United States
s7636,Movie,G,Kids,2019,France
s7636,Movie,G,Kids,2019,Switzerland
s7636,Movie,G,Kids,2019,Spain
s7636,Movie,G,Kids,2019,United States
s7636,Movie,G,Kids,2019,United Arab Emirates
s7637,Movie,R,Adults,2019,Australia
s7638,Movie,TV-PG,Teens,2019,United States
s7639,Movie,PG-13,Adults,2019,United States
s7640,Movie,PG-13,Adults,2019,United States
s7641,TV Show,TV-14,Teens,2018,Hong Kong
s7642,Movie,TV-MA,Adults,2016,Spain
s7643,Movie,R,Adults,2017,United States
s7644,Movie,TV-MA,Adults,2018,Thailand
s7645,Movie,TV-MA,Adults,2018,Thailand
s7647,TV Show,TV-Y7-FV,Kids,2015,Canada
s7648,Movie,TV-14,Teens,2017,United States
s7649,TV Show,TV-PG,Teens,2016,United States
s7650,TV Show,TV-Y,Kids,2018,France
s7651,Movie,TV-MA,Adults,2019,Egypt
s7652,Movie,TV-14,Teens,2018,Hong Kong
s7653,Movie,TV-14,Teens,2018,Brazil
s7653,Movie,TV-14,Teens,2018,India
s7653,Movie,TV-14,Teens,2018,China
s7653,Movie,TV-14,Teens,2018,United States
s7654,Movie,TV-14,Teens,2018,India
s7655,Movie,TV-14,Teens,2018,United States
s7656,Movie,TV-PG,Teens,2018,United States
s7657,Movie,TV-MA,Adults,2018,United States
s7658,Movie,TV-PG,Teens,2018,United States
s7659,Movie,TV-MA,Adults,2020,United Kingdom
s7660,Movie,PG-13,Adults,2019,Italy
s7660,Movie,PG-13,Adults,2019,United States
s7661,Movie,TV-PG,Teens,2018,Thailand
s7662,Movie,PG,Teens,2019,United States
s7663,Movie,TV-G,Kids,2017,India
s7664,Movie,TV-MA,Adults,2019,United States
s7665,Movie,TV-MA,Adults,2018,United States
s7666,Movie,TV-MA,Adults,2017,India
s7667,TV Show,TV-PG,Teens,2019,United States
s7668,Movie,R,Adults,2018,Denmark
s7668,Movie,R,Adults,2018,France
s7668,Movie,R,Adults,2018,United States
s7668,Movie,R,Adults,2018,Sweden
s7669,Movie,TV-MA,Adults,2018,Australia
s7669,Movie,TV-MA,Adults,2018,Iraq
s7670,Movie,PG,Teens,2019,United States
s7671,Movie,NR,Unrated,2018,South Korea
s7672,TV Show,TV-14,Teens,2019,United Kingdom
s7673,Movie,TV-MA,Adults,2017,China
s7673,Movie,TV-MA,Adults,2017,Hong Kong
s7675,TV Show,TV-PG,Teens,2020,United Kingdom
s7676,TV Show,TV-PG,Teens,2016,South Korea
s7677,Movie,TV-MA,Adults,2018,China
s7677,Movie,TV-MA,Adults,2018,Morocco
s7677,Movie,TV-MA,Adults,2018,Hong Kong
s7678,Movie,TV-MA,Adults,2017,United States
s7679,Movie,TV-MA,Adults,2018,Hong Kong
s7680,TV Show,TV-PG,Teens,2018,United States
s7681,Movie,TV-14,Teens,2018,India
s7682,Movie,TV-MA,Adults,2017,Australia
s7682,Movie,TV-MA,Adults,2017,United Arab Emirates
s7683,Movie,TV-PG,Teens,2017,India
s7684,Movie,TV-MA,Adults,2019,United Kingdom
s7685,Movie,PG-13,Adults,2020,Canada
s7685,Movie,PG-13,Adults,2020,United States
s7685,Movie,PG-13,Adults,2020,Germany
s7686,Movie,TV-PG,Teens,2018,China
s7687,Movie,TV-MA,Adults,2019,United Kingdom
s7688,Movie,TV-MA,Adults,2019,United Kingdom
s7688,Movie,TV-MA,Adults,2019,Thailand
s7689,Movie,TV-14,Teens,2018,India
s7690,TV Show,TV-Y,Kids,2017,United States
s7691,Movie,PG-13,Adults,2019,United States
s7692,Movie,TV-14,Teens,2018,India
s7693,Movie,NR,Unrated,2018,Venezuela
s7693,Movie,NR,Unrated,2018,Colombia
s7694,TV Show,TV-14,Teens,2016,Australia
s7695,Movie,TV-MA,Adults,2018,Thailand
s7696,Movie,R,Adults,2019,United States
s7697,Movie,R,Adults,2018,United States
s7698,Movie,TV-PG,Teens,2018,Hong Kong
s7699,TV Show,TV-Y,Kids,2020,United States
s7700,Movie,TV-14,Teens,2016,United Kingdom
s7701,Movie,TV-MA,Adults,2016,Spain
s7702,Movie,R,Adults,2019,United States
s7703,Movie,TV-PG,Teens,2017,India
s7704,Movie,TV-MA,Adults,2019,Canada
s7705,Movie,R,Adults,2020,United States
s7706,TV Show,TV-14,Teens,2017,Canada
s7707,Movie,TV-14,Teens,2018,India
s7708,Movie,TV-PG,Teens,2018,India
s7709,Movie,R,Adults,2017,United States
s7710,TV Show,TV-14,Teens,2016,United States
s7711,TV Show,TV-14,Teens,2017,Colombia
s7711,TV Show,TV-14,Teens,2017,United States
s7712,Movie,R,Adults,2021,United States
s7713,Movie,TV-PG,Teens,2017,India
s7714,Movie,TV-14,Teens,2018,United States
s7715,Movie,R,Adults,2020,United States
s7716,Movie,TV-MA,Adults,2017,Turkey
s7717,Movie,PG,Teens,2020,United States
s7718,Movie,TV-14,Teens,2018,India
s7719,TV Show,TV-14,Teens,2019,United States
s7720,Movie,TV-14,Teens,2018,India
s7721,Movie,TV-MA,Adults,2018,Thailand
s7722,TV Show,TV-PG,Teens,2014,United States
s7723,Movie,TV-PG,Teens,2014,United States
s7724,Movie,TV-MA,Adults,2017,Malaysia
s7725,Movie,PG,Teens,2019,United Kingdom
s7725,Movie,PG,Teens,2019,United States
s7726,TV Show,TV-MA,Adults,2016,Ireland
s7726,TV Show,TV-MA,Adults,2016,United Kingdom
s7726,TV Show,TV-MA,Adults,2016,United States
s7727,Movie,TV-MA,Adults,2017,United States
s7727,Movie,TV-MA,Adults,2017,Spain
s7728,Movie,TV-MA,Adults,2019,Canada
s7729,Movie,R,Adults,2019,United States
s7730,TV Show,TV-14,Teens,2016,United States
s7731,Movie,R,Adults,2019,France
s7731,Movie,R,Adults,2019,Germany
s7731,Movie,R,Adults,2019,Czech Republic
s7731,Movie,R,Adults,2019,Belgium
s7732,Movie,TV-MA,Adults,2017,United States
s7733,Movie,PG,Teens,2018,United States
s7733,Movie,PG,Teens,2018,Australia
s7735,Movie,PG,Teens,2017,France
s7735,Movie,PG,Teens,2017,Belgium
s7736,Movie,PG-13,Adults,2019,United States
s7737,Movie,TV-14,Teens,2018,India
s7738,Movie,TV-MA,Adults,2018,Thailand
s7739,Movie,TV-14,Teens,2019,Nigeria
s7740,Movie,TV-14,Teens,2019,India
s7741,Movie,TV-PG,Teens,2020,United States
s7742,Movie,TV-MA,Adults,2019,United States
s7743,Movie,TV-PG,Teens,2018,India
s7744,TV Show,TV-14,Teens,2017,United States
s7745,Movie,TV-MA,Adults,2018,India
s7746,Movie,TV-MA,Adults,2018,Argentina
s7747,Movie,TV-MA,Adults,2019,France
s7748,TV Show,TV-G,Kids,2017,United Kingdom
s7749,TV Show,TV-PG,Teens,2015,United Kingdom
s7750,Movie,TV-14,Teens,2020,United States
s7751,Movie,TV-MA,Adults,2018,France
s7751,Movie,TV-MA,Adults,2018,Belgium
s7752,Movie,R,Adults,2020,United States
s7752,Movie,R,Adults,2020,United Kingdom
s7753,Movie,TV-14,Teens,2017,United States
s7754,Movie,TV-MA,Adults,2019,Canada
s7754,Movie,TV-MA,Adults,2019,United States
s7755,Movie,PG,Teens,2019,Switzerland
s7755,Movie,PG,Teens,2019,Vatican City
s7755,Movie,PG,Teens,2019,Italy
s7755,Movie,PG,Teens,2019,Germany
s7755,Movie,PG,Teens,2019,France
s7756,Movie,PG,Teens,2019,United States
s7757,TV Show,TV-14,Teens,2019,United States
s7758,Movie,TV-MA,Adults,2018,Portugal
s7758,Movie,TV-MA,Adults,2018,France
s7758,Movie,TV-MA,Adults,2018,Poland
s7758,Movie,TV-MA,Adults,2018,United States
s7759,Movie,TV-MA,Adults,2019,United Kingdom
s7760,TV Show,TV-14,Teens,2018,India
s7762,TV Show,TV-Y7,Kids,2015,United States
s7764,TV Show,TV-Y7,Kids,2016,United States
s7765,TV Show,TV-Y7,Kids,2016,United States
s7765,TV Show,TV-Y7,Kids,2016,France
s7765,TV Show,TV-Y7,Kids,2016,Japan
s7766,TV Show,TV-Y7,Kids,2016,United States
s7767,TV Show,TV-Y7,Kids,2016,France
s7767,TV Show,TV-Y7,Kids,2016,Japan
s7767,TV Show,TV-Y7,Kids,2016,United States
s7768,TV Show,TV-Y7,Kids,2016,United States
s7768,TV Show,TV-Y7,Kids,2016,France
s7768,TV Show,TV-Y7,Kids,2016,Japan
s7769,TV Show,TV-Y7,Kids,2016,United States
s7770,TV Show,TV-Y7,Kids,2016,United States
s7770,TV Show,TV-Y7,Kids,2016,New Zealand
s7771,TV Show,TV-Y7,Kids,2016,United States
s7771,TV Show,TV-Y7,Kids,2016,New Zealand
s7771,TV Show,TV-Y7,Kids,2016,Japan
s7772,TV Show,TV-Y7,Kids,2016,United States
s7773,TV Show,TV-Y7,Kids,2016,United States
s7773,TV Show,TV-Y7,Kids,2016,New Zealand
s7774,TV Show,TV-Y7,Kids,2016,United States
s7775,Movie,TV-Y7,Kids,2016,United States
s7776,Movie,TV-Y7,Kids,2016,United States
s7777,Movie,TV-Y7,Kids,2016,United States
s7779,Movie,TV-Y7,Kids,2016,United States
s7781,Movie,TV-Y7,Kids,2016,United States
s7782,Movie,TV-Y7,Kids,2016,United States
s7783,TV Show,TV-Y7,Kids,2016,United States
s7784,TV Show,TV-Y7,Kids,2016,United States
s7784,TV Show,TV-Y7,Kids,2016,France
s7784,TV Show,TV-Y7,Kids,2016,Japan
s7785,TV Show,TV-Y7,Kids,2016,United States
s7785,TV Show,TV-Y7,Kids,2016,Netherlands
s7785,TV Show,TV-Y7,Kids,2016,Japan
s7785,TV Show,TV-Y7,Kids,2016,France
s7786,TV Show,TV-Y7,Kids,2016,United States
s7786,TV Show,TV-Y7,Kids,2016,France
s7786,TV Show,TV-Y7,Kids,2016,Japan
s7787,TV Show,TV-Y7,Kids,2016,United States
s7788,Movie,TV-Y7,Kids,2016,United States
s7789,Movie,TV-Y7,Kids,2016,United States
s7790,Movie,TV-MA,Adults,2017,India
s7790,Movie,TV-MA,Adults,2017,Switzerland
s7791,Movie,TV-14,Teens,2017,United States
s7792,Movie,TV-14,Teens,2018,India
s7793,Movie,NR,Unrated,2016,United States
s7794,Movie,R,Adults,2019,United States
s7795,Movie,TV-14,Teens,2018,Hong Kong
s7797,Movie,TV-MA,Adults,2018,United States
s7798,Movie,TV-MA,Adults,2019,United States
s7799,TV Show,TV-PG,Teens,2017,United States
s7800,Movie,TV-MA,Adults,2019,Canada
s7801,TV Show,TV-MA,Adults,2018,Argentina
s7802,Movie,TV-14,Teens,2018,India
s7803,Movie,R,Adults,2019,United States
s7804,Movie,TV-14,Teens,2017,Canada
s7804,Movie,TV-14,Teens,2017,India
s7805,Movie,R,Adults,2017,United Kingdom
s7806,Movie,TV-14,Teens,2017,India
s7807,TV Show,TV-14,Teens,2017,India
s7808,Movie,TV-MA,Adults,2020,United States
s7809,TV Show,TV-MA,Adults,2016,United States
s7810,Movie,PG-13,Adults,2020,United Kingdom
s7810,Movie,PG-13,Adults,2020,United States
s7811,TV Show,TV-MA,Adults,2016,Taiwan
s7812,Movie,PG-13,Adults,2019,United States
s7812,Movie,PG-13,Adults,2019,Morocco
s7815,Movie,PG,Teens,2018,United States
s7817,Movie,PG,Teens,2019,United States
s7818,Movie,R,Adults,2019,United States
s7819,Movie,TV-MA,Adults,2017,Brazil
s7820,Movie,TV-PG,Teens,2017,India
s7821,Movie,R,Adults,2019,United States
s7822,Movie,TV-14,Teens,2018,India
s7823,Movie,NR,Unrated,2016,United States
s7824,Movie,TV-14,Teens,2017,China
s7825,Movie,TV-14,Teens,2017,India
s7826,Movie,TV-PG,Teens,2019,India
s7827,Movie,PG,Teens,2019,United States
s7828,Movie,TV-14,Teens,2019,India
s7829,TV Show,TV-14,Teens,2018,India
s7830,Movie,TV-PG,Teens,2019,Singapore
s7830,Movie,TV-PG,Teens,2019,Japan
s7830,Movie,TV-PG,Teens,2019,France
s7831,Movie,TV-14,Teens,2019,India
s7832,Movie,TV-MA,Adults,2019,South Korea
s7833,Movie,TV-MA,Adults,2018,India
s7834,Movie,TV-14,Teens,2018,Pakistan
s7835,Movie,NR,Unrated,2016,United States
s7836,TV Show,TV-14,Teens,2017,India
s7837,Movie,TV-14,Teens,2019,Egypt
s7838,Movie,TV-PG,Teens,2017,India
s7840,Movie,PG-13,Adults,2019,United States
s7841,TV Show,TV-14,Teens,2017,Mexico
s7842,Movie,TV-MA,Adults,2019,Canada
s7843,TV Show,TV-MA,Adults,2017,United States
s7844,Movie,TV-MA,Adults,2017,Australia
s7845,Movie,PG-13,Adults,2019,United States
s7846,Movie,TV-14,Teens,2018,India
s7847,Movie,TV-PG,Teens,2018,United Kingdom
s7848,TV Show,NR,Unrated,,United States
s7850,Movie,TV-MA,Adults,2019,Egypt
s7851,TV Show,TV-MA,Adults,2017,United Kingdom
s7852,Movie,R,Adults,2016,United States
s7853,Movie,TV-PG,Teens,2017,Malaysia
s7854,Movie,R,Adults,2018,Canada
s7854,Movie,R,Adults,2018,Mexico
s7854,Movie,R,Adults,2018,Germany
s7854,Movie,R,Adults,2018,South Africa
s7855,Movie,PG-13,Adults,2020,United States
s7856,Movie,PG-13,Adults,2020,United Kingdom
s7856,Movie,PG-13,Adults,2020,United States
s7856,Movie,PG-13,Adults,2020,Canada
s7857,TV Show,TV-14,Teens,2020,Canada
s7858,Movie,R,Adults,2020,Germany
s7858,Movie,R,Adults,2020,France
s7858,Movie,R,Adults,2020,United States
s7858,Movie,R,Adults,2020,Canada
s7858,Movie,R,Adults,2020,United Kingdom
s7859,Movie,TV-MA,Adults,2018,United States
s7860,Movie,TV-MA,Adults,2017,United States
s7861,Movie,R,Adults,2018,Hong Kong
s7862,Movie,NR,Unrated,2017,India
s7864,Movie,R,Adults,2018,Hong Kong
s7864,Movie,R,Adults,2018,United States
s7865,TV Show,TV-PG,Teens,2018,United Kingdom
s7866,Movie,R,Adults,2019,United States
s7866,Movie,R,Adults,2019,United Kingdom
s7867,Movie,NR,Unrated,2016,Mexico
s7868,TV Show,TV-MA,Adults,2019,United States
s7869,Movie,R,Adults,2019,United States
s7870,Movie,TV-14,Teens,2018,India
s7871,TV Show,TV-MA,Adults,2017,United Kingdom
s7871,TV Show,TV-MA,Adults,2017,Ireland
s7872,Movie,TV-MA,Adults,2017,India
s7873,TV Show,TV-14,Teens,2018,India
s7874,Movie,TV-MA,Adults,2017,India
s7875,Movie,TV-14,Teens,2019,India
s7876,Movie,TV-14,Teens,2016,Nigeria
s7877,Movie,TV-14,Teens,2018,Italy
s7878,Movie,TV-14,Teens,2019,United Kingdom
s7879,TV Show,TV-MA,Adults,2016,United States
s7879,TV Show,TV-MA,Adults,2016,Japan
s7880,Movie,PG,Teens,2019,United States
s7881,Movie,PG,Teens,2019,United States
s7882,Movie,PG,Teens,2019,United States
s7883,Movie,PG,Teens,2019,United States
s7884,Movie,PG-13,Adults,2019,United States
s7885,Movie,R,Adults,2017,United States
s7886,Movie,TV-MA,Adults,2019,Egypt
s7887,Movie,TV-MA,Adults,2019,United States
s7888,Movie,TV-MA,Adults,2017,United States
s7888,Movie,TV-MA,Adults,2017,Uruguay
s7889,Movie,TV-14,Teens,2017,India
s7889,Movie,TV-14,Teens,2017,Canada
s7890,Movie,R,Adults,2018,Ireland
s7890,Movie,R,Adults,2018,Canada
s7890,Movie,R,Adults,2018,United Kingdom
s7890,Movie,R,Adults,2018,United States
s7891,Movie,TV-MA,Adults,2019,Canada
s7892,Movie,TV-Y7,Kids,2019,United Kingdom
s7892,Movie,TV-Y7,Kids,2019,Germany
s7893,TV Show,TV-14,Teens,2019,Thailand
s7895,Movie,R,Adults,2019,United States
s7896,Movie,R,Adults,2019,United States
s7897,TV Show,TV-PG,Teens,2017,United States
s7898,TV Show,TV-PG,Teens,2017,Mexico
s7899,Movie,TV-MA,Adults,2018,India
s7900,Movie,TV-MA,Adults,2017,Mexico
s7901,Movie,R,Adults,2019,Hong Kong
s7902,Movie,PG-13,Adults,2019,United States
s7902,Movie,PG-13,Adults,2019,Germany
s7902,Movie,PG-13,Adults,2019,Australia
s7903,Movie,TV-14,Teens,2018,India
s7904,Movie,PG,Teens,2020,United States
s7905,Movie,TV-14,Teens,2019,United States
s7906,Movie,TV-14,Teens,2019,United States
s7907,TV Show,TV-14,Teens,2020,Japan
s7908,Movie,PG,Teens,2015,United States
s7909,TV Show,NR,Unrated,2013,United States
s7910,Movie,NR,Unrated,2013,United States
s7911,Movie,TV-14,Teens,2017,India
s7912,Movie,TV-MA,Adults,2017,Italy
s7913,Movie,PG-13,Adults,2021,United States
s7914,Movie,TV-14,Teens,2019,India
s7915,Movie,TV-MA,Adults,2017,Italy
s7915,Movie,TV-MA,Adults,2017,France
s7916,Movie,TV-MA,Adults,2017,Turkey
s7917,Movie,TV-14,Teens,2017,Canada
s7918,Movie,TV-14,Teens,2019,India
s7919,TV Show,TV-PG,Teens,2016,Pakistan
s7920,Movie,TV-MA,Adults,2017,India
s7921,Movie,R,Adults,2020,United States
s7922,Movie,TV-MA,Adults,2017,India
s7923,Movie,TV-14,Teens,2018,India
s7924,Movie,TV-PG,Teens,2018,India
s7925,Movie,TV-14,Teens,2019,Egypt
s7926,Movie,TV-MA,Adults,2018,India
s7927,Movie,TV-PG,Teens,2018,India
s7928,Movie,TV-14,Teens,2019,Egypt
s7929,Movie,PG-13,Adults,2018,South Africa
s7929,Movie,PG-13,Adults,2018,United States
s7931,Movie,TV-14,Teens,2017,United States
s7932,Movie,TV-14,Teens,2018,India
s7933,Movie,TV-14,Teens,2019,India
s7934,Movie,TV-PG,Teens,2017,United States
s7935,Movie,TV-G,Kids,2015,Australia
s7935,Movie,TV-G,Kids,2015,France
s7935,Movie,TV-G,Kids,2015,Ireland
s7936,Movie,PG-13,Adults,2019,France
s7937,Movie,TV-14,Teens,2017,Canada
s7938,Movie,TV-PG,Teens,2017,Australia
s7938,Movie,TV-PG,Teens,2017,India
s7939,Movie,TV-14,Teens,2018,India
s7940,Movie,TV-14,Teens,2018,India
s7941,Movie,TV-14,Teens,2019,India
s7942,Movie,TV-MA,Adults,2019,United States
s7944,Movie,TV-14,Teens,2018,India
s7945,Movie,TV-14,Teens,2019,India
s7946,Movie,TV-MA,Adults,2020,United States
s7947,Movie,TV-MA,Adults,2017,United States
s7948,Movie,TV-MA,Adults,2019,Egypt
s7949,TV Show,TV-G,Kids,2018,United States
s7950,Movie,PG-13,Adults,2019,United States
s7950,Movie,PG-13,Adults,2019,United Kingdom
s7950,Movie,PG-13,Adults,2019,Australia
s7951,Movie,R,Adults,2020,United States
s7952,Movie,R,Adults,2018,United States
s7953,Movie,PG,Teens,2020,United States
s7954,TV Show,TV-14,Teens,2018,United States
s7955,Movie,TV-PG,Teens,2020,Italy
s7955,Movie,TV-PG,Teens,2020,France
s7956,Movie,R,Adults,2020,United States
s7957,Movie,PG-13,Adults,2020,United States
s7958,Movie,R,Adults,2018,United States
s7959,Movie,R,Adults,2020,United States
s7960,Movie,TV-PG,Teens,2019,United States
s7961,Movie,PG-13,Adults,2018,United States
s7961,Movie,PG-13,Adults,2018,United Kingdom
s7961,Movie,PG-13,Adults,2018,Canada
s7961,Movie,PG-13,Adults,2018,Japan
s7962,Movie,R,Adults,2019,United States
s7963,Movie,R,Adults,2019,United States
s7964,Movie,TV-MA,Adults,2020,United States
s7965,Movie,PG,Teens,2020,United States
s7966,Movie,PG-13,Adults,2019,Sweden
s7966,Movie,PG-13,Adults,2019,United Kingdom
s7966,Movie,PG-13,Adults,2019,Finland
s7967,Movie,PG-13,Adults,2019,United States
s7968,Movie,TV-PG,Teens,2018,Hong Kong
s7968,Movie,TV-PG,Teens,2018,Taiwan
s7969,TV Show,TV-14,Teens,2017,South Korea
s7970,Movie,PG-13,Adults,2018,United States
s7970,Movie,PG-13,Adults,2018,United Kingdom
s7970,Movie,PG-13,Adults,2018,Spain
s7970,Movie,PG-13,Adults,2018,South Korea
s7971,Movie,TV-PG,Teens,2017,United States
s7972,Movie,TV-PG,Teens,2017,United States
s7973,Movie,TV-PG,Teens,2017,United States
s7974,Movie,TV-PG,Teens,2017,United Kingdom
s7975,Movie,TV-PG,Teens,2017,United States
s7976,Movie,TV-14,Teens,2017,United Kingdom
s7977,Movie,TV-PG,Teens,2017,United States
s7978,Movie,TV-PG,Teens,2017,United Kingdom
s7979,Movie,TV-PG,Teens,2017,United Kingdom
s7980,Movie,TV-PG,Teens,2017,United States
s7980,Movie,TV-PG,Teens,2017,United Kingdom
s7981,Movie,TV-14,Teens,2017,Turkey
s7982,Movie,PG-13,Adults,2019,United Kingdom
s7982,Movie,PG-13,Adults,2019,France
s7982,Movie,PG-13,Adults,2019,United States
s7983,TV Show,TV-MA,Adults,2019,Canada
s7984,Movie,TV-MA,Adults,2018,Guatemala
s7985,TV Show,TV-14,Teens,2017,Ukraine
s7986,Movie,R,Adults,2020,United States
s7987,Movie,R,Adults,2021,United States
s7988,Movie,R,Adults,2021,United States
s7989,Movie,UR,Unrated,2017,United Kingdom
s7989,Movie,UR,Unrated,2017,France
s7990,Movie,R,Adults,2017,Mexico
s7991,Movie,TV-MA,Adults,2019,United States
s7992,TV Show,TV-MA,Adults,2017,Israel
s7993,Movie,TV-14,Teens,2018,India
s7994,TV Show,TV-14,Teens,2019,Italy
s7994,TV Show,TV-14,Teens,2019,South Africa
s7994,TV Show,TV-14,Teens,2019,West Germany
s7994,TV Show,TV-14,Teens,2019,Australia
s7994,TV Show,TV-14,Teens,2019,United States
s7995,Movie,TV-MA,Adults,2018,India
s7996,Movie,TV-14,Teens,2018,India
s7997,Movie,TV-PG,Teens,2018,India
s7998,Movie,TV-14,Teens,2018,Hong Kong
s7999,Movie,PG-13,Adults,2019,United States
s8000,Movie,TV-14,Teens,2018,India
s8001,Movie,TV-PG,Teens,2020,United States
s8002,Movie,R,Adults,2017,United States
s8003,TV Show,TV-14,Teens,2017,United Kingdom
s8003,TV Show,TV-14,Teens,2017,United States
s8004,Movie,PG-13,Adults,2021,United States
s8004,Movie,PG-13,Adults,2021,Germany
s8004,Movie,PG-13,Adults,2021,United Kingdom
s8004,Movie,PG-13,Adults,2021,Australia
s8005,Movie,TV-MA,Adults,2019,India
s8006,Movie,TV-Y,Kids,2018,United States
s8007,Movie,TV-Y,Kids,2018,Australia
s8008,Movie,TV-Y,Kids,2018,Australia
s8009,Movie,TV-14,Teens,2018,India
s8010,Movie,R,Adults,2019,United States
s8011,Movie,PG,Teens,2019,United States
s8011,Movie,PG,Teens,2019,United Arab Emirates
s8012,Movie,TV-MA,Adults,2017,United Kingdom
s8012,Movie,TV-MA,Adults,2017,United States
s8013,Movie,TV-14,Teens,2018,India
s8013,Movie,TV-14,Teens,2018,United States
s8014,Movie,TV-MA,Adults,2018,Thailand
s8015,Movie,TV-MA,Adults,2019,Italy
s8015,Movie,TV-MA,Adults,2019,France
s8015,Movie,TV-MA,Adults,2019,Switzerland
s8016,TV Show,TV-Y,Kids,2020,United States
s8017,Movie,TV-G,Kids,2018,India
s8018,Movie,TV-MA,Adults,2018,United States
s8019,Movie,R,Adults,2019,Canada
s8019,Movie,R,Adults,2019,France
s8019,Movie,R,Adults,2019,United States
s8020,Movie,TV-PG,Teens,2017,United States
s8021,TV Show,TV-MA,Adults,2017,Russia
s8022,TV Show,TV-14,Teens,2017,Colombia
s8022,TV Show,TV-14,Teens,2017,Mexico
s8022,TV Show,TV-14,Teens,2017,United States
s8023,TV Show,TV-MA,Adults,2019,United States
s8023,TV Show,TV-MA,Adults,2019,Colombia
s8024,Movie,TV-14,Teens,2017,India
s8025,Movie,TV-PG,Teens,2018,Indonesia
s8026,Movie,PG-13,Adults,2018,Switzerland
s8026,Movie,PG-13,Adults,2018,United States
s8027,Movie,TV-MA,Adults,2019,Peru
s8028,Movie,TV-MA,Adults,2020,United States
s8029,Movie,R,Adults,2016,United States
s8030,Movie,R,Adults,2018,Thailand
s8030,Movie,R,Adults,2018,Canada
s8030,Movie,R,Adults,2018,United States
s8031,TV Show,TV-14,Teens,2016,United States
s8032,TV Show,TV-14,Teens,2018,United States
s8033,Movie,PG-13,Adults,2019,China
s8033,Movie,PG-13,Adults,2019,Hong Kong
s8033,Movie,PG-13,Adults,2019,United States
s8034,Movie,TV-MA,Adults,2017,China
s8034,Movie,TV-MA,Adults,2017,Hong Kong
s8035,Movie,TV-G,Kids,2018,United States
s8035,Movie,TV-G,Kids,2018,France
s8036,Movie,PG-13,Adults,2019,United States
s8037,Movie,R,Adults,2017,United States
s8038,Movie,PG,Teens,2020,United States
s8039,Movie,R,Adults,2019,United States
s8040,Movie,R,Adults,2020,United States
s8041,TV Show,TV-MA,Adults,2018,United States
s8042,Movie,R,Adults,2018,United Kingdom
s8042,Movie,R,Adults,2018,New Zealand
s8043,Movie,PG-13,Adults,2019,United States
s8044,Movie,R,Adults,2019,United States
s8045,Movie,TV-MA,Adults,2017,United States
s8046,Movie,PG-13,Adults,2015,United States
s8047,Movie,R,Adults,2020,United States
s8048,Movie,TV-14,Teens,2018,India
s8049,Movie,TV-MA,Adults,2019,United States
s8050,Movie,TV-MA,Adults,2019,Indonesia
s8051,Movie,NR,Unrated,2018,Mexico
s8052,Movie,PG-13,Adults,2019,United States
s8053,Movie,PG-13,Adults,2019,United States
s8054,Movie,R,Adults,2018,Czech Republic
s8054,Movie,R,Adults,2018,United Kingdom
s8054,Movie,R,Adults,2018,France
s8055,Movie,TV-MA,Adults,2017,United States
s8056,Movie,PG-13,Adults,2019,United States
s8057,Movie,R,Adults,2018,Australia
s8057,Movie,R,Adults,2018,United Kingdom
s8057,Movie,R,Adults,2018,Canada
s8058,Movie,NR,Unrated,2016,United States
s8059,TV Show,TV-MA,Adults,2019,Thailand
s8060,Movie,PG,Teens,2020,United States
s8061,Movie,TV-MA,Adults,2019,United States
s8062,Movie,NR,Unrated,2016,United Kingdom
s8063,TV Show,TV-Y,Kids,2020,United States
s8064,Movie,PG,Teens,2019,United States
s8065,TV Show,TV-MA,Adults,2015,United States
s8066,Movie,PG-13,Adults,2017,United States
s8067,Movie,TV-14,Teens,2020,United Kingdom
s8068,Movie,PG-13,Adults,2019,United States
s8069,Movie,PG,Teens,2019,United States
s8070,Movie,TV-14,Teens,2019,United Kingdom
s8071,TV Show,TV-Y,Kids,2018,United States
s8072,Movie,R,Adults,2020,United States
s8073,Movie,R,Adults,2021,United States
s8073,Movie,R,Adults,2021,France
s8074,Movie,TV-MA,Adults,2020,Jamaica
s8074,Movie,TV-MA,Adults,2020,United States
s8075,Movie,PG,Teens,2019,United States
s8076,Movie,PG,Teens,2019,United States
s8077,Movie,PG,Teens,2019,United States
s8078,Movie,TV-MA,Adults,2016,Spain
s8079,Movie,TV-MA,Adults,2019,United States
s8080,Movie,TV-14,Teens,2019,United States
s8081,Movie,R,Adults,2018,Canada
s8082,Movie,TV-14,Teens,2017,Canada
s8082,Movie,TV-14,Teens,2017,United States
s8082,Movie,TV-14,Teens,2017,United Kingdom
s8083,Movie,PG-13,Adults,2018,United States
s8084,TV Show,TV-14,Teens,2015,United States
s8085,Movie,TV-MA,Adults,2019,United Kingdom
s8086,TV Show,TV-MA,Adults,2016,Switzerland
s8087,Movie,TV-PG,Teens,2016,United States
s8088,Movie,R,Adults,2019,United States
s8089,Movie,TV-14,Teens,2019,Egypt
s8090,Movie,R,Adults,2018,United States
s8091,Movie,TV-14,Teens,2018,India
s8092,Movie,TV-MA,Adults,2018,Thailand
s8093,Movie,TV-PG,Teens,2018,United States
s8094,TV Show,TV-PG,Teens,2017,United States
s8094,TV Show,TV-PG,Teens,2017,Canada
s8095,TV Show,TV-Y7,Kids,2019,South Korea
s8096,Movie,PG-13,Adults,2017,United States
s8097,Movie,NR,Unrated,2015,Australia
s8097,Movie,NR,Unrated,2015,United Kingdom
s8097,Movie,NR,Unrated,2015,United States
s8097,Movie,NR,Unrated,2015,New Zealand
s8097,Movie,NR,Unrated,2015,Italy
s8097,Movie,NR,Unrated,2015,France
s8098,TV Show,TV-MA,Adults,2019,United States
s8099,Movie,TV-PG,Teens,2017,India
s8100,Movie,TV-MA,Adults,2020,United States
s8101,Movie,PG-13,Adults,2020,Canada
s8102,Movie,PG-13,Adults,2020,United States
s8102,Movie,PG-13,Adults,2020,United Kingdom
s8103,TV Show,TV-Y,Kids,2016,France
s8103,TV Show,TV-Y,Kids,2016,United States
s8103,TV Show,TV-Y,Kids,2016,Canada
s8104,Movie,PG,Teens,2020,Australia
s8104,Movie,PG,Teens,2020,United Kingdom
s8105,Movie,TV-MA,Adults,2017,Netherlands
s8105,Movie,TV-MA,Adults,2017,Belgium
s8106,Movie,R,Adults,2019,United States
s8107,Movie,R,Adults,2021,United States
s8108,TV Show,TV-14,Teens,2019,South Korea
s8109,Movie,NR,Unrated,2017,Brazil
s8111,Movie,PG,Teens,2020,United States
s8112,Movie,TV-MA,Adults,2019,United States
s8113,Movie,NR,Unrated,2015,Italy
s8113,Movie,NR,Unrated,2015,France
s8114,Movie,TV-MA,Adults,2018,Thailand
s8115,Movie,TV-14,Teens,2018,India
s8116,Movie,TV-MA,Adults,2016,Israel
s8117,Movie,TV-MA,Adults,2017,United Kingdom
s8117,Movie,TV-MA,Adults,2017,France
s8117,Movie,TV-MA,Adults,2017,Canada
s8117,Movie,TV-MA,Adults,2017,Belgium
s8117,Movie,TV-MA,Adults,2017,United States
s8118,TV Show,TV-MA,Adults,2019,South Korea
s8119,Movie,TV-MA,Adults,2020,United States
s8120,Movie,TV-MA,Adults,2016,Denmark
s8120,Movie,TV-MA,Adults,2016,United Kingdom
s8120,Movie,TV-MA,Adults,2016,Sweden
s8121,Movie,TV-MA,Adults,2017,India
s8121,Movie,TV-MA,Adults,2017,France
s8122,TV Show,TV-Y,Kids,2019,India
s8123,Movie,TV-Y7,Kids,2019,India
s8124,Movie,TV-MA,Adults,2018,United States
s8125,Movie,TV-PG,Teens,2018,India
s8126,TV Show,TV-Y,Kids,2020,United States
s8126,TV Show,TV-Y,Kids,2020,South Korea
s8126,TV Show,TV-Y,Kids,2020,China
s8127,Movie,R,Adults,2021,United States
s8128,Movie,R,Adults,2019,United States
s8129,Movie,PG-13,Adults,2019,United States
s8130,TV Show,TV-PG,Teens,2017,United Kingdom
s8131,Movie,PG-13,Adults,2019,United States
s8132,Movie,TV-14,Teens,2018,Indonesia
s8133,TV Show,TV-MA,Adults,2020,United States
s8134,Movie,TV-MA,Adults,2018,United States
s8135,Movie,TV-MA,Adults,2018,United States
s8136,Movie,TV-G,Kids,2017,United States
s8137,Movie,TV-PG,Teens,2019,India
s8139,Movie,R,Adults,2020,United States
s8139,Movie,R,Adults,2020,United Kingdom
s8140,Movie,R,Adults,2019,United States
s8140,Movie,R,Adults,2019,Canada
s8141,Movie,R,Adults,2019,United States
s8141,Movie,R,Adults,2019,Sweden
s8142,Movie,TV-MA,Adults,2017,China
s8142,Movie,TV-MA,Adults,2017,Hong Kong
s8143,Movie,R,Adults,2018,Hong Kong
s8144,TV Show,TV-PG,Teens,2019,United States
s8145,Movie,TV-PG,Teens,2018,India
s8146,Movie,TV-14,Teens,2018,India
s8147,Movie,R,Adults,2019,United States
s8147,Movie,R,Adults,2019,Germany
s8148,TV Show,TV-14,Teens,2019,France
s8148,TV Show,TV-14,Teens,2019,United States
s8149,TV Show,TV-MA,Adults,2019,United Kingdom
s8149,TV Show,TV-MA,Adults,2019,United States
s8150,Movie,TV-MA,Adults,2017,India
s8151,Movie,TV-MA,Adults,2018,France
s8152,Movie,G,Kids,2018,United States
s8153,Movie,G,Kids,2017,United States
s8154,Movie,TV-14,Teens,2019,Egypt
s8155,Movie,TV-Y7,Kids,2019,United States
s8156,Movie,TV-14,Teens,2017,United States
s8157,Movie,TV-PG,Teens,2018,India
s8158,Movie,TV-MA,Adults,2017,United States
s8159,Movie,PG,Teens,2019,Hong Kong
s8159,Movie,PG,Teens,2019,United States
s8160,Movie,PG,Teens,2020,United States
s8160,Movie,PG,Teens,2020,Hong Kong
s8162,Movie,TV-PG,Teens,2018,India
s8163,Movie,TV-Y7,Kids,2016,United States
s8163,Movie,TV-Y7,Kids,2016,Kazakhstan
s8164,Movie,TV-MA,Adults,2018,Argentina
s8164,Movie,TV-MA,Adults,2018,France
s8164,Movie,TV-MA,Adults,2018,United States
s8164,Movie,TV-MA,Adults,2018,Germany
s8164,Movie,TV-MA,Adults,2018,Qatar
s8165,Movie,TV-MA,Adults,2019,Hong Kong
s8166,TV Show,TV-PG,Teens,2017,Mexico
s8167,Movie,R,Adults,2020,United States
s8167,Movie,R,Adults,2020,Germany
s8167,Movie,R,Adults,2020,United Kingdom
s8168,Movie,PG-13,Adults,2020,United States
s8168,Movie,PG-13,Adults,2020,Germany
s8168,Movie,PG-13,Adults,2020,United Kingdom
s8168,Movie,PG-13,Adults,2020,Italy
s8169,Movie,TV-PG,Teens,2016,France
s8170,Movie,TV-MA,Adults,2018,United States
s8171,Movie,TV-PG,Teens,2017,India
s8172,Movie,TV-MA,Adults,2017,United Kingdom
s8172,Movie,TV-MA,Adults,2017,India
s8173,TV Show,TV-Y7,Kids,2018,India
s8174,TV Show,TV-MA,Adults,2019,India
s8175,TV Show,TV-14,Teens,2017,United States
s8176,TV Show,TV-MA,Adults,2019,United States
s8177,Movie,TV-MA,Adults,2019,United States
s8178,Movie,TV-MA,Adults,2018,Mexico
s8178,Movie,TV-MA,Adults,2018,Spain
s8179,Movie,TV-14,Teens,2019,Canada
s8180,Movie,R,Adults,2018,United States
s8182,Movie,TV-Y7,Kids,2017,Canada
s8183,TV Show,TV-Y7,Kids,,Australia
s8184,Movie,PG,Teens,2020,United States
s8185,Movie,PG,Teens,2019,United States
s8185,Movie,PG,Teens,2019,New Zealand
s8185,Movie,PG,Teens,2019,United Kingdom
s8186,Movie,TV-MA,Adults,2018,Argentina
s8187,Movie,TV-MA,Adults,2018,South Korea
s8188,Movie,PG-13,Adults,2021,United States
s8189,Movie,R,Adults,2020,United States
s8190,TV Show,TV-G,Kids,2017,United States
s8191,Movie,PG,Teens,2020,Finland
s8191,Movie,PG,Teens,2020,United States
s8192,Movie,TV-MA,Adults,2020,United States
s8193,Movie,TV-14,Teens,2019,Egypt
s8194,TV Show,TV-PG,Teens,2018,Singapore
s8195,Movie,TV-MA,Adults,2017,Spain
s8195,Movie,TV-MA,Adults,2017,France
s8195,Movie,TV-MA,Adults,2017,Uruguay
s8196,Movie,R,Adults,2018,Canada
s8196,Movie,R,Adults,2018,United States
s8197,Movie,R,Adults,2020,United States
s8197,Movie,R,Adults,2020,Canada
s8198,Movie,R,Adults,2020,France
s8198,Movie,R,Adults,2020,Canada
s8198,Movie,R,Adults,2020,United States
s8199,Movie,R,Adults,2018,United Kingdom
s8199,Movie,R,Adults,2018,United States
s8201,Movie,TV-14,Teens,2018,United States
s8202,Movie,TV-MA,Adults,2018,United Kingdom
s8203,Movie,TV-MA,Adults,2017,United States
s8204,Movie,TV-14,Teens,2018,Hong Kong
s8205,Movie,TV-MA,Adults,2019,United States
s8206,Movie,TV-14,Teens,2017,United States
s8208,TV Show,TV-PG,Teens,2016,Brazil
s8209,TV Show,TV-14,Teens,2019,United Kingdom
s8210,TV Show,TV-PG,Teens,2019,United Kingdom
s8211,Movie,TV-MA,Adults,2018,United States
s8212,Movie,TV-MA,Adults,2017,United States
s8213,Movie,R,Adults,2019,Canada
s8213,Movie,R,Adults,2019,United States
s8214,Movie,R,Adults,2019,United States
s8215,TV Show,TV-G,Kids,2015,United Kingdom
s8216,Movie,TV-14,Teens,2017,United States
s8217,TV Show,TV-MA,Adults,2019,United Kingdom
s8218,Movie,R,Adults,2019,United States
s8219,Movie,TV-MA,Adults,2017,France
s8220,Movie,PG-13,Adults,2019,United States
s8221,Movie,PG-13,Adults,2019,United States
s8222,Movie,PG-13,Adults,2020,United States
s8222,Movie,PG-13,Adults,2020,Canada
s8222,Movie,PG-13,Adults,2020,China
s8223,Movie,PG-13,Adults,2019,United Kingdom
s8223,Movie,PG-13,Adults,2019,United States
s8224,Movie,R,Adults,2019,United States
s8225,Movie,TV-MA,Adults,2019,United States
s8226,Movie,PG-13,Adults,2018,Ireland
s8226,Movie,PG-13,Adults,2018,Canada
s8226,Movie,PG-13,Adults,2018,Luxembourg
s8226,Movie,PG-13,Adults,2018,United States
s8226,Movie,PG-13,Adults,2018,United Kingdom
s8226,Movie,PG-13,Adults,2018,Philippines
s8226,Movie,PG-13,Adults,2018,India
s8227,Movie,PG-13,Adults,2019,United States
s8228,Movie,TV-14,Teens,2019,Nigeria
s8229,Movie,PG-13,Adults,2019,United States
s8229,Movie,PG-13,Adults,2019,Czech Republic
s8229,Movie,PG-13,Adults,2019,United Kingdom
s8230,Movie,PG-13,Adults,2019,United States
s8232,Movie,TV-14,Teens,2018,Hong Kong
s8233,Movie,PG-13,Adults,2019,United States
s8233,Movie,PG-13,Adults,2019,China
s8234,Movie,TV-MA,Adults,2020,United States
s8235,Movie,TV-14,Teens,2018,Israel
s8235,Movie,TV-14,Teens,2018,Germany
s8236,TV Show,TV-MA,Adults,2019,India
s8237,Movie,R,Adults,2018,Canada
s8238,Movie,PG,Teens,2020,United States
s8239,Movie,TV-MA,Adults,2018,United States
s8240,Movie,TV-PG,Teens,2017,United States
s8241,Movie,TV-MA,Adults,2019,Egypt
s8242,Movie,TV-14,Teens,2019,Nigeria
s8243,Movie,R,Adults,2017,United States
s8244,TV Show,TV-14,Teens,2019,Australia
s8245,Movie,TV-MA,Adults,2019,Egypt
s8246,Movie,TV-14,Teens,2017,Spain
s8246,Movie,TV-14,Teens,2017,Mexico
s8247,Movie,TV-MA,Adults,2016,Mexico
s8247,Movie,TV-MA,Adults,2016,France
s8248,Movie,PG,Teens,2019,United Kingdom
s8248,Movie,PG,Teens,2019,United States
s8249,Movie,TV-PG,Teens,2019,United States
s8250,Movie,TV-14,Teens,2019,United States
s8251,TV Show,TV-PG,Teens,2018,United Kingdom
s8252,Movie,R,Adults,2018,United States
s8253,Movie,TV-14,Teens,2019,United States
s8254,Movie,PG-13,Adults,2019,Canada
s8255,Movie,TV-MA,Adults,2019,Israel
s8255,Movie,TV-MA,Adults,2019,Germany
s8255,Movie,TV-MA,Adults,2019,Poland
s8255,Movie,TV-MA,Adults,2019,Luxembourg
s8255,Movie,TV-MA,Adults,2019,Belgium
s8255,Movie,TV-MA,Adults,2019,France
s8255,Movie,TV-MA,Adults,2019,United States
s8256,Movie,TV-14,Teens,2019,Egypt
s8257,Movie,R,Adults,2020,United States
s8258,TV Show,TV-14,Teens,2017,South Korea
s8259,Movie,PG,Teens,2019,United States
s8260,Movie,R,Adults,2019,United States
s8261,Movie,TV-PG,Teens,2019,Poland
s8262,Movie,R,Adults,2020,United Kingdom
s8262,Movie,R,Adults,2020,Japan
s8262,Movie,R,Adults,2020,United States
s8263,TV Show,TV-PG,Teens,2019,United States
s8264,Movie,R,Adults,2017,United Kingdom
s8264,Movie,R,Adults,2017,United States
s8265,Movie,TV-14,Teens,2018,India
s8266,Movie,TV-MA,Adults,2018,Indonesia
s8267,Movie,PG,Teens,2019,United States
s8267,Movie,PG,Teens,2019,United Kingdom
s8268,Movie,TV-MA,Adults,2019,India
s8269,Movie,TV-MA,Adults,2018,United Kingdom
s8270,Movie,TV-MA,Adults,2017,Australia
s8271,Movie,TV-MA,Adults,2019,Austria
s8271,Movie,TV-MA,Adults,2019,United States
s8272,TV Show,TV-Y7,Kids,2015,Canada
s8272,TV Show,TV-Y7,Kids,2015,Australia
s8273,Movie,R,Adults,2021,United States
s8273,Movie,R,Adults,2021,Hong Kong
s8274,Movie,TV-14,Teens,2018,Argentina
s8274,Movie,TV-14,Teens,2018,Chile
s8275,Movie,TV-14,Teens,2019,United States
s8276,Movie,TV-PG,Teens,2018,Italy
s8276,Movie,TV-PG,Teens,2018,United States
s8277,Movie,R,Adults,2019,United States
s8278,TV Show,TV-14,Teens,2019,Japan
s8279,Movie,TV-14,Teens,2019,United States
s8280,Movie,TV-MA,Adults,2018,United States
s8281,Movie,TV-PG,Teens,2018,Indonesia
s8282,Movie,TV-MA,Adults,2017,United States
s8282,Movie,TV-MA,Adults,2017,Hong Kong
s8283,TV Show,TV-MA,Adults,2018,Canada
s8284,Movie,R,Adults,2019,United States
s8285,Movie,PG-13,Adults,2020,United States
s8286,Movie,R,Adults,2020,United States
s8287,Movie,TV-MA,Adults,2017,United Kingdom
s8287,Movie,TV-MA,Adults,2017,Lithuania
s8288,TV Show,TV-PG,Teens,2018,United States
s8289,Movie,R,Adults,2018,United States
s8290,Movie,TV-MA,Adults,2018,United States
s8291,Movie,TV-MA,Adults,2020,United States
s8292,Movie,R,Adults,2019,United Kingdom
s8292,Movie,R,Adults,2019,United States
s8293,Movie,R,Adults,2017,United States
s8294,TV Show,TV-MA,Adults,2017,United Kingdom
s8295,Movie,TV-MA,Adults,2016,United Kingdom
s8296,Movie,TV-MA,Adults,2018,United States
s8297,Movie,R,Adults,2019,United States
s8298,Movie,TV-14,Teens,2019,Nigeria
s8299,Movie,R,Adults,2020,United States
s8300,Movie,TV-14,Teens,2016,United States
s8300,Movie,TV-14,Teens,2016,Greece
s8300,Movie,TV-14,Teens,2016,United Kingdom
s8301,Movie,TV-MA,Adults,2019,Brazil
s8302,Movie,PG,Teens,2019,United States
s8303,TV Show,TV-MA,Adults,2017,United Kingdom
s8304,Movie,R,Adults,2018,Hong Kong
s8305,Movie,PG,Teens,2019,United States
s8306,Movie,PG,Teens,2019,United States
s8307,Movie,TV-MA,Adults,2018,Hong Kong
s8308,Movie,PG-13,Adults,2019,United States
s8308,Movie,PG-13,Adults,2019,China
s8309,Movie,TV-MA,Adults,2018,United States
s8310,Movie,R,Adults,2020,United Kingdom
s8310,Movie,R,Adults,2020,China
s8310,Movie,R,Adults,2020,United States
s8310,Movie,R,Adults,2020,India
s8311,Movie,TV-MA,Adults,2017,United Kingdom
s8312,TV Show,TV-14,Teens,2017,United States
s8313,Movie,PG-13,Adults,2020,United States
s8313,Movie,PG-13,Adults,2020,Greece
s8314,Movie,TV-PG,Teens,2017,New Zealand
s8315,Movie,R,Adults,2020,United States
s8316,TV Show,TV-Y,Kids,2017,United Kingdom
s8316,TV Show,TV-Y,Kids,2017,United States
s8317,TV Show,TV-PG,Teens,2016,Norway
s8318,Movie,TV-14,Teens,2018,Indonesia
s8319,Movie,TV-MA,Adults,2019,United States
s8320,Movie,TV-MA,Adults,2020,United States
s8321,Movie,R,Adults,2021,United States
s8321,Movie,R,Adults,2021,Sweden
s8321,Movie,R,Adults,2021,Norway
s8322,TV Show,TV-G,Kids,2017,India
s8323,Movie,TV-MA,Adults,2019,Israel
s8324,Movie,PG-13,Adults,2018,United States
s8325,Movie,TV-MA,Adults,2016,United States
s8326,Movie,R,Adults,2019,United States
s8327,Movie,TV-14,Teens,2018,United Kingdom
s8327,Movie,TV-14,Teens,2018,United States
s8327,Movie,TV-14,Teens,2018,Morocco
s8328,Movie,TV-14,Teens,2018,United States
s8328,Movie,TV-14,Teens,2018,United Kingdom
s8328,Movie,TV-14,Teens,2018,Morocco
s8331,Movie,TV-MA,Adults,2019,South Korea
s8332,TV Show,TV-PG,Teens,2018,United Kingdom
s8333,Movie,TV-14,Teens,2019,India
s8334,Movie,R,Adults,2019,United States
s8334,Movie,R,Adults,2019,Australia
s8335,TV Show,NR,Unrated,2017,United Kingdom
s8336,Movie,PG-13,Adults,2020,United States
s8337,TV Show,TV-MA,Adults,2019,United States
s8338,Movie,R,Adults,2017,United States
s8339,Movie,PG-13,Adults,2018,United States
s8340,Movie,TV-14,Teens,2020,Spain
s8340,Movie,TV-14,Teens,2020,Canada
s8340,Movie,TV-14,Teens,2020,United States
s8341,Movie,TV-MA,Adults,2019,Canada
s8342,Movie,PG-13,Adults,2020,United States
s8343,Movie,TV-MA,Adults,2019,Canada
s8344,Movie,TV-MA,Adults,2016,Spain
s8345,Movie,TV-MA,Adults,2018,United States
s8346,Movie,R,Adults,2017,United States
s8347,Movie,TV-14,Teens,2018,Thailand
s8349,Movie,TV-14,Teens,2017,United States
s8350,TV Show,TV-PG,Teens,2017,India
s8351,Movie,TV-PG,Teens,2017,India
s8352,Movie,R,Adults,2018,Canada
s8353,Movie,PG,Teens,2019,United States
s8353,Movie,PG,Teens,2019,India
s8353,Movie,PG,Teens,2019,United Arab Emirates
s8354,TV Show,TV-PG,Teens,2017,United Kingdom
s8355,Movie,PG-13,Adults,2018,United Kingdom
s8355,Movie,PG-13,Adults,2018,United States
s8356,Movie,PG-13,Adults,2017,United States
s8357,Movie,PG-13,Adults,2019,United Kingdom
s8357,Movie,PG-13,Adults,2019,Canada
s8357,Movie,PG-13,Adults,2019,France
s8357,Movie,PG-13,Adults,2019,United States
s8358,TV Show,TV-MA,Adults,2018,United Kingdom
s8359,Movie,TV-MA,Adults,2017,Mexico
s8360,Movie,TV-G,Kids,2019,Denmark
s8361,Movie,PG,Teens,2019,United States
s8362,Movie,PG,Teens,2020,United States
s8363,Movie,R,Adults,2018,United States
s8364,Movie,TV-MA,Adults,2017,United Kingdom
s8365,Movie,TV-MA,Adults,2019,United Kingdom
s8366,Movie,PG-13,Adults,2020,United States
s8367,TV Show,TV-MA,Adults,2020,United Kingdom
s8368,Movie,TV-MA,Adults,2016,United States
s8370,Movie,PG-13,Adults,2019,United Kingdom
s8370,Movie,PG-13,Adults,2019,France
s8371,Movie,TV-14,Teens,2018,France
s8372,TV Show,TV-PG,Teens,2017,United States
s8373,Movie,PG-13,Adults,2019,United States
s8374,TV Show,TV-Y7,Kids,2019,India
s8374,TV Show,TV-Y7,Kids,2019,Germany
s8374,TV Show,TV-Y7,Kids,2019,France
s8375,Movie,TV-PG,Teens,2018,Indonesia
s8376,Movie,PG-13,Adults,2018,United States
s8378,Movie,R,Adults,2018,United Kingdom
s8378,Movie,R,Adults,2018,United States
s8378,Movie,R,Adults,2018,Australia
s8379,TV Show,TV-MA,Adults,2018,Canada
s8379,TV Show,TV-MA,Adults,2018,United States
s8380,TV Show,TV-MA,Adults,2018,South Korea
s8381,Movie,PG,Teens,2019,United States
s8382,Movie,PG,Teens,2018,United States
s8383,Movie,TV-MA,Adults,2017,Belgium
s8383,Movie,TV-MA,Adults,2017,Ireland
s8383,Movie,TV-MA,Adults,2017,Netherlands
s8383,Movie,TV-MA,Adults,2017,Germany
s8383,Movie,TV-MA,Adults,2017,Afghanistan
s8384,Movie,R,Adults,2016,Australia
s8385,Movie,PG-13,Adults,2019,France
s8385,Movie,PG-13,Adults,2019,United States
s8386,Movie,R,Adults,2020,United States
s8387,Movie,TV-MA,Adults,2018,Brazil
s8388,Movie,TV-PG,Teens,2016,United Kingdom
s8389,Movie,TV-14,Teens,2019,United States
s8390,Movie,PG,Teens,2019,United States
s8391,Movie,TV-MA,Adults,2017,United States
s8392,Movie,TV-14,Teens,2019,India
s8394,Movie,R,Adults,2018,Canada
s8394,Movie,R,Adults,2018,United States
s8395,Movie,PG,Teens,2018,United States
s8396,Movie,PG,Teens,2020,France
s8396,Movie,PG,Teens,2020,Canada
s8396,Movie,PG,Teens,2020,Italy
s8396,Movie,PG,Teens,2020,United States
s8396,Movie,PG,Teens,2020,China
s8397,Movie,R,Adults,2019,Germany
s8398,TV Show,TV-14,Teens,2016,United States
s8399,Movie,R,Adults,2018,Ireland
s8399,Movie,R,Adults,2018,United Kingdom
s8399,Movie,R,Adults,2018,Greece
s8399,Movie,R,Adults,2018,France
s8399,Movie,R,Adults,2018,Netherlands
s8400,Movie,R,Adults,2018,Ireland
s8401,Movie,TV-PG,Teens,2019,United States
s8402,Movie,R,Adults,2019,United States
s8403,Movie,PG,Teens,2019,United States
s8404,Movie,PG-13,Adults,2016,Denmark
s8404,Movie,PG-13,Adults,2016,Indonesia
s8404,Movie,PG-13,Adults,2016,Finland
s8404,Movie,PG-13,Adults,2016,Norway
s8404,Movie,PG-13,Adults,2016,United Kingdom
s8404,Movie,PG-13,Adults,2016,Israel
s8404,Movie,PG-13,Adults,2016,France
s8404,Movie,PG-13,Adults,2016,United States
s8404,Movie,PG-13,Adults,2016,Germany
s8404,Movie,PG-13,Adults,2016,Netherlands
s8405,Movie,PG-13,Adults,2020,New Zealand
s8405,Movie,PG-13,Adults,2020,United States
s8406,Movie,PG-13,Adults,2020,New Zealand
s8406,Movie,PG-13,Adults,2020,United States
s8407,Movie,PG-13,Adults,2019,United Kingdom
s8407,Movie,PG-13,Adults,2019,Germany
s8407,Movie,PG-13,Adults,2019,United States
s8408,Movie,TV-14,Teens,2017,United Kingdom
s8409,Movie,TV-14,Teens,2019,Poland
s8410,Movie,TV-14,Teens,2018,Hong Kong
s8411,Movie,TV-PG,Teens,2018,United States
s8411,Movie,TV-PG,Teens,2018,Australia
s8411,Movie,TV-PG,Teens,2018,South Africa
s8411,Movie,TV-PG,Teens,2018,United Kingdom
s8412,TV Show,TV-PG,Teens,2016,United Kingdom
s8412,TV Show,TV-PG,Teens,2016,United States
s8412,TV Show,TV-PG,Teens,2016,Spain
s8412,TV Show,TV-PG,Teens,2016,Germany
s8412,TV Show,TV-PG,Teens,2016,Greece
s8412,TV Show,TV-PG,Teens,2016,Canada
s8413,Movie,TV-14,Teens,2018,United States
s8414,Movie,PG-13,Adults,2020,United States
s8414,Movie,PG-13,Adults,2020,Germany
s8414,Movie,PG-13,Adults,2020,Mexico
s8415,Movie,R,Adults,2019,United States
s8416,Movie,R,Adults,2019,United States
s8417,Movie,R,Adults,2019,United States
s8418,Movie,TV-14,Teens,2019,United States
s8419,Movie,TV-MA,Adults,2017,South Korea
s8420,Movie,TV-PG,Teens,2017,United States
s8421,Movie,R,Adults,2019,United States
s8421,Movie,R,Adults,2019,United Kingdom
s8422,TV Show,TV-14,Teens,2016,United States
s8423,TV Show,TV-PG,Teens,2017,United States
s8424,TV Show,TV-G,Kids,2018,France
s8425,TV Show,TV-MA,Adults,2018,Spain
s8426,Movie,TV-MA,Adults,2016,Denmark
s8427,Movie,R,Adults,2019,United States
s8427,Movie,R,Adults,2019,Canada
s8428,Movie,TV-MA,Adults,2015,New Zealand
s8429,TV Show,TV-MA,Adults,2018,United States
s8430,TV Show,TV-MA,Adults,2017,Sweden
s8431,Movie,PG,Teens,2020,United States
s8432,TV Show,TV-MA,Adults,2017,United Kingdom
s8433,Movie,TV-PG,Teens,2018,Italy
s8435,Movie,PG-13,Adults,2021,United States
s8436,Movie,PG,Teens,2020,United States
s8437,Movie,TV-14,Teens,2017,United States
s8438,TV Show,TV-MA,Adults,2021,United States
s8439,Movie,TV-MA,Adults,2019,Canada
s8440,TV Show,TV-14,Teens,2018,United States
s8441,Movie,TV-14,Teens,2016,Germany
s8442,Movie,PG,Teens,2019,United States
s8443,TV Show,TV-14,Teens,2016,United States
s8444,Movie,R,Adults,2019,United States
s8445,Movie,TV-PG,Teens,2019,Philippines
s8446,Movie,PG-13,Adults,2020,United States
s8447,Movie,R,Adults,2018,United Kingdom
s8448,Movie,NR,Unrated,2019,United Kingdom
s8449,Movie,R,Adults,2020,United States
s8450,Movie,PG-13,Adults,2019,United States
s8452,Movie,PG-13,Adults,2020,United States
s8453,Movie,PG-13,Adults,2019,United Kingdom
s8453,Movie,PG-13,Adults,2019,United States
s8454,Movie,R,Adults,2015,Germany
s8455,Movie,PG,Teens,2019,United States
s8455,Movie,PG,Teens,2019,Czech Republic
s8456,Movie,G,Kids,2014,United States
s8457,Movie,R,Adults,2018,Somalia
s8457,Movie,R,Adults,2018,Kenya
s8457,Movie,R,Adults,2018,Sudan
s8457,Movie,R,Adults,2018,South Africa
s8457,Movie,R,Adults,2018,United States
s8458,Movie,PG,Teens,2020,United Kingdom
s8458,Movie,PG,Teens,2020,United States
s8459,Movie,R,Adults,2017,United States
s8460,Movie,TV-MA,Adults,2018,India
s8461,Movie,TV-MA,Adults,2019,Egypt
s8462,Movie,G,Kids,2021,United States
s8463,Movie,TV-14,Teens,2018,Canada
s8463,Movie,TV-14,Teens,2018,United States
s8464,Movie,TV-MA,Adults,2017,South Korea
s8465,Movie,R,Adults,2019,United States
s8465,Movie,R,Adults,2019,United Kingdom
s8466,Movie,PG,Teens,2020,United States
s8466,Movie,PG,Teens,2020,Czech Republic
s8467,Movie,G,Kids,2019,United States
s8468,Movie,TV-MA,Adults,2017,South Korea
s8469,Movie,TV-14,Teens,2019,United States
s8470,Movie,PG-13,Adults,2019,United States
s8471,Movie,TV-MA,Adults,2019,United States
s8472,TV Show,TV-PG,Teens,2016,Canada
s8473,Movie,TV-PG,Teens,2018,Indonesia
s8474,Movie,PG-13,Adults,2019,United States
s8474,Movie,PG-13,Adults,2019,Germany
s8475,TV Show,TV-14,Teens,2019,United States
s8476,Movie,TV-PG,Teens,2017,India
s8477,TV Show,TV-MA,Adults,2017,United Kingdom
s8478,Movie,TV-PG,Teens,2017,United States
s8478,Movie,TV-PG,Teens,2017,Canada
s8478,Movie,TV-PG,Teens,2017,Japan
s8478,Movie,TV-PG,Teens,2017,Panama
s8479,Movie,TV-MA,Adults,2019,United States
s8480,Movie,TV-14,Teens,2018,United States
s8481,Movie,TV-MA,Adults,2018,New Zealand
s8483,TV Show,TV-MA,Adults,2019,France
s8484,Movie,TV-MA,Adults,2017,United Kingdom
s8484,Movie,TV-MA,Adults,2017,Spain
s8484,Movie,TV-MA,Adults,2017,Belgium
s8485,Movie,TV-MA,Adults,2018,Serbia
s8485,Movie,TV-MA,Adults,2018,South Korea
s8485,Movie,TV-MA,Adults,2018,Slovenia
s8486,Movie,TV-14,Teens,2019,Egypt
s8487,Movie,PG-13,Adults,2020,United States
s8488,Movie,R,Adults,2017,United Kingdom
s8489,Movie,NR,Unrated,2017,United States
s8490,Movie,PG-13,Adults,2018,United States
s8491,TV Show,TV-14,Teens,2018,Russia
s8492,Movie,TV-MA,Adults,2019,United Kingdom
s8493,Movie,PG-13,Adults,2020,United States
s8494,Movie,R,Adults,2018,Australia
s8494,Movie,R,Adults,2018,United States
s8495,Movie,R,Adults,2019,United States
s8495,Movie,R,Adults,2019,United Kingdom
s8496,Movie,R,Adults,2017,United States
s8497,Movie,R,Adults,2017,Denmark
s8497,Movie,R,Adults,2017,United Kingdom
s8497,Movie,R,Adults,2017,South Africa
s8497,Movie,R,Adults,2017,Sweden
s8497,Movie,R,Adults,2017,Belgium
s8498,Movie,PG-13,Adults,2019,Australia
s8499,Movie,R,Adults,2019,Germany
s8499,Movie,R,Adults,2019,Canada
s8499,Movie,R,Adults,2019,United States
s8500,Movie,PG-13,Adults,2018,United States
s8501,Movie,TV-G,Kids,2018,United States
s8502,Movie,PG,Teens,2019,United States
s8502,Movie,PG,Teens,2019,France
s8502,Movie,PG,Teens,2019,Japan
s8503,Movie,R,Adults,2017,United States
s8504,TV Show,TV-PG,Teens,2018,United States
s8505,Movie,TV-MA,Adults,2018,India
s8506,Movie,TV-MA,Adults,2020,United States
s8507,Movie,TV-14,Teens,2020,Italy
s8508,Movie,PG-13,Adults,2018,United States
s8509,Movie,NR,Unrated,2017,Mexico
s8510,Movie,TV-14,Teens,2018,Indonesia
s8511,TV Show,TV-MA,Adults,2018,Ukraine
s8512,Movie,PG-13,Adults,2020,United States
s8513,Movie,PG-13,Adults,2019,United States
s8514,Movie,R,Adults,2018,United States
s8515,Movie,TV-MA,Adults,2019,Poland
s8516,Movie,PG,Teens,2020,United States
s8517,Movie,TV-MA,Adults,2019,United Kingdom
s8518,Movie,R,Adults,2017,United States
s8519,TV Show,TV-14,Teens,2019,United States
s8520,TV Show,TV-14,Teens,2019,United States
s8521,Movie,TV-14,Teens,2019,United States
s8522,Movie,TV-MA,Adults,2017,United Kingdom
s8523,Movie,R,Adults,2019,United States
s8524,TV Show,TV-Y7,Kids,2016,United States
s8524,TV Show,TV-Y7,Kids,2016,Canada
s8525,Movie,TV-14,Teens,2018,United States
s8526,Movie,R,Adults,2019,United States
s8526,Movie,R,Adults,2019,United Kingdom
s8527,Movie,R,Adults,2020,United States
s8528,Movie,R,Adults,2019,United States
s8529,Movie,TV-14,Teens,2019,Egypt
s8530,Movie,TV-14,Teens,2018,United States
s8531,Movie,TV-G,Kids,2018,United Kingdom
s8532,Movie,PG-13,Adults,2019,United States
s8532,Movie,PG-13,Adults,2019,United Arab Emirates
s8533,Movie,PG-13,Adults,2019,United States
s8534,TV Show,TV-MA,Adults,2018,United States
s8535,Movie,R,Adults,2019,United States
s8536,Movie,R,Adults,2018,United States
s8537,Movie,TV-MA,Adults,2017,United Kingdom
s8538,Movie,R,Adults,2019,United States
s8539,Movie,TV-14,Teens,2017,United Kingdom
s8540,TV Show,TV-MA,Adults,2018,Ireland
s8540,TV Show,TV-MA,Adults,2018,Canada
s8540,TV Show,TV-MA,Adults,2018,United States
s8540,TV Show,TV-MA,Adults,2018,United Kingdom
s8541,Movie,PG-13,Adults,2019,United States
s8542,TV Show,TV-14,Teens,2017,United States
s8543,Movie,R,Adults,2019,United States
s8544,Movie,TV-MA,Adults,2018,Thailand
s8546,TV Show,TV-14,Teens,2019,United States
s8547,Movie,TV-MA,Adults,2017,Belgium
s8547,Movie,TV-MA,Adults,2017,France
s8548,Movie,PG-13,Adults,2019,United States
s8549,Movie,PG-13,Adults,2020,United States
s8550,TV Show,TV-MA,Adults,2018,United States
s8551,Movie,TV-14,Teens,2019,Egypt
s8552,TV Show,TV-14,Teens,2017,United States
s8553,Movie,R,Adults,2019,Australia
s8553,Movie,R,Adults,2019,United States
s8554,Movie,PG,Teens,2018,New Zealand
s8554,Movie,PG,Teens,2018,United Kingdom
s8554,Movie,PG,Teens,2018,Australia
s8555,Movie,PG-13,Adults,2017,United States
s8556,Movie,TV-PG,Teens,2019,Philippines
s8557,Movie,TV-14,Teens,2019,Nigeria
s8558,TV Show,TV-14,Teens,2015,United States
s8559,Movie,R,Adults,2018,United Kingdom
s8559,Movie,R,Adults,2018,Canada
s8559,Movie,R,Adults,2018,United States
s8560,Movie,TV-14,Teens,2019,United States
s8561,TV Show,TV-MA,Adults,2016,China
s8562,Movie,TV-MA,Adults,2017,United Kingdom
s8563,Movie,TV-PG,Teens,2017,Israel
s8564,Movie,TV-MA,Adults,2018,France
s8565,Movie,PG-13,Adults,2019,United Kingdom
s8565,Movie,PG-13,Adults,2019,United States
s8566,Movie,TV-PG,Teens,2019,United Kingdom
s8567,Movie,TV-14,Teens,2019,Canada
s8568,TV Show,TV-PG,Teens,2016,Taiwan
s8569,Movie,TV-MA,Adults,2017,Ireland
s8570,Movie,TV-14,Teens,2018,Hong Kong
s8571,Movie,TV-PG,Teens,2017,Canada
s8572,Movie,TV-14,Teens,2018,India
s8573,Movie,PG-13,Adults,2019,United States
s8574,Movie,TV-14,Teens,2016,United States
s8575,TV Show,TV-14,Teens,2019,Thailand
s8576,TV Show,TV-14,Teens,2017,South Korea
s8577,Movie,TV-PG,Teens,2017,China
s8578,Movie,NR,Unrated,2015,Belgium
s8579,Movie,TV-MA,Adults,2017,India
s8579,Movie,TV-MA,Adults,2017,United States
s8580,Movie,TV-MA,Adults,2018,Thailand
s8581,Movie,PG-13,Adults,2018,United States
s8582,Movie,TV-Y7,Kids,2020,United States
s8582,Movie,TV-Y7,Kids,2020,Canada
s8583,Movie,NR,Unrated,2016,United Kingdom
s8584,Movie,NR,Unrated,2016,United Kingdom
s8584,Movie,NR,Unrated,2016,Australia
s8584,Movie,NR,Unrated,2016,Canada
s8584,Movie,NR,Unrated,2016,United States
s8585,Movie,TV-MA,Adults,2017,Hong Kong
s8585,Movie,TV-MA,Adults,2017,China
s8587,Movie,TV-MA,Adults,2018,United States
s8588,Movie,TV-PG,Teens,2017,United States
s8589,TV Show,TV-14,Teens,2018,China
s8590,Movie,TV-14,Teens,2017,China
s8591,Movie,TV-MA,Adults,2018,India
s8592,Movie,TV-14,Teens,2018,India
s8595,Movie,G,Kids,2015,United States
s8596,Movie,TV-14,Teens,2019,United States
s8597,TV Show,TV-Y,Kids,2017,Germany
s8597,TV Show,TV-Y,Kids,2017,United States
s8597,TV Show,TV-Y,Kids,2017,Italy
s8598,Movie,TV-14,Teens,2017,United States
s8598,Movie,TV-14,Teens,2017,Venezuela
s8599,Movie,PG-13,Adults,2019,United States
s8600,TV Show,TV-MA,Adults,2017,United Kingdom
s8601,TV Show,TV-Y7,Kids,2019,Canada
s8602,Movie,TV-14,Teens,2017,United Kingdom
s8602,Movie,TV-14,Teens,2017,Canada
s8602,Movie,TV-14,Teens,2017,Japan
s8604,Movie,PG-13,Adults,2019,United Kingdom
s8604,Movie,PG-13,Adults,2019,United States
s8605,TV Show,TV-14,Teens,2019,United Kingdom
s8605,TV Show,TV-14,Teens,2019,United States
s8605,TV Show,TV-14,Teens,2019,Czech Republic
s8606,TV Show,TV-MA,Adults,2018,United States
s8607,Movie,TV-14,Teens,2018,India
s8608,Movie,PG-13,Adults,2020,United States
s8609,Movie,NR,Unrated,2016,United States
s8611,Movie,PG-13,Adults,2019,United States
s8612,Movie,TV-MA,Adults,2019,India
s8613,Movie,TV-MA,Adults,2018,Thailand
s8614,Movie,TV-MA,Adults,2017,South Korea
s8615,Movie,R,Adults,2019,United Kingdom
s8616,Movie,PG-13,Adults,2018,United States
s8617,Movie,PG-13,Adults,2018,United Kingdom
s8617,Movie,PG-13,Adults,2018,China
s8617,Movie,PG-13,Adults,2018,United States
s8618,Movie,R,Adults,2019,United Kingdom
s8618,Movie,R,Adults,2019,Brazil
s8618,Movie,R,Adults,2019,Germany
s8619,Movie,R,Adults,2017,United States
s8620,Movie,TV-G,Kids,2018,United Kingdom
s8621,Movie,TV-PG,Teens,2016,Canada
s8622,Movie,PG-13,Adults,2020,United States
s8624,Movie,PG,Teens,2020,United States
s8625,Movie,PG-13,Adults,2020,United States
s8626,Movie,PG-13,Adults,2020,South Africa
s8626,Movie,PG-13,Adults,2020,United States
s8627,Movie,PG-13,Adults,2018,United States
s8627,Movie,PG-13,Adults,2018,South Africa
s8628,Movie,R,Adults,2019,United Kingdom
s8629,Movie,TV-14,Teens,2019,India
s8630,Movie,TV-PG,Teens,2018,India
s8631,Movie,TV-MA,Adults,2017,India
s8632,Movie,TV-MA,Adults,2020,United States
s8633,Movie,TV-MA,Adults,2018,United Kingdom
s8633,Movie,TV-MA,Adults,2018,Namibia
s8633,Movie,TV-MA,Adults,2018,South Africa
s8633,Movie,TV-MA,Adults,2018,Zimbabwe
s8633,Movie,TV-MA,Adults,2018,United States
s8634,TV Show,TV-MA,Adults,2018,Russia
s8635,Movie,TV-MA,Adults,2018,United States
s8636,Movie,G,Kids,2020,United States
s8637,Movie,R,Adults,2018,United States
s8638,Movie,R,Adults,2020,United States
s8639,Movie,R,Adults,2019,Canada
s8639,Movie,R,Adults,2019,United States
s8639,Movie,R,Adults,2019,India
s8639,Movie,R,Adults,2019,United Kingdom
s8640,Movie,TV-PG,Teens,2018,India
s8641,Movie,TV-14,Teens,2017,United States
s8641,Movie,TV-14,Teens,2017,United Kingdom
s8642,Movie,PG,Teens,2019,United States
s8643,Movie,R,Adults,2018,United States
s8644,Movie,TV-14,Teens,2017,Japan
s8644,Movie,TV-14,Teens,2017,United States
s8645,TV Show,TV-14,Teens,2017,United States
s8646,Movie,TV-MA,Adults,2019,United States
s8647,TV Show,TV-Y,Kids,2020,United Kingdom
s8648,Movie,TV-14,Teens,2017,India
s8649,Movie,TV-MA,Adults,2019,United Kingdom
s8650,Movie,R,Adults,2017,Canada
s8651,Movie,TV-14,Teens,2015,Australia
s8652,Movie,R,Adults,2019,United States
s8652,Movie,R,Adults,2019,France
s8653,Movie,NR,Unrated,2017,India
s8654,TV Show,TV-14,Teens,2019,Thailand
s8655,Movie,R,Adults,2018,United Kingdom
s8655,Movie,R,Adults,2018,Canada
s8655,Movie,R,Adults,2018,United States
s8656,Movie,PG,Teens,2019,United States
s8657,Movie,TV-MA,Adults,2017,United States
s8658,Movie,TV-14,Teens,2017,United States
s8659,Movie,R,Adults,2018,Switzerland
s8659,Movie,R,Adults,2018,United Kingdom
s8659,Movie,R,Adults,2018,United States
s8660,Movie,PG-13,Adults,2017,Canada
s8661,Movie,TV-PG,Teens,2017,United States
s8662,Movie,PG-13,Adults,2019,United Kingdom
s8662,Movie,PG-13,Adults,2019,Germany
s8663,Movie,TV-14,Teens,2019,Canada
s8663,Movie,TV-14,Teens,2019,India
s8664,Movie,TV-14,Teens,2019,Egypt
s8665,Movie,R,Adults,2020,United States
s8666,Movie,TV-MA,Adults,2018,India
s8667,Movie,TV-14,Teens,2019,Egypt
s8668,Movie,R,Adults,2019,United States
s8669,Movie,R,Adults,2018,United States
s8669,Movie,R,Adults,2018,United Kingdom
s8669,Movie,R,Adults,2018,Germany
s8670,TV Show,TV-G,Kids,2016,United States
s8671,Movie,PG-13,Adults,2019,United States
s8672,Movie,TV-14,Teens,2017,India
s8673,Movie,TV-14,Teens,2019,India
s8674,Movie,TV-14,Teens,2017,United States
s8675,Movie,NR,Unrated,2017,United Kingdom
s8675,Movie,NR,Unrated,2017,India
s8675,Movie,NR,Unrated,2017,Sweden
s8676,Movie,PG-13,Adults,2017,United States
s8677,Movie,R,Adults,2019,United Kingdom
s8677,Movie,R,Adults,2019,Belgium
s8678,Movie,TV-PG,Teens,2017,United States
s8679,Movie,R,Adults,2017,United States
s8681,Movie,TV-14,Teens,2018,India
s8682,Movie,TV-14,Teens,2017,India
s8683,Movie,NR,Unrated,2017,Turkey
s8684,Movie,TV-14,Teens,2019,India
s8685,TV Show,TV-Y,Kids,2017,South Korea
s8686,Movie,TV-MA,Adults,2019,United Kingdom
s8687,Movie,TV-MA,Adults,2017,Pakistan
s8688,Movie,TV-14,Teens,2017,India
s8689,Movie,TV-MA,Adults,2018,India
s8690,Movie,R,Adults,2020,United States
s8692,Movie,R,Adults,2019,United States
s8693,Movie,TV-PG,Teens,2017,United Kingdom
s8694,Movie,PG-13,Adults,2019,United States
s8695,Movie,R,Adults,2019,United States
s8695,Movie,R,Adults,2019,Canada
s8696,Movie,TV-14,Teens,2019,India
s8697,Movie,PG-13,Adults,2019,United States
s8697,Movie,PG-13,Adults,2019,India
s8698,Movie,R,Adults,2019,United Kingdom
s8699,Movie,TV-14,Teens,2019,Egypt
s8700,Movie,TV-14,Teens,2017,Mexico
s8701,TV Show,TV-MA,Adults,2016,Poland
s8702,Movie,PG,Teens,2018,United States
s8703,Movie,TV-G,Kids,2018,United States
s8703,Movie,TV-G,Kids,2018,Brazil
s8703,Movie,TV-G,Kids,2018,India
s8703,Movie,TV-G,Kids,2018,Uganda
s8703,Movie,TV-G,Kids,2018,China
s8704,Movie,R,Adults,2020,United Kingdom
s8704,Movie,R,Adults,2020,France
s8704,Movie,R,Adults,2020,United States
s8705,Movie,TV-14,Teens,2019,United States
s8706,Movie,TV-MA,Adults,2016,Spain
s8707,Movie,R,Adults,2019,United States
s8708,Movie,TV-PG,Teens,2018,United States
s8709,Movie,TV-MA,Adults,2017,United States
s8709,Movie,TV-MA,Adults,2017,Argentina
s8710,Movie,TV-MA,Adults,2019,Poland
s8711,TV Show,TV-MA,Adults,2014,United States
s8712,Movie,TV-MA,Adults,2018,Hong Kong
s8713,TV Show,TV-PG,Teens,2017,United Kingdom
s8714,Movie,TV-MA,Adults,2018,India
s8715,Movie,TV-Y7,Kids,2017,United States
s8716,Movie,R,Adults,2017,United States
s8716,Movie,R,Adults,2017,France
s8717,Movie,TV-MA,Adults,2018,United States
s8718,Movie,TV-MA,Adults,2019,Poland
s8720,Movie,TV-14,Teens,2018,China
s8721,TV Show,TV-14,Teens,2017,Turkey
s8722,TV Show,TV-14,Teens,2017,Taiwan
s8723,Movie,PG-13,Adults,2020,United States
s8724,Movie,TV-14,Teens,2019,United Kingdom
s8725,Movie,TV-14,Teens,2018,United States
s8726,Movie,R,Adults,2018,Indonesia
s8727,TV Show,TV-PG,Teens,2018,United States
s8728,Movie,NR,Unrated,2016,United Kingdom
s8728,Movie,NR,Unrated,2016,India
s8728,Movie,NR,Unrated,2016,United States
s8729,Movie,TV-14,Teens,2016,Peru
s8729,Movie,TV-14,Teens,2016,United States
s8729,Movie,TV-14,Teens,2016,United Kingdom
s8730,Movie,PG-13,Adults,2020,Germany
s8730,Movie,PG-13,Adults,2020,United States
s8730,Movie,PG-13,Adults,2020,United Kingdom
s8730,Movie,PG-13,Adults,2020,Canada
s8731,Movie,R,Adults,2018,United States
s8732,Movie,R,Adults,2017,United States
s8733,Movie,TV-MA,Adults,2019,United Kingdom
s8734,Movie,TV-MA,Adults,2017,United Kingdom
s8735,Movie,TV-MA,Adults,2017,United States
s8736,Movie,R,Adults,2019,United States
s8737,TV Show,TV-14,Teens,2017,Taiwan
s8738,Movie,TV-14,Teens,2019,United Kingdom
s8739,Movie,TV-MA,Adults,2017,Canada
s8739,Movie,TV-MA,Adults,2017,India
s8739,Movie,TV-MA,Adults,2017,Thailand
s8739,Movie,TV-MA,Adults,2017,United States
s8739,Movie,TV-MA,Adults,2017,United Arab Emirates
s8740,Movie,TV-PG,Teens,2017,United States
s8741,TV Show,TV-PG,Teens,2017,United Kingdom
s8742,TV Show,TV-PG,Teens,2017,United Kingdom
s8743,Movie,PG-13,Adults,2020,United States
s8744,Movie,PG-13,Adults,2020,United States
s8745,Movie,TV-MA,Adults,2017,United Kingdom
s8746,Movie,G,Kids,2020,United States
s8746,Movie,G,Kids,2020,East Germany
s8746,Movie,G,Kids,2020,West Germany
s8747,Movie,TV-14,Teens,2018,France
s8747,Movie,TV-14,Teens,2018,Netherlands
s8747,Movie,TV-14,Teens,2018,South Africa
s8747,Movie,TV-14,Teens,2018,Finland
s8748,TV Show,TV-G,Kids,2018,United States
s8749,Movie,NR,Unrated,2016,Australia
s8750,TV Show,TV-MA,Adults,2017,Turkey
s8751,Movie,R,Adults,2019,United States
s8752,Movie,R,Adults,2018,United States
s8753,Movie,TV-14,Teens,2019,United States
s8754,Movie,TV-MA,Adults,2018,Canada
s8755,Movie,R,Adults,2019,United States
s8756,TV Show,TV-14,Teens,2016,United States
s8757,Movie,TV-MA,Adults,2019,United States
s8758,Movie,PG-13,Adults,2019,United States
s8759,TV Show,TV-PG,Teens,2019,United Kingdom
s8761,Movie,TV-MA,Adults,2019,United States
s8762,Movie,TV-14,Teens,2017,Pakistan
s8763,Movie,TV-MA,Adults,2017,India
s8764,Movie,TV-PG,Teens,2017,United States
s8765,Movie,PG-13,Adults,2020,United States
s8766,Movie,R,Adults,2017,Canada
s8766,Movie,R,Adults,2017,United States
s8767,Movie,PG-13,Adults,2019,United States
s8768,Movie,PG-13,Adults,2019,United States
s8769,Movie,R,Adults,2017,Mexico
s8770,Movie,TV-MA,Adults,2018,India
s8771,Movie,TV-14,Teens,2018,India
s8772,Movie,TV-14,Teens,2017,India
s8773,Movie,TV-14,Teens,2017,India
s8774,Movie,TV-PG,Teens,2018,India
s8775,Movie,TV-14,Teens,2019,Egypt
s8775,Movie,TV-14,Teens,2019,Austria
s8775,Movie,TV-14,Teens,2019,United States
s8776,TV Show,TV-PG,Teens,2018,India
s8777,Movie,PG,Teens,2015,France
s8777,Movie,PG,Teens,2015,Belgium
s8778,Movie,TV-PG,Teens,2018,Thailand
s8779,Movie,TV-PG,Teens,2018,Thailand
s8780,Movie,TV-PG,Teens,2018,Thailand
s8781,TV Show,TV-Y7,Kids,2016,United States
s8782,Movie,TV-Y7,Kids,2016,Japan
s8782,Movie,TV-Y7,Kids,2016,United States
s8783,Movie,PG-13,Adults,2016,United States
s8785,Movie,TV-Y,Kids,2018,Russia
s8785,Movie,TV-Y,Kids,2018,Spain
s8787,Movie,TV-G,Kids,2017,United Kingdom
s8788,Movie,TV-PG,Teens,2017,United States
s8789,Movie,TV-MA,Adults,2016,Croatia
s8789,Movie,TV-MA,Adults,2016,Slovenia
s8789,Movie,TV-MA,Adults,2016,Serbia
s8789,Movie,TV-MA,Adults,2016,Montenegro
s8790,Movie,TV-PG,Teens,2019,Philippines
s8791,Movie,UR,Unrated,2019,United States
s8792,Movie,R,Adults,2019,United States
s8793,Movie,NR,Unrated,2016,Hong Kong
s8794,Movie,PG,Teens,2019,United States
s8795,Movie,TV-14,Teens,2018,Egypt
s8795,Movie,TV-14,Teens,2018,France
s8796,TV Show,TV-Y7,Kids,2018,Japan
s8796,TV Show,TV-Y7,Kids,2018,Canada
s8797,TV Show,TV-PG,Teens,2017,Turkey
s8798,TV Show,TV-Y7,Kids,2018,United States
s8798,TV Show,TV-Y7,Kids,2018,France
s8798,TV Show,TV-Y7,Kids,2018,South Korea
s8798,TV Show,TV-Y7,Kids,2018,Indonesia
s8799,Movie,TV-MA,Adults,2019,India
s8800,Movie,TV-14,Teens,2018,India
s8801,TV Show,TV-PG,Teens,2016,Pakistan
s8802,Movie,TV-MA,Adults,2016,United Arab Emirates
s8802,Movie,TV-MA,Adults,2016,Jordan
s8803,Movie,R,Adults,2019,United States
s8805,Movie,R,Adults,2019,United States
s8806,Movie,PG,Teens,2020,United States
s8807,Movie,TV-14,Teens,2019,India
