show_id,type,rating,maturity_band,year_added,genre
s1,Movie,PG-13,Adults,2021,Documentaries
s2,TV Show,TV-MA,Adults,2021,International TV Shows
s2,TV Show,TV-MA,Adults,2021,TV Dramas
s2,TV Show,TV-MA,Adults,2021,TV Mysteries
s3,TV Show,TV-MA,Adults,2021,Crime TV Shows
s3,TV Show,TV-MA,Adults,2021,International TV Shows
s3,TV Show,TV-MA,Adults,2021,TV Action & Adventure
s4,TV Show,TV-MA,Adults,2021,Docuseries
s4,TV Show,TV-MA,Adults,2021,Reality TV
s5,TV Show,TV-MA,Adults,2021,International TV Shows
s5,TV Show,TV-MA,Adults,2021,Romantic TV Shows
s5,TV Show,TV-MA,Adults,2021,TV Comedies
s6,TV Show,TV-MA,Adults,2021,TV Dramas
s6,TV Show,TV-MA,Adults,2021,TV Horror
s6,TV Show,TV-MA,Adults,2021,TV Mysteries
s7,Movie,PG,Teens,2021,Children & Family Movies
s8,Movie,TV-MA,Adults,2021,Dramas
s8,Movie,TV-MA,Adults,2021,Independent Movies
s8,Movie,TV-MA,Adults,2021,International Movies
s9,TV Show,TV-14,Teens,2021,British TV Shows
s9,TV Show,TV-14,Teens,2021,Reality TV
s10,Movie,PG-13,Adults,2021,Comedies
s10,Movie,PG-13,Adults,2021,Dramas
s11,TV Show,TV-MA,Adults,2021,Crime TV Shows
s11,TV Show,TV-MA,Adults,2021,Docuseries
s11,TV Show,TV-MA,Adults,2021,International TV Shows
s12,TV Show,TV-MA,Adults,2021,Crime TV Shows
s12,TV Show,TV-MA,Adults,2021,International TV Shows
s12,TV Show,TV-MA,Adults,2021,TV Action & Adventure
s13,Movie,TV-MA,Adults,2021,Dramas
s13,Movie,TV-MA,Adults,2021,International Movies
s14,Movie,TV-PG,Teens,2021,Children & Family Movies
s14,Movie,TV-PG,Teens,2021,Comedies
s15,TV Show,TV-MA,Adults,2021,British TV Shows
s15,TV Show,TV-MA,Adults,2021,Crime TV Shows
s15,TV Show,TV-MA,Adults,2021,Docuseries
s16,TV Show,TV-MA,Adults,2021,TV Comedies
s16,TV Show,TV-MA,Adults,2021,TV Dramas
s17,Movie,TV-MA,Adults,2021,Documentaries
s17,Movie,TV-MA,Adults,2021,International Movies
s18,TV Show,TV-MA,Adults,2021,Crime TV Shows
s18,TV Show,TV-MA,Adults,2021,Spanish-Language TV Shows
s18,TV Show,TV-MA,Adults,2021,TV Dramas
s19,Movie,TV-14,Teens,2021,Thrillers
s20,TV Show,TV-MA,Adults,2021,International TV Shows
s20,TV Show,TV-MA,Adults,2021,Spanish-Language TV Shows
s20,TV Show,TV-MA,Adults,2021,TV Action & Adventure
s21,TV Show,TV-14,Teens,2021,Crime TV Shows
s21,TV Show,TV-14,Teens,2021,Docuseries
s21,TV Show,TV-14,Teens,2021,International TV Shows
s22,TV Show,TV-14,Teens,2021,International TV Shows
s22,TV Show,TV-14,Teens,2021,TV Action & Adventure
s22,TV Show,TV-14,Teens,2021,TV Dramas
s23,Movie,TV-PG,Teens,2021,Comedies
s23,Movie,TV-PG,Teens,2021,International Movies
s24,Movie,TV-Y,Kids,2021,Children & Family Movies
s25,Movie,TV-14,Teens,2021,Comedies
s25,Movie,TV-14,Teens,2021,International Movies
s25,Movie,TV-14,Teens,2021,Romantic Movies
s26,TV Show,TV-14,Teens,2021,Docuseries
s26,TV Show,TV-14,Teens,2021,International TV Shows
s26,TV Show,TV-14,Teens,2021,Reality TV
s27,Movie,TV-PG,Teens,2021,Comedies
s27,Movie,TV-PG,Teens,2021,International Movies
s27,Movie,TV-PG,Teens,2021,Music & Musicals
s28,Movie,PG-13,Adults,2021,Comedies
s29,Movie,PG-13,Adults,2021,Horror Movies
s29,Movie,PG-13,Adults,2021,Sci-Fi & Fantasy
s30,Movie,PG-13,Adults,2021,Thrillers
s31,Movie,TV-14,Teens,2021,Dramas
s31,Movie,TV-14,Teens,2021,Independent Movies
s31,Movie,TV-14,Teens,2021,International Movies
s32,TV Show,TV-MA,Adults,2021,TV Comedies
s33,TV Show,TV-MA,Adults,2021,British TV Shows
s33,TV Show,TV-MA,Adults,2021,International TV Shows
s33,TV Show,TV-MA,Adults,2021,TV Comedies
s34,TV Show,TV-MA,Adults,2021,International TV Shows
s34,TV Show,TV-MA,Adults,2021,TV Dramas
s34,TV Show,TV-MA,Adults,2021,TV Thrillers
s35,TV Show,TV-Y7,Kids,2021,Kids' TV
s36,Movie,TV-MA,Adults,2021,Dramas
s36,Movie,TV-MA,Adults,2021,International Movies
s36,Movie,TV-MA,Adults,2021,Thrillers
s37,Movie,TV-MA,Adults,2021,Action & Adventure
s37,Movie,TV-MA,Adults,2021,Dramas
s37,Movie,TV-MA,Adults,2021,International Movies
s38,TV Show,TV-Y7,Kids,2021,Kids' TV
s38,TV Show,TV-Y7,Kids,2021,TV Comedies
s39,Movie,PG-13,Adults,2021,Action & Adventure
s39,Movie,PG-13,Adults,2021,Dramas
s40,TV Show,TV-Y7,Kids,2021,Kids' TV
s41,TV Show,TV-Y7,Kids,2021,Kids' TV
s41,TV Show,TV-Y7,Kids,2021,TV Sci-Fi & Fantasy
s42,Movie,PG,Teens,2021,Action & Adventure
s42,Movie,PG,Teens,2021,Classic Movies
s42,Movie,PG,Teens,2021,Dramas
s43,Movie,PG,Teens,2021,Dramas
s43,Movie,PG,Teens,2021,Horror Movies
s43,Movie,PG,Teens,2021,Thrillers
s44,Movie,PG,Teens,2021,Action & Adventure
s44,Movie,PG,Teens,2021,Horror Movies
s44,Movie,PG,Teens,2021,Thrillers
s45,Movie,PG-13,Adults,2021,Action & Adventure
s45,Movie,PG-13,Adults,2021,Horror Movies
s45,Movie,PG-13,Adults,2021,Thrillers
s46,Movie,PG,Teens,2021,Documentaries
s47,Movie,R,Adults,2021,Action & Adventure
s48,TV Show,TV-MA,Adults,2021,International TV Shows
s48,TV Show,TV-MA,Adults,2021,Romantic TV Shows
s48,TV Show,TV-MA,Adults,2021,TV Comedies
s49,Movie,R,Adults,2021,Dramas
s49,Movie,R,Adults,2021,Thrillers
s50,TV Show,TV-MA,Adults,2021,International TV Shows
s50,TV Show,TV-MA,Adults,2021,TV Dramas
s51,TV Show,TV-PG,Teens,2021,International TV Shows
s51,TV Show,TV-PG,Teens,2021,TV Dramas
s51,TV Show,TV-PG,Teens,2021,TV Sci-Fi & Fantasy
s52,Movie,TV-14,Teens,2021,Action & Adventure
s52,Movie,TV-14,Teens,2021,Anime Features
s52,Movie,TV-14,Teens,2021,International Movies
s53,Movie,TV-14,Teens,2021,Action & Adventure
s53,Movie,TV-14,Teens,2021,Anime Features
s53,Movie,TV-14,Teens,2021,International Movies
s54,Movie,TV-PG,Teens,2021,Action & Adventure
s54,Movie,TV-PG,Teens,2021,Anime Features
s54,Movie,TV-PG,Teens,2021,International Movies
s55,Movie,TV-PG,Teens,2021,Action & Adventure
s55,Movie,TV-PG,Teens,2021,Anime Features
s55,Movie,TV-PG,Teens,2021,International Movies
s56,TV Show,TV-PG,Teens,2021,Reality TV
s57,Movie,TV-14,Teens,2021,Action & Adventure
s57,Movie,TV-14,Teens,2021,Anime Features
s57,Movie,TV-14,Teens,2021,International Movies
s58,Movie,TV-PG,Teens,2021,Action & Adventure
s58,Movie,TV-PG,Teens,2021,Anime Features
s58,Movie,TV-PG,Teens,2021,International Movies
s59,Movie,TV-PG,Teens,2021,Action & Adventure
s59,Movie,TV-PG,Teens,2021,Anime Features
s59,Movie,TV-PG,Teens,2021,International Movies
s60,Movie,TV-PG,Teens,2021,Action & Adventure
s60,Movie,TV-PG,Teens,2021,Anime Features
s60,Movie,TV-PG,Teens,2021,International Movies
s61,Movie,TV-14,Teens,2021,Action & Adventure
s61,Movie,TV-14,Teens,2021,Anime Features
s61,Movie,TV-14,Teens,2021,International Movies
s62,Movie,TV-PG,Teens,2021,Action & Adventure
s62,Movie,TV-PG,Teens,2021,Anime Features
s62,Movie,TV-PG,Teens,2021,International Movies
s63,Movie,TV-PG,Teens,2021,Action & Adventure
s63,Movie,TV-PG,Teens,2021,Anime Features
s63,Movie,TV-PG,Teens,2021,International Movies
s64,Movie,TV-PG,Teens,2021,Action & Adventure
s64,Movie,TV-PG,Teens,2021,Anime Features
s64,Movie,TV-PG,Teens,2021,International Movies
s65,Movie,TV-PG,Teens,2021,Children & Family Movies
s66,TV Show,TV-Y,Kids,2021,Kids' TV
s67,TV Show,TV-G,Kids,2021,Docuseries
s67,TV Show,TV-G,Kids,2021,International TV Shows
s68,TV Show,TV-PG,Teens,2021,Kids' TV
s68,TV Show,TV-PG,Teens,2021,TV Comedies
s69,Movie,TV-14,Teens,2021,Documentaries
s69,Movie,TV-14,Teens,2021,International Movies
s69,Movie,TV-14,Teens,2021,Sports Movies
s70,TV Show,TV-PG,Teens,2021,International TV Shows
s70,TV Show,TV-PG,Teens,2021,TV Dramas
s71,TV Show,TV-MA,Adults,2021,International TV Shows
s71,TV Show,TV-MA,Adults,2021,Reality TV
s71,TV Show,TV-MA,Adults,2021,Romantic TV Shows
s72,Movie,TV-Y,Kids,2021,Children & Family Movies
s73,TV Show,TV-MA,Adults,2021,British TV Shows
s73,TV Show,TV-MA,Adults,2021,Docuseries
s73,TV Show,TV-MA,Adults,2021,International TV Shows
s74,Movie,TV-MA,Adults,2021,Dramas
s74,Movie,TV-MA,Adults,2021,International Movies
s75,TV Show,TV-PG,Teens,2021,Reality TV
s76,Movie,TV-G,Kids,2021,Children & Family Movies
s77,TV Show,TV-14,Teens,2021,Anime Series
s77,TV Show,TV-14,Teens,2021,International TV Shows
s78,Movie,TV-Y7,Kids,2021,Children & Family Movies
s78,Movie,TV-Y7,Kids,2021,Comedies
s79,Movie,TV-14,Teens,2021,Comedies
s79,Movie,TV-14,Teens,2021,Dramas
s79,Movie,TV-14,Teens,2021,International Movies
s80,Movie,TV-14,Teens,2021,Comedies
s80,Movie,TV-14,Teens,2021,Dramas
s80,Movie,TV-14,Teens,2021,International Movies
s81,Movie,TV-Y7,Kids,2021,Children & Family Movies
s82,Movie,R,Adults,2021,Action & Adventure
s83,TV Show,TV-14,Teens,2021,Crime TV Shows
s83,TV Show,TV-14,Teens,2021,TV Comedies
s83,TV Show,TV-14,Teens,2021,TV Dramas
s84,TV Show,TV-MA,Adults,2021,Reality TV
s85,Movie,TV-MA,Adults,2021,Action & Adventure
s85,Movie,TV-MA,Adults,2021,Comedies
s85,Movie,TV-MA,Adults,2021,Dramas
s86,TV Show,TV-Y7,Kids,2021,Anime Series
s86,TV Show,TV-Y7,Kids,2021,Kids' TV
s87,Movie,TV-MA,Adults,2021,International Movies
s87,Movie,TV-MA,Adults,2021,Thrillers
s88,TV Show,TV-Y,Kids,2021,Kids' TV
s88,TV Show,TV-Y,Kids,2021,Korean TV Shows
s89,Movie,PG-13,Adults,2021,Documentaries
s89,Movie,PG-13,Adults,2021,Sports Movies
s90,TV Show,TV-Y7,Kids,2021,Kids' TV
s91,Movie,TV-MA,Adults,2021,Sci-Fi & Fantasy
s91,Movie,TV-MA,Adults,2021,Thrillers
s92,Movie,TV-14,Teens,2021,Documentaries
s92,Movie,TV-14,Teens,2021,International Movies
s93,TV Show,TV-MA,Adults,2021,International TV Shows
s93,TV Show,TV-MA,Adults,2021,TV Dramas
s93,TV Show,TV-MA,Adults,2021,TV Mysteries
s94,Movie,TV-MA,Adults,2021,Dramas
s94,Movie,TV-MA,Adults,2021,International Movies
s94,Movie,TV-MA,Adults,2021,Romantic Movies
s95,Movie,PG,Teens,2021,Children & Family Movies
s95,Movie,PG,Teens,2021,Comedies
s96,TV Show,TV-MA,Adults,2021,Reality TV
s97,Movie,TV-MA,Adults,2021,Documentaries
s97,Movie,TV-MA,Adults,2021,Music & Musicals
s98,TV Show,TV-Y7,Kids,2021,Kids' TV
s98,TV Show,TV-Y7,Kids,2021,TV Comedies
s98,TV Show,TV-Y7,Kids,2021,TV Sci-Fi & Fantasy
s99,TV Show,TV-Y,Kids,2021,British TV Shows
s99,TV Show,TV-Y,Kids,2021,Kids' TV
s100,TV Show,TV-MA,Adults,2021,TV Comedies
s100,TV Show,TV-MA,Adults,2021,TV Dramas
s101,TV Show,TV-Y7,Kids,2021,Kids' TV
s102,Movie,TV-MA,Adults,2021,Documentaries
s102,Movie,TV-MA,Adults,2021,Sports Movies
s103,TV Show,TV-14,Teens,2021,Docuseries
s103,TV Show,TV-14,Teens,2021,Science & Nature TV
s104,Movie,TV-MA,Adults,2021,Dramas
s104,Movie,TV-MA,Adults,2021,International Movies
s104,Movie,TV-MA,Adults,2021,Thrillers
s105,TV Show,TV-Y,Kids,2021,Kids' TV
s105,TV Show,TV-Y,Kids,2021,Korean TV Shows
s106,Movie,TV-14,Teens,2021,Action & Adventure
s106,Movie,TV-14,Teens,2021,Comedies
s106,Movie,TV-14,Teens,2021,Dramas
s107,TV Show,TV-G,Kids,2021,Kids' TV
s107,TV Show,TV-G,Kids,2021,TV Comedies
s108,Movie,G,Kids,2021,Children & Family Movies
s108,Movie,G,Kids,2021,Dramas
s109,TV Show,TV-G,Kids,2021,Kids' TV
s109,TV Show,TV-G,Kids,2021,TV Dramas
s109,TV Show,TV-G,Kids,2021,Teen TV Shows
s110,TV Show,TV-MA,Adults,2021,Crime TV Shows
s110,TV Show,TV-MA,Adults,2021,International TV Shows
s110,TV Show,TV-MA,Adults,2021,Spanish-Language TV Shows
s111,TV Show,TV-MA,Adults,2021,Docuseries
s111,TV Show,TV-MA,Adults,2021,International TV Shows
s111,TV Show,TV-MA,Adults,2021,Spanish-Language TV Shows
s112,TV Show,TV-Y,Kids,2021,Kids' TV
s113,Movie,PG-13,Adults,2021,Dramas
s114,Movie,TV-PG,Teens,2021,Comedies
s114,Movie,TV-PG,Teens,2021,Romantic Movies
s115,Movie,TV-14,Teens,2021,Dramas
s115,Movie,TV-14,Teens,2021,International Movies
s115,Movie,TV-14,Teens,2021,Thrillers
s116,Movie,PG,Teens,2021,Dramas
s116,Movie,PG,Teens,2021,Romantic Movies
s117,Movie,TV-PG,Teens,2021,Comedies
s117,Movie,TV-PG,Teens,2021,Dramas
s117,Movie,TV-PG,Teens,2021,Independent Movies
s118,Movie,PG-13,Adults,2021,Documentaries
s119,Movie,TV-14,Teens,2021,Dramas
s119,Movie,TV-14,Teens,2021,International Movies
s119,Movie,TV-14,Teens,2021,Thrillers
s120,Movie,TV-MA,Adults,2021,Dramas
s120,Movie,TV-MA,Adults,2021,International Movies
s120,Movie,TV-MA,Adults,2021,Romantic Movies
s121,TV Show,TV-Y7,Kids,2021,Kids' TV
s121,TV Show,TV-Y7,Kids,2021,TV Comedies
s122,TV Show,TV-14,Teens,2021,International TV Shows
s122,TV Show,TV-14,Teens,2021,Romantic TV Shows
s122,TV Show,TV-14,Teens,2021,TV Comedies
s123,Movie,R,Adults,2021,Thrillers
s124,TV Show,TV-Y7,Kids,2021,Kids' TV
s125,TV Show,TV-Y7,Kids,2021,Kids' TV
s125,TV Show,TV-Y7,Kids,2021,Korean TV Shows
s126,TV Show,TV-MA,Adults,2021,Crime TV Shows
s126,TV Show,TV-MA,Adults,2021,TV Action & Adventure
s126,TV Show,TV-MA,Adults,2021,TV Comedies
s127,Movie,TV-14,Teens,2021,Dramas
s127,Movie,TV-14,Teens,2021,International Movies
s127,Movie,TV-14,Teens,2021,Romantic Movies
s128,Movie,PG,Teens,2021,Children & Family Movies
s128,Movie,PG,Teens,2021,Comedies
s129,Movie,PG-13,Adults,2021,Dramas
s129,Movie,PG-13,Adults,2021,International Movies
s129,Movie,PG-13,Adults,2021,Thrillers
s130,Movie,PG-13,Adults,2021,Dramas
s131,Movie,TV-Y,Kids,2021,Children & Family Movies
s131,Movie,TV-Y,Kids,2021,Music & Musicals
s132,Movie,R,Adults,2021,Action & Adventure
s132,Movie,R,Adults,2021,Classic Movies
s132,Movie,R,Adults,2021,Cult Movies
s133,TV Show,TV-MA,Adults,2021,International TV Shows
s133,TV Show,TV-MA,Adults,2021,TV Action & Adventure
s133,TV Show,TV-MA,Adults,2021,TV Comedies
s134,Movie,R,Adults,2021,Action & Adventure
s134,Movie,R,Adults,2021,Sci-Fi & Fantasy
s135,Movie,PG-13,Adults,2021,Action & Adventure
s135,Movie,PG-13,Adults,2021,Dramas
s136,Movie,R,Adults,2021,Action & Adventure
s137,Movie,R,Adults,2021,Dramas
s137,Movie,R,Adults,2021,Romantic Movies
s138,Movie,PG,Teens,2021,Action & Adventure
s138,Movie,PG,Teens,2021,Comedies
s139,Movie,PG-13,Adults,2021,Dramas
s139,Movie,PG-13,Adults,2021,Romantic Movies
s140,Movie,R,Adults,2021,Classic Movies
s140,Movie,R,Adults,2021,Comedies
s140,Movie,R,Adults,2021,Dramas
s141,Movie,TV-MA,Adults,2021,Dramas
s141,Movie,TV-MA,Adults,2021,International Movies
s141,Movie,TV-MA,Adults,2021,Thrillers
s142,Movie,R,Adults,2021,Action & Adventure
s143,Movie,PG-13,Adults,2021,Dramas
s144,Movie,PG-13,Adults,2021,Action & Adventure
s144,Movie,PG-13,Adults,2021,Sci-Fi & Fantasy
s145,Movie,R,Adults,2021,Comedies
s145,Movie,R,Adults,2021,Cult Movies
s146,Movie,R,Adults,2021,Comedies
s146,Movie,R,Adults,2021,Cult Movies
s146,Movie,R,Adults,2021,Music & Musicals
s147,Movie,R,Adults,2021,Comedies
s147,Movie,R,Adults,2021,Music & Musicals
s148,TV Show,TV-PG,Teens,2021,Reality TV
s149,TV Show,TV-14,Teens,2021,TV Shows
s150,Movie,R,Adults,2021,Action & Adventure
s150,Movie,R,Adults,2021,Comedies
s151,Movie,R,Adults,2021,Thrillers
s152,Movie,TV-14,Teens,2021,Action & Adventure
s152,Movie,TV-14,Teens,2021,International Movies
s153,Movie,TV-MA,Adults,2021,Comedies
s154,TV Show,TV-Y,Kids,2021,Kids' TV
s155,TV Show,TV-MA,Adults,2021,Anime Series
s155,TV Show,TV-MA,Adults,2021,International TV Shows
s155,TV Show,TV-MA,Adults,2021,Teen TV Shows
s156,Movie,PG,Teens,2021,Action & Adventure
s156,Movie,PG,Teens,2021,Children & Family Movies
s156,Movie,PG,Teens,2021,Cult Movies
s157,Movie,PG,Teens,2021,Comedies
s157,Movie,PG,Teens,2021,Dramas
s157,Movie,PG,Teens,2021,Romantic Movies
s158,Movie,TV-14,Teens,2021,Sci-Fi & Fantasy
s158,Movie,TV-14,Teens,2021,Thrillers
s159,Movie,PG-13,Adults,2021,Comedies
s159,Movie,PG-13,Adults,2021,Romantic Movies
s160,Movie,TV-MA,Adults,2021,Comedies
s160,Movie,TV-MA,Adults,2021,Dramas
s160,Movie,TV-MA,Adults,2021,International Movies
s161,TV Show,TV-PG,Teens,2021,TV Comedies
s162,Movie,PG-13,Adults,2021,Comedies
s162,Movie,PG-13,Adults,2021,Cult Movies
s162,Movie,PG-13,Adults,2021,Sci-Fi & Fantasy
s163,Movie,PG-13,Adults,2021,Dramas
s164,Movie,R,Adults,2021,Comedies
s164,Movie,R,Adults,2021,Romantic Movies
s165,Movie,PG-13,Adults,2021,Action & Adventure
s165,Movie,PG-13,Adults,2021,Comedies
s166,TV Show,TV-MA,Adults,2021,Crime TV Shows
s166,TV Show,TV-MA,Adults,2021,International TV Shows
s166,TV Show,TV-MA,Adults,2021,Spanish-Language TV Shows
s167,Movie,R,Adults,2021,Classic Movies
s167,Movie,R,Adults,2021,Dramas
s168,Movie,PG,Teens,2021,Children & Family Movies
s168,Movie,PG,Teens,2021,Comedies
s169,Movie,PG,Teens,2021,Action & Adventure
s169,Movie,PG,Teens,2021,Children & Family Movies
s169,Movie,PG,Teens,2021,Comedies
s170,Movie,PG-13,Adults,2021,Action & Adventure
s170,Movie,PG-13,Adults,2021,Dramas
s171,Movie,R,Adults,2021,Documentaries
s171,Movie,R,Adults,2021,Music & Musicals
s172,Movie,PG-13,Adults,2021,Dramas
s172,Movie,PG-13,Adults,2021,Faith & Spirituality
s173,Movie,PG-13,Adults,2021,Comedies
s173,Movie,PG-13,Adults,2021,Music & Musicals
s174,Movie,PG-13,Adults,2021,Documentaries
s174,Movie,PG-13,Adults,2021,LGBTQ Movies
s175,Movie,R,Adults,2021,Action & Adventure
s175,Movie,R,Adults,2021,Dramas
s176,Movie,R,Adults,2021,Dramas
s176,Movie,R,Adults,2021,Romantic Movies
s177,Movie,PG-13,Adults,2021,Action & Adventure
s177,Movie,PG-13,Adults,2021,Comedies
s178,Movie,TV-14,Teens,2021,Action & Adventure
s178,Movie,TV-14,Teens,2021,Classic Movies
s179,Movie,R,Adults,2021,Action & Adventure
s179,Movie,R,Adults,2021,Comedies
s180,Movie,PG-13,Adults,2021,Comedies
s180,Movie,PG-13,Adults,2021,Romantic Movies
s181,Movie,PG-13,Adults,2021,Comedies
s181,Movie,PG-13,Adults,2021,Romantic Movies
s182,TV Show,TV-14,Teens,2021,Docuseries
s183,Movie,PG-13,Adults,2021,Comedies
s184,Movie,R,Adults,2021,Action & Adventure
s184,Movie,R,Adults,2021,Classic Movies
s185,TV Show,TV-PG,Teens,2021,Reality TV
s186,Movie,TV-MA,Adults,2021,Documentaries
s186,Movie,TV-MA,Adults,2021,Sports Movies
s187,TV Show,TV-14,Teens,2021,International TV Shows
s187,TV Show,TV-14,Teens,2021,Romantic TV Shows
s187,TV Show,TV-14,Teens,2021,TV Comedies
s188,TV Show,TV-G,Kids,2021,International TV Shows
s188,TV Show,TV-G,Kids,2021,TV Comedies
s189,Movie,TV-MA,Adults,2021,Comedies
s189,Movie,TV-MA,Adults,2021,International Movies
s190,TV Show,TV-Y,Kids,2021,Kids' TV
s190,TV Show,TV-Y,Kids,2021,TV Comedies
s191,Movie,TV-14,Teens,2021,Dramas
s191,Movie,TV-14,Teens,2021,International Movies
s192,Movie,R,Adults,2021,Dramas
s192,Movie,R,Adults,2021,Independent Movies
s193,Movie,TV-14,Teens,2021,Action & Adventure
s193,Movie,TV-14,Teens,2021,Comedies
s193,Movie,TV-14,Teens,2021,International Movies
s194,TV Show,TV-MA,Adults,2021,International TV Shows
s194,TV Show,TV-MA,Adults,2021,TV Dramas
s195,TV Show,TV-MA,Adults,2021,International TV Shows
s195,TV Show,TV-MA,Adults,2021,Spanish-Language TV Shows
s195,TV Show,TV-MA,Adults,2021,TV Dramas
s196,Movie,TV-14,Teens,2021,Comedies
s196,Movie,TV-14,Teens,2021,Dramas
s196,Movie,TV-14,Teens,2021,International Movies
s197,Movie,TV-14,Teens,2021,Comedies
s197,Movie,TV-14,Teens,2021,Romantic Movies
s198,TV Show,TV-Y7,Kids,2021,Kids' TV
s198,TV Show,TV-Y7,Kids,2021,TV Comedies
s199,TV Show,TV-MA,Adults,2021,Crime TV Shows
s199,TV Show,TV-MA,Adults,2021,International TV Shows
s199,TV Show,TV-MA,Adults,2021,TV Dramas
s200,Movie,TV-14,Teens,2021,Comedies
s200,Movie,TV-14,Teens,2021,Dramas
s200,Movie,TV-14,Teens,2021,International Movies
s201,Movie,TV-14,Teens,2021,Action & Adventure
s201,Movie,TV-14,Teens,2021,Horror Movies
s201,Movie,TV-14,Teens,2021,International Movies
s202,Movie,TV-14,Teens,2021,Dramas
s202,Movie,TV-14,Teens,2021,International Movies
s202,Movie,TV-14,Teens,2021,Thrillers
s203,Movie,TV-MA,Adults,2021,Comedies
s203,Movie,TV-MA,Adults,2021,International Movies
s203,Movie,TV-MA,Adults,2021,Music & Musicals
s204,Movie,TV-MA,Adults,2021,Comedies
s204,Movie,TV-MA,Adults,2021,International Movies
s205,Movie,TV-MA,Adults,2021,Comedies
s205,Movie,TV-MA,Adults,2021,International Movies
s206,Movie,TV-14,Teens,2021,Comedies
s206,Movie,TV-14,Teens,2021,International Movies
s206,Movie,TV-14,Teens,2021,Sci-Fi & Fantasy
s207,Movie,TV-MA,Adults,2021,Dramas
s207,Movie,TV-MA,Adults,2021,Independent Movies
s207,Movie,TV-MA,Adults,2021,International Movies
s208,Movie,TV-14,Teens,2021,Action & Adventure
s208,Movie,TV-14,Teens,2021,International Movies
s208,Movie,TV-14,Teens,2021,Music & Musicals
s209,Movie,TV-14,Teens,2021,Dramas
s209,Movie,TV-14,Teens,2021,International Movies
s209,Movie,TV-14,Teens,2021,Music & Musicals
s210,Movie,TV-14,Teens,2021,Dramas
s210,Movie,TV-14,Teens,2021,International Movies
s210,Movie,TV-14,Teens,2021,Music & Musicals
s211,Movie,TV-MA,Adults,2021,Horror Movies
s211,Movie,TV-MA,Adults,2021,International Movies
s212,Movie,TV-MA,Adults,2021,Horror Movies
s212,Movie,TV-MA,Adults,2021,International Movies
s213,TV Show,TV-MA,Adults,2021,International TV Shows
s213,TV Show,TV-MA,Adults,2021,TV Dramas
s214,TV Show,TV-PG,Teens,2021,Docuseries
s214,TV Show,TV-PG,Teens,2021,International TV Shows
s215,Movie,R,Adults,2021,Action & Adventure
s215,Movie,R,Adults,2021,International Movies
s216,Movie,TV-MA,Adults,2021,Action & Adventure
s216,Movie,TV-MA,Adults,2021,Dramas
s216,Movie,TV-MA,Adults,2021,International Movies
s217,Movie,TV-14,Teens,2021,Comedies
s217,Movie,TV-14,Teens,2021,Dramas
s217,Movie,TV-14,Teens,2021,Independent Movies
s218,Movie,TV-14,Teens,2021,Comedies
s218,Movie,TV-14,Teens,2021,Dramas
s218,Movie,TV-14,Teens,2021,International Movies
s219,TV Show,TV-14,Teens,2021,Reality TV
s219,TV Show,TV-14,Teens,2021,Teen TV Shows
s220,TV Show,TV-14,Teens,2021,Anime Series
s220,TV Show,TV-14,Teens,2021,International TV Shows
s221,TV Show,TV-PG,Teens,2021,Kids' TV
s221,TV Show,TV-PG,Teens,2021,TV Comedies
s222,Movie,TV-14,Teens,2021,Documentaries
s223,TV Show,TV-MA,Adults,2021,Crime TV Shows
s223,TV Show,TV-MA,Adults,2021,TV Dramas
s223,TV Show,TV-MA,Adults,2021,TV Mysteries
s224,TV Show,TV-MA,Adults,2021,Crime TV Shows
s224,TV Show,TV-MA,Adults,2021,Docuseries
s224,TV Show,TV-MA,Adults,2021,International TV Shows
s225,TV Show,TV-14,Teens,2021,International TV Shows
s225,TV Show,TV-14,Teens,2021,Reality TV
s226,TV Show,TV-MA,Adults,2021,International TV Shows
s226,TV Show,TV-MA,Adults,2021,TV Dramas
s226,TV Show,TV-MA,Adults,2021,TV Mysteries
s227,TV Show,TV-MA,Adults,2021,International TV Shows
s227,TV Show,TV-MA,Adults,2021,TV Comedies
s227,TV Show,TV-MA,Adults,2021,TV Dramas
s228,Movie,TV-MA,Adults,2021,Dramas
s228,Movie,TV-MA,Adults,2021,Independent Movies
s228,Movie,TV-MA,Adults,2021,Romantic Movies
s229,Movie,R,Adults,2021,Action & Adventure
s230,Movie,TV-MA,Adults,2021,Horror Movies
s231,Movie,TV-MA,Adults,2021,Documentaries
s231,Movie,TV-MA,Adults,2021,Sports Movies
s232,Movie,PG,Teens,2021,Children & Family Movies
s232,Movie,PG,Teens,2021,Dramas
s233,TV Show,TV-G,Kids,2021,Reality TV
s234,Movie,TV-MA,Adults,2021,Documentaries
s234,Movie,TV-MA,Adults,2021,Music & Musicals
s235,TV Show,TV-Y,Kids,2021,Kids' TV
s235,TV Show,TV-Y,Kids,2021,TV Comedies
s236,Movie,TV-PG,Teens,2021,Documentaries
s236,Movie,TV-PG,Teens,2021,LGBTQ Movies
s236,Movie,TV-PG,Teens,2021,Sports Movies
s237,Movie,TV-14,Teens,2021,Horror Movies
s237,Movie,TV-14,Teens,2021,International Movies
s237,Movie,TV-14,Teens,2021,Thrillers
s238,Movie,TV-14,Teens,2021,Horror Movies
s238,Movie,TV-14,Teens,2021,International Movies
s238,Movie,TV-14,Teens,2021,Thrillers
s239,Movie,TV-14,Teens,2021,Horror Movies
s239,Movie,TV-14,Teens,2021,International Movies
s239,Movie,TV-14,Teens,2021,Thrillers
s240,Movie,TV-14,Teens,2021,Horror Movies
s240,Movie,TV-14,Teens,2021,International Movies
s240,Movie,TV-14,Teens,2021,Thrillers
s241,Movie,TV-MA,Adults,2021,Action & Adventure
s241,Movie,TV-MA,Adults,2021,Anime Features
s242,TV Show,TV-14,Teens,2021,TV Dramas
s242,TV Show,TV-14,Teens,2021,TV Mysteries
s242,TV Show,TV-14,Teens,2021,TV Sci-Fi & Fantasy
s243,TV Show,TV-MA,Adults,2021,International TV Shows
s243,TV Show,TV-MA,Adults,2021,TV Comedies
s244,TV Show,TV-MA,Adults,2021,International TV Shows
s244,TV Show,TV-MA,Adults,2021,Spanish-Language TV Shows
s244,TV Show,TV-MA,Adults,2021,TV Comedies
s245,Movie,TV-14,Teens,2021,Dramas
s245,Movie,TV-14,Teens,2021,International Movies
s245,Movie,TV-14,Teens,2021,Thrillers
s246,TV Show,TV-PG,Teens,2021,Docuseries
s246,TV Show,TV-PG,Teens,2021,International TV Shows
s247,Movie,TV-MA,Adults,2021,Dramas
s247,Movie,TV-MA,Adults,2021,International Movies
s247,Movie,TV-MA,Adults,2021,Romantic Movies
s248,Movie,R,Adults,2021,Action & Adventure
s248,Movie,R,Adults,2021,Dramas
s249,TV Show,TV-MA,Adults,2021,TV Comedies
s249,TV Show,TV-MA,Adults,2021,TV Dramas
s250,Movie,TV-Y7,Kids,2021,Children & Family Movies
s250,Movie,TV-Y7,Kids,2021,Comedies
s250,Movie,TV-Y7,Kids,2021,Music & Musicals
s251,Movie,TV-PG,Teens,2021,Dramas
s251,Movie,TV-PG,Teens,2021,International Movies
s251,Movie,TV-PG,Teens,2021,Romantic Movies
s252,Movie,PG-13,Adults,2021,Dramas
s252,Movie,PG-13,Adults,2021,Independent Movies
s252,Movie,PG-13,Adults,2021,Romantic Movies
s253,Movie,TV-MA,Adults,2021,International Movies
s253,Movie,TV-MA,Adults,2021,Thrillers
s254,Movie,TV-14,Teens,2021,Dramas
s254,Movie,TV-14,Teens,2021,International Movies
s254,Movie,TV-14,Teens,2021,Romantic Movies
s255,TV Show,TV-Y,Kids,2021,Kids' TV
s256,Movie,TV-MA,Adults,2021,Documentaries
s256,Movie,TV-MA,Adults,2021,International Movies
s257,Movie,TV-14,Teens,2021,Dramas
s257,Movie,TV-14,Teens,2021,International Movies
s258,Movie,TV-14,Teens,2021,Dramas
s258,Movie,TV-14,Teens,2021,International Movies
s258,Movie,TV-14,Teens,2021,Romantic Movies
s259,Movie,TV-MA,Adults,2021,Comedies
s259,Movie,TV-MA,Adults,2021,Dramas
s259,Movie,TV-MA,Adults,2021,International Movies
s260,Movie,TV-PG,Teens,2021,Comedies
s260,Movie,TV-PG,Teens,2021,Dramas
s260,Movie,TV-PG,Teens,2021,International Movies
s261,TV Show,TV-MA,Adults,2021,Crime TV Shows
s261,TV Show,TV-MA,Adults,2021,International TV Shows
s261,TV Show,TV-MA,Adults,2021,TV Dramas
s262,Movie,TV-14,Teens,2021,Comedies
s262,Movie,TV-14,Teens,2021,International Movies
s262,Movie,TV-14,Teens,2021,Romantic Movies
s263,Movie,TV-MA,Adults,2021,Documentaries
s263,Movie,TV-MA,Adults,2021,LGBTQ Movies
s263,Movie,TV-MA,Adults,2021,Sports Movies
s264,TV Show,TV-Y,Kids,2021,Kids' TV
s265,Movie,R,Adults,2021,Comedies
s265,Movie,R,Adults,2021,Independent Movies
s266,TV Show,TV-14,Teens,2021,Anime Series
s266,TV Show,TV-14,Teens,2021,International TV Shows
s266,TV Show,TV-14,Teens,2021,Romantic TV Shows
s267,TV Show,TV-MA,Adults,2021,Docuseries
s267,TV Show,TV-MA,Adults,2021,International TV Shows
s268,Movie,R,Adults,2021,Classic Movies
s268,Movie,R,Adults,2021,Dramas
s268,Movie,R,Adults,2021,Independent Movies
s269,Movie,TV-MA,Adults,2021,Dramas
s269,Movie,TV-MA,Adults,2021,International Movies
s270,TV Show,TV-Y7,Kids,2021,Kids' TV
s271,Movie,TV-MA,Adults,2021,Action & Adventure
s272,TV Show,TV-MA,Adults,2021,TV Dramas
s272,TV Show,TV-MA,Adults,2021,TV Horror
s272,TV Show,TV-MA,Adults,2021,TV Mysteries
s273,TV Show,TV-Y7,Kids,2021,Kids' TV
s274,TV Show,TV-MA,Adults,2021,Crime TV Shows
s274,TV Show,TV-MA,Adults,2021,International TV Shows
s274,TV Show,TV-MA,Adults,2021,TV Dramas
s275,TV Show,TV-MA,Adults,2021,TV Comedies
s275,TV Show,TV-MA,Adults,2021,TV Dramas
s276,TV Show,TV-MA,Adults,2021,Crime TV Shows
s276,TV Show,TV-MA,Adults,2021,International TV Shows
s276,TV Show,TV-MA,Adults,2021,Spanish-Language TV Shows
s277,TV Show,TV-MA,Adults,2021,International TV Shows
s277,TV Show,TV-MA,Adults,2021,Romantic TV Shows
s277,TV Show,TV-MA,Adults,2021,Spanish-Language TV Shows
s278,TV Show,TV-14,Teens,2021,International TV Shows
s278,TV Show,TV-14,Teens,2021,TV Dramas
s278,TV Show,TV-14,Teens,2021,Teen TV Shows
s279,Movie,TV-MA,Adults,2021,Stand-Up Comedy
s280,Movie,TV-PG,Teens,2021,Action & Adventure
s280,Movie,TV-PG,Teens,2021,Anime Features
s280,Movie,TV-PG,Teens,2021,Children & Family Movies
s281,TV Show,TV-PG,Teens,2021,Reality TV
s282,Movie,TV-14,Teens,2021,Comedies
s282,Movie,TV-14,Teens,2021,International Movies
s283,Movie,TV-MA,Adults,2021,Dramas
s283,Movie,TV-MA,Adults,2021,Independent Movies
s283,Movie,TV-MA,Adults,2021,International Movies
s284,Movie,PG-13,Adults,2021,Documentaries
s284,Movie,PG-13,Adults,2021,International Movies
s285,Movie,TV-14,Teens,2021,Comedies
s285,Movie,TV-14,Teens,2021,Romantic Movies
s286,Movie,R,Adults,2021,Dramas
s286,Movie,R,Adults,2021,International Movies
s287,TV Show,TV-Y,Kids,2021,Kids' TV
s288,TV Show,TV-14,Teens,2021,International TV Shows
s288,TV Show,TV-14,Teens,2021,Romantic TV Shows
s288,TV Show,TV-14,Teens,2021,TV Comedies
s289,TV Show,TV-MA,Adults,2021,Crime TV Shows
s289,TV Show,TV-MA,Adults,2021,International TV Shows
s289,TV Show,TV-MA,Adults,2021,Spanish-Language TV Shows
s290,TV Show,TV-14,Teens,2021,International TV Shows
s290,TV Show,TV-14,Teens,2021,Romantic TV Shows
s290,TV Show,TV-14,Teens,2021,TV Dramas
s291,Movie,TV-MA,Adults,2021,Documentaries
s291,Movie,TV-MA,Adults,2021,Sports Movies
s292,TV Show,TV-14,Teens,2021,Anime Series
s292,TV Show,TV-14,Teens,2021,International TV Shows
s293,Movie,PG-13,Adults,2021,Comedies
s293,Movie,PG-13,Adults,2021,Dramas
s293,Movie,PG-13,Adults,2021,Independent Movies
s294,Movie,TV-MA,Adults,2021,Comedies
s294,Movie,TV-MA,Adults,2021,International Movies
s294,Movie,TV-MA,Adults,2021,Romantic Movies
s295,Movie,TV-PG,Teens,2021,International Movies
s295,Movie,TV-PG,Teens,2021,Music & Musicals
s296,Movie,PG-13,Adults,2021,Action & Adventure
s296,Movie,PG-13,Adults,2021,Comedies
s297,TV Show,TV-MA,Adults,2021,TV Action & Adventure
s297,TV Show,TV-MA,Adults,2021,TV Dramas
s297,TV Show,TV-MA,Adults,2021,TV Mysteries
s298,TV Show,TV-MA,Adults,2021,TV Shows
s299,Movie,TV-MA,Adults,2021,Comedies
s299,Movie,TV-MA,Adults,2021,Dramas
s299,Movie,TV-MA,Adults,2021,International Movies
s300,Movie,TV-14,Teens,2021,Horror Movies
s300,Movie,TV-14,Teens,2021,Independent Movies
s300,Movie,TV-14,Teens,2021,International Movies
s301,Movie,PG,Teens,2021,Children & Family Movies
s301,Movie,PG,Teens,2021,Music & Musicals
s302,Movie,TV-14,Teens,2021,Action & Adventure
s302,Movie,TV-14,Teens,2021,Comedies
s302,Movie,TV-14,Teens,2021,International Movies
s303,Movie,TV-MA,Adults,2021,Documentaries
s303,Movie,TV-MA,Adults,2021,International Movies
s304,Movie,TV-MA,Adults,2021,Comedies
s304,Movie,TV-MA,Adults,2021,Cult Movies
s304,Movie,TV-MA,Adults,2021,International Movies
s305,Movie,TV-14,Teens,2021,Documentaries
s306,Movie,TV-MA,Adults,2021,Classic Movies
s306,Movie,TV-MA,Adults,2021,Dramas
s306,Movie,TV-MA,Adults,2021,International Movies
s307,Movie,TV-PG,Teens,2021,Dramas
s307,Movie,TV-PG,Teens,2021,International Movies
s308,Movie,TV-MA,Adults,2021,Horror Movies
s309,Movie,TV-MA,Adults,2021,Movies
s310,TV Show,TV-PG,Teens,2021,Reality TV
s311,TV Show,TV-MA,Adults,2021,Crime TV Shows
s311,TV Show,TV-MA,Adults,2021,Docuseries
s312,TV Show,TV-MA,Adults,2021,International TV Shows
s312,TV Show,TV-MA,Adults,2021,Spanish-Language TV Shows
s312,TV Show,TV-MA,Adults,2021,TV Dramas
s313,TV Show,TV-MA,Adults,2021,Reality TV
s314,TV Show,TV-14,Teens,2021,International TV Shows
s314,TV Show,TV-14,Teens,2021,Romantic TV Shows
s314,TV Show,TV-14,Teens,2021,TV Dramas
s315,Movie,R,Adults,2021,Dramas
s315,Movie,R,Adults,2021,Independent Movies
s315,Movie,R,Adults,2021,Romantic Movies
s316,Movie,TV-MA,Adults,2021,Dramas
s316,Movie,TV-MA,Adults,2021,International Movies
s317,TV Show,TV-14,Teens,2021,International TV Shows
s317,TV Show,TV-14,Teens,2021,Romantic TV Shows
s317,TV Show,TV-14,Teens,2021,TV Comedies
s318,Movie,PG-13,Adults,2021,Documentaries
s318,Movie,PG-13,Adults,2021,LGBTQ Movies
s319,Movie,TV-MA,Adults,2021,Documentaries
s319,Movie,TV-MA,Adults,2021,International Movies
s320,TV Show,TV-14,Teens,2021,International TV Shows
s320,TV Show,TV-14,Teens,2021,Romantic TV Shows
s320,TV Show,TV-14,Teens,2021,TV Comedies
s321,TV Show,TV-PG,Teens,2021,Docuseries
s322,TV Show,TV-14,Teens,2021,International TV Shows
s322,TV Show,TV-14,Teens,2021,Romantic TV Shows
s322,TV Show,TV-14,Teens,2021,TV Comedies
s323,TV Show,TV-MA,Adults,2021,International TV Shows
s323,TV Show,TV-MA,Adults,2021,Romantic TV Shows
s323,TV Show,TV-MA,Adults,2021,TV Comedies
s324,TV Show,TV-14,Teens,2021,TV Comedies
s325,TV Show,TV-Y7,Kids,2021,Kids' TV
s326,Movie,PG,Teens,2021,Children & Family Movies
s326,Movie,PG,Teens,2021,Comedies
s327,Movie,PG,Teens,2021,Children & Family Movies
s327,Movie,PG,Teens,2021,Comedies
s328,Movie,PG-13,Adults,2021,Action & Adventure
s328,Movie,PG-13,Adults,2021,Sci-Fi & Fantasy
s329,Movie,R,Adults,2021,Action & Adventure
s330,Movie,PG-13,Adults,2021,Dramas
s331,Movie,PG,Teens,2021,Children & Family Movies
s331,Movie,PG,Teens,2021,Comedies
s331,Movie,PG,Teens,2021,Sci-Fi & Fantasy
s332,TV Show,TV-MA,Adults,2021,Anime Series
s332,TV Show,TV-MA,Adults,2021,International TV Shows
s332,TV Show,TV-MA,Adults,2021,TV Thrillers
s333,Movie,R,Adults,2021,Action & Adventure
s333,Movie,R,Adults,2021,Horror Movies
s333,Movie,R,Adults,2021,Sci-Fi & Fantasy
s334,Movie,PG-13,Adults,2021,Classic Movies
s334,Movie,PG-13,Adults,2021,Comedies
s334,Movie,PG-13,Adults,2021,Cult Movies
s335,Movie,PG-13,Adults,2021,Dramas
s335,Movie,PG-13,Adults,2021,Romantic Movies
s336,Movie,R,Adults,2021,Dramas
s336,Movie,R,Adults,2021,Thrillers
s337,TV Show,TV-14,Teens,2021,TV Dramas
s337,TV Show,TV-14,Teens,2021,Teen TV Shows
s338,Movie,R,Adults,2021,Comedies
s338,Movie,R,Adults,2021,Romantic Movies
s339,TV Show,TV-14,Teens,2021,Anime Series
s339,TV Show,TV-14,Teens,2021,International TV Shows
s340,Movie,TV-14,Teens,2021,Dramas
s340,Movie,TV-14,Teens,2021,Independent Movies
s340,Movie,TV-14,Teens,2021,International Movies
s341,Movie,PG-13,Adults,2021,Action & Adventure
s341,Movie,PG-13,Adults,2021,Sci-Fi & Fantasy
s341,Movie,PG-13,Adults,2021,Thrillers
s342,Movie,R,Adults,2021,Dramas
s342,Movie,R,Adults,2021,Independent Movies
s343,Movie,PG-13,Adults,2021,Comedies
s344,Movie,PG-13,Adults,2021,Dramas
s345,Movie,PG,Teens,2021,Children & Family Movies
s345,Movie,PG,Teens,2021,Comedies
s345,Movie,PG,Teens,2021,Dramas
s346,Movie,PG,Teens,2021,Children & Family Movies
s346,Movie,PG,Teens,2021,Comedies
s347,Movie,R,Adults,2021,Action & Adventure
s347,Movie,R,Adults,2021,Comedies
s348,Movie,PG,Teens,2021,Children & Family Movies
s348,Movie,PG,Teens,2021,Comedies
s348,Movie,PG,Teens,2021,Sci-Fi & Fantasy
s349,Movie,PG-13,Adults,2021,Comedies
s350,Movie,PG-13,Adults,2021,Dramas
s350,Movie,PG-13,Adults,2021,Sports Movies
s351,Movie,PG-13,Adults,2021,Action & Adventure
s351,Movie,PG-13,Adults,2021,Dramas
s351,Movie,PG-13,Adults,2021,Sci-Fi & Fantasy
s352,Movie,R,Adults,2021,Action & Adventure
s352,Movie,R,Adults,2021,Comedies
s352,Movie,R,Adults,2021,Cult Movies
s353,Movie,R,Adults,2021,Comedies
s353,Movie,R,Adults,2021,Dramas
s354,Movie,R,Adults,2021,Horror Movies
s355,Movie,R,Adults,2021,Action & Adventure
s355,Movie,R,Adults,2021,Comedies
s356,Movie,R,Adults,2021,Dramas
s356,Movie,R,Adults,2021,Thrillers
s357,Movie,PG-13,Adults,2021,Action & Adventure
s358,Movie,R,Adults,2021,Dramas
s358,Movie,R,Adults,2021,Independent Movies
s358,Movie,R,Adults,2021,Thrillers
s359,Movie,PG-13,Adults,2021,Thrillers
s360,Movie,R,Adults,2021,Stand-Up Comedy
s361,Movie,PG-13,Adults,2021,Comedies
s361,Movie,PG-13,Adults,2021,Romantic Movies
s362,TV Show,TV-14,Teens,2021,TV Dramas
s362,TV Show,TV-14,Teens,2021,TV Sci-Fi & Fantasy
s363,Movie,TV-14,Teens,2021,Dramas
s363,Movie,TV-14,Teens,2021,International Movies
s364,Movie,R,Adults,2021,Action & Adventure
s364,Movie,R,Adults,2021,International Movies
s364,Movie,R,Adults,2021,Thrillers
s365,TV Show,TV-Y7,Kids,2021,Kids' TV
s365,TV Show,TV-Y7,Kids,2021,TV Comedies
s366,Movie,TV-14,Teens,2021,Dramas
s366,Movie,TV-14,Teens,2021,Independent Movies
s366,Movie,TV-14,Teens,2021,International Movies
s367,TV Show,TV-14,Teens,2021,British TV Shows
s367,TV Show,TV-14,Teens,2021,International TV Shows
s367,TV Show,TV-14,Teens,2021,Reality TV
s368,Movie,TV-14,Teens,2021,Documentaries
s368,Movie,TV-14,Teens,2021,International Movies
s369,TV Show,TV-14,Teens,2021,International TV Shows
s369,TV Show,TV-14,Teens,2021,Reality TV
s370,TV Show,TV-14,Teens,2021,British TV Shows
s370,TV Show,TV-14,Teens,2021,Crime TV Shows
s370,TV Show,TV-14,Teens,2021,Docuseries
s371,TV Show,TV-MA,Adults,2021,TV Action & Adventure
s371,TV Show,TV-MA,Adults,2021,TV Dramas
s371,TV Show,TV-MA,Adults,2021,Teen TV Shows
s372,Movie,TV-14,Teens,2021,Dramas
s372,Movie,TV-14,Teens,2021,Independent Movies
s372,Movie,TV-14,Teens,2021,International Movies
s373,Movie,TV-MA,Adults,2021,Action & Adventure
s373,Movie,TV-MA,Adults,2021,International Movies
s374,Movie,TV-MA,Adults,2021,Action & Adventure
s374,Movie,TV-MA,Adults,2021,Comedies
s374,Movie,TV-MA,Adults,2021,International Movies
s375,Movie,TV-PG,Teens,2021,Comedies
s375,Movie,TV-PG,Teens,2021,International Movies
s375,Movie,TV-PG,Teens,2021,Romantic Movies
s376,Movie,TV-14,Teens,2021,Comedies
s376,Movie,TV-14,Teens,2021,Romantic Movies
s377,TV Show,TV-Y7,Kids,2021,Anime Series
s378,Movie,TV-MA,Adults,2021,Action & Adventure
s378,Movie,TV-MA,Adults,2021,International Movies
s379,Movie,TV-14,Teens,2021,Documentaries
s380,TV Show,TV-MA,Adults,2021,Reality TV
s381,TV Show,TV-14,Teens,2021,Crime TV Shows
s381,TV Show,TV-14,Teens,2021,TV Action & Adventure
s381,TV Show,TV-14,Teens,2021,TV Sci-Fi & Fantasy
s382,TV Show,TV-MA,Adults,2021,Crime TV Shows
s382,TV Show,TV-MA,Adults,2021,International TV Shows
s382,TV Show,TV-MA,Adults,2021,Spanish-Language TV Shows
s383,TV Show,TV-14,Teens,2021,TV Dramas
s383,TV Show,TV-14,Teens,2021,Teen TV Shows
s384,Movie,TV-MA,Adults,2021,Action & Adventure
s384,Movie,TV-MA,Adults,2021,International Movies
s385,Movie,TV-14,Teens,2021,Thrillers
s386,TV Show,TV-MA,Adults,2021,Crime TV Shows
s386,TV Show,TV-MA,Adults,2021,International TV Shows
s386,TV Show,TV-MA,Adults,2021,TV Comedies
s387,TV Show,TV-Y,Kids,2021,Kids' TV
s388,Movie,TV-14,Teens,2021,Comedies
s388,Movie,TV-14,Teens,2021,Dramas
s388,Movie,TV-14,Teens,2021,International Movies
s389,TV Show,TV-MA,Adults,2021,Stand-Up Comedy & Talk Shows
s389,TV Show,TV-MA,Adults,2021,TV Comedies
s390,Movie,TV-MA,Adults,2021,Dramas
s390,Movie,TV-MA,Adults,2021,International Movies
s390,Movie,TV-MA,Adults,2021,Thrillers
s391,TV Show,TV-MA,Adults,2021,Classic & Cult TV
s391,TV Show,TV-MA,Adults,2021,TV Action & Adventure
s391,TV Show,TV-MA,Adults,2021,TV Dramas
s392,TV Show,TV-MA,Adults,2021,International TV Shows
s392,TV Show,TV-MA,Adults,2021,TV Action & Adventure
s392,TV Show,TV-MA,Adults,2021,TV Dramas
s393,Movie,R,Adults,2021,Action & Adventure
s393,Movie,R,Adults,2021,Dramas
s394,Movie,PG,Teens,2021,Children & Family Movies
s394,Movie,PG,Teens,2021,Sports Movies
s395,Movie,TV-MA,Adults,2021,Dramas
s395,Movie,TV-MA,Adults,2021,Independent Movies
s395,Movie,TV-MA,Adults,2021,International Movies
s396,Movie,TV-MA,Adults,2021,Comedies
s396,Movie,TV-MA,Adults,2021,International Movies
s397,Movie,TV-MA,Adults,2021,Action & Adventure
s397,Movie,TV-MA,Adults,2021,Horror Movies
s397,Movie,TV-MA,Adults,2021,International Movies
s398,TV Show,TV-MA,Adults,2021,International TV Shows
s398,TV Show,TV-MA,Adults,2021,Romantic TV Shows
s398,TV Show,TV-MA,Adults,2021,TV Comedies
s399,Movie,TV-MA,Adults,2021,Horror Movies
s399,Movie,TV-MA,Adults,2021,International Movies
s399,Movie,TV-MA,Adults,2021,Thrillers
s400,TV Show,TV-PG,Teens,2021,TV Action & Adventure
s400,TV Show,TV-PG,Teens,2021,TV Sci-Fi & Fantasy
s401,TV Show,TV-PG,Teens,2021,Anime Series
s401,TV Show,TV-PG,Teens,2021,Stand-Up Comedy & Talk Shows
s402,TV Show,TV-MA,Adults,2021,International TV Shows
s402,TV Show,TV-MA,Adults,2021,Spanish-Language TV Shows
s402,TV Show,TV-MA,Adults,2021,TV Action & Adventure
s403,Movie,TV-MA,Adults,2021,Dramas
s403,Movie,TV-MA,Adults,2021,Romantic Movies
s404,TV Show,TV-MA,Adults,2021,Docuseries
s405,Movie,TV-MA,Adults,2021,Documentaries
s406,Movie,TV-Y,Kids,2021,Children & Family Movies
s407,Movie,TV-Y7,Kids,2021,Children & Family Movies
s408,Movie,TV-Y7,Kids,2021,Children & Family Movies
s409,Movie,TV-Y7,Kids,2021,Children & Family Movies
s410,Movie,TV-Y7,Kids,2021,Children & Family Movies
s411,Movie,TV-Y7,Kids,2021,Children & Family Movies
s412,Movie,TV-Y7,Kids,2021,Children & Family Movies
s413,Movie,TV-Y7,Kids,2021,Children & Family Movies
s414,Movie,TV-Y7,Kids,2021,Children & Family Movies
s415,Movie,TV-Y7,Kids,2021,Children & Family Movies
s416,Movie,TV-Y7,Kids,2021,Children & Family Movies
s417,Movie,TV-Y7,Kids,2021,Children & Family Movies
s418,Movie,TV-Y7,Kids,2021,Children & Family Movies
s419,Movie,TV-Y,Kids,2021,Children & Family Movies
s420,Movie,TV-Y7,Kids,2021,Children & Family Movies
s420,Movie,TV-Y7,Kids,2021,Sports Movies
s421,Movie,TV-Y7,Kids,2021,Children & Family Movies
s422,Movie,TV-Y7,Kids,2021,Children & Family Movies
s423,Movie,TV-Y7,Kids,2021,Children & Family Movies
s424,Movie,TV-Y7,Kids,2021,Children & Family Movies
s425,Movie,TV-Y7,Kids,2021,Children & Family Movies
s426,TV Show,TV-14,Teens,2021,TV Dramas
s427,Movie,TV-MA,Adults,2021,Dramas
s428,Movie,TV-14,Teens,2021,Comedies
s428,Movie,TV-14,Teens,2021,International Movies
s429,Movie,TV-G,Kids,2021,Anime Features
s429,Movie,TV-G,Kids,2021,Children & Family Movies
s429,Movie,TV-G,Kids,2021,International Movies
s430,Movie,TV-14,Teens,2021,Dramas
s430,Movie,TV-14,Teens,2021,International Movies
s430,Movie,TV-14,Teens,2021,Thrillers
s431,TV Show,TV-14,Teens,2021,British TV Shows
s431,TV Show,TV-14,Teens,2021,International TV Shows
s431,TV Show,TV-14,Teens,2021,Reality TV
s432,TV Show,TV-MA,Adults,2021,International TV Shows
s432,TV Show,TV-MA,Adults,2021,Reality TV
s432,TV Show,TV-MA,Adults,2021,Romantic TV Shows
s433,Movie,TV-Y7,Kids,2021,Children & Family Movies
s434,Movie,TV-MA,Adults,2021,Comedies
s434,Movie,TV-MA,Adults,2021,Dramas
s434,Movie,TV-MA,Adults,2021,Independent Movies
s435,TV Show,TV-MA,Adults,2021,Classic & Cult TV
s435,TV Show,TV-MA,Adults,2021,Crime TV Shows
s435,TV Show,TV-MA,Adults,2021,International TV Shows
s436,TV Show,TV-MA,Adults,2021,Crime TV Shows
s436,TV Show,TV-MA,Adults,2021,International TV Shows
s436,TV Show,TV-MA,Adults,2021,Romantic TV Shows
s437,Movie,TV-14,Teens,2021,Dramas
s437,Movie,TV-14,Teens,2021,International Movies
s437,Movie,TV-14,Teens,2021,Romantic Movies
s438,Movie,R,Adults,2021,Action & Adventure
s439,Movie,TV-PG,Teens,2021,Dramas
s439,Movie,TV-PG,Teens,2021,International Movies
s439,Movie,TV-PG,Teens,2021,Romantic Movies
s440,Movie,TV-MA,Adults,2021,Dramas
s440,Movie,TV-MA,Adults,2021,International Movies
s440,Movie,TV-MA,Adults,2021,Thrillers
s441,TV Show,TV-MA,Adults,2021,Docuseries
s441,TV Show,TV-MA,Adults,2021,Science & Nature TV
s442,Movie,R,Adults,2021,Horror Movies
s442,Movie,R,Adults,2021,LGBTQ Movies
s443,TV Show,TV-Y7,Kids,2021,Kids' TV
s443,TV Show,TV-Y7,Kids,2021,TV Comedies
s444,Movie,R,Adults,2021,Comedies
s444,Movie,R,Adults,2021,International Movies
s445,TV Show,TV-14,Teens,2021,Docuseries
s446,Movie,R,Adults,2021,Dramas
s446,Movie,R,Adults,2021,Independent Movies
s446,Movie,R,Adults,2021,Thrillers
s447,Movie,PG-13,Adults,2021,Dramas
s448,Movie,PG-13,Adults,2021,Dramas
s448,Movie,PG-13,Adults,2021,Romantic Movies
s449,Movie,PG-13,Adults,2021,Dramas
s449,Movie,PG-13,Adults,2021,Romantic Movies
s450,Movie,PG-13,Adults,2021,Dramas
s450,Movie,PG-13,Adults,2021,Romantic Movies
s451,Movie,PG-13,Adults,2021,Dramas
s451,Movie,PG-13,Adults,2021,Romantic Movies
s452,Movie,PG-13,Adults,2021,Action & Adventure
s452,Movie,PG-13,Adults,2021,Dramas
s452,Movie,PG-13,Adults,2021,Romantic Movies
s453,Movie,TV-PG,Teens,2021,Comedies
s453,Movie,TV-PG,Teens,2021,Dramas
s453,Movie,TV-PG,Teens,2021,International Movies
s454,TV Show,TV-MA,Adults,2021,Anime Series
s454,TV Show,TV-MA,Adults,2021,International TV Shows
s455,Movie,TV-MA,Adults,2021,Comedies
s455,Movie,TV-MA,Adults,2021,Cult Movies
s456,Movie,TV-MA,Adults,2021,Documentaries
s456,Movie,TV-MA,Adults,2021,International Movies
s456,Movie,TV-MA,Adults,2021,Music & Musicals
s457,TV Show,TV-14,Teens,2021,International TV Shows
s457,TV Show,TV-14,Teens,2021,Romantic TV Shows
s457,TV Show,TV-14,Teens,2021,TV Comedies
s458,Movie,TV-PG,Teens,2021,Documentaries
s458,Movie,TV-PG,Teens,2021,International Movies
s458,Movie,TV-PG,Teens,2021,Sports Movies
s459,Movie,TV-14,Teens,2021,Dramas
s459,Movie,TV-14,Teens,2021,International Movies
s459,Movie,TV-14,Teens,2021,Romantic Movies
s460,TV Show,TV-14,Teens,2021,TV Comedies
s460,TV Show,TV-14,Teens,2021,TV Dramas
s460,TV Show,TV-14,Teens,2021,Teen TV Shows
s461,Movie,PG,Teens,2021,Children & Family Movies
s461,Movie,PG,Teens,2021,Comedies
s461,Movie,PG,Teens,2021,Sports Movies
s462,Movie,TV-14,Teens,2021,Comedies
s462,Movie,TV-14,Teens,2021,Dramas
s462,Movie,TV-14,Teens,2021,Independent Movies
s463,Movie,TV-MA,Adults,2021,Documentaries
s464,Movie,TV-MA,Adults,2021,Horror Movies
s464,Movie,TV-MA,Adults,2021,International Movies
s465,Movie,R,Adults,2021,Action & Adventure
s465,Movie,R,Adults,2021,Comedies
s466,TV Show,TV-MA,Adults,2021,Crime TV Shows
s466,TV Show,TV-MA,Adults,2021,Docuseries
s467,TV Show,TV-MA,Adults,2021,Reality TV
s468,Movie,TV-MA,Adults,2021,Documentaries
s468,Movie,TV-MA,Adults,2021,International Movies
s469,Movie,TV-MA,Adults,2021,Comedies
s469,Movie,TV-MA,Adults,2021,Dramas
s469,Movie,TV-MA,Adults,2021,International Movies
s470,Movie,TV-MA,Adults,2021,Dramas
s470,Movie,TV-MA,Adults,2021,Independent Movies
s471,Movie,TV-14,Teens,2021,Movies
s472,Movie,TV-PG,Teens,2021,Children & Family Movies
s472,Movie,TV-PG,Teens,2021,Dramas
s472,Movie,TV-PG,Teens,2021,International Movies
s473,TV Show,TV-Y,Kids,2021,Kids' TV
s474,Movie,TV-MA,Adults,2021,Documentaries
s474,Movie,TV-MA,Adults,2021,Sports Movies
s475,Movie,R,Adults,2021,Action & Adventure
s475,Movie,R,Adults,2021,Comedies
s476,Movie,TV-MA,Adults,2021,Stand-Up Comedy
s477,Movie,TV-MA,Adults,2021,Comedies
s477,Movie,TV-MA,Adults,2021,Documentaries
s477,Movie,TV-MA,Adults,2021,International Movies
s478,TV Show,TV-14,Teens,2021,TV Comedies
s478,TV Show,TV-14,Teens,2021,TV Dramas
s478,TV Show,TV-14,Teens,2021,Teen TV Shows
s479,TV Show,TV-MA,Adults,2021,International TV Shows
s479,TV Show,TV-MA,Adults,2021,TV Dramas
s479,TV Show,TV-MA,Adults,2021,TV Sci-Fi & Fantasy
s480,Movie,R,Adults,2021,Horror Movies
s481,Movie,TV-14,Teens,2021,Comedies
s481,Movie,TV-14,Teens,2021,Dramas
s481,Movie,TV-14,Teens,2021,International Movies
s482,Movie,TV-MA,Adults,2021,Action & Adventure
s482,Movie,TV-MA,Adults,2021,Dramas
s482,Movie,TV-MA,Adults,2021,International Movies
s483,TV Show,TV-MA,Adults,2021,Docuseries
s484,Movie,TV-MA,Adults,2021,Dramas
s484,Movie,TV-MA,Adults,2021,International Movies
s484,Movie,TV-MA,Adults,2021,Romantic Movies
s485,Movie,TV-G,Kids,2021,Stand-Up Comedy
s486,Movie,TV-14,Teens,2021,Thrillers
s487,Movie,PG,Teens,2021,Children & Family Movies
s487,Movie,PG,Teens,2021,Comedies
s487,Movie,PG,Teens,2021,Sci-Fi & Fantasy
s488,TV Show,TV-MA,Adults,2021,International TV Shows
s488,TV Show,TV-MA,Adults,2021,Romantic TV Shows
s488,TV Show,TV-MA,Adults,2021,Spanish-Language TV Shows
s489,TV Show,TV-14,Teens,2021,Romantic TV Shows
s489,TV Show,TV-14,Teens,2021,TV Dramas
s490,Movie,TV-14,Teens,2021,Comedies
s490,Movie,TV-14,Teens,2021,International Movies
s491,TV Show,TV-MA,Adults,2021,Crime TV Shows
s491,TV Show,TV-MA,Adults,2021,Docuseries
s491,TV Show,TV-MA,Adults,2021,International TV Shows
s492,Movie,PG-13,Adults,2021,Comedies
s492,Movie,PG-13,Adults,2021,Dramas
s492,Movie,PG-13,Adults,2021,Romantic Movies
s493,Movie,PG-13,Adults,2021,Dramas
s493,Movie,PG-13,Adults,2021,Romantic Movies
s494,TV Show,TV-MA,Adults,2021,Anime Series
s494,TV Show,TV-MA,Adults,2021,TV Horror
s494,TV Show,TV-MA,Adults,2021,TV Thrillers
s495,Movie,R,Adults,2021,Comedies
s495,Movie,R,Adults,2021,Music & Musicals
s496,Movie,TV-MA,Adults,2021,Documentaries
s496,Movie,TV-MA,Adults,2021,International Movies
s497,Movie,PG-13,Adults,2021,Action & Adventure
s497,Movie,PG-13,Adults,2021,International Movies
s498,TV Show,TV-14,Teens,2021,Docuseries
s499,Movie,TV-MA,Adults,2021,Dramas
s499,Movie,TV-MA,Adults,2021,International Movies
s500,TV Show,TV-PG,Teens,2021,Docuseries
s501,Movie,TV-MA,Adults,2021,Action & Adventure
s501,Movie,TV-MA,Adults,2021,International Movies
s502,Movie,TV-MA,Adults,2021,Dramas
s502,Movie,TV-MA,Adults,2021,International Movies
s503,Movie,TV-14,Teens,2021,Dramas
s503,Movie,TV-14,Teens,2021,International Movies
s503,Movie,TV-14,Teens,2021,Romantic Movies
s504,TV Show,TV-MA,Adults,2021,Crime TV Shows
s504,TV Show,TV-MA,Adults,2021,International TV Shows
s504,TV Show,TV-MA,Adults,2021,TV Dramas
s505,TV Show,TV-MA,Adults,2021,International TV Shows
s505,TV Show,TV-MA,Adults,2021,Spanish-Language TV Shows
s505,TV Show,TV-MA,Adults,2021,TV Comedies
s506,Movie,TV-PG,Teens,2021,Dramas
s506,Movie,TV-PG,Teens,2021,International Movies
s507,Movie,TV-G,Kids,2021,International Movies
s507,Movie,TV-G,Kids,2021,Romantic Movies
s508,Movie,TV-14,Teens,2021,Comedies
s508,Movie,TV-14,Teens,2021,International Movies
s509,Movie,TV-MA,Adults,2021,Dramas
s509,Movie,TV-MA,Adults,2021,International Movies
s510,TV Show,TV-Y,Kids,2021,Kids' TV
s511,TV Show,TV-14,Teens,2021,International TV Shows
s511,TV Show,TV-14,Teens,2021,TV Dramas
s511,TV Show,TV-14,Teens,2021,TV Mysteries
s512,TV Show,TV-MA,Adults,2021,Stand-Up Comedy & Talk Shows
s512,TV Show,TV-MA,Adults,2021,TV Comedies
s513,TV Show,TV-Y7,Kids,2021,Kids' TV
s514,TV Show,TV-14,Teens,2021,TV Action & Adventure
s514,TV Show,TV-14,Teens,2021,TV Dramas
s514,TV Show,TV-14,Teens,2021,TV Sci-Fi & Fantasy
s515,TV Show,TV-MA,Adults,2021,British TV Shows
s515,TV Show,TV-MA,Adults,2021,International TV Shows
s515,TV Show,TV-MA,Adults,2021,TV Comedies
s516,TV Show,TV-MA,Adults,2021,British TV Shows
s516,TV Show,TV-MA,Adults,2021,International TV Shows
s516,TV Show,TV-MA,Adults,2021,TV Comedies
s517,TV Show,TV-MA,Adults,2021,International TV Shows
s517,TV Show,TV-MA,Adults,2021,TV Dramas
s517,TV Show,TV-MA,Adults,2021,TV Mysteries
s518,TV Show,TV-14,Teens,2021,International TV Shows
s518,TV Show,TV-14,Teens,2021,Romantic TV Shows
s518,TV Show,TV-14,Teens,2021,TV Comedies
s519,Movie,TV-14,Teens,2021,Dramas
s519,Movie,TV-14,Teens,2021,International Movies
s520,TV Show,TV-MA,Adults,2021,British TV Shows
s520,TV Show,TV-MA,Adults,2021,Crime TV Shows
s520,TV Show,TV-MA,Adults,2021,Docuseries
s521,TV Show,TV-MA,Adults,2021,TV Comedies
s522,TV Show,TV-MA,Adults,2021,International TV Shows
s522,TV Show,TV-MA,Adults,2021,TV Comedies
s523,TV Show,TV-Y7,Kids,2021,Kids' TV
s523,TV Show,TV-Y7,Kids,2021,Korean TV Shows
s523,TV Show,TV-Y7,Kids,2021,TV Comedies
s524,TV Show,TV-MA,Adults,2021,British TV Shows
s524,TV Show,TV-MA,Adults,2021,Crime TV Shows
s524,TV Show,TV-MA,Adults,2021,International TV Shows
s525,TV Show,TV-MA,Adults,2021,International TV Shows
s525,TV Show,TV-MA,Adults,2021,TV Dramas
s526,TV Show,TV-Y,Kids,2021,Kids' TV
s527,TV Show,TV-MA,Adults,2021,TV Comedies
s527,TV Show,TV-MA,Adults,2021,TV Dramas
s528,TV Show,TV-Y,Kids,2021,Kids' TV
s529,Movie,TV-14,Teens,2021,Dramas
s529,Movie,TV-14,Teens,2021,International Movies
s529,Movie,TV-14,Teens,2021,Romantic Movies
s530,Movie,TV-MA,Adults,2021,Dramas
s530,Movie,TV-MA,Adults,2021,International Movies
s531,TV Show,TV-G,Kids,2021,Kids' TV
s531,TV Show,TV-G,Kids,2021,TV Comedies
s532,Movie,TV-PG,Teens,2021,Dramas
s532,Movie,TV-PG,Teens,2021,International Movies
s533,TV Show,TV-MA,Adults,2021,Crime TV Shows
s533,TV Show,TV-MA,Adults,2021,TV Horror
s533,TV Show,TV-MA,Adults,2021,TV Mysteries
s534,TV Show,TV-14,Teens,2021,International TV Shows
s534,TV Show,TV-14,Teens,2021,TV Dramas
s535,Movie,TV-G,Kids,2021,Dramas
s535,Movie,TV-G,Kids,2021,International Movies
s536,TV Show,TV-Y,Kids,2021,Kids' TV
s536,TV Show,TV-Y,Kids,2021,TV Comedies
s537,TV Show,TV-14,Teens,2021,Docuseries
s537,TV Show,TV-14,Teens,2021,International TV Shows
s537,TV Show,TV-14,Teens,2021,Science & Nature TV
s538,TV Show,TV-14,Teens,2021,International TV Shows
s538,TV Show,TV-14,Teens,2021,Reality TV
s539,TV Show,TV-PG,Teens,2021,British TV Shows
s539,TV Show,TV-PG,Teens,2021,International TV Shows
s539,TV Show,TV-PG,Teens,2021,TV Dramas
s540,TV Show,TV-PG,Teens,2021,Kids' TV
s540,TV Show,TV-PG,Teens,2021,TV Action & Adventure
s540,TV Show,TV-PG,Teens,2021,TV Sci-Fi & Fantasy
s541,TV Show,TV-G,Kids,2021,British TV Shows
s541,TV Show,TV-G,Kids,2021,Kids' TV
s542,Movie,TV-14,Teens,2021,Comedies
s542,Movie,TV-14,Teens,2021,Dramas
s542,Movie,TV-14,Teens,2021,International Movies
s543,Movie,TV-14,Teens,2021,Dramas
s543,Movie,TV-14,Teens,2021,International Movies
s544,TV Show,TV-MA,Adults,2021,Crime TV Shows
s544,TV Show,TV-MA,Adults,2021,International TV Shows
s544,TV Show,TV-MA,Adults,2021,TV Action & Adventure
s545,TV Show,TV-MA,Adults,2021,International TV Shows
s545,TV Show,TV-MA,Adults,2021,TV Comedies
s546,TV Show,TV-Y,Kids,2021,Kids' TV
s546,TV Show,TV-Y,Kids,2021,Korean TV Shows
s547,TV Show,TV-14,Teens,2021,International TV Shows
s547,TV Show,TV-14,Teens,2021,Romantic TV Shows
s547,TV Show,TV-14,Teens,2021,TV Dramas
s548,TV Show,TV-Y7,Kids,2021,Kids' TV
s549,TV Show,TV-14,Teens,2021,Romantic TV Shows
s549,TV Show,TV-14,Teens,2021,TV Dramas
s550,TV Show,TV-14,Teens,2021,International TV Shows
s550,TV Show,TV-14,Teens,2021,Reality TV
s551,Movie,R,Adults,2021,Horror Movies
s551,Movie,R,Adults,2021,LGBTQ Movies
s552,Movie,TV-MA,Adults,2021,International Movies
s552,Movie,TV-MA,Adults,2021,Romantic Movies
s552,Movie,TV-MA,Adults,2021,Thrillers
s553,Movie,TV-MA,Adults,2021,Comedies
s553,Movie,TV-MA,Adults,2021,International Movies
s554,TV Show,TV-MA,Adults,2021,Crime TV Shows
s554,TV Show,TV-MA,Adults,2021,International TV Shows
s554,TV Show,TV-MA,Adults,2021,TV Dramas
s555,Movie,TV-MA,Adults,2021,Dramas
s555,Movie,TV-MA,Adults,2021,International Movies
s555,Movie,TV-MA,Adults,2021,Thrillers
s556,Movie,R,Adults,2021,Action & Adventure
s556,Movie,R,Adults,2021,Cult Movies
s556,Movie,R,Adults,2021,International Movies
s557,Movie,TV-14,Teens,2021,Horror Movies
s557,Movie,TV-14,Teens,2021,International Movies
s557,Movie,TV-14,Teens,2021,Thrillers
s558,Movie,PG-13,Adults,2021,Horror Movies
s558,Movie,PG-13,Adults,2021,Sci-Fi & Fantasy
s559,Movie,R,Adults,2021,Action & Adventure
s560,Movie,R,Adults,2021,Action & Adventure
s561,Movie,PG-13,Adults,2021,Documentaries
s561,Movie,PG-13,Adults,2021,Sports Movies
s562,Movie,PG-13,Adults,2021,Action & Adventure
s562,Movie,PG-13,Adults,2021,Comedies
s563,Movie,PG-13,Adults,2021,Comedies
s564,Movie,PG-13,Adults,2021,Action & Adventure
s564,Movie,PG-13,Adults,2021,Comedies
s564,Movie,PG-13,Adults,2021,Sci-Fi & Fantasy
s565,Movie,R,Adults,2021,Comedies
s565,Movie,R,Adults,2021,Dramas
s565,Movie,R,Adults,2021,Independent Movies
s566,TV Show,TV-G,Kids,2021,International TV Shows
s566,TV Show,TV-G,Kids,2021,Kids' TV
s566,TV Show,TV-G,Kids,2021,TV Mysteries
s567,Movie,PG-13,Adults,2021,Action & Adventure
s567,Movie,PG-13,Adults,2021,Comedies
s568,Movie,PG-13,Adults,2021,Action & Adventure
s568,Movie,PG-13,Adults,2021,Thrillers
s569,Movie,PG,Teens,2021,Children & Family Movies
s569,Movie,PG,Teens,2021,Comedies
s570,Movie,TV-14,Teens,2021,Dramas
s570,Movie,TV-14,Teens,2021,International Movies
s570,Movie,TV-14,Teens,2021,Romantic Movies
s571,Movie,TV-14,Teens,2021,Action & Adventure
s571,Movie,TV-14,Teens,2021,International Movies
s572,TV Show,TV-MA,Adults,2021,International TV Shows
s572,TV Show,TV-MA,Adults,2021,Romantic TV Shows
s572,TV Show,TV-MA,Adults,2021,TV Comedies
s573,Movie,PG-13,Adults,2021,Comedies
s573,Movie,PG-13,Adults,2021,Dramas
s573,Movie,PG-13,Adults,2021,International Movies
s574,Movie,PG,Teens,2021,Children & Family Movies
s574,Movie,PG,Teens,2021,Comedies
s575,Movie,PG,Teens,2021,Children & Family Movies
s575,Movie,PG,Teens,2021,Comedies
s576,Movie,PG-13,Adults,2021,Comedies
s576,Movie,PG-13,Adults,2021,Dramas
s576,Movie,PG-13,Adults,2021,Romantic Movies
s577,Movie,R,Adults,2021,Dramas
s577,Movie,R,Adults,2021,Faith & Spirituality
s577,Movie,R,Adults,2021,International Movies
s578,TV Show,TV-MA,Adults,2021,International TV Shows
s578,TV Show,TV-MA,Adults,2021,TV Comedies
s579,Movie,PG-13,Adults,2021,Dramas
s579,Movie,PG-13,Adults,2021,Romantic Movies
s580,Movie,R,Adults,2021,Action & Adventure
s580,Movie,R,Adults,2021,Classic Movies
s580,Movie,R,Adults,2021,Comedies
s581,Movie,TV-14,Teens,2021,Action & Adventure
s581,Movie,TV-14,Teens,2021,Anime Features
s581,Movie,TV-14,Teens,2021,International Movies
s582,Movie,PG-13,Adults,2021,Action & Adventure
s582,Movie,PG-13,Adults,2021,Sci-Fi & Fantasy
s583,Movie,PG-13,Adults,2021,Comedies
s583,Movie,PG-13,Adults,2021,Dramas
s584,Movie,R,Adults,2021,Comedies
s584,Movie,R,Adults,2021,Romantic Movies
s585,Movie,R,Adults,2021,Comedies
s586,Movie,PG-13,Adults,2021,Dramas
s586,Movie,PG-13,Adults,2021,Romantic Movies
s587,Movie,R,Adults,2021,Horror Movies
s588,TV Show,TV-MA,Adults,2021,International TV Shows
s588,TV Show,TV-MA,Adults,2021,TV Comedies
s588,TV Show,TV-MA,Adults,2021,TV Dramas
s589,TV Show,TV-Y,Kids,2021,Kids' TV
s590,Movie,R,Adults,2021,Dramas
s590,Movie,R,Adults,2021,International Movies
s591,TV Show,TV-Y7,Kids,2021,Anime Series
s591,TV Show,TV-Y7,Kids,2021,Kids' TV
s592,Movie,PG-13,Adults,2021,Dramas
s592,Movie,PG-13,Adults,2021,Romantic Movies
s593,Movie,R,Adults,2021,Comedies
s593,Movie,R,Adults,2021,Romantic Movies
s594,Movie,PG,Teens,2021,Children & Family Movies
s594,Movie,PG,Teens,2021,Comedies
s595,Movie,PG-13,Adults,2021,Action & Adventure
s595,Movie,PG-13,Adults,2021,Sci-Fi & Fantasy
s596,Movie,PG,Teens,2021,Children & Family Movies
s596,Movie,PG,Teens,2021,Comedies
s597,Movie,R,Adults,2021,Comedies
s597,Movie,R,Adults,2021,Dramas
s597,Movie,R,Adults,2021,Independent Movies
s598,Movie,PG-13,Adults,2021,Action & Adventure
s598,Movie,PG-13,Adults,2021,Comedies
s598,Movie,PG-13,Adults,2021,Sports Movies
s599,Movie,R,Adults,2021,Dramas
s599,Movie,R,Adults,2021,Thrillers
s600,Movie,PG-13,Adults,2021,Dramas
s601,Movie,R,Adults,2021,Thrillers
s602,Movie,PG,Teens,2021,Action & Adventure
s602,Movie,PG,Teens,2021,Children & Family Movies
s602,Movie,PG,Teens,2021,Classic Movies
s603,Movie,PG,Teens,2021,Action & Adventure
s603,Movie,PG,Teens,2021,Children & Family Movies
s603,Movie,PG,Teens,2021,Dramas
s604,Movie,PG,Teens,2021,Children & Family Movies
s604,Movie,PG,Teens,2021,Dramas
s605,Movie,R,Adults,2021,Dramas
s606,Movie,R,Adults,2021,Action & Adventure
s607,Movie,PG-13,Adults,2021,Dramas
s607,Movie,PG-13,Adults,2021,International Movies
s608,Movie,R,Adults,2021,Horror Movies
s608,Movie,R,Adults,2021,Thrillers
s609,Movie,PG-13,Adults,2021,Action & Adventure
s610,Movie,PG-13,Adults,2021,Action & Adventure
s610,Movie,PG-13,Adults,2021,Romantic Movies
s611,Movie,R,Adults,2021,Action & Adventure
s611,Movie,R,Adults,2021,Horror Movies
s611,Movie,R,Adults,2021,Sci-Fi & Fantasy
s612,Movie,R,Adults,2021,Action & Adventure
s612,Movie,R,Adults,2021,Horror Movies
s612,Movie,R,Adults,2021,Sci-Fi & Fantasy
s613,Movie,R,Adults,2021,Action & Adventure
s613,Movie,R,Adults,2021,Horror Movies
s613,Movie,R,Adults,2021,Sci-Fi & Fantasy
s614,Movie,TV-MA,Adults,2021,Dramas
s614,Movie,TV-MA,Adults,2021,International Movies
s614,Movie,TV-MA,Adults,2021,Thrillers
s615,Movie,PG-13,Adults,2021,Dramas
s615,Movie,PG-13,Adults,2021,Romantic Movies
s615,Movie,PG-13,Adults,2021,Sci-Fi & Fantasy
s616,Movie,R,Adults,2021,Dramas
s616,Movie,R,Adults,2021,Music & Musicals
s616,Movie,R,Adults,2021,Romantic Movies
s617,Movie,R,Adults,2021,Dramas
s618,TV Show,TV-MA,Adults,2021,International TV Shows
s618,TV Show,TV-MA,Adults,2021,Romantic TV Shows
s618,TV Show,TV-MA,Adults,2021,TV Dramas
s619,Movie,TV-MA,Adults,2021,Action & Adventure
s619,Movie,TV-MA,Adults,2021,Comedies
s620,Movie,TV-14,Teens,2021,Dramas
s620,Movie,TV-14,Teens,2021,International Movies
s621,TV Show,TV-MA,Adults,2021,Reality TV
s622,TV Show,TV-14,Teens,2021,Anime Series
s622,TV Show,TV-14,Teens,2021,Crime TV Shows
s622,TV Show,TV-14,Teens,2021,International TV Shows
s623,Movie,R,Adults,2021,Thrillers
s624,Movie,TV-MA,Adults,2021,Comedies
s624,Movie,TV-MA,Adults,2021,Dramas
s624,Movie,TV-MA,Adults,2021,International Movies
s625,Movie,TV-MA,Adults,2021,Dramas
s625,Movie,TV-MA,Adults,2021,International Movies
s625,Movie,TV-MA,Adults,2021,Thrillers
s626,TV Show,TV-MA,Adults,2021,Crime TV Shows
s626,TV Show,TV-MA,Adults,2021,International TV Shows
s626,TV Show,TV-MA,Adults,2021,Spanish-Language TV Shows
s627,TV Show,TV-MA,Adults,2021,British TV Shows
s627,TV Show,TV-MA,Adults,2021,Crime TV Shows
s627,TV Show,TV-MA,Adults,2021,Docuseries
s628,TV Show,TV-14,Teens,2021,Anime Series
s628,TV Show,TV-14,Teens,2021,International TV Shows
s628,TV Show,TV-14,Teens,2021,Teen TV Shows
s629,TV Show,TV-Y,Kids,2021,Kids' TV
s630,Movie,TV-14,Teens,2021,Dramas
s630,Movie,TV-14,Teens,2021,International Movies
s631,Movie,R,Adults,2021,Dramas
s632,TV Show,TV-14,Teens,2021,Anime Series
s632,TV Show,TV-14,Teens,2021,International TV Shows
s633,Movie,TV-14,Teens,2021,Comedies
s633,Movie,TV-14,Teens,2021,International Movies
s634,Movie,TV-MA,Adults,2021,Dramas
s634,Movie,TV-MA,Adults,2021,Independent Movies
s634,Movie,TV-MA,Adults,2021,International Movies
s635,Movie,TV-14,Teens,2021,Documentaries
s635,Movie,TV-14,Teens,2021,International Movies
s636,Movie,TV-MA,Adults,2021,Dramas
s636,Movie,TV-MA,Adults,2021,International Movies
s637,Movie,PG-13,Adults,2021,Action & Adventure
s638,TV Show,TV-MA,Adults,2021,International TV Shows
s638,TV Show,TV-MA,Adults,2021,TV Dramas
s638,TV Show,TV-MA,Adults,2021,TV Mysteries
s639,TV Show,TV-MA,Adults,2021,Romantic TV Shows
s639,TV Show,TV-MA,Adults,2021,TV Dramas
s640,TV Show,TV-14,Teens,2021,Anime Series
s640,TV Show,TV-14,Teens,2021,International TV Shows
s641,TV Show,TV-MA,Adults,2021,International TV Shows
s641,TV Show,TV-MA,Adults,2021,TV Dramas
s642,Movie,PG,Teens,2021,Documentaries
s642,Movie,PG,Teens,2021,Sports Movies
s643,TV Show,TV-MA,Adults,2021,International TV Shows
s643,TV Show,TV-MA,Adults,2021,TV Dramas
s644,Movie,R,Adults,2021,Horror Movies
s645,Movie,TV-MA,Adults,2021,Comedies
s645,Movie,TV-MA,Adults,2021,Romantic Movies
s646,Movie,TV-14,Teens,2021,Documentaries
s646,Movie,TV-14,Teens,2021,International Movies
s647,Movie,TV-MA,Adults,2021,Comedies
s647,Movie,TV-MA,Adults,2021,International Movies
s647,Movie,TV-MA,Adults,2021,Music & Musicals
s648,TV Show,TV-G,Kids,2021,International TV Shows
s648,TV Show,TV-G,Kids,2021,Reality TV
s649,TV Show,TV-MA,Adults,2021,Reality TV
s649,TV Show,TV-MA,Adults,2021,Romantic TV Shows
s650,Movie,TV-14,Teens,2021,Dramas
s650,Movie,TV-14,Teens,2021,International Movies
s650,Movie,TV-14,Teens,2021,Romantic Movies
s651,Movie,TV-14,Teens,2021,Dramas
s651,Movie,TV-14,Teens,2021,International Movies
s652,Movie,TV-MA,Adults,2021,Comedies
s652,Movie,TV-MA,Adults,2021,Dramas
s652,Movie,TV-MA,Adults,2021,International Movies
s653,Movie,TV-14,Teens,2021,Comedies
s653,Movie,TV-14,Teens,2021,Dramas
s653,Movie,TV-14,Teens,2021,International Movies
s654,TV Show,TV-MA,Adults,2021,Docuseries
s654,TV Show,TV-MA,Adults,2021,International TV Shows
s655,Movie,TV-MA,Adults,2021,Comedies
s655,Movie,TV-MA,Adults,2021,Dramas
s655,Movie,TV-MA,Adults,2021,International Movies
s656,Movie,TV-MA,Adults,2021,Comedies
s656,Movie,TV-MA,Adults,2021,Dramas
s656,Movie,TV-MA,Adults,2021,International Movies
s657,Movie,TV-MA,Adults,2021,International Movies
s657,Movie,TV-MA,Adults,2021,Music & Musicals
s657,Movie,TV-MA,Adults,2021,Romantic Movies
s658,TV Show,TV-14,Teens,2021,Reality TV
s658,TV Show,TV-14,Teens,2021,TV Action & Adventure
s658,TV Show,TV-14,Teens,2021,TV Mysteries
s659,TV Show,TV-14,Teens,2021,International TV Shows
s659,TV Show,TV-14,Teens,2021,Romantic TV Shows
s659,TV Show,TV-14,Teens,2021,TV Dramas
s660,TV Show,TV-14,Teens,2021,International TV Shows
s660,TV Show,TV-14,Teens,2021,Romantic TV Shows
s660,TV Show,TV-14,Teens,2021,TV Dramas
s661,TV Show,TV-14,Teens,2021,TV Action & Adventure
s661,TV Show,TV-14,Teens,2021,TV Dramas
s661,TV Show,TV-14,Teens,2021,TV Sci-Fi & Fantasy
s662,TV Show,TV-MA,Adults,2021,International TV Shows
s662,TV Show,TV-MA,Adults,2021,TV Comedies
s662,TV Show,TV-MA,Adults,2021,TV Dramas
s663,TV Show,TV-14,Teens,2021,TV Comedies
s664,TV Show,TV-MA,Adults,2021,International TV Shows
s664,TV Show,TV-MA,Adults,2021,TV Dramas
s665,TV Show,TV-Y,Kids,2021,Kids' TV
s666,TV Show,TV-MA,Adults,2021,Crime TV Shows
s666,TV Show,TV-MA,Adults,2021,International TV Shows
s666,TV Show,TV-MA,Adults,2021,TV Dramas
s667,TV Show,TV-14,Teens,2021,International TV Shows
s667,TV Show,TV-14,Teens,2021,Romantic TV Shows
s667,TV Show,TV-14,Teens,2021,TV Comedies
s668,TV Show,TV-14,Teens,2021,TV Comedies
s668,TV Show,TV-14,Teens,2021,TV Dramas
s668,TV Show,TV-14,Teens,2021,Teen TV Shows
s669,TV Show,TV-MA,Adults,2021,Crime TV Shows
s669,TV Show,TV-MA,Adults,2021,TV Dramas
s670,TV Show,TV-MA,Adults,2021,Crime TV Shows
s670,TV Show,TV-MA,Adults,2021,International TV Shows
s670,TV Show,TV-MA,Adults,2021,Spanish-Language TV Shows
s671,Movie,TV-14,Teens,2021,Action & Adventure
s671,Movie,TV-14,Teens,2021,Anime Features
s671,Movie,TV-14,Teens,2021,International Movies
s672,Movie,TV-MA,Adults,2021,Action & Adventure
s672,Movie,TV-MA,Adults,2021,Anime Features
s672,Movie,TV-MA,Adults,2021,International Movies
s673,Movie,TV-14,Teens,2021,Action & Adventure
s673,Movie,TV-14,Teens,2021,Anime Features
s673,Movie,TV-14,Teens,2021,International Movies
s674,TV Show,TV-MA,Adults,2021,International TV Shows
s674,TV Show,TV-MA,Adults,2021,Reality TV
s674,TV Show,TV-MA,Adults,2021,Spanish-Language TV Shows
s675,TV Show,TV-MA,Adults,2021,TV Dramas
s676,TV Show,TV-MA,Adults,2021,International TV Shows
s676,TV Show,TV-MA,Adults,2021,Reality TV
s676,TV Show,TV-MA,Adults,2021,Romantic TV Shows
s677,TV Show,TV-14,Teens,2021,Crime TV Shows
s677,TV Show,TV-14,Teens,2021,TV Dramas
s677,TV Show,TV-14,Teens,2021,TV Mysteries
s678,TV Show,TV-MA,Adults,2021,TV Comedies
s679,TV Show,TV-MA,Adults,2021,Crime TV Shows
s679,TV Show,TV-MA,Adults,2021,TV Dramas
s679,TV Show,TV-MA,Adults,2021,TV Thrillers
s680,TV Show,TV-MA,Adults,2021,Crime TV Shows
s680,TV Show,TV-MA,Adults,2021,International TV Shows
s680,TV Show,TV-MA,Adults,2021,TV Dramas
s681,TV Show,TV-MA,Adults,2021,Docuseries
s682,TV Show,TV-MA,Adults,2021,British TV Shows
s682,TV Show,TV-MA,Adults,2021,Docuseries
s683,TV Show,TV-MA,Adults,2021,International TV Shows
s683,TV Show,TV-MA,Adults,2021,TV Comedies
s684,Movie,TV-MA,Adults,2021,Dramas
s684,Movie,TV-MA,Adults,2021,International Movies
s685,TV Show,TV-MA,Adults,2021,Crime TV Shows
s685,TV Show,TV-MA,Adults,2021,International TV Shows
s685,TV Show,TV-MA,Adults,2021,Spanish-Language TV Shows
s686,Movie,PG-13,Adults,2021,Dramas
s687,TV Show,TV-14,Teens,2021,International TV Shows
s687,TV Show,TV-14,Teens,2021,Korean TV Shows
s687,TV Show,TV-14,Teens,2021,TV Comedies
s688,Movie,TV-MA,Adults,2021,Action & Adventure
s688,Movie,TV-MA,Adults,2021,Dramas
s688,Movie,TV-MA,Adults,2021,International Movies
s689,Movie,TV-14,Teens,2021,Comedies
s689,Movie,TV-14,Teens,2021,International Movies
s689,Movie,TV-14,Teens,2021,Romantic Movies
s690,Movie,TV-14,Teens,2021,Action & Adventure
s690,Movie,TV-14,Teens,2021,Anime Features
s690,Movie,TV-14,Teens,2021,Classic Movies
s691,Movie,TV-14,Teens,2021,Action & Adventure
s691,Movie,TV-14,Teens,2021,International Movies
s692,TV Show,TV-14,Teens,2021,International TV Shows
s692,TV Show,TV-14,Teens,2021,TV Comedies
s693,TV Show,TV-14,Teens,2021,International TV Shows
s693,TV Show,TV-14,Teens,2021,Romantic TV Shows
s693,TV Show,TV-14,Teens,2021,TV Dramas
s694,Movie,TV-14,Teens,2021,Comedies
s694,Movie,TV-14,Teens,2021,Dramas
s694,Movie,TV-14,Teens,2021,International Movies
s695,Movie,TV-PG,Teens,2021,Comedies
s695,Movie,TV-PG,Teens,2021,Dramas
s695,Movie,TV-PG,Teens,2021,Independent Movies
s696,Movie,TV-14,Teens,2021,Dramas
s696,Movie,TV-14,Teens,2021,International Movies
s697,TV Show,TV-MA,Adults,2021,TV Action & Adventure
s697,TV Show,TV-MA,Adults,2021,TV Dramas
s697,TV Show,TV-MA,Adults,2021,TV Horror
s698,TV Show,TV-MA,Adults,2021,International TV Shows
s698,TV Show,TV-MA,Adults,2021,Romantic TV Shows
s698,TV Show,TV-MA,Adults,2021,Spanish-Language TV Shows
s699,Movie,TV-MA,Adults,2021,Dramas
s699,Movie,TV-MA,Adults,2021,Independent Movies
s699,Movie,TV-MA,Adults,2021,International Movies
s700,TV Show,TV-MA,Adults,2021,International TV Shows
s700,TV Show,TV-MA,Adults,2021,TV Dramas
s700,TV Show,TV-MA,Adults,2021,TV Mysteries
s701,TV Show,TV-MA,Adults,2021,Anime Series
s701,TV Show,TV-MA,Adults,2021,International TV Shows
s702,Movie,TV-MA,Adults,2021,Dramas
s703,Movie,R,Adults,2021,Comedies
s703,Movie,R,Adults,2021,Dramas
s703,Movie,R,Adults,2021,Independent Movies
s704,TV Show,TV-MA,Adults,2021,International TV Shows
s704,TV Show,TV-MA,Adults,2021,TV Dramas
s704,TV Show,TV-MA,Adults,2021,TV Mysteries
s705,Movie,TV-14,Teens,2021,Comedies
s705,Movie,TV-14,Teens,2021,Dramas
s705,Movie,TV-14,Teens,2021,International Movies
s706,Movie,TV-14,Teens,2021,Documentaries
s706,Movie,TV-14,Teens,2021,International Movies
s706,Movie,TV-14,Teens,2021,Sports Movies
s707,TV Show,TV-MA,Adults,2021,International TV Shows
s707,TV Show,TV-MA,Adults,2021,Spanish-Language TV Shows
s707,TV Show,TV-MA,Adults,2021,TV Dramas
s708,TV Show,TV-14,Teens,2021,International TV Shows
s708,TV Show,TV-14,Teens,2021,Romantic TV Shows
s708,TV Show,TV-14,Teens,2021,TV Comedies
s709,Movie,PG-13,Adults,2021,Dramas
s709,Movie,PG-13,Adults,2021,Independent Movies
s710,TV Show,TV-MA,Adults,2021,International TV Shows
s710,TV Show,TV-MA,Adults,2021,Romantic TV Shows
s710,TV Show,TV-MA,Adults,2021,Spanish-Language TV Shows
s711,TV Show,TV-PG,Teens,2021,Docuseries
s711,TV Show,TV-PG,Teens,2021,Science & Nature TV
s712,Movie,TV-MA,Adults,2021,Dramas
s712,Movie,TV-MA,Adults,2021,International Movies
s712,Movie,TV-MA,Adults,2021,Thrillers
s713,Movie,TV-MA,Adults,2021,Action & Adventure
s713,Movie,TV-MA,Adults,2021,Dramas
s713,Movie,TV-MA,Adults,2021,International Movies
s714,TV Show,TV-Y7,Kids,2021,Kids' TV
s714,TV Show,TV-Y7,Kids,2021,TV Comedies
s715,TV Show,TV-MA,Adults,2021,Crime TV Shows
s715,TV Show,TV-MA,Adults,2021,International TV Shows
s715,TV Show,TV-MA,Adults,2021,TV Thrillers
s716,TV Show,TV-MA,Adults,2021,International TV Shows
s716,TV Show,TV-MA,Adults,2021,Romantic TV Shows
s716,TV Show,TV-MA,Adults,2021,Spanish-Language TV Shows
s717,Movie,TV-MA,Adults,2021,Documentaries
s718,Movie,TV-G,Kids,2021,Documentaries
s719,Movie,R,Adults,2021,Comedies
s719,Movie,R,Adults,2021,Independent Movies
s720,TV Show,TV-G,Kids,2021,Kids' TV
s721,TV Show,TV-Y,Kids,2021,Kids' TV
s722,Movie,R,Adults,2021,Action & Adventure
s723,Movie,TV-MA,Adults,2021,Documentaries
s724,TV Show,TV-G,Kids,2021,Reality TV
s725,Movie,TV-14,Teens,2021,Documentaries
s726,TV Show,TV-MA,Adults,2021,International TV Shows
s726,TV Show,TV-MA,Adults,2021,Spanish-Language TV Shows
s726,TV Show,TV-MA,Adults,2021,TV Dramas
s727,TV Show,TV-MA,Adults,2021,TV Shows
s728,Movie,TV-MA,Adults,2021,Documentaries
s729,Movie,TV-MA,Adults,2021,Horror Movies
s730,Movie,TV-MA,Adults,2021,Movies
s731,Movie,TV-MA,Adults,2021,Movies
s732,TV Show,TV-14,Teens,2021,International TV Shows
s732,TV Show,TV-14,Teens,2021,TV Dramas
s733,Movie,TV-MA,Adults,2021,Movies
s734,TV Show,TV-Y7,Kids,2021,Kids' TV
s735,TV Show,TV-MA,Adults,2021,Crime TV Shows
s735,TV Show,TV-MA,Adults,2021,International TV Shows
s735,TV Show,TV-MA,Adults,2021,TV Action & Adventure
s736,Movie,TV-PG,Teens,2021,Comedies
s736,Movie,TV-PG,Teens,2021,Dramas
s736,Movie,TV-PG,Teens,2021,International Movies
s737,Movie,PG,Teens,2021,Children & Family Movies
s737,Movie,PG,Teens,2021,Dramas
s737,Movie,PG,Teens,2021,International Movies
s738,TV Show,TV-MA,Adults,2021,Anime Series
s738,TV Show,TV-MA,Adults,2021,Crime TV Shows
s738,TV Show,TV-MA,Adults,2021,TV Horror
s739,Movie,TV-14,Teens,2021,Anime Features
s739,Movie,TV-14,Teens,2021,Documentaries
s740,Movie,PG,Teens,2021,Children & Family Movies
s740,Movie,PG,Teens,2021,Comedies
s741,Movie,R,Adults,2021,Comedies
s741,Movie,R,Adults,2021,Horror Movies
s742,Movie,TV-MA,Adults,2021,Dramas
s742,Movie,TV-MA,Adults,2021,International Movies
s743,Movie,TV-MA,Adults,2021,Dramas
s743,Movie,TV-MA,Adults,2021,International Movies
s744,Movie,TV-MA,Adults,2021,Dramas
s744,Movie,TV-MA,Adults,2021,Independent Movies
s744,Movie,TV-MA,Adults,2021,Romantic Movies
s745,TV Show,TV-MA,Adults,2021,International TV Shows
s745,TV Show,TV-MA,Adults,2021,Spanish-Language TV Shows
s745,TV Show,TV-MA,Adults,2021,Stand-Up Comedy & Talk Shows
s746,Movie,TV-14,Teens,2021,International Movies
s746,Movie,TV-14,Teens,2021,Thrillers
s747,Movie,TV-MA,Adults,2021,Dramas
s747,Movie,TV-MA,Adults,2021,Thrillers
s748,Movie,TV-MA,Adults,2021,Comedies
s748,Movie,TV-MA,Adults,2021,Dramas
s748,Movie,TV-MA,Adults,2021,International Movies
s749,TV Show,TV-PG,Teens,2021,Reality TV
s750,TV Show,TV-MA,Adults,2021,Crime TV Shows
s750,TV Show,TV-MA,Adults,2021,TV Action & Adventure
s750,TV Show,TV-MA,Adults,2021,TV Comedies
s751,Movie,TV-MA,Adults,2021,Dramas
s751,Movie,TV-MA,Adults,2021,Independent Movies
s751,Movie,TV-MA,Adults,2021,International Movies
s752,TV Show,TV-Y7,Kids,2021,Kids' TV
s752,TV Show,TV-Y7,Kids,2021,TV Comedies
s753,Movie,PG-13,Adults,2021,Action & Adventure
s753,Movie,PG-13,Adults,2021,Comedies
s753,Movie,PG-13,Adults,2021,Sci-Fi & Fantasy
s754,TV Show,TV-MA,Adults,2021,International TV Shows
s754,TV Show,TV-MA,Adults,2021,Romantic TV Shows
s754,TV Show,TV-MA,Adults,2021,Spanish-Language TV Shows
s755,Movie,R,Adults,2021,Dramas
s755,Movie,R,Adults,2021,Independent Movies
s756,Movie,TV-G,Kids,2021,Children & Family Movies
s756,Movie,TV-G,Kids,2021,Documentaries
s756,Movie,TV-G,Kids,2021,International Movies
s757,Movie,TV-MA,Adults,2021,Dramas
s757,Movie,TV-MA,Adults,2021,International Movies
s757,Movie,TV-MA,Adults,2021,Romantic Movies
s758,Movie,TV-PG,Teens,2021,Documentaries
s759,TV Show,TV-MA,Adults,2021,Romantic TV Shows
s759,TV Show,TV-MA,Adults,2021,TV Comedies
s759,TV Show,TV-MA,Adults,2021,TV Dramas
s760,Movie,TV-G,Kids,2021,Movies
s761,Movie,TV-G,Kids,2021,Movies
s762,TV Show,TV-PG,Teens,2021,Docuseries
s762,TV Show,TV-PG,Teens,2021,Science & Nature TV
s763,Movie,TV-14,Teens,2021,Comedies
s763,Movie,TV-14,Teens,2021,International Movies
s763,Movie,TV-14,Teens,2021,Romantic Movies
s764,TV Show,TV-14,Teens,2021,TV Action & Adventure
s764,TV Show,TV-14,Teens,2021,TV Dramas
s764,TV Show,TV-14,Teens,2021,TV Sci-Fi & Fantasy
s765,Movie,TV-14,Teens,2021,Comedies
s765,Movie,TV-14,Teens,2021,International Movies
s765,Movie,TV-14,Teens,2021,Romantic Movies
s766,Movie,TV-MA,Adults,2021,Action & Adventure
s766,Movie,TV-MA,Adults,2021,International Movies
s767,Movie,TV-MA,Adults,2021,Stand-Up Comedy
s768,TV Show,TV-14,Teens,2021,International TV Shows
s768,TV Show,TV-14,Teens,2021,TV Comedies
s769,Movie,TV-MA,Adults,2021,Comedies
s769,Movie,TV-MA,Adults,2021,Dramas
s769,Movie,TV-MA,Adults,2021,International Movies
s770,Movie,TV-G,Kids,2021,Documentaries
s770,Movie,TV-G,Kids,2021,International Movies
s771,Movie,TV-14,Teens,2021,Documentaries
s771,Movie,TV-14,Teens,2021,International Movies
s771,Movie,TV-14,Teens,2021,Music & Musicals
s772,TV Show,TV-14,Teens,2021,TV Shows
s773,TV Show,TV-MA,Adults,2021,International TV Shows
s773,TV Show,TV-MA,Adults,2021,Romantic TV Shows
s773,TV Show,TV-MA,Adults,2021,TV Dramas
s774,Movie,TV-MA,Adults,2021,Dramas
s774,Movie,TV-MA,Adults,2021,International Movies
s774,Movie,TV-MA,Adults,2021,Thrillers
s775,Movie,PG-13,Adults,2021,Dramas
s775,Movie,PG-13,Adults,2021,Faith & Spirituality
s775,Movie,PG-13,Adults,2021,Romantic Movies
s776,Movie,TV-MA,Adults,2021,Dramas
s776,Movie,TV-MA,Adults,2021,Independent Movies
s776,Movie,TV-MA,Adults,2021,LGBTQ Movies
s777,Movie,PG-13,Adults,2021,Action & Adventure
s778,Movie,TV-MA,Adults,2021,Comedies
s778,Movie,TV-MA,Adults,2021,Independent Movies
s778,Movie,TV-MA,Adults,2021,LGBTQ Movies
s779,TV Show,TV-MA,Adults,2021,Anime Series
s779,TV Show,TV-MA,Adults,2021,International TV Shows
s780,Movie,PG-13,Adults,2021,Action & Adventure
s780,Movie,PG-13,Adults,2021,Cult Movies
s780,Movie,PG-13,Adults,2021,Sci-Fi & Fantasy
s781,TV Show,TV-Y,Kids,2021,Kids' TV
s782,Movie,TV-14,Teens,2021,Documentaries
s783,Movie,R,Adults,2021,Dramas
s783,Movie,R,Adults,2021,Romantic Movies
s784,Movie,TV-MA,Adults,2021,Comedies
s784,Movie,TV-MA,Adults,2021,International Movies
s784,Movie,TV-MA,Adults,2021,Music & Musicals
s785,Movie,TV-MA,Adults,2021,Comedies
s785,Movie,TV-MA,Adults,2021,Dramas
s785,Movie,TV-MA,Adults,2021,Independent Movies
s786,TV Show,TV-Y,Kids,2021,Kids' TV
s787,Movie,R,Adults,2021,Action & Adventure
s787,Movie,R,Adults,2021,Dramas
s788,Movie,R,Adults,2021,Action & Adventure
s789,Movie,PG-13,Adults,2021,Thrillers
s790,TV Show,TV-14,Teens,2021,British TV Shows
s790,TV Show,TV-14,Teens,2021,International TV Shows
s790,TV Show,TV-14,Teens,2021,TV Dramas
s791,Movie,TV-MA,Adults,2021,Documentaries
s792,Movie,R,Adults,2021,Action & Adventure
s792,Movie,R,Adults,2021,Dramas
s793,Movie,PG,Teens,2021,Comedies
s793,Movie,PG,Teens,2021,Dramas
s793,Movie,PG,Teens,2021,Romantic Movies
s794,Movie,PG-13,Adults,2021,Comedies
s794,Movie,PG-13,Adults,2021,Romantic Movies
s795,Movie,TV-14,Teens,2021,Comedies
s795,Movie,TV-14,Teens,2021,Dramas
s795,Movie,TV-14,Teens,2021,International Movies
s796,TV Show,TV-14,Teens,2021,TV Comedies
s797,Movie,R,Adults,2021,Cult Movies
s797,Movie,R,Adults,2021,Horror Movies
s798,Movie,PG-13,Adults,2021,Dramas
s799,Movie,R,Adults,2021,Comedies
s799,Movie,R,Adults,2021,Dramas
s799,Movie,R,Adults,2021,Independent Movies
s800,Movie,PG-13,Adults,2021,Dramas
s800,Movie,PG-13,Adults,2021,Sports Movies
s801,Movie,TV-14,Teens,2021,Dramas
s801,Movie,TV-14,Teens,2021,Independent Movies
s801,Movie,TV-14,Teens,2021,LGBTQ Movies
s802,Movie,R,Adults,2021,Action & Adventure
s802,Movie,R,Adults,2021,Dramas
s802,Movie,R,Adults,2021,Sports Movies
s803,Movie,R,Adults,2021,Action & Adventure
s804,TV Show,TV-PG,Teens,2021,Anime Series
s804,TV Show,TV-PG,Teens,2021,Romantic TV Shows
s804,TV Show,TV-PG,Teens,2021,Teen TV Shows
s805,Movie,R,Adults,2021,Horror Movies
s805,Movie,R,Adults,2021,Thrillers
s806,TV Show,TV-14,Teens,2021,International TV Shows
s806,TV Show,TV-14,Teens,2021,TV Comedies
s806,TV Show,TV-14,Teens,2021,TV Dramas
s807,Movie,TV-14,Teens,2021,Action & Adventure
s807,Movie,TV-14,Teens,2021,Dramas
s807,Movie,TV-14,Teens,2021,International Movies
s808,Movie,TV-PG,Teens,2021,Action & Adventure
s808,Movie,TV-PG,Teens,2021,Dramas
s808,Movie,TV-PG,Teens,2021,International Movies
s809,Movie,R,Adults,2021,Action & Adventure
s810,Movie,PG-13,Adults,2021,Action & Adventure
s810,Movie,PG-13,Adults,2021,Comedies
s811,Movie,PG,Teens,2021,Action & Adventure
s811,Movie,PG,Teens,2021,Classic Movies
s811,Movie,PG,Teens,2021,Cult Movies
s812,Movie,TV-Y,Kids,2021,Children & Family Movies
s813,Movie,R,Adults,2021,Action & Adventure
s814,TV Show,TV-Y7,Kids,2021,Kids' TV
s815,Movie,PG,Teens,2021,Comedies
s815,Movie,PG,Teens,2021,Romantic Movies
s816,Movie,TV-MA,Adults,2021,Dramas
s816,Movie,TV-MA,Adults,2021,International Movies
s816,Movie,TV-MA,Adults,2021,LGBTQ Movies
s817,Movie,PG-13,Adults,2021,Thrillers
s818,Movie,PG-13,Adults,2021,Comedies
s818,Movie,PG-13,Adults,2021,Dramas
s818,Movie,PG-13,Adults,2021,Independent Movies
s819,Movie,PG-13,Adults,2021,Comedies
s819,Movie,PG-13,Adults,2021,Dramas
s819,Movie,PG-13,Adults,2021,Romantic Movies
s820,Movie,PG,Teens,2021,Action & Adventure
s820,Movie,PG,Teens,2021,Classic Movies
s821,TV Show,TV-14,Teens,2021,International TV Shows
s821,TV Show,TV-14,Teens,2021,TV Dramas
s821,TV Show,TV-14,Teens,2021,TV Mysteries
s822,Movie,R,Adults,2021,Dramas
s822,Movie,R,Adults,2021,Romantic Movies
s822,Movie,R,Adults,2021,Thrillers
s823,Movie,R,Adults,2021,Horror Movies
s824,Movie,TV-MA,Adults,2021,Comedies
s824,Movie,TV-MA,Adults,2021,Dramas
s824,Movie,TV-MA,Adults,2021,Independent Movies
s825,Movie,R,Adults,2021,Thrillers
s826,TV Show,TV-MA,Adults,2021,Crime TV Shows
s826,TV Show,TV-MA,Adults,2021,TV Dramas
s826,TV Show,TV-MA,Adults,2021,TV Mysteries
s827,Movie,TV-MA,Adults,2021,Stand-Up Comedy
s828,Movie,TV-14,Teens,2021,Comedies
s828,Movie,TV-14,Teens,2021,International Movies
s829,Movie,PG-13,Adults,2021,Dramas
s830,Movie,TV-Y7,Kids,2021,Children & Family Movies
s830,Movie,TV-Y7,Kids,2021,Comedies
s831,TV Show,TV-MA,Adults,2021,TV Comedies
s831,TV Show,TV-MA,Adults,2021,TV Dramas
s832,TV Show,TV-MA,Adults,2021,Docuseries
s832,TV Show,TV-MA,Adults,2021,International TV Shows
s832,TV Show,TV-MA,Adults,2021,Spanish-Language TV Shows
s833,TV Show,TV-14,Teens,2021,International TV Shows
s833,TV Show,TV-14,Teens,2021,TV Action & Adventure
s833,TV Show,TV-14,Teens,2021,TV Dramas
s834,TV Show,TV-MA,Adults,2021,Crime TV Shows
s834,TV Show,TV-MA,Adults,2021,International TV Shows
s834,TV Show,TV-MA,Adults,2021,TV Dramas
s835,Movie,TV-PG,Teens,2021,Children & Family Movies
s835,Movie,TV-PG,Teens,2021,Dramas
s835,Movie,TV-PG,Teens,2021,Faith & Spirituality
s836,TV Show,TV-PG,Teens,2021,Anime Series
s836,TV Show,TV-PG,Teens,2021,International TV Shows
s837,Movie,TV-MA,Adults,2021,Horror Movies
s837,Movie,TV-MA,Adults,2021,International Movies
s837,Movie,TV-MA,Adults,2021,Thrillers
s838,TV Show,TV-MA,Adults,2021,International TV Shows
s838,TV Show,TV-MA,Adults,2021,TV Action & Adventure
s838,TV Show,TV-MA,Adults,2021,TV Dramas
s839,Movie,TV-MA,Adults,2021,Stand-Up Comedy
s840,Movie,TV-MA,Adults,2021,Dramas
s840,Movie,TV-MA,Adults,2021,Independent Movies
s840,Movie,TV-MA,Adults,2021,International Movies
s841,Movie,TV-MA,Adults,2021,Dramas
s841,Movie,TV-MA,Adults,2021,International Movies
s841,Movie,TV-MA,Adults,2021,Sports Movies
s842,Movie,TV-MA,Adults,2021,Action & Adventure
s842,Movie,TV-MA,Adults,2021,Dramas
s842,Movie,TV-MA,Adults,2021,International Movies
s843,TV Show,TV-14,Teens,2021,Docuseries
s844,TV Show,TV-MA,Adults,2021,Anime Series
s844,TV Show,TV-MA,Adults,2021,International TV Shows
s845,Movie,TV-MA,Adults,2021,Documentaries
s845,Movie,TV-MA,Adults,2021,International Movies
s846,Movie,TV-14,Teens,2021,Dramas
s846,Movie,TV-14,Teens,2021,International Movies
s846,Movie,TV-14,Teens,2021,Thrillers
s847,Movie,PG,Teens,2021,Children & Family Movies
s847,Movie,PG,Teens,2021,Comedies
s847,Movie,PG,Teens,2021,Sci-Fi & Fantasy
s848,TV Show,TV-MA,Adults,2021,International TV Shows
s848,TV Show,TV-MA,Adults,2021,Romantic TV Shows
s848,TV Show,TV-MA,Adults,2021,TV Comedies
s849,TV Show,TV-MA,Adults,2021,TV Comedies
s849,TV Show,TV-MA,Adults,2021,TV Dramas
s850,Movie,TV-G,Kids,2021,International Movies
s850,Movie,TV-G,Kids,2021,Music & Musicals
s851,Movie,TV-14,Teens,2021,Dramas
s851,Movie,TV-14,Teens,2021,International Movies
s851,Movie,TV-14,Teens,2021,Music & Musicals
s852,Movie,TV-14,Teens,2021,Dramas
s852,Movie,TV-14,Teens,2021,International Movies
s852,Movie,TV-14,Teens,2021,Music & Musicals
s853,Movie,TV-14,Teens,2021,Dramas
s853,Movie,TV-14,Teens,2021,International Movies
s853,Movie,TV-14,Teens,2021,Music & Musicals
s854,Movie,R,Adults,2021,Action & Adventure
s854,Movie,R,Adults,2021,Horror Movies
s855,Movie,TV-MA,Adults,2021,Documentaries
s856,TV Show,TV-Y7,Kids,2021,Kids' TV
s856,TV Show,TV-Y7,Kids,2021,TV Action & Adventure
s856,TV Show,TV-Y7,Kids,2021,TV Sci-Fi & Fantasy
s857,Movie,TV-MA,Adults,2021,Dramas
s857,Movie,TV-MA,Adults,2021,International Movies
s858,TV Show,TV-MA,Adults,2021,International TV Shows
s858,TV Show,TV-MA,Adults,2021,Spanish-Language TV Shows
s858,TV Show,TV-MA,Adults,2021,TV Comedies
s859,Movie,TV-14,Teens,2021,Dramas
s859,Movie,TV-14,Teens,2021,Independent Movies
s859,Movie,TV-14,Teens,2021,International Movies
s860,Movie,TV-14,Teens,2021,Dramas
s860,Movie,TV-14,Teens,2021,International Movies
s861,Movie,TV-MA,Adults,2021,Documentaries
s861,Movie,TV-MA,Adults,2021,International Movies
s861,Movie,TV-MA,Adults,2021,LGBTQ Movies
s862,Movie,TV-Y7,Kids,2021,Children & Family Movies
s862,Movie,TV-Y7,Kids,2021,Comedies
s863,TV Show,TV-MA,Adults,2021,TV Comedies
s864,Movie,PG,Teens,2021,Children & Family Movies
s864,Movie,PG,Teens,2021,Comedies
s865,Movie,TV-14,Teens,2021,Dramas
s865,Movie,TV-14,Teens,2021,International Movies
s865,Movie,TV-14,Teens,2021,Thrillers
s866,Movie,R,Adults,2021,Action & Adventure
s866,Movie,R,Adults,2021,Dramas
s867,Movie,R,Adults,2021,Thrillers
s868,Movie,PG-13,Adults,2021,Documentaries
s869,TV Show,TV-Y,Kids,2021,Kids' TV
s870,TV Show,TV-MA,Adults,2021,Crime TV Shows
s870,TV Show,TV-MA,Adults,2021,International TV Shows
s870,TV Show,TV-MA,Adults,2021,Spanish-Language TV Shows
s871,Movie,TV-14,Teens,2021,Documentaries
s872,Movie,TV-14,Teens,2021,Comedies
s872,Movie,TV-14,Teens,2021,Dramas
s872,Movie,TV-14,Teens,2021,International Movies
s873,Movie,R,Adults,2021,Dramas
s873,Movie,R,Adults,2021,Independent Movies
s873,Movie,R,Adults,2021,Sci-Fi & Fantasy
s874,Movie,TV-MA,Adults,2021,Dramas
s874,Movie,TV-MA,Adults,2021,Independent Movies
s874,Movie,TV-MA,Adults,2021,International Movies
s875,TV Show,TV-Y,Kids,2021,Kids' TV
s876,Movie,TV-MA,Adults,2021,Dramas
s876,Movie,TV-MA,Adults,2021,International Movies
s876,Movie,TV-MA,Adults,2021,Romantic Movies
s877,TV Show,TV-MA,Adults,2021,Docuseries
s877,TV Show,TV-MA,Adults,2021,International TV Shows
s878,Movie,TV-MA,Adults,2021,Comedies
s878,Movie,TV-MA,Adults,2021,Independent Movies
s878,Movie,TV-MA,Adults,2021,International Movies
s879,Movie,TV-MA,Adults,2021,Dramas
s879,Movie,TV-MA,Adults,2021,International Movies
s879,Movie,TV-MA,Adults,2021,Thrillers
s880,TV Show,TV-MA,Adults,2021,TV Dramas
s881,TV Show,TV-MA,Adults,2021,Reality TV
s881,TV Show,TV-MA,Adults,2021,TV Horror
s881,TV Show,TV-MA,Adults,2021,TV Thrillers
s882,Movie,TV-MA,Adults,2021,Dramas
s882,Movie,TV-MA,Adults,2021,International Movies
s882,Movie,TV-MA,Adults,2021,Thrillers
s883,Movie,TV-Y7,Kids,2021,Children & Family Movies
s883,Movie,TV-Y7,Kids,2021,Comedies
s884,TV Show,TV-MA,Adults,2021,TV Action & Adventure
s884,TV Show,TV-MA,Adults,2021,TV Horror
s884,TV Show,TV-MA,Adults,2021,TV Sci-Fi & Fantasy
s885,TV Show,TV-MA,Adults,2021,International TV Shows
s885,TV Show,TV-MA,Adults,2021,TV Dramas
s886,Movie,TV-MA,Adults,2021,Comedies
s886,Movie,TV-MA,Adults,2021,Dramas
s886,Movie,TV-MA,Adults,2021,International Movies
s887,TV Show,TV-14,Teens,2021,International TV Shows
s887,TV Show,TV-14,Teens,2021,TV Horror
s887,TV Show,TV-14,Teens,2021,TV Sci-Fi & Fantasy
s888,Movie,TV-MA,Adults,2021,Horror Movies
s888,Movie,TV-MA,Adults,2021,International Movies
s888,Movie,TV-MA,Adults,2021,Thrillers
s889,Movie,TV-14,Teens,2021,Comedies
s890,Movie,R,Adults,2021,Dramas
s890,Movie,R,Adults,2021,Thrillers
s891,TV Show,TV-MA,Adults,2021,Anime Series
s891,TV Show,TV-MA,Adults,2021,TV Horror
s891,TV Show,TV-MA,Adults,2021,TV Thrillers
s892,Movie,R,Adults,2021,Independent Movies
s892,Movie,R,Adults,2021,International Movies
s892,Movie,R,Adults,2021,Thrillers
s893,Movie,TV-MA,Adults,2021,Dramas
s893,Movie,TV-MA,Adults,2021,Independent Movies
s893,Movie,TV-MA,Adults,2021,International Movies
s894,Movie,TV-14,Teens,2021,Documentaries
s894,Movie,TV-14,Teens,2021,International Movies
s894,Movie,TV-14,Teens,2021,Music & Musicals
s895,Movie,TV-MA,Adults,2021,Dramas
s895,Movie,TV-MA,Adults,2021,Independent Movies
s895,Movie,TV-MA,Adults,2021,International Movies
s896,Movie,TV-14,Teens,2021,Dramas
s896,Movie,TV-14,Teens,2021,International Movies
s896,Movie,TV-14,Teens,2021,Thrillers
s897,TV Show,TV-14,Teens,2021,TV Comedies
s898,TV Show,TV-14,Teens,2021,International TV Shows
s898,TV Show,TV-14,Teens,2021,Romantic TV Shows
s898,TV Show,TV-14,Teens,2021,TV Comedies
s899,Movie,TV-14,Teens,2021,Comedies
s899,Movie,TV-14,Teens,2021,Dramas
s899,Movie,TV-14,Teens,2021,International Movies
s900,Movie,TV-MA,Adults,2021,Dramas
s900,Movie,TV-MA,Adults,2021,International Movies
s901,TV Show,TV-14,Teens,2021,Docuseries
s902,Movie,TV-PG,Teens,2021,Independent Movies
s902,Movie,TV-PG,Teens,2021,Thrillers
s903,TV Show,TV-14,Teens,2021,International TV Shows
s903,TV Show,TV-14,Teens,2021,TV Dramas
s904,Movie,TV-MA,Adults,2021,Dramas
s904,Movie,TV-MA,Adults,2021,International Movies
s904,Movie,TV-MA,Adults,2021,Thrillers
s905,Movie,R,Adults,2021,Action & Adventure
s906,Movie,TV-14,Teens,2021,Action & Adventure
s906,Movie,TV-14,Teens,2021,Dramas
s906,Movie,TV-14,Teens,2021,International Movies
s907,Movie,TV-MA,Adults,2021,Dramas
s907,Movie,TV-MA,Adults,2021,International Movies
s908,Movie,TV-MA,Adults,2021,Documentaries
s909,TV Show,TV-MA,Adults,2021,TV Action & Adventure
s909,TV Show,TV-MA,Adults,2021,TV Sci-Fi & Fantasy
s910,Movie,TV-14,Teens,2021,Dramas
s910,Movie,TV-14,Teens,2021,Independent Movies
s910,Movie,TV-14,Teens,2021,International Movies
s911,Movie,TV-MA,Adults,2021,Dramas
s912,TV Show,TV-Y7,Kids,2021,Kids' TV
s912,TV Show,TV-Y7,Kids,2021,TV Comedies
s913,Movie,TV-14,Teens,2021,Comedies
s914,Movie,TV-PG,Teens,2021,Dramas
s914,Movie,TV-PG,Teens,2021,International Movies
s914,Movie,TV-PG,Teens,2021,Romantic Movies
s915,Movie,TV-MA,Adults,2021,Documentaries
s916,Movie,TV-MA,Adults,2021,Dramas
s916,Movie,TV-MA,Adults,2021,International Movies
s916,Movie,TV-MA,Adults,2021,Thrillers
s917,Movie,R,Adults,2021,Action & Adventure
s918,Movie,TV-MA,Adults,2021,Documentaries
s918,Movie,TV-MA,Adults,2021,Dramas
s919,TV Show,TV-PG,Teens,2021,Reality TV
s920,TV Show,TV-MA,Adults,2021,Crime TV Shows
s920,TV Show,TV-MA,Adults,2021,Docuseries
s921,TV Show,TV-PG,Teens,2021,TV Dramas
s922,TV Show,TV-MA,Adults,2021,Crime TV Shows
s922,TV Show,TV-MA,Adults,2021,TV Dramas
s923,Movie,TV-MA,Adults,2021,Dramas
s923,Movie,TV-MA,Adults,2021,Independent Movies
s923,Movie,TV-MA,Adults,2021,Thrillers
s924,TV Show,TV-Y,Kids,2021,Kids' TV
s925,Movie,PG,Teens,2021,Children & Family Movies
s925,Movie,PG,Teens,2021,Comedies
s926,TV Show,TV-Y,Kids,2021,British TV Shows
s926,TV Show,TV-Y,Kids,2021,Kids' TV
s927,Movie,R,Adults,2021,Action & Adventure
s927,Movie,R,Adults,2021,Dramas
s928,TV Show,TV-Y,Kids,2021,Kids' TV
s929,Movie,PG-13,Adults,2021,Action & Adventure
s929,Movie,PG-13,Adults,2021,Sports Movies
s930,Movie,R,Adults,2021,Action & Adventure
s930,Movie,R,Adults,2021,Horror Movies
s931,Movie,R,Adults,2021,Action & Adventure
s931,Movie,R,Adults,2021,Comedies
s932,Movie,PG-13,Adults,2021,Comedies
s933,Movie,R,Adults,2021,Action & Adventure
s934,Movie,G,Kids,2021,Children & Family Movies
s934,Movie,G,Kids,2021,Dramas
s935,Movie,R,Adults,2021,Dramas
s935,Movie,R,Adults,2021,Independent Movies
s936,Movie,PG,Teens,2021,Children & Family Movies
s936,Movie,PG,Teens,2021,Comedies
s937,TV Show,TV-Y7,Kids,2021,Kids' TV
s938,Movie,TV-Y7,Kids,2021,Children & Family Movies
s938,Movie,TV-Y7,Kids,2021,Comedies
s939,Movie,TV-Y7,Kids,2021,Children & Family Movies
s939,Movie,TV-Y7,Kids,2021,Comedies
s939,Movie,TV-Y7,Kids,2021,Music & Musicals
s940,Movie,TV-Y7,Kids,2021,Children & Family Movies
s940,Movie,TV-Y7,Kids,2021,Music & Musicals
s941,Movie,TV-Y7,Kids,2021,Children & Family Movies
s941,Movie,TV-Y7,Kids,2021,Comedies
s942,Movie,TV-Y7,Kids,2021,Children & Family Movies
s942,Movie,TV-Y7,Kids,2021,Comedies
s943,Movie,R,Adults,2021,Dramas
s943,Movie,R,Adults,2021,Thrillers
s944,Movie,PG-13,Adults,2021,Action & Adventure
s944,Movie,PG-13,Adults,2021,Dramas
s944,Movie,PG-13,Adults,2021,Sports Movies
s945,Movie,TV-MA,Adults,2021,Action & Adventure
s946,Movie,TV-MA,Adults,2021,Dramas
s946,Movie,TV-MA,Adults,2021,International Movies
s947,Movie,PG-13,Adults,2021,Action & Adventure
s947,Movie,PG-13,Adults,2021,Sci-Fi & Fantasy
s948,Movie,PG-13,Adults,2021,Dramas
s948,Movie,PG-13,Adults,2021,Thrillers
s949,Movie,TV-14,Teens,2021,Comedies
s950,Movie,PG-13,Adults,2021,Action & Adventure
s950,Movie,PG-13,Adults,2021,Sci-Fi & Fantasy
s951,Movie,PG-13,Adults,2021,Dramas
s951,Movie,PG-13,Adults,2021,International Movies
s951,Movie,PG-13,Adults,2021,Sci-Fi & Fantasy
s952,Movie,R,Adults,2021,Comedies
s952,Movie,R,Adults,2021,Romantic Movies
s953,Movie,R,Adults,2021,Action & Adventure
s953,Movie,R,Adults,2021,Comedies
s954,Movie,R,Adults,2021,Dramas
s954,Movie,R,Adults,2021,Thrillers
s955,Movie,TV-PG,Teens,2021,Children & Family Movies
s955,Movie,TV-PG,Teens,2021,Comedies
s956,Movie,R,Adults,2021,Action & Adventure
s957,Movie,R,Adults,2021,Comedies
s957,Movie,R,Adults,2021,Independent Movies
s957,Movie,R,Adults,2021,Romantic Movies
s958,TV Show,TV-PG,Teens,2021,Reality TV
s959,Movie,TV-14,Teens,2021,Dramas
s959,Movie,TV-14,Teens,2021,International Movies
s960,Movie,TV-MA,Adults,2021,Dramas
s960,Movie,TV-MA,Adults,2021,Independent Movies
s960,Movie,TV-MA,Adults,2021,International Movies
s961,TV Show,TV-MA,Adults,2021,Crime TV Shows
s961,TV Show,TV-MA,Adults,2021,International TV Shows
s961,TV Show,TV-MA,Adults,2021,Spanish-Language TV Shows
s962,Movie,PG,Teens,2021,Children & Family Movies
s962,Movie,PG,Teens,2021,Comedies
s963,Movie,R,Adults,2021,Horror Movies
s964,TV Show,TV-MA,Adults,2021,International TV Shows
s964,TV Show,TV-MA,Adults,2021,Spanish-Language TV Shows
s964,TV Show,TV-MA,Adults,2021,TV Comedies
s965,Movie,TV-MA,Adults,2021,Horror Movies
s965,Movie,TV-MA,Adults,2021,Thrillers
s966,TV Show,TV-MA,Adults,2021,Anime Series
s966,TV Show,TV-MA,Adults,2021,International TV Shows
s967,Movie,TV-MA,Adults,2021,Comedies
s967,Movie,TV-MA,Adults,2021,International Movies
s968,TV Show,TV-G,Kids,2021,Docuseries
s968,TV Show,TV-G,Kids,2021,Science & Nature TV
s969,TV Show,TV-MA,Adults,2021,International TV Shows
s969,TV Show,TV-MA,Adults,2021,TV Comedies
s969,TV Show,TV-MA,Adults,2021,TV Dramas
s970,Movie,R,Adults,2021,Dramas
s971,Movie,PG-13,Adults,2021,Action & Adventure
s971,Movie,PG-13,Adults,2021,Sci-Fi & Fantasy
s972,Movie,R,Adults,2021,Thrillers
s973,TV Show,TV-MA,Adults,2021,International TV Shows
s973,TV Show,TV-MA,Adults,2021,TV Dramas
s973,TV Show,TV-MA,Adults,2021,TV Thrillers
s974,Movie,TV-PG,Teens,2021,Dramas
s974,Movie,TV-PG,Teens,2021,International Movies
s975,Movie,TV-14,Teens,2021,Dramas
s975,Movie,TV-14,Teens,2021,Independent Movies
s975,Movie,TV-14,Teens,2021,International Movies
s976,Movie,TV-14,Teens,2021,Action & Adventure
s976,Movie,TV-14,Teens,2021,Comedies
s976,Movie,TV-14,Teens,2021,Dramas
s977,Movie,TV-14,Teens,2021,Comedies
s977,Movie,TV-14,Teens,2021,International Movies
s978,Movie,TV-14,Teens,2021,Comedies
s978,Movie,TV-14,Teens,2021,International Movies
s979,Movie,TV-MA,Adults,2021,Comedies
s979,Movie,TV-MA,Adults,2021,International Movies
s979,Movie,TV-MA,Adults,2021,Romantic Movies
s980,Movie,TV-MA,Adults,2021,Comedies
s980,Movie,TV-MA,Adults,2021,International Movies
s981,Movie,TV-MA,Adults,2021,Comedies
s981,Movie,TV-MA,Adults,2021,International Movies
s982,Movie,TV-MA,Adults,2021,Action & Adventure
s982,Movie,TV-MA,Adults,2021,Comedies
s982,Movie,TV-MA,Adults,2021,International Movies
s983,Movie,TV-14,Teens,2021,Comedies
s983,Movie,TV-14,Teens,2021,Dramas
s983,Movie,TV-14,Teens,2021,International Movies
s984,Movie,TV-MA,Adults,2021,Documentaries
s984,Movie,TV-MA,Adults,2021,International Movies
s984,Movie,TV-MA,Adults,2021,Music & Musicals
s985,Movie,TV-MA,Adults,2021,Comedies
s985,Movie,TV-MA,Adults,2021,International Movies
s986,Movie,TV-MA,Adults,2021,Comedies
s986,Movie,TV-MA,Adults,2021,International Movies
s986,Movie,TV-MA,Adults,2021,Romantic Movies
s987,Movie,TV-14,Teens,2021,Comedies
s987,Movie,TV-14,Teens,2021,International Movies
s987,Movie,TV-14,Teens,2021,Romantic Movies
s988,Movie,TV-MA,Adults,2021,Comedies
s988,Movie,TV-MA,Adults,2021,International Movies
s989,TV Show,TV-14,Teens,2021,International TV Shows
s989,TV Show,TV-14,Teens,2021,Romantic TV Shows
s989,TV Show,TV-14,Teens,2021,TV Comedies
s990,Movie,TV-MA,Adults,2021,Comedies
s990,Movie,TV-MA,Adults,2021,International Movies
s991,Movie,TV-MA,Adults,2021,Comedies
s991,Movie,TV-MA,Adults,2021,International Movies
s992,Movie,TV-G,Kids,2021,Dramas
s992,Movie,TV-G,Kids,2021,Independent Movies
s992,Movie,TV-G,Kids,2021,International Movies
s993,Movie,TV-G,Kids,2021,International Movies
s993,Movie,TV-G,Kids,2021,Music & Musicals
s994,TV Show,TV-14,Teens,2021,TV Action & Adventure
s994,TV Show,TV-14,Teens,2021,TV Dramas
s994,TV Show,TV-14,Teens,2021,TV Sci-Fi & Fantasy
s995,Movie,TV-14,Teens,2021,Dramas
s995,Movie,TV-14,Teens,2021,International Movies
s995,Movie,TV-14,Teens,2021,Romantic Movies
s996,Movie,TV-MA,Adults,2021,Comedies
s996,Movie,TV-MA,Adults,2021,Dramas
s996,Movie,TV-MA,Adults,2021,International Movies
s997,Movie,TV-MA,Adults,2021,Horror Movies
s997,Movie,TV-MA,Adults,2021,International Movies
s997,Movie,TV-MA,Adults,2021,Thrillers
s998,TV Show,TV-PG,Teens,2021,British TV Shows
s998,TV Show,TV-PG,Teens,2021,Docuseries
s998,TV Show,TV-PG,Teens,2021,International TV Shows
s999,Movie,TV-14,Teens,2021,Documentaries
s999,Movie,TV-14,Teens,2021,International Movies
s1000,Movie,TV-MA,Adults,2021,Dramas
s1000,Movie,TV-MA,Adults,2021,International Movies
s1000,Movie,TV-MA,Adults,2021,Thrillers
s1001,Movie,TV-MA,Adults,2021,Action & Adventure
s1001,Movie,TV-MA,Adults,2021,International Movies
s1002,Movie,TV-14,Teens,2021,Dramas
s1002,Movie,TV-14,Teens,2021,International Movies
s1002,Movie,TV-14,Teens,2021,Thrillers
s1003,Movie,TV-MA,Adults,2021,Comedies
s1003,Movie,TV-MA,Adults,2021,International Movies
s1004,TV Show,TV-MA,Adults,2021,International TV Shows
s1004,TV Show,TV-MA,Adults,2021,TV Comedies
s1004,TV Show,TV-MA,Adults,2021,TV Dramas
s1005,TV Show,TV-Y,Kids,2021,Kids' TV
s1006,Movie,TV-Y,Kids,2021,Children & Family Movies
s1006,Movie,TV-Y,Kids,2021,Comedies
s1007,Movie,TV-Y7,Kids,2021,Children & Family Movies
s1007,Movie,TV-Y7,Kids,2021,Comedies
s1008,Movie,TV-Y,Kids,2021,Children & Family Movies
s1008,Movie,TV-Y,Kids,2021,Comedies
s1009,Movie,TV-Y,Kids,2021,Children & Family Movies
s1010,Movie,TV-Y7,Kids,2021,Children & Family Movies
s1011,Movie,TV-Y7,Kids,2021,Children & Family Movies
s1012,Movie,TV-14,Teens,2021,Documentaries
s1013,TV Show,TV-MA,Adults,2021,International TV Shows
s1013,TV Show,TV-MA,Adults,2021,Spanish-Language TV Shows
s1013,TV Show,TV-MA,Adults,2021,TV Dramas
s1014,Movie,R,Adults,2021,Thrillers
s1015,TV Show,TV-Y,Kids,2021,Kids' TV
s1016,Movie,R,Adults,2021,Dramas
s1017,Movie,TV-MA,Adults,2021,Action & Adventure
s1017,Movie,TV-MA,Adults,2021,Comedies
s1017,Movie,TV-MA,Adults,2021,International Movies
s1018,Movie,TV-MA,Adults,2021,Dramas
s1018,Movie,TV-MA,Adults,2021,International Movies
s1019,Movie,TV-14,Teens,2021,Comedies
s1019,Movie,TV-14,Teens,2021,International Movies
s1019,Movie,TV-14,Teens,2021,Music & Musicals
s1020,Movie,PG,Teens,2021,Dramas
s1020,Movie,PG,Teens,2021,International Movies
s1020,Movie,PG,Teens,2021,Music & Musicals
s1021,Movie,TV-14,Teens,2021,Documentaries
s1021,Movie,TV-14,Teens,2021,International Movies
s1022,Movie,TV-MA,Adults,2021,Comedies
s1022,Movie,TV-MA,Adults,2021,Dramas
s1022,Movie,TV-MA,Adults,2021,Independent Movies
s1023,Movie,PG,Teens,2021,Dramas
s1023,Movie,PG,Teens,2021,International Movies
s1024,Movie,TV-MA,Adults,2021,Dramas
s1024,Movie,TV-MA,Adults,2021,Independent Movies
s1024,Movie,TV-MA,Adults,2021,International Movies
s1025,Movie,TV-Y7,Kids,2021,Children & Family Movies
s1025,Movie,TV-Y7,Kids,2021,Comedies
s1025,Movie,TV-Y7,Kids,2021,Music & Musicals
s1026,TV Show,TV-Y7,Kids,2021,Anime Series
s1026,TV Show,TV-Y7,Kids,2021,Kids' TV
s1027,Movie,TV-Y,Kids,2021,Children & Family Movies
s1028,Movie,R,Adults,2021,Horror Movies
s1028,Movie,R,Adults,2021,Romantic Movies
s1028,Movie,R,Adults,2021,Sci-Fi & Fantasy
s1029,Movie,TV-14,Teens,2021,Comedies
s1030,Movie,TV-MA,Adults,2021,Dramas
s1030,Movie,TV-MA,Adults,2021,International Movies
s1031,Movie,TV-MA,Adults,2021,Children & Family Movies
s1031,Movie,TV-MA,Adults,2021,Comedies
s1031,Movie,TV-MA,Adults,2021,Dramas
s1032,Movie,TV-14,Teens,2021,Dramas
s1032,Movie,TV-14,Teens,2021,International Movies
s1032,Movie,TV-14,Teens,2021,Romantic Movies
s1033,TV Show,TV-14,Teens,2021,International TV Shows
s1033,TV Show,TV-14,Teens,2021,Stand-Up Comedy & Talk Shows
s1034,Movie,R,Adults,2021,Action & Adventure
s1034,Movie,R,Adults,2021,Dramas
s1034,Movie,R,Adults,2021,International Movies
s1035,Movie,R,Adults,2021,Thrillers
s1036,Movie,PG-13,Adults,2021,Dramas
s1037,Movie,TV-14,Teens,2021,Action & Adventure
s1037,Movie,TV-14,Teens,2021,Sci-Fi & Fantasy
s1038,Movie,TV-14,Teens,2021,Comedies
s1038,Movie,TV-14,Teens,2021,Dramas
s1038,Movie,TV-14,Teens,2021,International Movies
s1039,TV Show,TV-PG,Teens,2021,International TV Shows
s1039,TV Show,TV-PG,Teens,2021,Romantic TV Shows
s1039,TV Show,TV-PG,Teens,2021,TV Comedies
s1040,Movie,TV-MA,Adults,2021,Documentaries
s1040,Movie,TV-MA,Adults,2021,Music & Musicals
s1041,TV Show,TV-MA,Adults,2021,Anime Series
s1041,TV Show,TV-MA,Adults,2021,Crime TV Shows
s1041,TV Show,TV-MA,Adults,2021,International TV Shows
s1042,Movie,TV-MA,Adults,2021,Action & Adventure
s1042,Movie,TV-MA,Adults,2021,Anime Features
s1042,Movie,TV-MA,Adults,2021,Horror Movies
s1043,TV Show,TV-PG,Teens,2021,Docuseries
s1044,TV Show,TV-14,Teens,2021,Romantic TV Shows
s1044,TV Show,TV-14,Teens,2021,TV Comedies
s1044,TV Show,TV-14,Teens,2021,TV Dramas
s1045,TV Show,TV-MA,Adults,2021,Anime Series
s1045,TV Show,TV-MA,Adults,2021,International TV Shows
s1045,TV Show,TV-MA,Adults,2021,TV Thrillers
s1046,TV Show,TV-14,Teens,2021,Reality TV
s1047,Movie,TV-14,Teens,2021,Thrillers
s1048,TV Show,TV-14,Teens,2021,International TV Shows
s1048,TV Show,TV-14,Teens,2021,TV Dramas
s1049,TV Show,TV-Y,Kids,2021,Kids' TV
s1050,TV Show,TV-Y,Kids,2021,British TV Shows
s1050,TV Show,TV-Y,Kids,2021,Kids' TV
s1051,Movie,TV-MA,Adults,2021,Dramas
s1051,Movie,TV-MA,Adults,2021,International Movies
s1051,Movie,TV-MA,Adults,2021,LGBTQ Movies
s1052,TV Show,TV-Y7,Kids,2021,Anime Series
s1052,TV Show,TV-Y7,Kids,2021,Kids' TV
s1053,Movie,R,Adults,2021,Dramas
s1053,Movie,R,Adults,2021,Independent Movies
s1054,Movie,TV-MA,Adults,2021,Documentaries
s1054,Movie,TV-MA,Adults,2021,Music & Musicals
s1055,Movie,TV-14,Teens,2021,Documentaries
s1055,Movie,TV-14,Teens,2021,International Movies
s1055,Movie,TV-14,Teens,2021,Music & Musicals
s1056,Movie,R,Adults,2021,Cult Movies
s1056,Movie,R,Adults,2021,Dramas
s1056,Movie,R,Adults,2021,Music & Musicals
s1057,TV Show,TV-PG,Teens,2021,International TV Shows
s1057,TV Show,TV-PG,Teens,2021,TV Dramas
s1058,TV Show,TV-14,Teens,2021,TV Comedies
s1059,TV Show,TV-MA,Adults,2021,British TV Shows
s1059,TV Show,TV-MA,Adults,2021,International TV Shows
s1059,TV Show,TV-MA,Adults,2021,TV Dramas
s1060,TV Show,TV-MA,Adults,2021,TV Dramas
s1060,TV Show,TV-MA,Adults,2021,TV Thrillers
s1061,TV Show,TV-14,Teens,2021,Reality TV
s1061,TV Show,TV-14,Teens,2021,Romantic TV Shows
s1062,TV Show,TV-MA,Adults,2021,Crime TV Shows
s1062,TV Show,TV-MA,Adults,2021,Docuseries
s1063,TV Show,TV-14,Teens,2021,Crime TV Shows
s1063,TV Show,TV-14,Teens,2021,International TV Shows
s1063,TV Show,TV-14,Teens,2021,TV Dramas
s1064,TV Show,TV-MA,Adults,2021,TV Comedies
s1064,TV Show,TV-MA,Adults,2021,TV Dramas
s1065,TV Show,TV-MA,Adults,2021,Crime TV Shows
s1065,TV Show,TV-MA,Adults,2021,International TV Shows
s1065,TV Show,TV-MA,Adults,2021,Korean TV Shows
s1066,TV Show,TV-MA,Adults,2021,TV Horror
s1066,TV Show,TV-MA,Adults,2021,TV Mysteries
s1066,TV Show,TV-MA,Adults,2021,TV Thrillers
s1067,Movie,TV-MA,Adults,2021,Dramas
s1067,Movie,TV-MA,Adults,2021,International Movies
s1067,Movie,TV-MA,Adults,2021,Thrillers
s1068,TV Show,TV-MA,Adults,2021,International TV Shows
s1068,TV Show,TV-MA,Adults,2021,TV Dramas
s1068,TV Show,TV-MA,Adults,2021,Teen TV Shows
s1069,TV Show,TV-MA,Adults,2021,Docuseries
s1069,TV Show,TV-MA,Adults,2021,Science & Nature TV
s1070,Movie,TV-14,Teens,2021,Dramas
s1070,Movie,TV-14,Teens,2021,International Movies
s1070,Movie,TV-14,Teens,2021,Romantic Movies
s1071,Movie,TV-MA,Adults,2021,Documentaries
s1072,Movie,TV-Y7,Kids,2021,Children & Family Movies
s1072,Movie,TV-Y7,Kids,2021,Music & Musicals
s1073,Movie,TV-Y7,Kids,2021,Children & Family Movies
s1073,Movie,TV-Y7,Kids,2021,Comedies
s1073,Movie,TV-Y7,Kids,2021,Music & Musicals
s1074,Movie,TV-Y7,Kids,2021,Children & Family Movies
s1074,Movie,TV-Y7,Kids,2021,Music & Musicals
s1075,Movie,TV-Y7,Kids,2021,Children & Family Movies
s1076,TV Show,TV-PG,Teens,2021,Docuseries
s1077,Movie,TV-Y7,Kids,2021,Children & Family Movies
s1078,Movie,TV-Y7,Kids,2021,Children & Family Movies
s1079,Movie,TV-Y,Kids,2021,Children & Family Movies
s1080,TV Show,TV-PG,Teens,2021,Romantic TV Shows
s1080,TV Show,TV-PG,Teens,2021,TV Comedies
s1080,TV Show,TV-PG,Teens,2021,TV Dramas
s1081,Movie,TV-14,Teens,2021,Action & Adventure
s1081,Movie,TV-14,Teens,2021,Anime Features
s1081,Movie,TV-14,Teens,2021,International Movies
s1082,TV Show,TV-G,Kids,2021,Kids' TV
s1082,TV Show,TV-G,Kids,2021,TV Comedies
s1083,TV Show,TV-14,Teens,2021,International TV Shows
s1083,TV Show,TV-14,Teens,2021,Reality TV
s1084,Movie,R,Adults,2021,Comedies
s1085,TV Show,TV-14,Teens,2021,Anime Series
s1085,TV Show,TV-14,Teens,2021,International TV Shows
s1085,TV Show,TV-14,Teens,2021,Romantic TV Shows
s1086,Movie,TV-MA,Adults,2021,Dramas
s1086,Movie,TV-MA,Adults,2021,International Movies
s1087,Movie,TV-MA,Adults,2021,Dramas
s1087,Movie,TV-MA,Adults,2021,International Movies
s1087,Movie,TV-MA,Adults,2021,Thrillers
s1088,Movie,TV-14,Teens,2021,Comedies
s1088,Movie,TV-14,Teens,2021,Horror Movies
s1088,Movie,TV-14,Teens,2021,International Movies
s1089,Movie,PG-13,Adults,2021,Action & Adventure
s1089,Movie,PG-13,Adults,2021,Comedies
s1090,Movie,TV-MA,Adults,2021,Dramas
s1091,Movie,TV-PG,Teens,2021,Dramas
s1091,Movie,TV-PG,Teens,2021,International Movies
s1091,Movie,TV-PG,Teens,2021,Romantic Movies
s1092,TV Show,TV-MA,Adults,2021,Anime Series
s1092,TV Show,TV-MA,Adults,2021,International TV Shows
s1093,Movie,TV-PG,Teens,2021,Documentaries
s1093,Movie,TV-PG,Teens,2021,Music & Musicals
s1094,TV Show,TV-14,Teens,2021,International TV Shows
s1094,TV Show,TV-14,Teens,2021,Reality TV
s1094,TV Show,TV-14,Teens,2021,Romantic TV Shows
s1095,TV Show,TV-MA,Adults,2021,Reality TV
s1095,TV Show,TV-MA,Adults,2021,Romantic TV Shows
s1096,TV Show,TV-MA,Adults,2021,Crime TV Shows
s1096,TV Show,TV-MA,Adults,2021,Docuseries
s1096,TV Show,TV-MA,Adults,2021,TV Mysteries
s1097,Movie,TV-Y7,Kids,2021,Children & Family Movies
s1097,Movie,TV-Y7,Kids,2021,Comedies
s1098,Movie,TV-MA,Adults,2021,Documentaries
s1099,Movie,TV-14,Teens,2021,Comedies
s1099,Movie,TV-14,Teens,2021,Dramas
s1099,Movie,TV-14,Teens,2021,International Movies
s1100,Movie,TV-MA,Adults,2021,Dramas
s1100,Movie,TV-MA,Adults,2021,International Movies
s1101,Movie,TV-MA,Adults,2021,Horror Movies
s1101,Movie,TV-MA,Adults,2021,Thrillers
s1102,Movie,PG,Teens,2021,Children & Family Movies
s1102,Movie,PG,Teens,2021,Comedies
s1102,Movie,PG,Teens,2021,Sci-Fi & Fantasy
s1103,Movie,PG-13,Adults,2021,Comedies
s1104,Movie,R,Adults,2021,Action & Adventure
s1104,Movie,R,Adults,2021,Dramas
s1104,Movie,R,Adults,2021,International Movies
s1105,Movie,TV-Y,Kids,2021,Children & Family Movies
s1105,Movie,TV-Y,Kids,2021,Comedies
s1105,Movie,TV-Y,Kids,2021,Dramas
s1106,Movie,R,Adults,2021,Dramas
s1106,Movie,R,Adults,2021,Independent Movies
s1107,Movie,R,Adults,2021,Action & Adventure
s1108,Movie,TV-MA,Adults,2021,Dramas
s1108,Movie,TV-MA,Adults,2021,Faith & Spirituality
s1108,Movie,TV-MA,Adults,2021,International Movies
s1109,Movie,TV-MA,Adults,2021,International Movies
s1109,Movie,TV-MA,Adults,2021,Thrillers
s1110,Movie,TV-MA,Adults,2021,Comedies
s1110,Movie,TV-MA,Adults,2021,International Movies
s1110,Movie,TV-MA,Adults,2021,Romantic Movies
s1111,Movie,TV-MA,Adults,2021,Dramas
s1111,Movie,TV-MA,Adults,2021,International Movies
s1112,Movie,PG-13,Adults,2021,Comedies
s1112,Movie,PG-13,Adults,2021,Romantic Movies
s1113,Movie,PG,Teens,2021,Children & Family Movies
s1113,Movie,PG,Teens,2021,Comedies
s1114,Movie,PG-13,Adults,2021,Action & Adventure
s1114,Movie,PG-13,Adults,2021,Sci-Fi & Fantasy
s1115,Movie,PG-13,Adults,2021,Comedies
s1115,Movie,PG-13,Adults,2021,Dramas
s1115,Movie,PG-13,Adults,2021,International Movies
s1116,Movie,TV-PG,Teens,2021,Comedies
s1116,Movie,TV-PG,Teens,2021,International Movies
s1116,Movie,TV-PG,Teens,2021,Sports Movies
s1117,TV Show,TV-PG,Teens,2021,Docuseries
s1117,TV Show,TV-PG,Teens,2021,International TV Shows
s1118,Movie,TV-PG,Teens,2021,Documentaries
s1118,Movie,TV-PG,Teens,2021,International Movies
s1119,Movie,PG-13,Adults,2021,Horror Movies
s1119,Movie,PG-13,Adults,2021,Thrillers
s1120,Movie,R,Adults,2021,Action & Adventure
s1120,Movie,R,Adults,2021,Horror Movies
s1121,Movie,PG-13,Adults,2021,Action & Adventure
s1121,Movie,PG-13,Adults,2021,Sci-Fi & Fantasy
s1122,Movie,PG-13,Adults,2021,Comedies
s1122,Movie,PG-13,Adults,2021,Romantic Movies
s1123,Movie,TV-14,Teens,2021,Dramas
s1123,Movie,TV-14,Teens,2021,International Movies
s1124,TV Show,TV-G,Kids,2021,Docuseries
s1124,TV Show,TV-G,Kids,2021,International TV Shows
s1124,TV Show,TV-G,Kids,2021,Science & Nature TV
s1125,Movie,R,Adults,2021,Action & Adventure
s1126,TV Show,TV-MA,Adults,2021,British TV Shows
s1126,TV Show,TV-MA,Adults,2021,Crime TV Shows
s1126,TV Show,TV-MA,Adults,2021,Docuseries
s1127,Movie,G,Kids,2021,Classic Movies
s1127,Movie,G,Kids,2021,Music & Musicals
s1128,TV Show,TV-MA,Adults,2021,Reality TV
s1128,TV Show,TV-MA,Adults,2021,TV Comedies
s1128,TV Show,TV-MA,Adults,2021,TV Horror
s1129,Movie,R,Adults,2021,Action & Adventure
s1129,Movie,R,Adults,2021,International Movies
s1130,TV Show,TV-PG,Teens,2021,British TV Shows
s1130,TV Show,TV-PG,Teens,2021,Docuseries
s1130,TV Show,TV-PG,Teens,2021,International TV Shows
s1131,Movie,TV-14,Teens,2021,Action & Adventure
s1131,Movie,TV-14,Teens,2021,Dramas
s1131,Movie,TV-14,Teens,2021,International Movies
s1132,Movie,TV-14,Teens,2021,Action & Adventure
s1132,Movie,TV-14,Teens,2021,Dramas
s1132,Movie,TV-14,Teens,2021,International Movies
s1133,Movie,TV-14,Teens,2021,Action & Adventure
s1133,Movie,TV-14,Teens,2021,Dramas
s1133,Movie,TV-14,Teens,2021,International Movies
s1134,Movie,R,Adults,2021,Action & Adventure
s1135,Movie,R,Adults,2021,Action & Adventure
s1135,Movie,R,Adults,2021,Sci-Fi & Fantasy
s1136,Movie,PG-13,Adults,2021,Action & Adventure
s1137,Movie,TV-14,Teens,2021,Dramas
s1137,Movie,TV-14,Teens,2021,International Movies
s1137,Movie,TV-14,Teens,2021,Romantic Movies
s1138,Movie,TV-PG,Teens,2021,Action & Adventure
s1138,Movie,TV-PG,Teens,2021,International Movies
s1138,Movie,TV-PG,Teens,2021,Music & Musicals
s1139,Movie,R,Adults,2021,Dramas
s1139,Movie,R,Adults,2021,Independent Movies
s1139,Movie,R,Adults,2021,International Movies
s1140,Movie,PG-13,Adults,2021,Horror Movies
s1140,Movie,PG-13,Adults,2021,Thrillers
s1141,Movie,R,Adults,2021,Action & Adventure
s1142,Movie,TV-14,Teens,2021,Dramas
s1142,Movie,TV-14,Teens,2021,International Movies
s1142,Movie,TV-14,Teens,2021,Thrillers
s1143,Movie,TV-MA,Adults,2021,Documentaries
s1144,TV Show,TV-MA,Adults,2021,Docuseries
s1144,TV Show,TV-MA,Adults,2021,Reality TV
s1145,Movie,PG-13,Adults,2021,Comedies
s1145,Movie,PG-13,Adults,2021,Romantic Movies
s1146,Movie,PG-13,Adults,2021,Dramas
s1147,TV Show,TV-14,Teens,2021,International TV Shows
s1147,TV Show,TV-14,Teens,2021,Reality TV
s1147,TV Show,TV-14,Teens,2021,Spanish-Language TV Shows
s1148,Movie,TV-MA,Adults,2021,Documentaries
s1148,Movie,TV-MA,Adults,2021,International Movies
s1148,Movie,TV-MA,Adults,2021,Sports Movies
s1149,TV Show,TV-Y,Kids,2021,Kids' TV
s1149,TV Show,TV-Y,Kids,2021,Korean TV Shows
s1150,TV Show,TV-Y7,Kids,2021,Anime Series
s1150,TV Show,TV-Y7,Kids,2021,Kids' TV
s1151,Movie,TV-PG,Teens,2021,Documentaries
s1152,Movie,TV-Y,Kids,2021,Children & Family Movies
s1153,TV Show,TV-Y,Kids,2021,Kids' TV
s1154,Movie,PG-13,Adults,2021,Dramas
s1154,Movie,PG-13,Adults,2021,International Movies
s1155,Movie,R,Adults,2021,Dramas
s1156,Movie,TV-PG,Teens,2021,Documentaries
s1156,Movie,TV-PG,Teens,2021,International Movies
s1157,Movie,TV-PG,Teens,2021,Children & Family Movies
s1157,Movie,TV-PG,Teens,2021,Faith & Spirituality
s1157,Movie,TV-PG,Teens,2021,Music & Musicals
s1158,Movie,TV-MA,Adults,2021,Comedies
s1159,TV Show,TV-G,Kids,2021,Kids' TV
s1160,Movie,TV-MA,Adults,2021,Dramas
s1160,Movie,TV-MA,Adults,2021,International Movies
s1161,Movie,TV-MA,Adults,2021,Dramas
s1161,Movie,TV-MA,Adults,2021,Independent Movies
s1161,Movie,TV-MA,Adults,2021,Thrillers
s1162,Movie,TV-PG,Teens,2021,Documentaries
s1163,Movie,TV-14,Teens,2021,Dramas
s1163,Movie,TV-14,Teens,2021,International Movies
s1164,TV Show,TV-MA,Adults,2021,International TV Shows
s1164,TV Show,TV-MA,Adults,2021,Reality TV
s1164,TV Show,TV-MA,Adults,2021,Spanish-Language TV Shows
s1165,Movie,TV-MA,Adults,2021,Comedies
s1165,Movie,TV-MA,Adults,2021,International Movies
s1166,Movie,TV-PG,Teens,2021,Comedies
s1166,Movie,TV-PG,Teens,2021,Dramas
s1166,Movie,TV-PG,Teens,2021,International Movies
s1167,TV Show,TV-14,Teens,2021,British TV Shows
s1167,TV Show,TV-14,Teens,2021,Crime TV Shows
s1167,TV Show,TV-14,Teens,2021,International TV Shows
s1168,Movie,TV-14,Teens,2021,Dramas
s1168,Movie,TV-14,Teens,2021,International Movies
s1168,Movie,TV-14,Teens,2021,Romantic Movies
s1169,TV Show,TV-MA,Adults,2021,Anime Series
s1170,TV Show,TV-Y7,Kids,2021,Kids' TV
s1171,Movie,TV-Y7,Kids,2021,Children & Family Movies
s1171,Movie,TV-Y7,Kids,2021,Comedies
s1172,Movie,TV-14,Teens,2021,Documentaries
s1173,Movie,TV-MA,Adults,2021,Stand-Up Comedy
s1174,TV Show,TV-14,Teens,2021,International TV Shows
s1174,TV Show,TV-14,Teens,2021,Korean TV Shows
s1174,TV Show,TV-14,Teens,2021,Stand-Up Comedy & Talk Shows
s1175,TV Show,TV-14,Teens,2021,International TV Shows
s1175,TV Show,TV-14,Teens,2021,TV Dramas
s1176,Movie,PG-13,Adults,2021,Dramas
s1176,Movie,PG-13,Adults,2021,Independent Movies
s1176,Movie,PG-13,Adults,2021,International Movies
s1177,Movie,TV-MA,Adults,2021,Dramas
s1177,Movie,TV-MA,Adults,2021,International Movies
s1178,Movie,TV-MA,Adults,2021,Horror Movies
s1178,Movie,TV-MA,Adults,2021,International Movies
s1179,Movie,R,Adults,2021,Action & Adventure
s1180,TV Show,TV-Y7,Kids,2021,Kids' TV
s1181,TV Show,TV-Y7,Kids,2021,Kids' TV
s1181,TV Show,TV-Y7,Kids,2021,TV Comedies
s1182,TV Show,TV-PG,Teens,2021,TV Comedies
s1183,TV Show,TV-MA,Adults,2021,Docuseries
s1184,Movie,TV-G,Kids,2021,International Movies
s1184,Movie,TV-G,Kids,2021,Music & Musicals
s1185,Movie,TV-14,Teens,2021,Action & Adventure
s1185,Movie,TV-14,Teens,2021,International Movies
s1186,Movie,TV-MA,Adults,2021,Comedies
s1186,Movie,TV-MA,Adults,2021,International Movies
s1186,Movie,TV-MA,Adults,2021,Romantic Movies
s1187,TV Show,TV-MA,Adults,2021,Anime Series
s1187,TV Show,TV-MA,Adults,2021,Crime TV Shows
s1187,TV Show,TV-MA,Adults,2021,International TV Shows
s1188,Movie,R,Adults,2021,Thrillers
s1189,Movie,TV-14,Teens,2021,Action & Adventure
s1189,Movie,TV-14,Teens,2021,Comedies
s1189,Movie,TV-14,Teens,2021,International Movies
s1190,Movie,TV-G,Kids,2021,Stand-Up Comedy
s1191,Movie,R,Adults,2021,Action & Adventure
s1192,Movie,PG-13,Adults,2021,Stand-Up Comedy
s1193,Movie,TV-MA,Adults,2021,Dramas
s1193,Movie,TV-MA,Adults,2021,International Movies
s1194,Movie,TV-PG,Teens,2021,Documentaries
s1194,Movie,TV-PG,Teens,2021,International Movies
s1194,Movie,TV-PG,Teens,2021,Music & Musicals
s1195,Movie,TV-14,Teens,2021,Dramas
s1195,Movie,TV-14,Teens,2021,International Movies
s1195,Movie,TV-14,Teens,2021,Thrillers
s1196,Movie,R,Adults,2021,Documentaries
s1197,TV Show,TV-14,Teens,2021,Crime TV Shows
s1197,TV Show,TV-14,Teens,2021,Docuseries
s1197,TV Show,TV-14,Teens,2021,International TV Shows
s1198,Movie,PG-13,Adults,2021,Dramas
s1198,Movie,PG-13,Adults,2021,Music & Musicals
s1199,Movie,TV-MA,Adults,2021,Stand-Up Comedy
s1200,Movie,R,Adults,2021,Dramas
s1200,Movie,R,Adults,2021,Thrillers
s1201,TV Show,TV-Y,Kids,2021,Kids' TV
s1202,TV Show,TV-14,Teens,2021,Crime TV Shows
s1202,TV Show,TV-14,Teens,2021,International TV Shows
s1202,TV Show,TV-14,Teens,2021,TV Comedies
s1203,Movie,TV-14,Teens,2021,Dramas
s1203,Movie,TV-14,Teens,2021,International Movies
s1203,Movie,TV-14,Teens,2021,Romantic Movies
s1204,Movie,PG,Teens,2021,Children & Family Movies
s1204,Movie,PG,Teens,2021,Dramas
s1205,Movie,TV-14,Teens,2021,Documentaries
s1206,TV Show,TV-MA,Adults,2021,Docuseries
s1206,TV Show,TV-MA,Adults,2021,Science & Nature TV
s1206,TV Show,TV-MA,Adults,2021,TV Action & Adventure
s1207,TV Show,TV-G,Kids,2021,British TV Shows
s1207,TV Show,TV-G,Kids,2021,Kids' TV
s1207,TV Show,TV-G,Kids,2021,TV Dramas
s1208,Movie,TV-14,Teens,2021,Documentaries
s1209,Movie,TV-MA,Adults,2021,Comedies
s1209,Movie,TV-MA,Adults,2021,International Movies
s1210,Movie,TV-G,Kids,2021,Comedies
s1210,Movie,TV-G,Kids,2021,Dramas
s1210,Movie,TV-G,Kids,2021,International Movies
s1211,TV Show,TV-MA,Adults,2021,International TV Shows
s1211,TV Show,TV-MA,Adults,2021,Korean TV Shows
s1211,TV Show,TV-MA,Adults,2021,Romantic TV Shows
s1212,Movie,TV-14,Teens,2021,Dramas
s1212,Movie,TV-14,Teens,2021,International Movies
s1213,Movie,TV-MA,Adults,2021,Dramas
s1213,Movie,TV-MA,Adults,2021,International Movies
s1214,TV Show,TV-MA,Adults,2021,TV Comedies
s1215,Movie,TV-MA,Adults,2021,Dramas
s1215,Movie,TV-MA,Adults,2021,International Movies
s1215,Movie,TV-MA,Adults,2021,Music & Musicals
s1216,Movie,TV-MA,Adults,2021,Comedies
s1216,Movie,TV-MA,Adults,2021,International Movies
s1216,Movie,TV-MA,Adults,2021,Romantic Movies
s1217,Movie,TV-MA,Adults,2021,Comedies
s1217,Movie,TV-MA,Adults,2021,International Movies
s1217,Movie,TV-MA,Adults,2021,Romantic Movies
s1218,TV Show,TV-MA,Adults,2021,British TV Shows
s1218,TV Show,TV-MA,Adults,2021,Crime TV Shows
s1218,TV Show,TV-MA,Adults,2021,International TV Shows
s1219,Movie,PG,Teens,2021,Children & Family Movies
s1219,Movie,PG,Teens,2021,Comedies
s1220,Movie,TV-PG,Teens,2021,Comedies
s1220,Movie,TV-PG,Teens,2021,Dramas
s1220,Movie,TV-PG,Teens,2021,Independent Movies
s1221,Movie,TV-MA,Adults,2021,Dramas
s1221,Movie,TV-MA,Adults,2021,Independent Movies
s1221,Movie,TV-MA,Adults,2021,International Movies
s1222,Movie,TV-14,Teens,2021,Dramas
s1222,Movie,TV-14,Teens,2021,International Movies
s1223,Movie,TV-MA,Adults,2021,Horror Movies
s1223,Movie,TV-MA,Adults,2021,Independent Movies
s1224,TV Show,TV-MA,Adults,2021,Crime TV Shows
s1224,TV Show,TV-MA,Adults,2021,International TV Shows
s1224,TV Show,TV-MA,Adults,2021,TV Action & Adventure
s1225,TV Show,TV-MA,Adults,2021,Docuseries
s1226,TV Show,TV-G,Kids,2021,Reality TV
s1226,TV Show,TV-G,Kids,2021,Romantic TV Shows
s1227,TV Show,TV-14,Teens,2021,Docuseries
s1227,TV Show,TV-14,Teens,2021,International TV Shows
s1228,TV Show,TV-MA,Adults,2021,International TV Shows
s1228,TV Show,TV-MA,Adults,2021,TV Dramas
s1229,Movie,PG-13,Adults,2021,Dramas
s1229,Movie,PG-13,Adults,2021,Independent Movies
s1229,Movie,PG-13,Adults,2021,International Movies
s1230,TV Show,TV-14,Teens,2021,International TV Shows
s1230,TV Show,TV-14,Teens,2021,TV Dramas
s1231,Movie,TV-14,Teens,2021,Comedies
s1231,Movie,TV-14,Teens,2021,Dramas
s1231,Movie,TV-14,Teens,2021,Independent Movies
s1232,TV Show,TV-Y7,Kids,2021,Kids' TV
s1233,Movie,TV-MA,Adults,2021,Comedies
s1233,Movie,TV-MA,Adults,2021,Dramas
s1233,Movie,TV-MA,Adults,2021,International Movies
s1234,Movie,TV-14,Teens,2021,Comedies
s1234,Movie,TV-14,Teens,2021,International Movies
s1235,TV Show,TV-MA,Adults,2021,Docuseries
s1235,TV Show,TV-MA,Adults,2021,International TV Shows
s1235,TV Show,TV-MA,Adults,2021,Spanish-Language TV Shows
s1236,TV Show,TV-Y7,Kids,2021,Anime Series
s1236,TV Show,TV-Y7,Kids,2021,Kids' TV
s1236,TV Show,TV-Y7,Kids,2021,TV Action & Adventure
s1237,Movie,TV-MA,Adults,2021,Action & Adventure
s1237,Movie,TV-MA,Adults,2021,Dramas
s1237,Movie,TV-MA,Adults,2021,International Movies
s1238,Movie,TV-14,Teens,2021,Comedies
s1238,Movie,TV-14,Teens,2021,International Movies
s1238,Movie,TV-14,Teens,2021,Romantic Movies
s1239,TV Show,TV-14,Teens,2021,Anime Series
s1240,Movie,R,Adults,2021,Action & Adventure
s1241,Movie,PG-13,Adults,2021,Dramas
s1241,Movie,PG-13,Adults,2021,Romantic Movies
s1242,Movie,PG-13,Adults,2021,Comedies
s1242,Movie,PG-13,Adults,2021,Dramas
s1242,Movie,PG-13,Adults,2021,Music & Musicals
s1243,TV Show,TV-14,Teens,2021,Crime TV Shows
s1243,TV Show,TV-14,Teens,2021,Docuseries
s1244,Movie,PG-13,Adults,2021,Dramas
s1245,Movie,TV-14,Teens,2021,Action & Adventure
s1245,Movie,TV-14,Teens,2021,Comedies
s1245,Movie,TV-14,Teens,2021,International Movies
s1246,TV Show,TV-Y,Kids,2021,Kids' TV
s1247,TV Show,TV-MA,Adults,2021,Classic & Cult TV
s1247,TV Show,TV-MA,Adults,2021,Crime TV Shows
s1247,TV Show,TV-MA,Adults,2021,International TV Shows
s1248,Movie,TV-PG,Teens,2021,Action & Adventure
s1248,Movie,TV-PG,Teens,2021,Dramas
s1248,Movie,TV-PG,Teens,2021,International Movies
s1249,Movie,R,Adults,2021,Documentaries
s1249,Movie,R,Adults,2021,Music & Musicals
s1250,Movie,TV-MA,Adults,2021,Stand-Up Comedy
s1251,Movie,TV-G,Kids,2021,Documentaries
s1251,Movie,TV-G,Kids,2021,International Movies
s1251,Movie,TV-G,Kids,2021,Music & Musicals
s1252,Movie,PG-13,Adults,2021,Action & Adventure
s1252,Movie,PG-13,Adults,2021,Classic Movies
s1252,Movie,PG-13,Adults,2021,Dramas
s1253,Movie,TV-14,Teens,2021,Comedies
s1253,Movie,TV-14,Teens,2021,International Movies
s1254,Movie,TV-Y,Kids,2021,Children & Family Movies
s1254,Movie,TV-Y,Kids,2021,Comedies
s1255,Movie,R,Adults,2021,Classic Movies
s1255,Movie,R,Adults,2021,Dramas
s1256,Movie,TV-14,Teens,2021,Action & Adventure
s1256,Movie,TV-14,Teens,2021,Dramas
s1256,Movie,TV-14,Teens,2021,International Movies
s1257,Movie,R,Adults,2021,Comedies
s1257,Movie,R,Adults,2021,Cult Movies
s1257,Movie,R,Adults,2021,Music & Musicals
s1258,TV Show,TV-14,Teens,2021,Anime Series
s1258,TV Show,TV-14,Teens,2021,International TV Shows
s1259,Movie,TV-Y7,Kids,2021,Children & Family Movies
s1259,Movie,TV-Y7,Kids,2021,Comedies
s1260,Movie,R,Adults,2021,Comedies
s1260,Movie,R,Adults,2021,Dramas
s1260,Movie,R,Adults,2021,Independent Movies
s1261,Movie,TV-MA,Adults,2021,Comedies
s1261,Movie,TV-MA,Adults,2021,International Movies
s1261,Movie,TV-MA,Adults,2021,Romantic Movies
s1262,Movie,TV-MA,Adults,2021,Dramas
s1262,Movie,TV-MA,Adults,2021,Independent Movies
s1262,Movie,TV-MA,Adults,2021,International Movies
s1263,Movie,TV-MA,Adults,2021,Comedies
s1263,Movie,TV-MA,Adults,2021,Dramas
s1264,Movie,R,Adults,2021,Action & Adventure
s1265,Movie,R,Adults,2021,Comedies
s1265,Movie,R,Adults,2021,Dramas
s1265,Movie,R,Adults,2021,Independent Movies
s1266,Movie,TV-MA,Adults,2021,International Movies
s1266,Movie,TV-MA,Adults,2021,Thrillers
s1267,Movie,TV-MA,Adults,2021,Dramas
s1267,Movie,TV-MA,Adults,2021,Independent Movies
s1267,Movie,TV-MA,Adults,2021,International Movies
s1268,Movie,TV-MA,Adults,2021,International Movies
s1268,Movie,TV-MA,Adults,2021,Thrillers
s1269,TV Show,TV-MA,Adults,2021,Crime TV Shows
s1269,TV Show,TV-MA,Adults,2021,International TV Shows
s1269,TV Show,TV-MA,Adults,2021,Spanish-Language TV Shows
s1270,Movie,TV-PG,Teens,2021,Dramas
s1270,Movie,TV-PG,Teens,2021,International Movies
s1270,Movie,TV-PG,Teens,2021,Romantic Movies
s1271,TV Show,TV-MA,Adults,2021,International TV Shows
s1271,TV Show,TV-MA,Adults,2021,Spanish-Language TV Shows
s1271,TV Show,TV-MA,Adults,2021,TV Dramas
s1272,TV Show,TV-MA,Adults,2021,International TV Shows
s1272,TV Show,TV-MA,Adults,2021,Spanish-Language TV Shows
s1272,TV Show,TV-MA,Adults,2021,TV Dramas
s1273,TV Show,TV-MA,Adults,2021,Docuseries
s1273,TV Show,TV-MA,Adults,2021,International TV Shows
s1274,Movie,TV-14,Teens,2021,International Movies
s1274,Movie,TV-14,Teens,2021,Thrillers
s1275,TV Show,TV-PG,Teens,2021,Reality TV
s1276,TV Show,TV-14,Teens,2021,Romantic TV Shows
s1276,TV Show,TV-14,Teens,2021,TV Comedies
s1276,TV Show,TV-14,Teens,2021,TV Dramas
s1277,Movie,TV-MA,Adults,2021,Dramas
s1277,Movie,TV-MA,Adults,2021,International Movies
s1278,TV Show,TV-14,Teens,2021,TV Horror
s1278,TV Show,TV-14,Teens,2021,Teen TV Shows
s1279,Movie,TV-G,Kids,2021,Stand-Up Comedy
s1280,Movie,TV-14,Teens,2021,Documentaries
s1280,Movie,TV-14,Teens,2021,International Movies
s1281,Movie,TV-14,Teens,2021,Documentaries
s1281,Movie,TV-14,Teens,2021,International Movies
s1281,Movie,TV-14,Teens,2021,Sports Movies
s1282,Movie,TV-14,Teens,2021,Dramas
s1282,Movie,TV-14,Teens,2021,International Movies
s1283,TV Show,TV-MA,Adults,2021,International TV Shows
s1283,TV Show,TV-MA,Adults,2021,TV Dramas
s1284,Movie,R,Adults,2021,Horror Movies
s1284,Movie,R,Adults,2021,Thrillers
s1285,Movie,R,Adults,2021,Horror Movies
s1286,TV Show,TV-14,Teens,2021,International TV Shows
s1286,TV Show,TV-14,Teens,2021,TV Comedies
s1286,TV Show,TV-14,Teens,2021,TV Dramas
s1287,Movie,TV-MA,Adults,2021,Comedies
s1287,Movie,TV-MA,Adults,2021,Dramas
s1287,Movie,TV-MA,Adults,2021,Independent Movies
s1288,Movie,TV-14,Teens,2021,Comedies
s1288,Movie,TV-14,Teens,2021,Dramas
s1289,Movie,PG-13,Adults,2021,Dramas
s1289,Movie,PG-13,Adults,2021,Thrillers
s1290,Movie,TV-G,Kids,2021,Documentaries
s1290,Movie,TV-G,Kids,2021,International Movies
s1290,Movie,TV-G,Kids,2021,Music & Musicals
s1291,Movie,R,Adults,2021,Comedies
s1291,Movie,R,Adults,2021,LGBTQ Movies
s1291,Movie,R,Adults,2021,Thrillers
s1292,Movie,TV-14,Teens,2021,Dramas
s1292,Movie,TV-14,Teens,2021,Independent Movies
s1292,Movie,TV-14,Teens,2021,International Movies
s1293,Movie,TV-PG,Teens,2021,Documentaries
s1293,Movie,TV-PG,Teens,2021,International Movies
s1294,TV Show,TV-MA,Adults,2021,International TV Shows
s1294,TV Show,TV-MA,Adults,2021,TV Dramas
s1295,TV Show,TV-MA,Adults,2021,International TV Shows
s1295,TV Show,TV-MA,Adults,2021,TV Action & Adventure
s1295,TV Show,TV-MA,Adults,2021,TV Dramas
s1296,Movie,TV-MA,Adults,2021,Comedies
s1296,Movie,TV-MA,Adults,2021,Dramas
s1296,Movie,TV-MA,Adults,2021,Independent Movies
s1297,TV Show,TV-14,Teens,2021,International TV Shows
s1297,TV Show,TV-14,Teens,2021,Romantic TV Shows
s1297,TV Show,TV-14,Teens,2021,TV Comedies
s1298,Movie,TV-14,Teens,2021,Horror Movies
s1299,TV Show,TV-14,Teens,2021,International TV Shows
s1299,TV Show,TV-14,Teens,2021,TV Action & Adventure
s1299,TV Show,TV-14,Teens,2021,TV Dramas
s1300,TV Show,TV-MA,Adults,2021,Anime Series
s1300,TV Show,TV-MA,Adults,2021,International TV Shows
s1301,TV Show,TV-MA,Adults,2021,Docuseries
s1302,TV Show,TV-MA,Adults,2021,British TV Shows
s1302,TV Show,TV-MA,Adults,2021,International TV Shows
s1302,TV Show,TV-MA,Adults,2021,TV Dramas
s1303,TV Show,TV-14,Teens,2021,Docuseries
s1303,TV Show,TV-14,Teens,2021,Reality TV
s1303,TV Show,TV-14,Teens,2021,Science & Nature TV
s1304,Movie,TV-PG,Teens,2021,Documentaries
s1305,Movie,TV-PG,Teens,2021,Children & Family Movies
s1306,Movie,TV-14,Teens,2021,Action & Adventure
s1306,Movie,TV-14,Teens,2021,Comedies
s1306,Movie,TV-14,Teens,2021,Dramas
s1307,TV Show,TV-MA,Adults,2021,Crime TV Shows
s1307,TV Show,TV-MA,Adults,2021,TV Comedies
s1307,TV Show,TV-MA,Adults,2021,TV Dramas
s1308,Movie,PG,Teens,2021,Children & Family Movies
s1308,Movie,PG,Teens,2021,Comedies
s1308,Movie,PG,Teens,2021,Dramas
s1309,TV Show,TV-Y7,Kids,2021,Kids' TV
s1309,TV Show,TV-Y7,Kids,2021,TV Comedies
s1310,Movie,TV-14,Teens,2021,Thrillers
s1311,TV Show,TV-14,Teens,2021,TV Comedies
s1312,Movie,TV-14,Teens,2021,Comedies
s1312,Movie,TV-14,Teens,2021,Dramas
s1312,Movie,TV-14,Teens,2021,International Movies
s1313,Movie,TV-MA,Adults,2021,Dramas
s1313,Movie,TV-MA,Adults,2021,Independent Movies
s1313,Movie,TV-MA,Adults,2021,LGBTQ Movies
s1314,TV Show,TV-14,Teens,2021,Reality TV
s1315,TV Show,TV-MA,Adults,2021,TV Comedies
s1316,Movie,TV-MA,Adults,2021,Stand-Up Comedy
s1317,Movie,TV-MA,Adults,2021,Dramas
s1317,Movie,TV-MA,Adults,2021,International Movies
s1317,Movie,TV-MA,Adults,2021,Romantic Movies
s1318,TV Show,TV-G,Kids,2021,British TV Shows
s1318,TV Show,TV-G,Kids,2021,International TV Shows
s1318,TV Show,TV-G,Kids,2021,Reality TV
s1319,Movie,TV-14,Teens,2021,Comedies
s1319,Movie,TV-14,Teens,2021,Romantic Movies
s1320,Movie,TV-Y7,Kids,2021,Children & Family Movies
s1321,TV Show,TV-MA,Adults,2021,Crime TV Shows
s1321,TV Show,TV-MA,Adults,2021,International TV Shows
s1321,TV Show,TV-MA,Adults,2021,TV Dramas
s1322,TV Show,TV-MA,Adults,2021,Crime TV Shows
s1322,TV Show,TV-MA,Adults,2021,Spanish-Language TV Shows
s1322,TV Show,TV-MA,Adults,2021,TV Action & Adventure
s1323,Movie,TV-14,Teens,2021,Comedies
s1323,Movie,TV-14,Teens,2021,Dramas
s1323,Movie,TV-14,Teens,2021,International Movies
s1324,Movie,TV-14,Teens,2021,Dramas
s1324,Movie,TV-14,Teens,2021,International Movies
s1324,Movie,TV-14,Teens,2021,Romantic Movies
s1325,Movie,R,Adults,2021,Dramas
s1325,Movie,R,Adults,2021,Independent Movies
s1325,Movie,R,Adults,2021,Romantic Movies
s1326,Movie,TV-MA,Adults,2021,International Movies
s1326,Movie,TV-MA,Adults,2021,Thrillers
s1327,Movie,TV-14,Teens,2021,Comedies
s1327,Movie,TV-14,Teens,2021,International Movies
s1327,Movie,TV-14,Teens,2021,Romantic Movies
s1328,Movie,TV-MA,Adults,2021,Documentaries
s1328,Movie,TV-MA,Adults,2021,Music & Musicals
s1329,TV Show,TV-MA,Adults,2021,Crime TV Shows
s1329,TV Show,TV-MA,Adults,2021,Docuseries
s1330,Movie,TV-MA,Adults,2021,Comedies
s1330,Movie,TV-MA,Adults,2021,International Movies
s1331,Movie,PG,Teens,2021,Dramas
s1331,Movie,PG,Teens,2021,Romantic Movies
s1332,TV Show,TV-MA,Adults,2021,TV Shows
s1333,TV Show,TV-G,Kids,2021,Kids' TV
s1333,TV Show,TV-G,Kids,2021,TV Comedies
s1334,Movie,R,Adults,2021,Comedies
s1334,Movie,R,Adults,2021,Dramas
s1335,Movie,TV-14,Teens,2021,Action & Adventure
s1335,Movie,TV-14,Teens,2021,International Movies
s1336,TV Show,TV-MA,Adults,2021,Crime TV Shows
s1336,TV Show,TV-MA,Adults,2021,TV Dramas
s1336,TV Show,TV-MA,Adults,2021,TV Mysteries
s1337,Movie,TV-MA,Adults,2021,Stand-Up Comedy
s1338,Movie,TV-PG,Teens,2021,Dramas
s1338,Movie,TV-PG,Teens,2021,Independent Movies
s1338,Movie,TV-PG,Teens,2021,International Movies
s1339,TV Show,TV-MA,Adults,2021,Crime TV Shows
s1339,TV Show,TV-MA,Adults,2021,International TV Shows
s1339,TV Show,TV-MA,Adults,2021,Spanish-Language TV Shows
s1340,TV Show,TV-MA,Adults,2021,Crime TV Shows
s1340,TV Show,TV-MA,Adults,2021,International TV Shows
s1340,TV Show,TV-MA,Adults,2021,TV Dramas
s1341,Movie,TV-14,Teens,2021,Dramas
s1341,Movie,TV-14,Teens,2021,International Movies
s1342,Movie,R,Adults,2021,Dramas
s1342,Movie,R,Adults,2021,Independent Movies
s1343,Movie,TV-MA,Adults,2021,Action & Adventure
s1343,Movie,TV-MA,Adults,2021,Dramas
s1343,Movie,TV-MA,Adults,2021,International Movies
s1344,Movie,R,Adults,2021,Documentaries
s1345,Movie,TV-MA,Adults,2021,Dramas
s1345,Movie,TV-MA,Adults,2021,International Movies
s1345,Movie,TV-MA,Adults,2021,Romantic Movies
s1346,Movie,TV-14,Teens,2021,Action & Adventure
s1346,Movie,TV-14,Teens,2021,International Movies
s1347,Movie,TV-MA,Adults,2021,Comedies
s1347,Movie,TV-MA,Adults,2021,Dramas
s1347,Movie,TV-MA,Adults,2021,International Movies
s1348,Movie,TV-MA,Adults,2021,Action & Adventure
s1348,Movie,TV-MA,Adults,2021,International Movies
s1349,TV Show,TV-MA,Adults,2021,Romantic TV Shows
s1349,TV Show,TV-MA,Adults,2021,TV Dramas
s1350,TV Show,TV-MA,Adults,2021,Crime TV Shows
s1350,TV Show,TV-MA,Adults,2021,International TV Shows
s1350,TV Show,TV-MA,Adults,2021,Spanish-Language TV Shows
s1351,TV Show,TV-Y7,Kids,2021,Kids' TV
s1352,Movie,TV-PG,Teens,2021,Dramas
s1352,Movie,TV-PG,Teens,2021,Faith & Spirituality
s1352,Movie,TV-PG,Teens,2021,International Movies
s1353,TV Show,TV-MA,Adults,2021,Stand-Up Comedy & Talk Shows
s1353,TV Show,TV-MA,Adults,2021,TV Comedies
s1354,Movie,PG-13,Adults,2021,Action & Adventure
s1354,Movie,PG-13,Adults,2021,Comedies
s1355,TV Show,TV-14,Teens,2021,TV Dramas
s1356,TV Show,TV-14,Teens,2021,Romantic TV Shows
s1356,TV Show,TV-14,Teens,2021,Teen TV Shows
s1357,TV Show,TV-14,Teens,2021,TV Comedies
s1357,TV Show,TV-14,Teens,2021,Teen TV Shows
s1358,Movie,TV-MA,Adults,2021,Dramas
s1359,Movie,R,Adults,2021,Thrillers
s1360,Movie,R,Adults,2021,Dramas
s1360,Movie,R,Adults,2021,International Movies
s1360,Movie,R,Adults,2021,Thrillers
s1361,TV Show,TV-MA,Adults,2021,International TV Shows
s1361,TV Show,TV-MA,Adults,2021,Romantic TV Shows
s1361,TV Show,TV-MA,Adults,2021,TV Comedies
s1362,TV Show,TV-14,Teens,2021,TV Horror
s1362,TV Show,TV-14,Teens,2021,Teen TV Shows
s1363,TV Show,TV-PG,Teens,2021,Kids' TV
s1363,TV Show,TV-PG,Teens,2021,TV Comedies
s1364,TV Show,TV-14,Teens,2021,Romantic TV Shows
s1364,TV Show,TV-14,Teens,2021,TV Dramas
s1364,TV Show,TV-14,Teens,2021,Teen TV Shows
s1365,Movie,PG,Teens,2021,Children & Family Movies
s1365,Movie,PG,Teens,2021,Sci-Fi & Fantasy
s1366,TV Show,TV-Y7,Kids,2021,Kids' TV
s1366,TV Show,TV-Y7,Kids,2021,TV Comedies
s1367,Movie,PG-13,Adults,2021,Dramas
s1367,Movie,PG-13,Adults,2021,Faith & Spirituality
s1368,Movie,R,Adults,2021,Horror Movies
s1369,Movie,TV-MA,Adults,2021,Action & Adventure
s1369,Movie,TV-MA,Adults,2021,International Movies
s1370,Movie,PG,Teens,2021,Children & Family Movies
s1370,Movie,PG,Teens,2021,Comedies
s1371,Movie,PG-13,Adults,2021,Dramas
s1371,Movie,PG-13,Adults,2021,International Movies
s1372,TV Show,TV-14,Teens,2021,Docuseries
s1373,Movie,TV-PG,Teens,2021,Children & Family Movies
s1373,Movie,TV-PG,Teens,2021,Dramas
s1373,Movie,TV-PG,Teens,2021,International Movies
s1374,TV Show,TV-MA,Adults,2021,International TV Shows
s1374,TV Show,TV-MA,Adults,2021,TV Dramas
s1374,TV Show,TV-MA,Adults,2021,TV Thrillers
s1375,Movie,TV-14,Teens,2021,Documentaries
s1375,Movie,TV-14,Teens,2021,International Movies
s1375,Movie,TV-14,Teens,2021,Sports Movies
s1376,TV Show,TV-MA,Adults,2021,TV Comedies
s1376,TV Show,TV-MA,Adults,2021,TV Dramas
s1377,Movie,TV-MA,Adults,2021,Comedies
s1377,Movie,TV-MA,Adults,2021,Dramas
s1377,Movie,TV-MA,Adults,2021,Independent Movies
s1378,TV Show,TV-MA,Adults,2021,Romantic TV Shows
s1378,TV Show,TV-MA,Adults,2021,TV Action & Adventure
s1378,TV Show,TV-MA,Adults,2021,TV Dramas
s1379,Movie,TV-14,Teens,2021,Children & Family Movies
s1379,Movie,TV-14,Teens,2021,Dramas
s1380,Movie,TV-14,Teens,2021,Dramas
s1380,Movie,TV-14,Teens,2021,International Movies
s1381,TV Show,TV-Y,Kids,2021,Kids' TV
s1382,Movie,TV-14,Teens,2021,Comedies
s1382,Movie,TV-14,Teens,2021,International Movies
s1382,Movie,TV-14,Teens,2021,Romantic Movies
s1383,Movie,TV-PG,Teens,2021,Dramas
s1383,Movie,TV-PG,Teens,2021,International Movies
s1383,Movie,TV-PG,Teens,2021,Romantic Movies
s1384,TV Show,TV-14,Teens,2021,International TV Shows
s1384,TV Show,TV-14,Teens,2021,Reality TV
s1385,TV Show,TV-14,Teens,2021,Crime TV Shows
s1385,TV Show,TV-14,Teens,2021,International TV Shows
s1385,TV Show,TV-14,Teens,2021,Korean TV Shows
s1386,TV Show,TV-14,Teens,2021,Anime Series
s1386,TV Show,TV-14,Teens,2021,International TV Shows
s1387,Movie,TV-MA,Adults,2021,Comedies
s1387,Movie,TV-MA,Adults,2021,International Movies
s1387,Movie,TV-MA,Adults,2021,LGBTQ Movies
s1388,Movie,PG-13,Adults,2021,Dramas
s1388,Movie,PG-13,Adults,2021,Thrillers
s1389,Movie,R,Adults,2021,Dramas
s1390,Movie,R,Adults,2021,Comedies
s1391,Movie,R,Adults,2021,Dramas
s1392,Movie,R,Adults,2021,Dramas
s1393,TV Show,TV-MA,Adults,2021,International TV Shows
s1393,TV Show,TV-MA,Adults,2021,Spanish-Language TV Shows
s1393,TV Show,TV-MA,Adults,2021,TV Comedies
s1394,Movie,TV-14,Teens,2021,Thrillers
s1395,TV Show,TV-MA,Adults,2021,Docuseries
s1395,TV Show,TV-MA,Adults,2021,Science & Nature TV
s1396,TV Show,TV-Y,Kids,2021,Kids' TV
s1397,Movie,R,Adults,2021,Action & Adventure
s1398,Movie,PG-13,Adults,2021,Dramas
s1398,Movie,PG-13,Adults,2021,Sci-Fi & Fantasy
s1399,Movie,R,Adults,2021,Horror Movies
s1400,Movie,TV-14,Teens,2021,Dramas
s1400,Movie,TV-14,Teens,2021,Independent Movies
s1401,TV Show,TV-MA,Adults,2021,Reality TV
s1402,TV Show,TV-Y7,Kids,2021,Kids' TV
s1402,TV Show,TV-Y7,Kids,2021,TV Thrillers
s1403,TV Show,TV-14,Teens,2021,TV Action & Adventure
s1403,TV Show,TV-14,Teens,2021,TV Comedies
s1403,TV Show,TV-14,Teens,2021,TV Sci-Fi & Fantasy
s1404,Movie,TV-G,Kids,2021,Children & Family Movies
s1404,Movie,TV-G,Kids,2021,Comedies
s1404,Movie,TV-G,Kids,2021,Dramas
s1405,TV Show,TV-G,Kids,2021,Kids' TV
s1405,TV Show,TV-G,Kids,2021,TV Comedies
s1406,Movie,R,Adults,2021,Action & Adventure
s1407,Movie,PG,Teens,2021,Children & Family Movies
s1407,Movie,PG,Teens,2021,Comedies
s1408,Movie,TV-Y,Kids,2021,Children & Family Movies
s1409,TV Show,TV-MA,Adults,2021,TV Dramas
s1409,TV Show,TV-MA,Adults,2021,TV Sci-Fi & Fantasy
s1410,Movie,R,Adults,2021,Thrillers
s1411,Movie,TV-MA,Adults,2021,Dramas
s1411,Movie,TV-MA,Adults,2021,International Movies
s1412,Movie,TV-14,Teens,2021,Documentaries
s1413,Movie,TV-PG,Teens,2021,Dramas
s1413,Movie,TV-PG,Teens,2021,International Movies
s1413,Movie,TV-PG,Teens,2021,LGBTQ Movies
s1414,Movie,TV-MA,Adults,2021,Dramas
s1414,Movie,TV-MA,Adults,2021,International Movies
s1415,Movie,TV-14,Teens,2021,Comedies
s1415,Movie,TV-14,Teens,2021,Dramas
s1415,Movie,TV-14,Teens,2021,International Movies
s1416,Movie,R,Adults,2021,Dramas
s1416,Movie,R,Adults,2021,Thrillers
s1417,TV Show,TV-MA,Adults,2021,Crime TV Shows
s1417,TV Show,TV-MA,Adults,2021,Docuseries
s1418,Movie,TV-MA,Adults,2021,International Movies
s1418,Movie,TV-MA,Adults,2021,Thrillers
s1419,Movie,TV-MA,Adults,2021,Stand-Up Comedy
s1420,TV Show,TV-MA,Adults,2021,British TV Shows
s1420,TV Show,TV-MA,Adults,2021,Romantic TV Shows
s1420,TV Show,TV-MA,Adults,2021,TV Dramas
s1421,Movie,TV-MA,Adults,2021,Documentaries
s1422,Movie,R,Adults,2021,Comedies
s1422,Movie,R,Adults,2021,Dramas
s1422,Movie,R,Adults,2021,International Movies
s1423,Movie,TV-14,Teens,2021,Dramas
s1423,Movie,TV-14,Teens,2021,International Movies
s1424,Movie,TV-14,Teens,2021,Comedies
s1424,Movie,TV-14,Teens,2021,International Movies
s1424,Movie,TV-14,Teens,2021,Romantic Movies
s1425,Movie,TV-Y7,Kids,2021,Children & Family Movies
s1425,Movie,TV-Y7,Kids,2021,Comedies
s1426,Movie,TV-14,Teens,2021,Documentaries
s1427,Movie,TV-MA,Adults,2021,Dramas
s1427,Movie,TV-MA,Adults,2021,International Movies
s1428,TV Show,TV-MA,Adults,2021,British TV Shows
s1428,TV Show,TV-MA,Adults,2021,Crime TV Shows
s1428,TV Show,TV-MA,Adults,2021,Docuseries
s1429,Movie,TV-MA,Adults,2021,Dramas
s1429,Movie,TV-MA,Adults,2021,Independent Movies
s1429,Movie,TV-MA,Adults,2021,International Movies
s1430,TV Show,TV-Y,Kids,2021,Kids' TV
s1430,TV Show,TV-Y,Kids,2021,TV Comedies
s1431,TV Show,TV-14,Teens,2021,Docuseries
s1432,Movie,TV-MA,Adults,2021,Comedies
s1432,Movie,TV-MA,Adults,2021,Dramas
s1432,Movie,TV-MA,Adults,2021,International Movies
s1433,TV Show,TV-14,Teens,2021,Anime Series
s1433,TV Show,TV-14,Teens,2021,International TV Shows
s1433,TV Show,TV-14,Teens,2021,Spanish-Language TV Shows
s1434,Movie,TV-14,Teens,2021,Dramas
s1434,Movie,TV-14,Teens,2021,International Movies
s1435,Movie,PG,Teens,2021,Children & Family Movies
s1435,Movie,PG,Teens,2021,Comedies
s1436,Movie,R,Adults,2021,Dramas
s1437,Movie,TV-MA,Adults,2021,Documentaries
s1437,Movie,TV-MA,Adults,2021,International Movies
s1437,Movie,TV-MA,Adults,2021,Music & Musicals
s1438,TV Show,TV-MA,Adults,2021,Docuseries
s1438,TV Show,TV-MA,Adults,2021,Reality TV
s1439,Movie,TV-14,Teens,2021,Documentaries
s1439,Movie,TV-14,Teens,2021,International Movies
s1439,Movie,TV-14,Teens,2021,Sports Movies
s1440,TV Show,TV-MA,Adults,2021,Docuseries
s1440,TV Show,TV-MA,Adults,2021,TV Comedies
s1441,TV Show,TV-PG,Teens,2021,International TV Shows
s1441,TV Show,TV-PG,Teens,2021,Reality TV
s1441,TV Show,TV-PG,Teens,2021,Spanish-Language TV Shows
s1442,Movie,TV-14,Teens,2021,Action & Adventure
s1442,Movie,TV-14,Teens,2021,Comedies
s1442,Movie,TV-14,Teens,2021,International Movies
s1443,TV Show,TV-G,Kids,2021,Docuseries
s1443,TV Show,TV-G,Kids,2021,International TV Shows
s1444,TV Show,TV-14,Teens,2021,Docuseries
s1445,Movie,PG-13,Adults,2021,Comedies
s1445,Movie,PG-13,Adults,2021,Romantic Movies
s1445,Movie,PG-13,Adults,2021,Sports Movies
s1446,Movie,TV-14,Teens,2021,Action & Adventure
s1446,Movie,TV-14,Teens,2021,Comedies
s1446,Movie,TV-14,Teens,2021,International Movies
s1447,Movie,TV-MA,Adults,2021,Comedies
s1448,Movie,R,Adults,2021,Horror Movies
s1448,Movie,R,Adults,2021,Thrillers
s1449,TV Show,TV-14,Teens,2021,TV Action & Adventure
s1449,TV Show,TV-14,Teens,2021,TV Comedies
s1449,TV Show,TV-14,Teens,2021,TV Dramas
s1450,TV Show,TV-G,Kids,2021,Reality TV
s1451,Movie,R,Adults,2021,Stand-Up Comedy
s1452,Movie,TV-Y,Kids,2021,Children & Family Movies
s1452,Movie,TV-Y,Kids,2021,Dramas
s1452,Movie,TV-Y,Kids,2021,Sports Movies
s1453,Movie,PG-13,Adults,2021,Dramas
s1453,Movie,PG-13,Adults,2021,Independent Movies
s1454,Movie,PG,Teens,2021,Children & Family Movies
s1454,Movie,PG,Teens,2021,Comedies
s1455,Movie,PG-13,Adults,2021,Documentaries
s1456,TV Show,TV-G,Kids,2021,Docuseries
s1456,TV Show,TV-G,Kids,2021,Science & Nature TV
s1457,Movie,R,Adults,2021,Action & Adventure
s1457,Movie,R,Adults,2021,Dramas
s1457,Movie,R,Adults,2021,Independent Movies
s1458,TV Show,TV-MA,Adults,2021,Spanish-Language TV Shows
s1458,TV Show,TV-MA,Adults,2021,TV Dramas
s1459,Movie,R,Adults,2021,Action & Adventure
s1460,Movie,PG-13,Adults,2021,Comedies
s1461,TV Show,TV-MA,Adults,2021,International TV Shows
s1461,TV Show,TV-MA,Adults,2021,Spanish-Language TV Shows
s1461,TV Show,TV-MA,Adults,2021,TV Dramas
s1462,Movie,R,Adults,2021,Comedies
s1462,Movie,R,Adults,2021,Dramas
s1462,Movie,R,Adults,2021,Independent Movies
s1463,TV Show,TV-Y7,Kids,2021,Kids' TV
s1463,TV Show,TV-Y7,Kids,2021,TV Comedies
s1464,TV Show,TV-Y,Kids,2021,Kids' TV
s1465,Movie,TV-14,Teens,2021,Documentaries
s1466,TV Show,TV-G,Kids,2021,Kids' TV
s1466,TV Show,TV-G,Kids,2021,TV Comedies
s1466,TV Show,TV-G,Kids,2021,TV Sci-Fi & Fantasy
s1467,Movie,TV-14,Teens,2021,Documentaries
s1468,Movie,PG-13,Adults,2021,Action & Adventure
s1468,Movie,PG-13,Adults,2021,Thrillers
s1469,Movie,TV-MA,Adults,2021,Comedies
s1469,Movie,TV-MA,Adults,2021,International Movies
s1470,Movie,PG-13,Adults,2021,Classic Movies
s1470,Movie,PG-13,Adults,2021,Dramas
s1470,Movie,PG-13,Adults,2021,Independent Movies
s1471,Movie,TV-MA,Adults,2020,Dramas
s1471,Movie,TV-MA,Adults,2020,LGBTQ Movies
s1472,Movie,TV-MA,Adults,2020,Stand-Up Comedy
s1473,Movie,TV-14,Teens,2020,Comedies
s1473,Movie,TV-14,Teens,2020,Dramas
s1473,Movie,TV-14,Teens,2020,International Movies
s1474,TV Show,TV-14,Teens,2020,TV Horror
s1474,TV Show,TV-14,Teens,2020,TV Mysteries
s1474,TV Show,TV-14,Teens,2020,TV Sci-Fi & Fantasy
s1475,Movie,TV-PG,Teens,2020,Action & Adventure
s1475,Movie,TV-PG,Teens,2020,Dramas
s1475,Movie,TV-PG,Teens,2020,Faith & Spirituality
s1476,Movie,TV-14,Teens,2020,Comedies
s1476,Movie,TV-14,Teens,2020,Dramas
s1476,Movie,TV-14,Teens,2020,International Movies
s1477,TV Show,TV-G,Kids,2020,Reality TV
s1478,TV Show,TV-MA,Adults,2020,Crime TV Shows
s1478,TV Show,TV-MA,Adults,2020,TV Dramas
s1478,TV Show,TV-MA,Adults,2020,TV Thrillers
s1479,TV Show,TV-MA,Adults,2020,International TV Shows
s1479,TV Show,TV-MA,Adults,2020,TV Mysteries
s1479,TV Show,TV-MA,Adults,2020,TV Thrillers
s1480,TV Show,TV-MA,Adults,2020,Crime TV Shows
s1480,TV Show,TV-MA,Adults,2020,Docuseries
s1480,TV Show,TV-MA,Adults,2020,International TV Shows
s1481,TV Show,TV-14,Teens,2020,British TV Shows
s1481,TV Show,TV-14,Teens,2020,Classic & Cult TV
s1481,TV Show,TV-14,Teens,2020,International TV Shows
s1482,Movie,TV-MA,Adults,2020,Horror Movies
s1482,Movie,TV-MA,Adults,2020,International Movies
s1483,TV Show,TV-Y7,Kids,2020,Anime Series
s1484,TV Show,TV-PG,Teens,2020,International TV Shows
s1484,TV Show,TV-PG,Teens,2020,Romantic TV Shows
s1484,TV Show,TV-PG,Teens,2020,TV Comedies
s1485,Movie,PG-13,Adults,2020,Dramas
s1486,Movie,PG,Teens,2020,Children & Family Movies
s1486,Movie,PG,Teens,2020,Comedies
s1487,Movie,TV-MA,Adults,2020,Comedies
s1488,TV Show,TV-MA,Adults,2020,Crime TV Shows
s1488,TV Show,TV-MA,Adults,2020,International TV Shows
s1488,TV Show,TV-MA,Adults,2020,TV Dramas
s1489,Movie,TV-MA,Adults,2020,Dramas
s1489,Movie,TV-MA,Adults,2020,International Movies
s1490,TV Show,TV-PG,Teens,2020,Docuseries
s1490,TV Show,TV-PG,Teens,2020,International TV Shows
s1491,Movie,TV-Y,Kids,2020,Children & Family Movies
s1492,Movie,TV-MA,Adults,2020,Comedies
s1492,Movie,TV-MA,Adults,2020,Dramas
s1492,Movie,TV-MA,Adults,2020,International Movies
s1493,TV Show,TV-MA,Adults,2020,Romantic TV Shows
s1493,TV Show,TV-MA,Adults,2020,TV Dramas
s1494,Movie,TV-G,Kids,2020,International Movies
s1494,Movie,TV-G,Kids,2020,Romantic Movies
s1495,Movie,PG,Teens,2020,Children & Family Movies
s1495,Movie,PG,Teens,2020,Comedies
s1496,Movie,TV-MA,Adults,2020,Comedies
s1496,Movie,TV-MA,Adults,2020,Dramas
s1496,Movie,TV-MA,Adults,2020,International Movies
s1497,Movie,TV-G,Kids,2020,Children & Family Movies
s1497,Movie,TV-G,Kids,2020,Dramas
s1497,Movie,TV-G,Kids,2020,International Movies
s1498,Movie,TV-14,Teens,2020,Dramas
s1498,Movie,TV-14,Teens,2020,International Movies
s1498,Movie,TV-14,Teens,2020,Romantic Movies
s1499,Movie,TV-14,Teens,2020,Action & Adventure
s1499,Movie,TV-14,Teens,2020,Comedies
s1499,Movie,TV-14,Teens,2020,Independent Movies
s1500,Movie,PG-13,Adults,2020,Dramas
s1501,Movie,TV-MA,Adults,2020,Dramas
s1501,Movie,TV-MA,Adults,2020,International Movies
s1501,Movie,TV-MA,Adults,2020,LGBTQ Movies
s1502,Movie,R,Adults,2020,Dramas
s1502,Movie,R,Adults,2020,Romantic Movies
s1503,Movie,TV-MA,Adults,2020,Stand-Up Comedy
s1504,TV Show,TV-14,Teens,2020,International TV Shows
s1504,TV Show,TV-14,Teens,2020,Romantic TV Shows
s1504,TV Show,TV-14,Teens,2020,TV Comedies
s1505,Movie,TV-14,Teens,2020,Music & Musicals
s1506,TV Show,TV-Y,Kids,2020,Kids' TV
s1507,TV Show,TV-Y,Kids,2020,British TV Shows
s1507,TV Show,TV-Y,Kids,2020,Kids' TV
s1507,TV Show,TV-Y,Kids,2020,TV Comedies
s1508,Movie,TV-Y,Kids,2020,Children & Family Movies
s1508,Movie,TV-Y,Kids,2020,Comedies
s1509,TV Show,TV-Y,Kids,2020,British TV Shows
s1509,TV Show,TV-Y,Kids,2020,Kids' TV
s1510,Movie,TV-MA,Adults,2020,Documentaries
s1510,Movie,TV-MA,Adults,2020,Music & Musicals
s1511,Movie,R,Adults,2020,Comedies
s1512,Movie,TV-14,Teens,2020,Comedies
s1512,Movie,TV-14,Teens,2020,International Movies
s1513,Movie,TV-MA,Adults,2020,Stand-Up Comedy
s1514,Movie,PG-13,Adults,2020,Dramas
s1515,TV Show,TV-MA,Adults,2020,Crime TV Shows
s1515,TV Show,TV-MA,Adults,2020,International TV Shows
s1515,TV Show,TV-MA,Adults,2020,TV Dramas
s1516,Movie,R,Adults,2020,Comedies
s1517,TV Show,TV-MA,Adults,2020,International TV Shows
s1517,TV Show,TV-MA,Adults,2020,Romantic TV Shows
s1517,TV Show,TV-MA,Adults,2020,TV Comedies
s1518,Movie,R,Adults,2020,Dramas
s1518,Movie,R,Adults,2020,Music & Musicals
s1519,Movie,TV-PG,Teens,2020,Documentaries
s1519,Movie,TV-PG,Teens,2020,Music & Musicals
s1520,Movie,TV-PG,Teens,2020,Children & Family Movies
s1520,Movie,TV-PG,Teens,2020,Comedies
s1520,Movie,TV-PG,Teens,2020,Dramas
s1521,TV Show,TV-MA,Adults,2020,International TV Shows
s1521,TV Show,TV-MA,Adults,2020,TV Dramas
s1522,Movie,TV-PG,Teens,2020,Dramas
s1522,Movie,TV-PG,Teens,2020,Independent Movies
s1522,Movie,TV-PG,Teens,2020,International Movies
s1523,Movie,TV-14,Teens,2020,Dramas
s1523,Movie,TV-14,Teens,2020,International Movies
s1523,Movie,TV-14,Teens,2020,Romantic Movies
s1524,Movie,TV-14,Teens,2020,Comedies
s1524,Movie,TV-14,Teens,2020,Dramas
s1524,Movie,TV-14,Teens,2020,International Movies
s1525,Movie,R,Adults,2020,Action & Adventure
s1526,Movie,TV-14,Teens,2020,Dramas
s1526,Movie,TV-14,Teens,2020,International Movies
s1526,Movie,TV-14,Teens,2020,Romantic Movies
s1527,Movie,TV-14,Teens,2020,Comedies
s1527,Movie,TV-14,Teens,2020,International Movies
s1527,Movie,TV-14,Teens,2020,Romantic Movies
s1528,TV Show,TV-Y,Kids,2020,British TV Shows
s1528,TV Show,TV-Y,Kids,2020,Kids' TV
s1529,TV Show,TV-MA,Adults,2020,International TV Shows
s1529,TV Show,TV-MA,Adults,2020,Romantic TV Shows
s1529,TV Show,TV-MA,Adults,2020,TV Comedies
s1530,Movie,TV-14,Teens,2020,International Movies
s1530,Movie,TV-14,Teens,2020,Romantic Movies
s1531,TV Show,TV-MA,Adults,2020,Stand-Up Comedy & Talk Shows
s1531,TV Show,TV-MA,Adults,2020,TV Comedies
s1532,Movie,TV-PG,Teens,2020,Dramas
s1532,Movie,TV-PG,Teens,2020,International Movies
s1532,Movie,TV-PG,Teens,2020,Romantic Movies
s1533,TV Show,TV-MA,Adults,2020,Docuseries
s1533,TV Show,TV-MA,Adults,2020,International TV Shows
s1534,TV Show,TV-MA,Adults,2020,Docuseries
s1534,TV Show,TV-MA,Adults,2020,Spanish-Language TV Shows
s1535,Movie,TV-MA,Adults,2020,Dramas
s1535,Movie,TV-MA,Adults,2020,International Movies
s1535,Movie,TV-MA,Adults,2020,LGBTQ Movies
s1536,TV Show,TV-MA,Adults,2020,International TV Shows
s1536,TV Show,TV-MA,Adults,2020,TV Comedies
s1536,TV Show,TV-MA,Adults,2020,TV Dramas
s1537,Movie,PG-13,Adults,2020,Horror Movies
s1537,Movie,PG-13,Adults,2020,Thrillers
s1538,Movie,PG-13,Adults,2020,Dramas
s1539,TV Show,TV-14,Teens,2020,Anime Series
s1539,TV Show,TV-14,Teens,2020,International TV Shows
s1540,TV Show,TV-14,Teens,2020,Anime Series
s1540,TV Show,TV-14,Teens,2020,International TV Shows
s1541,Movie,R,Adults,2020,Dramas
s1541,Movie,R,Adults,2020,Thrillers
s1542,TV Show,TV-MA,Adults,2020,British TV Shows
s1542,TV Show,TV-MA,Adults,2020,Crime TV Shows
s1542,TV Show,TV-MA,Adults,2020,Docuseries
s1543,Movie,TV-MA,Adults,2020,Stand-Up Comedy
s1544,TV Show,TV-14,Teens,2020,Reality TV
s1545,Movie,R,Adults,2020,Dramas
s1545,Movie,R,Adults,2020,Independent Movies
s1545,Movie,R,Adults,2020,Sports Movies
s1546,TV Show,TV-Y,Kids,2020,Kids' TV
s1546,TV Show,TV-Y,Kids,2020,TV Comedies
s1547,TV Show,TV-MA,Adults,2020,Docuseries
s1548,TV Show,TV-14,Teens,2020,Reality TV
s1549,TV Show,TV-14,Teens,2020,Reality TV
s1550,Movie,TV-14,Teens,2020,Dramas
s1550,Movie,TV-14,Teens,2020,Independent Movies
s1551,Movie,PG-13,Adults,2020,Comedies
s1551,Movie,PG-13,Adults,2020,Romantic Movies
s1552,TV Show,TV-Y7,Kids,2020,Kids' TV
s1553,TV Show,TV-MA,Adults,2020,TV Dramas
s1553,TV Show,TV-MA,Adults,2020,TV Mysteries
s1553,TV Show,TV-MA,Adults,2020,TV Thrillers
s1554,Movie,TV-MA,Adults,2020,Comedies
s1555,TV Show,TV-14,Teens,2020,International TV Shows
s1555,TV Show,TV-14,Teens,2020,TV Dramas
s1555,TV Show,TV-14,Teens,2020,TV Thrillers
s1556,TV Show,TV-Y,Kids,2020,Kids' TV
s1556,TV Show,TV-Y,Kids,2020,TV Comedies
s1557,Movie,TV-Y,Kids,2020,Children & Family Movies
s1558,Movie,G,Kids,2020,Children & Family Movies
s1558,Movie,G,Kids,2020,Dramas
s1559,Movie,PG-13,Adults,2020,Documentaries
s1560,TV Show,TV-MA,Adults,2020,International TV Shows
s1560,TV Show,TV-MA,Adults,2020,Spanish-Language TV Shows
s1560,TV Show,TV-MA,Adults,2020,TV Dramas
s1561,Movie,PG-13,Adults,2020,Comedies
s1561,Movie,PG-13,Adults,2020,LGBTQ Movies
s1561,Movie,PG-13,Adults,2020,Music & Musicals
s1562,Movie,TV-MA,Adults,2020,Dramas
s1562,Movie,TV-MA,Adults,2020,International Movies
s1562,Movie,TV-MA,Adults,2020,Sports Movies
s1563,TV Show,TV-MA,Adults,2020,International TV Shows
s1563,TV Show,TV-MA,Adults,2020,TV Action & Adventure
s1563,TV Show,TV-MA,Adults,2020,TV Mysteries
s1564,Movie,TV-MA,Adults,2020,Dramas
s1564,Movie,TV-MA,Adults,2020,LGBTQ Movies
s1565,TV Show,TV-14,Teens,2020,Crime TV Shows
s1565,TV Show,TV-14,Teens,2020,International TV Shows
s1565,TV Show,TV-14,Teens,2020,TV Dramas
s1566,Movie,TV-G,Kids,2020,International Movies
s1566,Movie,TV-G,Kids,2020,Romantic Movies
s1567,Movie,TV-14,Teens,2020,Dramas
s1567,Movie,TV-14,Teens,2020,International Movies
s1567,Movie,TV-14,Teens,2020,Romantic Movies
s1568,Movie,TV-MA,Adults,2020,Comedies
s1568,Movie,TV-MA,Adults,2020,International Movies
s1568,Movie,TV-MA,Adults,2020,LGBTQ Movies
s1569,Movie,TV-MA,Adults,2020,Dramas
s1569,Movie,TV-MA,Adults,2020,Independent Movies
s1569,Movie,TV-MA,Adults,2020,International Movies
s1570,TV Show,TV-14,Teens,2020,International TV Shows
s1570,TV Show,TV-14,Teens,2020,TV Comedies
s1571,TV Show,TV-14,Teens,2020,International TV Shows
s1571,TV Show,TV-14,Teens,2020,Romantic TV Shows
s1571,TV Show,TV-14,Teens,2020,TV Dramas
s1572,Movie,TV-14,Teens,2020,Comedies
s1572,Movie,TV-14,Teens,2020,Dramas
s1572,Movie,TV-14,Teens,2020,International Movies
s1573,TV Show,TV-G,Kids,2020,Kids' TV
s1573,TV Show,TV-G,Kids,2020,TV Comedies
s1574,TV Show,TV-PG,Teens,2020,Kids' TV
s1574,TV Show,TV-PG,Teens,2020,TV Comedies
s1574,TV Show,TV-PG,Teens,2020,Teen TV Shows
s1575,TV Show,TV-14,Teens,2020,Docuseries
s1575,TV Show,TV-14,Teens,2020,Science & Nature TV
s1576,Movie,TV-PG,Teens,2020,Documentaries
s1576,Movie,TV-PG,Teens,2020,International Movies
s1577,Movie,PG,Teens,2020,Children & Family Movies
s1577,Movie,PG,Teens,2020,Comedies
s1578,Movie,TV-MA,Adults,2020,Documentaries
s1578,Movie,TV-MA,Adults,2020,International Movies
s1578,Movie,TV-MA,Adults,2020,Music & Musicals
s1579,TV Show,TV-PG,Teens,2020,International TV Shows
s1579,TV Show,TV-PG,Teens,2020,Romantic TV Shows
s1579,TV Show,TV-PG,Teens,2020,TV Dramas
s1580,TV Show,TV-14,Teens,2020,TV Comedies
s1580,TV Show,TV-14,Teens,2020,Teen TV Shows
s1581,Movie,TV-Y7,Kids,2020,Children & Family Movies
s1582,Movie,TV-Y,Kids,2020,Children & Family Movies
s1583,Movie,R,Adults,2020,Dramas
s1583,Movie,R,Adults,2020,Thrillers
s1584,TV Show,TV-14,Teens,2020,International TV Shows
s1584,TV Show,TV-14,Teens,2020,Romantic TV Shows
s1584,TV Show,TV-14,Teens,2020,TV Dramas
s1585,Movie,R,Adults,2020,Action & Adventure
s1585,Movie,R,Adults,2020,Dramas
s1586,TV Show,TV-14,Teens,2020,Crime TV Shows
s1586,TV Show,TV-14,Teens,2020,TV Dramas
s1586,TV Show,TV-14,Teens,2020,TV Mysteries
s1587,TV Show,TV-MA,Adults,2020,Crime TV Shows
s1587,TV Show,TV-MA,Adults,2020,Docuseries
s1587,TV Show,TV-MA,Adults,2020,International TV Shows
s1588,TV Show,TV-MA,Adults,2020,International TV Shows
s1588,TV Show,TV-MA,Adults,2020,TV Dramas
s1588,TV Show,TV-MA,Adults,2020,TV Horror
s1589,Movie,TV-Y,Kids,2020,Children & Family Movies
s1590,TV Show,TV-MA,Adults,2020,International TV Shows
s1590,TV Show,TV-MA,Adults,2020,Romantic TV Shows
s1590,TV Show,TV-MA,Adults,2020,TV Comedies
s1591,TV Show,TV-MA,Adults,2020,TV Comedies
s1592,Movie,TV-Y7,Kids,2020,Children & Family Movies
s1592,Movie,TV-Y7,Kids,2020,Comedies
s1593,Movie,TV-MA,Adults,2020,Comedies
s1593,Movie,TV-MA,Adults,2020,International Movies
s1593,Movie,TV-MA,Adults,2020,Thrillers
s1594,TV Show,TV-MA,Adults,2020,Crime TV Shows
s1594,TV Show,TV-MA,Adults,2020,International TV Shows
s1594,TV Show,TV-MA,Adults,2020,TV Dramas
s1595,Movie,TV-MA,Adults,2020,Comedies
s1595,Movie,TV-MA,Adults,2020,International Movies
s1596,Movie,R,Adults,2020,Dramas
s1596,Movie,R,Adults,2020,Independent Movies
s1597,TV Show,TV-MA,Adults,2020,British TV Shows
s1597,TV Show,TV-MA,Adults,2020,Reality TV
s1598,Movie,TV-PG,Teens,2020,Children & Family Movies
s1598,Movie,TV-PG,Teens,2020,Dramas
s1599,Movie,TV-14,Teens,2020,Dramas
s1599,Movie,TV-14,Teens,2020,International Movies
s1599,Movie,TV-14,Teens,2020,Romantic Movies
s1600,Movie,TV-MA,Adults,2020,Comedies
s1600,Movie,TV-MA,Adults,2020,Dramas
s1600,Movie,TV-MA,Adults,2020,International Movies
s1601,Movie,TV-Y,Kids,2020,Children & Family Movies
s1602,Movie,TV-MA,Adults,2020,Comedies
s1602,Movie,TV-MA,Adults,2020,International Movies
s1603,Movie,TV-14,Teens,2020,Comedies
s1603,Movie,TV-14,Teens,2020,Dramas
s1603,Movie,TV-14,Teens,2020,International Movies
s1604,TV Show,TV-PG,Teens,2020,British TV Shows
s1604,TV Show,TV-PG,Teens,2020,Docuseries
s1604,TV Show,TV-PG,Teens,2020,International TV Shows
s1605,Movie,TV-MA,Adults,2020,Stand-Up Comedy
s1606,TV Show,TV-14,Teens,2020,International TV Shows
s1606,TV Show,TV-14,Teens,2020,TV Comedies
s1606,TV Show,TV-14,Teens,2020,TV Dramas
s1607,Movie,TV-MA,Adults,2020,Comedies
s1607,Movie,TV-MA,Adults,2020,Dramas
s1607,Movie,TV-MA,Adults,2020,International Movies
s1608,Movie,TV-MA,Adults,2020,Stand-Up Comedy
s1609,Movie,PG-13,Adults,2020,Action & Adventure
s1610,Movie,TV-Y,Kids,2020,Children & Family Movies
s1611,Movie,PG-13,Adults,2020,Thrillers
s1612,TV Show,TV-14,Teens,2020,Reality TV
s1613,Movie,R,Adults,2020,Comedies
s1613,Movie,R,Adults,2020,Independent Movies
s1614,Movie,PG-13,Adults,2020,Dramas
s1614,Movie,PG-13,Adults,2020,International Movies
s1614,Movie,PG-13,Adults,2020,Romantic Movies
s1615,TV Show,TV-Y,Kids,2020,Kids' TV
s1616,TV Show,TV-14,Teens,2020,Reality TV
s1617,Movie,PG,Teens,2020,Children & Family Movies
s1617,Movie,PG,Teens,2020,Comedies
s1618,Movie,TV-MA,Adults,2020,Comedies
s1619,TV Show,TV-Y,Kids,2020,British TV Shows
s1619,TV Show,TV-Y,Kids,2020,Kids' TV
s1620,TV Show,TV-Y,Kids,2020,Kids' TV
s1620,TV Show,TV-Y,Kids,2020,TV Comedies
s1621,Movie,R,Adults,2020,Action & Adventure
s1622,Movie,PG-13,Adults,2020,Action & Adventure
s1623,TV Show,TV-MA,Adults,2020,Classic & Cult TV
s1623,TV Show,TV-MA,Adults,2020,TV Action & Adventure
s1623,TV Show,TV-MA,Adults,2020,TV Sci-Fi & Fantasy
s1624,TV Show,TV-14,Teens,2020,Reality TV
s1624,TV Show,TV-14,Teens,2020,Romantic TV Shows
s1625,Movie,PG-13,Adults,2020,Thrillers
s1626,TV Show,TV-14,Teens,2020,International TV Shows
s1626,TV Show,TV-14,Teens,2020,TV Horror
s1626,TV Show,TV-14,Teens,2020,TV Mysteries
s1627,Movie,R,Adults,2020,Action & Adventure
s1627,Movie,R,Adults,2020,Comedies
s1628,TV Show,TV-PG,Teens,2020,Docuseries
s1629,TV Show,TV-PG,Teens,2020,British TV Shows
s1629,TV Show,TV-PG,Teens,2020,Reality TV
s1630,Movie,TV-MA,Adults,2020,Horror Movies
s1630,Movie,TV-MA,Adults,2020,International Movies
s1631,Movie,TV-PG,Teens,2020,Dramas
s1631,Movie,TV-PG,Teens,2020,International Movies
s1632,Movie,R,Adults,2020,Thrillers
s1633,Movie,TV-Y,Kids,2020,Children & Family Movies
s1634,Movie,TV-MA,Adults,2020,Action & Adventure
s1635,TV Show,TV-14,Teens,2020,International TV Shows
s1635,TV Show,TV-14,Teens,2020,TV Action & Adventure
s1635,TV Show,TV-14,Teens,2020,TV Dramas
s1636,Movie,TV-Y,Kids,2020,Children & Family Movies
s1637,Movie,TV-PG,Teens,2020,Children & Family Movies
s1637,Movie,TV-PG,Teens,2020,Documentaries
s1638,Movie,TV-MA,Adults,2020,Horror Movies
s1638,Movie,TV-MA,Adults,2020,International Movies
s1639,TV Show,TV-MA,Adults,2020,International TV Shows
s1639,TV Show,TV-MA,Adults,2020,Reality TV
s1640,TV Show,TV-14,Teens,2020,International TV Shows
s1640,TV Show,TV-14,Teens,2020,TV Dramas
s1640,TV Show,TV-14,Teens,2020,Teen TV Shows
s1641,TV Show,TV-MA,Adults,2020,International TV Shows
s1641,TV Show,TV-MA,Adults,2020,Romantic TV Shows
s1641,TV Show,TV-MA,Adults,2020,TV Comedies
s1642,TV Show,TV-14,Teens,2020,Reality TV
s1643,Movie,TV-MA,Adults,2020,Action & Adventure
s1643,Movie,TV-MA,Adults,2020,International Movies
s1644,Movie,TV-MA,Adults,2020,International Movies
s1644,Movie,TV-MA,Adults,2020,Thrillers
s1645,Movie,TV-PG,Teens,2020,Comedies
s1645,Movie,TV-PG,Teens,2020,International Movies
s1645,Movie,TV-PG,Teens,2020,LGBTQ Movies
s1646,Movie,TV-14,Teens,2020,Stand-Up Comedy
s1647,Movie,TV-MA,Adults,2020,Action & Adventure
s1647,Movie,TV-MA,Adults,2020,Dramas
s1647,Movie,TV-MA,Adults,2020,International Movies
s1648,Movie,TV-14,Teens,2020,Comedies
s1648,Movie,TV-14,Teens,2020,International Movies
s1648,Movie,TV-14,Teens,2020,Romantic Movies
s1649,Movie,R,Adults,2020,Horror Movies
s1650,TV Show,TV-MA,Adults,2020,Anime Series
s1650,TV Show,TV-MA,Adults,2020,Crime TV Shows
s1650,TV Show,TV-MA,Adults,2020,International TV Shows
s1651,Movie,TV-PG,Teens,2020,Music & Musicals
s1652,Movie,PG,Teens,2020,Children & Family Movies
s1652,Movie,PG,Teens,2020,Comedies
s1653,Movie,TV-14,Teens,2020,Horror Movies
s1653,Movie,TV-14,Teens,2020,International Movies
s1653,Movie,TV-14,Teens,2020,Thrillers
s1654,Movie,TV-14,Teens,2020,Horror Movies
s1654,Movie,TV-14,Teens,2020,International Movies
s1654,Movie,TV-14,Teens,2020,Thrillers
s1655,TV Show,TV-MA,Adults,2020,International TV Shows
s1655,TV Show,TV-MA,Adults,2020,Romantic TV Shows
s1655,TV Show,TV-MA,Adults,2020,TV Comedies
s1656,Movie,TV-Y,Kids,2020,Children & Family Movies
s1656,Movie,TV-Y,Kids,2020,Comedies
s1657,Movie,R,Adults,2020,Dramas
s1658,Movie,TV-MA,Adults,2020,Dramas
s1658,Movie,TV-MA,Adults,2020,International Movies
s1659,TV Show,TV-14,Teens,2020,International TV Shows
s1659,TV Show,TV-14,Teens,2020,TV Comedies
s1659,TV Show,TV-14,Teens,2020,TV Dramas
s1660,Movie,R,Adults,2020,Action & Adventure
s1661,Movie,TV-MA,Adults,2020,Documentaries
s1661,Movie,TV-MA,Adults,2020,Music & Musicals
s1662,TV Show,TV-MA,Adults,2020,International TV Shows
s1662,TV Show,TV-MA,Adults,2020,Romantic TV Shows
s1662,TV Show,TV-MA,Adults,2020,TV Dramas
s1663,Movie,TV-14,Teens,2020,Action & Adventure
s1663,Movie,TV-14,Teens,2020,Comedies
s1663,Movie,TV-14,Teens,2020,International Movies
s1664,Movie,TV-PG,Teens,2020,Children & Family Movies
s1664,Movie,TV-PG,Teens,2020,Music & Musicals
s1665,Movie,R,Adults,2020,Action & Adventure
s1666,Movie,TV-14,Teens,2020,International Movies
s1666,Movie,TV-14,Teens,2020,Thrillers
s1667,Movie,TV-Y,Kids,2020,Children & Family Movies
s1668,TV Show,TV-G,Kids,2020,Docuseries
s1668,TV Show,TV-G,Kids,2020,International TV Shows
s1669,TV Show,TV-14,Teens,2020,International TV Shows
s1669,TV Show,TV-14,Teens,2020,TV Dramas
s1670,Movie,PG,Teens,2020,Dramas
s1671,TV Show,TV-MA,Adults,2020,International TV Shows
s1671,TV Show,TV-MA,Adults,2020,Romantic TV Shows
s1671,TV Show,TV-MA,Adults,2020,TV Comedies
s1672,Movie,TV-PG,Teens,2020,Children & Family Movies
s1672,Movie,TV-PG,Teens,2020,Comedies
s1673,TV Show,TV-PG,Teens,2020,Docuseries
s1673,TV Show,TV-PG,Teens,2020,Reality TV
s1674,Movie,TV-MA,Adults,2020,Dramas
s1674,Movie,TV-MA,Adults,2020,International Movies
s1675,Movie,TV-14,Teens,2020,Action & Adventure
s1675,Movie,TV-14,Teens,2020,Comedies
s1675,Movie,TV-14,Teens,2020,International Movies
s1676,Movie,TV-14,Teens,2020,Comedies
s1676,Movie,TV-14,Teens,2020,International Movies
s1676,Movie,TV-14,Teens,2020,Music & Musicals
s1677,Movie,TV-14,Teens,2020,Dramas
s1677,Movie,TV-14,Teens,2020,International Movies
s1677,Movie,TV-14,Teens,2020,Romantic Movies
s1678,Movie,TV-14,Teens,2020,International Movies
s1678,Movie,TV-14,Teens,2020,Romantic Movies
s1679,Movie,TV-MA,Adults,2020,International Movies
s1679,Movie,TV-MA,Adults,2020,Thrillers
s1680,Movie,TV-14,Teens,2020,Action & Adventure
s1680,Movie,TV-14,Teens,2020,Dramas
s1680,Movie,TV-14,Teens,2020,International Movies
s1681,Movie,TV-14,Teens,2020,Dramas
s1681,Movie,TV-14,Teens,2020,International Movies
s1681,Movie,TV-14,Teens,2020,Thrillers
s1682,Movie,TV-G,Kids,2020,Children & Family Movies
s1682,Movie,TV-G,Kids,2020,Comedies
s1682,Movie,TV-G,Kids,2020,Dramas
s1683,Movie,TV-G,Kids,2020,Comedies
s1683,Movie,TV-G,Kids,2020,Dramas
s1683,Movie,TV-G,Kids,2020,International Movies
s1684,Movie,TV-14,Teens,2020,Comedies
s1684,Movie,TV-14,Teens,2020,International Movies
s1685,TV Show,TV-G,Kids,2020,Reality TV
s1686,Movie,TV-PG,Teens,2020,Dramas
s1686,Movie,TV-PG,Teens,2020,International Movies
s1687,Movie,TV-MA,Adults,2020,Stand-Up Comedy
s1688,TV Show,TV-Y7,Kids,2020,Kids' TV
s1688,TV Show,TV-Y7,Kids,2020,TV Comedies
s1689,TV Show,TV-MA,Adults,2020,Docuseries
s1689,TV Show,TV-MA,Adults,2020,Reality TV
s1690,Movie,PG-13,Adults,2020,Dramas
s1690,Movie,PG-13,Adults,2020,Romantic Movies
s1691,Movie,R,Adults,2020,Documentaries
s1692,Movie,TV-G,Kids,2020,Music & Musicals
s1692,Movie,TV-G,Kids,2020,Romantic Movies
s1693,TV Show,TV-14,Teens,2020,Reality TV
s1694,TV Show,TV-Y,Kids,2020,Anime Series
s1694,TV Show,TV-Y,Kids,2020,Kids' TV
s1695,Movie,PG,Teens,2020,Children & Family Movies
s1695,Movie,PG,Teens,2020,Comedies
s1696,Movie,TV-G,Kids,2020,Romantic Movies
s1697,TV Show,TV-Y,Kids,2020,Kids' TV
s1698,TV Show,TV-14,Teens,2020,Reality TV
s1699,TV Show,TV-MA,Adults,2020,British TV Shows
s1699,TV Show,TV-MA,Adults,2020,International TV Shows
s1699,TV Show,TV-MA,Adults,2020,TV Dramas
s1700,Movie,TV-G,Kids,2020,Children & Family Movies
s1700,Movie,TV-G,Kids,2020,Classic Movies
s1700,Movie,TV-G,Kids,2020,Comedies
s1701,Movie,TV-14,Teens,2020,Thrillers
s1702,TV Show,TV-MA,Adults,2020,TV Horror
s1702,TV Show,TV-MA,Adults,2020,TV Mysteries
s1702,TV Show,TV-MA,Adults,2020,TV Thrillers
s1703,Movie,TV-Y7,Kids,2020,Children & Family Movies
s1703,Movie,TV-Y7,Kids,2020,Comedies
s1704,Movie,PG,Teens,2020,Children & Family Movies
s1704,Movie,PG,Teens,2020,Music & Musicals
s1705,Movie,TV-PG,Teens,2020,Documentaries
s1705,Movie,TV-PG,Teens,2020,International Movies
s1706,Movie,PG-13,Adults,2020,Dramas
s1706,Movie,PG-13,Adults,2020,International Movies
s1707,TV Show,TV-MA,Adults,2020,Crime TV Shows
s1707,TV Show,TV-MA,Adults,2020,International TV Shows
s1707,TV Show,TV-MA,Adults,2020,Spanish-Language TV Shows
s1708,Movie,TV-G,Kids,2020,International Movies
s1708,Movie,TV-G,Kids,2020,Romantic Movies
s1709,TV Show,TV-MA,Adults,2020,International TV Shows
s1709,TV Show,TV-MA,Adults,2020,TV Dramas
s1710,Movie,TV-MA,Adults,2020,Dramas
s1710,Movie,TV-MA,Adults,2020,International Movies
s1710,Movie,TV-MA,Adults,2020,Romantic Movies
s1711,Movie,R,Adults,2020,Dramas
s1711,Movie,R,Adults,2020,Independent Movies
s1712,TV Show,TV-MA,Adults,2020,Crime TV Shows
s1712,TV Show,TV-MA,Adults,2020,International TV Shows
s1712,TV Show,TV-MA,Adults,2020,TV Dramas
s1713,Movie,TV-MA,Adults,2020,Comedies
s1713,Movie,TV-MA,Adults,2020,Dramas
s1713,Movie,TV-MA,Adults,2020,International Movies
s1714,Movie,TV-MA,Adults,2020,Dramas
s1714,Movie,TV-MA,Adults,2020,International Movies
s1714,Movie,TV-MA,Adults,2020,LGBTQ Movies
s1715,Movie,PG-13,Adults,2020,Horror Movies
s1716,TV Show,TV-14,Teens,2020,International TV Shows
s1716,TV Show,TV-14,Teens,2020,Reality TV
s1717,TV Show,TV-MA,Adults,2020,TV Comedies
s1718,TV Show,TV-MA,Adults,2020,TV Action & Adventure
s1718,TV Show,TV-MA,Adults,2020,TV Dramas
s1719,TV Show,TV-MA,Adults,2020,Crime TV Shows
s1719,TV Show,TV-MA,Adults,2020,Docuseries
s1720,Movie,TV-14,Teens,2020,Documentaries
s1720,Movie,TV-14,Teens,2020,International Movies
s1721,Movie,TV-MA,Adults,2020,Dramas
s1721,Movie,TV-MA,Adults,2020,International Movies
s1722,TV Show,TV-14,Teens,2020,TV Shows
s1723,TV Show,TV-14,Teens,2020,Romantic TV Shows
s1723,TV Show,TV-14,Teens,2020,TV Comedies
s1723,TV Show,TV-14,Teens,2020,TV Dramas
s1724,TV Show,TV-Y7,Kids,2020,Anime Series
s1724,TV Show,TV-Y7,Kids,2020,Kids' TV
s1725,TV Show,TV-PG,Teens,2020,Anime Series
s1725,TV Show,TV-PG,Teens,2020,Kids' TV
s1726,Movie,TV-MA,Adults,2020,Dramas
s1726,Movie,TV-MA,Adults,2020,International Movies
s1727,TV Show,TV-PG,Teens,2020,Reality TV
s1728,Movie,TV-MA,Adults,2020,Dramas
s1728,Movie,TV-MA,Adults,2020,International Movies
s1729,Movie,TV-MA,Adults,2020,Dramas
s1729,Movie,TV-MA,Adults,2020,Independent Movies
s1729,Movie,TV-MA,Adults,2020,International Movies
s1730,Movie,R,Adults,2020,Comedies
s1731,TV Show,TV-MA,Adults,2020,International TV Shows
s1731,TV Show,TV-MA,Adults,2020,TV Comedies
s1731,TV Show,TV-MA,Adults,2020,TV Dramas
s1732,Movie,TV-MA,Adults,2020,Dramas
s1732,Movie,TV-MA,Adults,2020,LGBTQ Movies
s1732,Movie,TV-MA,Adults,2020,Romantic Movies
s1733,Movie,TV-14,Teens,2020,Dramas
s1733,Movie,TV-14,Teens,2020,International Movies
s1733,Movie,TV-14,Teens,2020,Romantic Movies
s1734,TV Show,TV-14,Teens,2020,Crime TV Shows
s1734,TV Show,TV-14,Teens,2020,Docuseries
s1734,TV Show,TV-14,Teens,2020,International TV Shows
s1735,Movie,TV-G,Kids,2020,Comedies
s1735,Movie,TV-G,Kids,2020,Romantic Movies
s1736,Movie,TV-14,Teens,2020,Dramas
s1736,Movie,TV-14,Teens,2020,International Movies
s1736,Movie,TV-14,Teens,2020,Romantic Movies
s1737,Movie,TV-G,Kids,2020,Children & Family Movies
s1737,Movie,TV-G,Kids,2020,Comedies
s1737,Movie,TV-G,Kids,2020,Romantic Movies
s1738,TV Show,TV-14,Teens,2020,International TV Shows
s1738,TV Show,TV-14,Teens,2020,TV Dramas
s1738,TV Show,TV-14,Teens,2020,TV Horror
s1739,Movie,TV-G,Kids,2020,Dramas
s1739,Movie,TV-G,Kids,2020,Romantic Movies
s1740,Movie,TV-PG,Teens,2020,Comedies
s1740,Movie,TV-PG,Teens,2020,Dramas
s1740,Movie,TV-PG,Teens,2020,Romantic Movies
s1741,TV Show,TV-MA,Adults,2020,International TV Shows
s1741,TV Show,TV-MA,Adults,2020,Romantic TV Shows
s1741,TV Show,TV-MA,Adults,2020,TV Comedies
s1742,Movie,TV-PG,Teens,2020,Dramas
s1742,Movie,TV-PG,Teens,2020,International Movies
s1743,Movie,TV-MA,Adults,2020,Stand-Up Comedy
s1744,Movie,TV-14,Teens,2020,Dramas
s1744,Movie,TV-14,Teens,2020,International Movies
s1745,Movie,TV-PG,Teens,2020,Documentaries
s1745,Movie,TV-PG,Teens,2020,International Movies
s1746,Movie,TV-PG,Teens,2020,Documentaries
s1747,TV Show,TV-MA,Adults,2020,International TV Shows
s1747,TV Show,TV-MA,Adults,2020,TV Comedies
s1747,TV Show,TV-MA,Adults,2020,TV Dramas
s1748,Movie,R,Adults,2020,Sci-Fi & Fantasy
s1748,Movie,R,Adults,2020,Thrillers
s1749,TV Show,TV-MA,Adults,2020,Reality TV
s1750,Movie,TV-PG,Teens,2020,Children & Family Movies
s1750,Movie,TV-PG,Teens,2020,Comedies
s1751,TV Show,TV-14,Teens,2020,Romantic TV Shows
s1751,TV Show,TV-14,Teens,2020,TV Dramas
s1751,TV Show,TV-14,Teens,2020,Teen TV Shows
s1752,Movie,TV-Y,Kids,2020,Children & Family Movies
s1753,Movie,TV-Y,Kids,2020,Children & Family Movies
s1754,Movie,PG,Teens,2020,Children & Family Movies
s1755,TV Show,TV-14,Teens,2020,Reality TV
s1756,TV Show,TV-14,Teens,2020,Docuseries
s1757,TV Show,TV-Y,Kids,2020,Kids' TV
s1758,TV Show,TV-Y,Kids,2020,Kids' TV
s1759,TV Show,TV-Y7,Kids,2020,Kids' TV
s1760,TV Show,TV-Y7,Kids,2020,Kids' TV
s1761,TV Show,TV-Y,Kids,2020,Kids' TV
s1761,TV Show,TV-Y,Kids,2020,TV Comedies
s1762,Movie,PG,Teens,2020,Children & Family Movies
s1762,Movie,PG,Teens,2020,Comedies
s1763,Movie,R,Adults,2020,Action & Adventure
s1764,Movie,R,Adults,2020,Dramas
s1764,Movie,R,Adults,2020,Independent Movies
s1764,Movie,R,Adults,2020,Thrillers
s1765,Movie,R,Adults,2020,Dramas
s1765,Movie,R,Adults,2020,Thrillers
s1766,TV Show,TV-Y,Kids,2020,Kids' TV
s1766,TV Show,TV-Y,Kids,2020,TV Comedies
s1767,TV Show,TV-MA,Adults,2020,Crime TV Shows
s1767,TV Show,TV-MA,Adults,2020,International TV Shows
s1767,TV Show,TV-MA,Adults,2020,TV Dramas
s1768,Movie,PG-13,Adults,2020,Dramas
s1769,Movie,PG,Teens,2020,Action & Adventure
s1769,Movie,PG,Teens,2020,Dramas
s1769,Movie,PG,Teens,2020,Sports Movies
s1770,TV Show,TV-14,Teens,2020,Crime TV Shows
s1770,TV Show,TV-14,Teens,2020,International TV Shows
s1770,TV Show,TV-14,Teens,2020,Korean TV Shows
s1771,Movie,R,Adults,2020,Comedies
s1771,Movie,R,Adults,2020,Sports Movies
s1772,TV Show,TV-PG,Teens,2020,Docuseries
s1772,TV Show,TV-PG,Teens,2020,International TV Shows
s1773,Movie,TV-MA,Adults,2020,Action & Adventure
s1773,Movie,TV-MA,Adults,2020,Dramas
s1773,Movie,TV-MA,Adults,2020,International Movies
s1774,TV Show,TV-PG,Teens,2020,International TV Shows
s1774,TV Show,TV-PG,Teens,2020,Reality TV
s1775,Movie,TV-14,Teens,2020,Dramas
s1775,Movie,TV-14,Teens,2020,Independent Movies
s1775,Movie,TV-14,Teens,2020,Thrillers
s1776,Movie,TV-14,Teens,2020,Horror Movies
s1776,Movie,TV-14,Teens,2020,Independent Movies
s1777,Movie,TV-14,Teens,2020,Dramas
s1777,Movie,TV-14,Teens,2020,International Movies
s1778,Movie,TV-14,Teens,2020,Horror Movies
s1778,Movie,TV-14,Teens,2020,International Movies
s1779,TV Show,TV-Y,Kids,2020,Kids' TV
s1779,TV Show,TV-Y,Kids,2020,Korean TV Shows
s1780,TV Show,TV-14,Teens,2020,TV Action & Adventure
s1780,TV Show,TV-14,Teens,2020,TV Sci-Fi & Fantasy
s1781,Movie,TV-MA,Adults,2020,Dramas
s1781,Movie,TV-MA,Adults,2020,International Movies
s1781,Movie,TV-MA,Adults,2020,Thrillers
s1782,TV Show,TV-14,Teens,2020,Docuseries
s1782,TV Show,TV-14,Teens,2020,Reality TV
s1783,TV Show,TV-MA,Adults,2020,Crime TV Shows
s1783,TV Show,TV-MA,Adults,2020,International TV Shows
s1783,TV Show,TV-MA,Adults,2020,TV Dramas
s1784,Movie,TV-MA,Adults,2020,Horror Movies
s1784,Movie,TV-MA,Adults,2020,International Movies
s1785,Movie,TV-14,Teens,2020,Horror Movies
s1785,Movie,TV-14,Teens,2020,International Movies
s1786,Movie,TV-MA,Adults,2020,Comedies
s1786,Movie,TV-MA,Adults,2020,Romantic Movies
s1787,Movie,TV-14,Teens,2020,International Movies
s1788,Movie,R,Adults,2020,Music & Musicals
s1789,Movie,TV-MA,Adults,2020,Horror Movies
s1789,Movie,TV-MA,Adults,2020,International Movies
s1790,Movie,TV-PG,Teens,2020,Documentaries
s1791,TV Show,TV-MA,Adults,2020,Anime Series
s1792,TV Show,TV-Y,Kids,2020,Kids' TV
s1793,Movie,TV-14,Teens,2020,Documentaries
s1793,Movie,TV-14,Teens,2020,International Movies
s1793,Movie,TV-14,Teens,2020,Sports Movies
s1794,Movie,TV-MA,Adults,2020,Comedies
s1795,TV Show,TV-14,Teens,2020,International TV Shows
s1795,TV Show,TV-14,Teens,2020,Romantic TV Shows
s1795,TV Show,TV-14,Teens,2020,TV Mysteries
s1796,Movie,TV-14,Teens,2020,Comedies
s1796,Movie,TV-14,Teens,2020,International Movies
s1796,Movie,TV-14,Teens,2020,Music & Musicals
s1797,Movie,R,Adults,2020,Action & Adventure
s1797,Movie,R,Adults,2020,Dramas
s1797,Movie,R,Adults,2020,Independent Movies
s1798,Movie,TV-MA,Adults,2020,Dramas
s1798,Movie,TV-MA,Adults,2020,Music & Musicals
s1799,Movie,TV-MA,Adults,2020,Comedies
s1799,Movie,TV-MA,Adults,2020,International Movies
s1799,Movie,TV-MA,Adults,2020,LGBTQ Movies
s1800,TV Show,TV-MA,Adults,2020,International TV Shows
s1800,TV Show,TV-MA,Adults,2020,TV Action & Adventure
s1800,TV Show,TV-MA,Adults,2020,TV Dramas
s1801,TV Show,TV-MA,Adults,2020,Docuseries
s1801,TV Show,TV-MA,Adults,2020,International TV Shows
s1802,Movie,PG,Teens,2020,Children & Family Movies
s1802,Movie,PG,Teens,2020,Music & Musicals
s1803,Movie,TV-14,Teens,2020,Dramas
s1803,Movie,TV-14,Teens,2020,Thrillers
s1804,TV Show,TV-MA,Adults,2020,Crime TV Shows
s1804,TV Show,TV-MA,Adults,2020,International TV Shows
s1804,TV Show,TV-MA,Adults,2020,Spanish-Language TV Shows
s1805,TV Show,TV-MA,Adults,2020,TV Dramas
s1806,Movie,TV-MA,Adults,2020,Documentaries
s1807,Movie,TV-MA,Adults,2020,Horror Movies
s1807,Movie,TV-MA,Adults,2020,International Movies
s1808,Movie,TV-MA,Adults,2020,Dramas
s1808,Movie,TV-MA,Adults,2020,International Movies
s1808,Movie,TV-MA,Adults,2020,Romantic Movies
s1809,Movie,PG-13,Adults,2020,Comedies
s1809,Movie,PG-13,Adults,2020,Dramas
s1809,Movie,PG-13,Adults,2020,Music & Musicals
s1810,Movie,TV-14,Teens,2020,Dramas
s1810,Movie,TV-14,Teens,2020,International Movies
s1810,Movie,TV-14,Teens,2020,Romantic Movies
s1811,Movie,R,Adults,2020,Dramas
s1811,Movie,R,Adults,2020,Independent Movies
s1812,Movie,R,Adults,2020,Comedies
s1812,Movie,R,Adults,2020,Dramas
s1812,Movie,R,Adults,2020,Independent Movies
s1813,Movie,TV-PG,Teens,2020,Documentaries
s1813,Movie,TV-PG,Teens,2020,International Movies
s1814,TV Show,TV-MA,Adults,2020,Stand-Up Comedy & Talk Shows
s1815,Movie,PG-13,Adults,2020,Dramas
s1815,Movie,PG-13,Adults,2020,Romantic Movies
s1815,Movie,PG-13,Adults,2020,Thrillers
s1816,Movie,TV-Y,Kids,2020,Children & Family Movies
s1817,Movie,PG-13,Adults,2020,Action & Adventure
s1817,Movie,PG-13,Adults,2020,Horror Movies
s1818,Movie,TV-14,Teens,2020,Classic Movies
s1818,Movie,TV-14,Teens,2020,Dramas
s1818,Movie,TV-14,Teens,2020,International Movies
s1819,Movie,TV-14,Teens,2020,Dramas
s1819,Movie,TV-14,Teens,2020,International Movies
s1819,Movie,TV-14,Teens,2020,Music & Musicals
s1820,Movie,TV-MA,Adults,2020,Comedies
s1820,Movie,TV-MA,Adults,2020,Dramas
s1820,Movie,TV-MA,Adults,2020,International Movies
s1821,Movie,TV-14,Teens,2020,Documentaries
s1821,Movie,TV-14,Teens,2020,International Movies
s1822,Movie,TV-MA,Adults,2020,Dramas
s1822,Movie,TV-MA,Adults,2020,Independent Movies
s1822,Movie,TV-MA,Adults,2020,International Movies
s1823,Movie,TV-MA,Adults,2020,Classic Movies
s1823,Movie,TV-MA,Adults,2020,Dramas
s1823,Movie,TV-MA,Adults,2020,Independent Movies
s1824,Movie,TV-MA,Adults,2020,Documentaries
s1824,Movie,TV-MA,Adults,2020,International Movies
s1825,Movie,TV-MA,Adults,2020,Dramas
s1825,Movie,TV-MA,Adults,2020,International Movies
s1826,Movie,TV-MA,Adults,2020,Dramas
s1826,Movie,TV-MA,Adults,2020,International Movies
s1826,Movie,TV-MA,Adults,2020,Romantic Movies
s1827,Movie,TV-14,Teens,2020,Dramas
s1827,Movie,TV-14,Teens,2020,Independent Movies
s1827,Movie,TV-14,Teens,2020,International Movies
s1828,Movie,TV-MA,Adults,2020,Dramas
s1828,Movie,TV-MA,Adults,2020,Independent Movies
s1828,Movie,TV-MA,Adults,2020,International Movies
s1829,TV Show,TV-MA,Adults,2020,Crime TV Shows
s1829,TV Show,TV-MA,Adults,2020,Docuseries
s1830,Movie,TV-MA,Adults,2020,Dramas
s1830,Movie,TV-MA,Adults,2020,International Movies
s1831,Movie,TV-14,Teens,2020,Comedies
s1831,Movie,TV-14,Teens,2020,International Movies
s1831,Movie,TV-14,Teens,2020,Romantic Movies
s1832,Movie,TV-14,Teens,2020,Documentaries
s1832,Movie,TV-14,Teens,2020,International Movies
s1833,Movie,TV-MA,Adults,2020,Dramas
s1833,Movie,TV-MA,Adults,2020,International Movies
s1834,Movie,PG,Teens,2020,Children & Family Movies
s1834,Movie,PG,Teens,2020,Comedies
s1835,TV Show,TV-14,Teens,2020,International TV Shows
s1835,TV Show,TV-14,Teens,2020,Romantic TV Shows
s1835,TV Show,TV-14,Teens,2020,TV Comedies
s1836,Movie,R,Adults,2020,Action & Adventure
s1837,Movie,TV-MA,Adults,2020,Comedies
s1837,Movie,TV-MA,Adults,2020,International Movies
s1837,Movie,TV-MA,Adults,2020,Romantic Movies
s1838,TV Show,TV-MA,Adults,2020,TV Dramas
s1838,TV Show,TV-MA,Adults,2020,Teen TV Shows
s1839,Movie,R,Adults,2020,Action & Adventure
s1840,TV Show,TV-MA,Adults,2020,International TV Shows
s1840,TV Show,TV-MA,Adults,2020,TV Action & Adventure
s1840,TV Show,TV-MA,Adults,2020,TV Dramas
s1841,TV Show,TV-MA,Adults,2020,Crime TV Shows
s1841,TV Show,TV-MA,Adults,2020,International TV Shows
s1841,TV Show,TV-MA,Adults,2020,Spanish-Language TV Shows
s1842,TV Show,TV-Y7,Kids,2020,Kids' TV
s1842,TV Show,TV-Y7,Kids,2020,TV Comedies
s1843,Movie,R,Adults,2020,Dramas
s1844,Movie,R,Adults,2020,Horror Movies
s1844,Movie,R,Adults,2020,Thrillers
s1845,Movie,TV-PG,Teens,2020,Children & Family Movies
s1846,Movie,R,Adults,2020,Action & Adventure
s1847,Movie,TV-14,Teens,2020,Action & Adventure
s1847,Movie,TV-14,Teens,2020,Comedies
s1847,Movie,TV-14,Teens,2020,International Movies
s1848,TV Show,TV-Y,Kids,2020,British TV Shows
s1848,TV Show,TV-Y,Kids,2020,Kids' TV
s1849,TV Show,TV-14,Teens,2020,TV Comedies
s1850,Movie,TV-PG,Teens,2020,Dramas
s1850,Movie,TV-PG,Teens,2020,International Movies
s1851,Movie,TV-14,Teens,2020,Dramas
s1851,Movie,TV-14,Teens,2020,International Movies
s1851,Movie,TV-14,Teens,2020,Romantic Movies
s1852,TV Show,TV-14,Teens,2020,TV Comedies
s1852,TV Show,TV-14,Teens,2020,Teen TV Shows
s1853,TV Show,TV-Y7,Kids,2020,Kids' TV
s1854,Movie,TV-PG,Teens,2020,Documentaries
s1854,Movie,TV-PG,Teens,2020,International Movies
s1855,TV Show,TV-MA,Adults,2020,TV Comedies
s1855,TV Show,TV-MA,Adults,2020,TV Dramas
s1856,Movie,TV-14,Teens,2020,Action & Adventure
s1856,Movie,TV-14,Teens,2020,International Movies
s1856,Movie,TV-14,Teens,2020,Romantic Movies
s1857,Movie,TV-14,Teens,2020,Documentaries
s1857,Movie,TV-14,Teens,2020,Music & Musicals
s1858,Movie,TV-MA,Adults,2020,Documentaries
s1858,Movie,TV-MA,Adults,2020,International Movies
s1859,Movie,TV-14,Teens,2020,International Movies
s1859,Movie,TV-14,Teens,2020,Romantic Movies
s1859,Movie,TV-14,Teens,2020,Thrillers
s1860,Movie,TV-Y,Kids,2020,Children & Family Movies
s1861,TV Show,TV-MA,Adults,2020,Reality TV
s1861,TV Show,TV-MA,Adults,2020,TV Comedies
s1862,Movie,TV-14,Teens,2020,Comedies
s1862,Movie,TV-14,Teens,2020,Dramas
s1862,Movie,TV-14,Teens,2020,International Movies
s1863,Movie,TV-14,Teens,2020,Cult Movies
s1863,Movie,TV-14,Teens,2020,Dramas
s1863,Movie,TV-14,Teens,2020,International Movies
s1864,Movie,TV-MA,Adults,2020,Comedies
s1864,Movie,TV-MA,Adults,2020,International Movies
s1864,Movie,TV-MA,Adults,2020,Romantic Movies
s1865,TV Show,TV-Y7,Kids,2020,Kids' TV
s1865,TV Show,TV-Y7,Kids,2020,TV Comedies
s1866,Movie,TV-14,Teens,2020,Comedies
s1866,Movie,TV-14,Teens,2020,International Movies
s1867,Movie,TV-14,Teens,2020,Dramas
s1867,Movie,TV-14,Teens,2020,International Movies
s1868,Movie,TV-MA,Adults,2020,Horror Movies
s1869,TV Show,TV-MA,Adults,2020,Docuseries
s1870,Movie,TV-MA,Adults,2020,Comedies
s1870,Movie,TV-MA,Adults,2020,International Movies
s1870,Movie,TV-MA,Adults,2020,Romantic Movies
s1871,Movie,TV-MA,Adults,2020,Comedies
s1871,Movie,TV-MA,Adults,2020,International Movies
s1872,Movie,TV-Y,Kids,2020,Children & Family Movies
s1873,Movie,R,Adults,2020,Comedies
s1873,Movie,R,Adults,2020,Dramas
s1873,Movie,R,Adults,2020,Independent Movies
s1874,TV Show,TV-MA,Adults,2020,TV Dramas
s1874,TV Show,TV-MA,Adults,2020,TV Horror
s1874,TV Show,TV-MA,Adults,2020,TV Mysteries
s1875,Movie,TV-MA,Adults,2020,Documentaries
s1875,Movie,TV-MA,Adults,2020,International Movies
s1875,Movie,TV-MA,Adults,2020,Music & Musicals
s1876,TV Show,TV-14,Teens,2020,International TV Shows
s1876,TV Show,TV-14,Teens,2020,Romantic TV Shows
s1876,TV Show,TV-14,Teens,2020,TV Comedies
s1877,Movie,TV-MA,Adults,2020,Dramas
s1877,Movie,TV-MA,Adults,2020,International Movies
s1878,TV Show,TV-14,Teens,2020,Crime TV Shows
s1878,TV Show,TV-14,Teens,2020,International TV Shows
s1878,TV Show,TV-14,Teens,2020,TV Dramas
s1879,TV Show,TV-MA,Adults,2020,TV Action & Adventure
s1879,TV Show,TV-MA,Adults,2020,TV Dramas
s1879,TV Show,TV-MA,Adults,2020,TV Sci-Fi & Fantasy
s1880,Movie,PG-13,Adults,2020,Comedies
s1880,Movie,PG-13,Adults,2020,Horror Movies
s1881,TV Show,TV-MA,Adults,2020,International TV Shows
s1881,TV Show,TV-MA,Adults,2020,TV Dramas
s1881,TV Show,TV-MA,Adults,2020,TV Mysteries
s1882,Movie,R,Adults,2020,Comedies
s1883,Movie,TV-14,Teens,2020,Documentaries
s1883,Movie,TV-14,Teens,2020,Music & Musicals
s1884,Movie,TV-Y,Kids,2020,Children & Family Movies
s1885,Movie,TV-14,Teens,2020,Dramas
s1885,Movie,TV-14,Teens,2020,Romantic Movies
s1886,TV Show,TV-14,Teens,2020,British TV Shows
s1886,TV Show,TV-14,Teens,2020,Docuseries
s1886,TV Show,TV-14,Teens,2020,International TV Shows
s1887,Movie,PG,Teens,2020,Documentaries
s1888,Movie,TV-MA,Adults,2020,Documentaries
s1888,Movie,TV-MA,Adults,2020,LGBTQ Movies
s1889,Movie,TV-14,Teens,2020,Dramas
s1889,Movie,TV-14,Teens,2020,International Movies
s1889,Movie,TV-14,Teens,2020,Sports Movies
s1890,TV Show,TV-Y,Kids,2020,Kids' TV
s1891,TV Show,TV-Y,Kids,2020,Kids' TV
s1892,Movie,TV-14,Teens,2020,Comedies
s1892,Movie,TV-14,Teens,2020,International Movies
s1892,Movie,TV-14,Teens,2020,Romantic Movies
s1893,Movie,TV-Y,Kids,2020,Children & Family Movies
s1894,TV Show,TV-PG,Teens,2020,Kids' TV
s1894,TV Show,TV-PG,Teens,2020,TV Comedies
s1895,TV Show,TV-MA,Adults,2020,Romantic TV Shows
s1895,TV Show,TV-MA,Adults,2020,TV Comedies
s1895,TV Show,TV-MA,Adults,2020,TV Dramas
s1896,TV Show,TV-PG,Teens,2020,Kids' TV
s1896,TV Show,TV-PG,Teens,2020,TV Dramas
s1897,Movie,TV-MA,Adults,2020,Dramas
s1897,Movie,TV-MA,Adults,2020,International Movies
s1898,Movie,TV-MA,Adults,2020,Comedies
s1898,Movie,TV-MA,Adults,2020,Dramas
s1898,Movie,TV-MA,Adults,2020,International Movies
s1899,Movie,TV-MA,Adults,2020,Horror Movies
s1899,Movie,TV-MA,Adults,2020,International Movies
s1899,Movie,TV-MA,Adults,2020,Thrillers
s1900,Movie,TV-MA,Adults,2020,Comedies
s1900,Movie,TV-MA,Adults,2020,International Movies
s1900,Movie,TV-MA,Adults,2020,Romantic Movies
s1901,Movie,PG-13,Adults,2020,Comedies
s1901,Movie,PG-13,Adults,2020,Horror Movies
s1902,Movie,TV-MA,Adults,2020,Comedies
s1902,Movie,TV-MA,Adults,2020,International Movies
s1902,Movie,TV-MA,Adults,2020,Romantic Movies
s1903,Movie,TV-PG,Teens,2020,Action & Adventure
s1903,Movie,TV-PG,Teens,2020,Comedies
s1903,Movie,TV-PG,Teens,2020,International Movies
s1904,Movie,R,Adults,2020,Dramas
s1904,Movie,R,Adults,2020,Thrillers
s1905,Movie,TV-14,Teens,2020,Documentaries
s1905,Movie,TV-14,Teens,2020,LGBTQ Movies
s1906,Movie,TV-MA,Adults,2020,Action & Adventure
s1906,Movie,TV-MA,Adults,2020,Dramas
s1906,Movie,TV-MA,Adults,2020,International Movies
s1907,TV Show,TV-14,Teens,2020,TV Dramas
s1908,TV Show,TV-MA,Adults,2020,International TV Shows
s1908,TV Show,TV-MA,Adults,2020,Romantic TV Shows
s1908,TV Show,TV-MA,Adults,2020,TV Dramas
s1909,TV Show,TV-MA,Adults,2020,Anime Series
s1909,TV Show,TV-MA,Adults,2020,International TV Shows
s1909,TV Show,TV-MA,Adults,2020,Teen TV Shows
s1910,Movie,R,Adults,2020,Action & Adventure
s1910,Movie,R,Adults,2020,Dramas
s1911,TV Show,TV-MA,Adults,2020,Crime TV Shows
s1911,TV Show,TV-MA,Adults,2020,International TV Shows
s1911,TV Show,TV-MA,Adults,2020,TV Mysteries
s1912,Movie,TV-14,Teens,2020,Documentaries
s1913,Movie,PG-13,Adults,2020,Action & Adventure
s1913,Movie,PG-13,Adults,2020,Comedies
s1913,Movie,PG-13,Adults,2020,Dramas
s1914,Movie,TV-MA,Adults,2020,Documentaries
s1914,Movie,TV-MA,Adults,2020,International Movies
s1915,TV Show,TV-MA,Adults,2020,Docuseries
s1915,TV Show,TV-MA,Adults,2020,International TV Shows
s1916,TV Show,TV-MA,Adults,2020,International TV Shows
s1916,TV Show,TV-MA,Adults,2020,TV Dramas
s1917,Movie,PG-13,Adults,2020,Documentaries
s1917,Movie,PG-13,Adults,2020,Music & Musicals
s1918,TV Show,TV-MA,Adults,2020,International TV Shows
s1918,TV Show,TV-MA,Adults,2020,Romantic TV Shows
s1918,TV Show,TV-MA,Adults,2020,Spanish-Language TV Shows
s1919,TV Show,TV-MA,Adults,2020,Anime Series
s1919,TV Show,TV-MA,Adults,2020,International TV Shows
s1920,Movie,TV-PG,Teens,2020,Comedies
s1920,Movie,TV-PG,Teens,2020,International Movies
s1920,Movie,TV-PG,Teens,2020,Romantic Movies
s1921,Movie,TV-14,Teens,2020,Comedies
s1921,Movie,TV-14,Teens,2020,Independent Movies
s1921,Movie,TV-14,Teens,2020,International Movies
s1922,Movie,R,Adults,2020,Action & Adventure
s1922,Movie,R,Adults,2020,Dramas
s1923,TV Show,TV-PG,Teens,2020,TV Comedies
s1924,TV Show,TV-14,Teens,2020,TV Comedies
s1924,TV Show,TV-14,Teens,2020,TV Dramas
s1925,Movie,TV-14,Teens,2020,Dramas
s1925,Movie,TV-14,Teens,2020,Thrillers
s1926,TV Show,TV-MA,Adults,2020,Crime TV Shows
s1926,TV Show,TV-MA,Adults,2020,International TV Shows
s1926,TV Show,TV-MA,Adults,2020,Spanish-Language TV Shows
s1927,Movie,TV-MA,Adults,2020,Documentaries
s1928,Movie,TV-PG,Teens,2020,Dramas
s1928,Movie,TV-PG,Teens,2020,International Movies
s1929,TV Show,TV-MA,Adults,2020,Anime Series
s1929,TV Show,TV-MA,Adults,2020,International TV Shows
s1930,TV Show,TV-PG,Teens,2020,TV Comedies
s1931,Movie,TV-MA,Adults,2020,Dramas
s1931,Movie,TV-MA,Adults,2020,International Movies
s1931,Movie,TV-MA,Adults,2020,Thrillers
s1932,Movie,R,Adults,2020,Dramas
s1932,Movie,R,Adults,2020,LGBTQ Movies
s1933,Movie,TV-MA,Adults,2020,Documentaries
s1933,Movie,TV-MA,Adults,2020,LGBTQ Movies
s1934,TV Show,TV-MA,Adults,2020,Crime TV Shows
s1934,TV Show,TV-MA,Adults,2020,TV Dramas
s1935,Movie,PG-13,Adults,2020,Documentaries
s1936,Movie,TV-MA,Adults,2020,Stand-Up Comedy
s1937,Movie,R,Adults,2020,Action & Adventure
s1938,Movie,PG-13,Adults,2020,Documentaries
s1938,Movie,PG-13,Adults,2020,International Movies
s1938,Movie,PG-13,Adults,2020,Music & Musicals
s1939,Movie,TV-PG,Teens,2020,Dramas
s1939,Movie,TV-PG,Teens,2020,Independent Movies
s1939,Movie,TV-PG,Teens,2020,International Movies
s1940,Movie,TV-14,Teens,2020,Comedies
s1940,Movie,TV-14,Teens,2020,Dramas
s1940,Movie,TV-14,Teens,2020,International Movies
s1941,Movie,TV-MA,Adults,2020,Comedies
s1941,Movie,TV-MA,Adults,2020,International Movies
s1941,Movie,TV-MA,Adults,2020,Music & Musicals
s1942,Movie,TV-PG,Teens,2020,Comedies
s1942,Movie,TV-PG,Teens,2020,International Movies
s1942,Movie,TV-PG,Teens,2020,Music & Musicals
s1943,Movie,TV-14,Teens,2020,Comedies
s1943,Movie,TV-14,Teens,2020,International Movies
s1943,Movie,TV-14,Teens,2020,Romantic Movies
s1944,Movie,TV-14,Teens,2020,Comedies
s1944,Movie,TV-14,Teens,2020,International Movies
s1944,Movie,TV-14,Teens,2020,Music & Musicals
s1945,Movie,TV-14,Teens,2020,Dramas
s1945,Movie,TV-14,Teens,2020,International Movies
s1945,Movie,TV-14,Teens,2020,Romantic Movies
s1946,Movie,TV-14,Teens,2020,Dramas
s1946,Movie,TV-14,Teens,2020,International Movies
s1946,Movie,TV-14,Teens,2020,Thrillers
s1947,Movie,TV-PG,Teens,2020,Comedies
s1947,Movie,TV-PG,Teens,2020,International Movies
s1947,Movie,TV-PG,Teens,2020,Music & Musicals
s1948,TV Show,TV-PG,Teens,2020,Docuseries
s1949,TV Show,TV-MA,Adults,2020,International TV Shows
s1949,TV Show,TV-MA,Adults,2020,TV Action & Adventure
s1949,TV Show,TV-MA,Adults,2020,TV Dramas
s1950,TV Show,TV-14,Teens,2020,TV Comedies
s1951,Movie,TV-14,Teens,2020,Dramas
s1951,Movie,TV-14,Teens,2020,Independent Movies
s1951,Movie,TV-14,Teens,2020,International Movies
s1952,TV Show,TV-14,Teens,2020,Crime TV Shows
s1952,TV Show,TV-14,Teens,2020,Docuseries
s1952,TV Show,TV-14,Teens,2020,International TV Shows
s1953,TV Show,TV-Y,Kids,2020,Kids' TV
s1953,TV Show,TV-Y,Kids,2020,TV Comedies
s1954,Movie,TV-MA,Adults,2020,Dramas
s1954,Movie,TV-MA,Adults,2020,International Movies
s1955,TV Show,TV-MA,Adults,2020,TV Comedies
s1956,TV Show,TV-MA,Adults,2020,International TV Shows
s1956,TV Show,TV-MA,Adults,2020,TV Dramas
s1956,TV Show,TV-MA,Adults,2020,TV Mysteries
s1957,Movie,TV-MA,Adults,2020,Documentaries
s1957,Movie,TV-MA,Adults,2020,International Movies
s1957,Movie,TV-MA,Adults,2020,Music & Musicals
s1958,Movie,PG-13,Adults,2020,Action & Adventure
s1958,Movie,PG-13,Adults,2020,Sci-Fi & Fantasy
s1958,Movie,PG-13,Adults,2020,Sports Movies
s1959,TV Show,TV-MA,Adults,2020,Docuseries
s1960,Movie,PG-13,Adults,2020,Action & Adventure
s1960,Movie,PG-13,Adults,2020,Children & Family Movies
s1960,Movie,PG-13,Adults,2020,Dramas
s1961,Movie,TV-G,Kids,2020,Documentaries
s1962,TV Show,TV-MA,Adults,2020,Docuseries
s1963,Movie,TV-PG,Teens,2020,Documentaries
s1964,Movie,TV-PG,Teens,2020,Dramas
s1964,Movie,TV-PG,Teens,2020,International Movies
s1965,Movie,TV-MA,Adults,2020,Action & Adventure
s1965,Movie,TV-MA,Adults,2020,International Movies
s1966,Movie,TV-MA,Adults,2020,Action & Adventure
s1966,Movie,TV-MA,Adults,2020,International Movies
s1967,Movie,TV-MA,Adults,2020,Action & Adventure
s1967,Movie,TV-MA,Adults,2020,International Movies
s1968,Movie,TV-MA,Adults,2020,Action & Adventure
s1968,Movie,TV-MA,Adults,2020,International Movies
s1969,Movie,TV-MA,Adults,2020,Action & Adventure
s1969,Movie,TV-MA,Adults,2020,International Movies
s1970,Movie,TV-MA,Adults,2020,Action & Adventure
s1970,Movie,TV-MA,Adults,2020,International Movies
s1971,Movie,TV-MA,Adults,2020,Horror Movies
s1971,Movie,TV-MA,Adults,2020,International Movies
s1971,Movie,TV-MA,Adults,2020,Thrillers
s1972,Movie,TV-14,Teens,2020,Comedies
s1972,Movie,TV-14,Teens,2020,International Movies
s1973,Movie,TV-14,Teens,2020,Action & Adventure
s1973,Movie,TV-14,Teens,2020,International Movies
s1974,TV Show,TV-Y,Kids,2020,Kids' TV
s1974,TV Show,TV-Y,Kids,2020,TV Comedies
s1975,Movie,TV-MA,Adults,2020,Dramas
s1975,Movie,TV-MA,Adults,2020,International Movies
s1975,Movie,TV-MA,Adults,2020,Romantic Movies
s1976,Movie,TV-14,Teens,2020,Comedies
s1976,Movie,TV-14,Teens,2020,International Movies
s1977,Movie,TV-MA,Adults,2020,Dramas
s1977,Movie,TV-MA,Adults,2020,International Movies
s1977,Movie,TV-MA,Adults,2020,Thrillers
s1978,Movie,TV-MA,Adults,2020,Dramas
s1978,Movie,TV-MA,Adults,2020,Independent Movies
s1978,Movie,TV-MA,Adults,2020,International Movies
s1979,TV Show,TV-MA,Adults,2020,TV Dramas
s1979,TV Show,TV-MA,Adults,2020,TV Horror
s1979,TV Show,TV-MA,Adults,2020,TV Mysteries
s1980,TV Show,TV-G,Kids,2020,Reality TV
s1981,TV Show,TV-14,Teens,2020,Crime TV Shows
s1981,TV Show,TV-14,Teens,2020,TV Dramas
s1981,TV Show,TV-14,Teens,2020,TV Thrillers
s1982,Movie,TV-14,Teens,2020,Comedies
s1982,Movie,TV-14,Teens,2020,International Movies
s1982,Movie,TV-14,Teens,2020,Romantic Movies
s1983,Movie,TV-14,Teens,2020,International Movies
s1983,Movie,TV-14,Teens,2020,Thrillers
s1984,TV Show,TV-MA,Adults,2020,Anime Series
s1984,TV Show,TV-MA,Adults,2020,International TV Shows
s1985,Movie,TV-MA,Adults,2020,Documentaries
s1985,Movie,TV-MA,Adults,2020,International Movies
s1985,Movie,TV-MA,Adults,2020,Music & Musicals
s1986,Movie,TV-Y,Kids,2020,Children & Family Movies
s1986,Movie,TV-Y,Kids,2020,Comedies
s1987,Movie,TV-14,Teens,2020,International Movies
s1987,Movie,TV-14,Teens,2020,Thrillers
s1988,Movie,TV-MA,Adults,2020,Dramas
s1988,Movie,TV-MA,Adults,2020,Independent Movies
s1989,TV Show,TV-MA,Adults,2020,International TV Shows
s1989,TV Show,TV-MA,Adults,2020,TV Comedies
s1989,TV Show,TV-MA,Adults,2020,TV Dramas
s1990,TV Show,TV-MA,Adults,2020,International TV Shows
s1990,TV Show,TV-MA,Adults,2020,TV Dramas
s1990,TV Show,TV-MA,Adults,2020,Teen TV Shows
s1991,TV Show,TV-14,Teens,2020,Docuseries
s1991,TV Show,TV-14,Teens,2020,Science & Nature TV
s1992,TV Show,TV-MA,Adults,2020,British TV Shows
s1992,TV Show,TV-MA,Adults,2020,Crime TV Shows
s1992,TV Show,TV-MA,Adults,2020,International TV Shows
s1993,Movie,TV-MA,Adults,2020,Stand-Up Comedy
s1994,TV Show,TV-MA,Adults,2020,Crime TV Shows
s1994,TV Show,TV-MA,Adults,2020,International TV Shows
s1994,TV Show,TV-MA,Adults,2020,TV Dramas
s1995,TV Show,TV-PG,Teens,2020,Reality TV
s1996,Movie,R,Adults,2020,Dramas
s1996,Movie,R,Adults,2020,Thrillers
s1997,Movie,TV-MA,Adults,2020,Dramas
s1997,Movie,TV-MA,Adults,2020,International Movies
s1997,Movie,TV-MA,Adults,2020,Thrillers
s1998,Movie,R,Adults,2020,Action & Adventure
s1998,Movie,R,Adults,2020,International Movies
s1999,TV Show,TV-MA,Adults,2020,British TV Shows
s1999,TV Show,TV-MA,Adults,2020,International TV Shows
s1999,TV Show,TV-MA,Adults,2020,TV Dramas
s2000,Movie,TV-PG,Teens,2020,Documentaries
s2000,Movie,TV-PG,Teens,2020,International Movies
s2001,Movie,TV-MA,Adults,2020,Stand-Up Comedy
s2002,Movie,R,Adults,2020,Dramas
s2002,Movie,R,Adults,2020,Independent Movies
s2002,Movie,R,Adults,2020,Romantic Movies
s2003,TV Show,TV-MA,Adults,2020,Docuseries
s2003,TV Show,TV-MA,Adults,2020,International TV Shows
s2003,TV Show,TV-MA,Adults,2020,Reality TV
s2004,Movie,PG,Teens,2020,Children & Family Movies
s2004,Movie,PG,Teens,2020,Comedies
s2005,Movie,PG,Teens,2020,Children & Family Movies
s2006,Movie,TV-MA,Adults,2020,Dramas
s2006,Movie,TV-MA,Adults,2020,International Movies
s2006,Movie,TV-MA,Adults,2020,Music & Musicals
s2007,TV Show,TV-Y,Kids,2020,British TV Shows
s2007,TV Show,TV-Y,Kids,2020,Kids' TV
s2008,Movie,TV-14,Teens,2020,Children & Family Movies
s2008,Movie,TV-14,Teens,2020,Comedies
s2008,Movie,TV-14,Teens,2020,Dramas
s2009,TV Show,TV-MA,Adults,2020,International TV Shows
s2009,TV Show,TV-MA,Adults,2020,TV Comedies
s2009,TV Show,TV-MA,Adults,2020,TV Dramas
s2010,TV Show,TV-14,Teens,2020,TV Comedies
s2011,Movie,PG,Teens,2020,Children & Family Movies
s2012,Movie,TV-Y7,Kids,2020,Children & Family Movies
s2012,Movie,TV-Y7,Kids,2020,Comedies
s2013,TV Show,TV-MA,Adults,2020,International TV Shows
s2013,TV Show,TV-MA,Adults,2020,Spanish-Language TV Shows
s2013,TV Show,TV-MA,Adults,2020,TV Dramas
s2014,TV Show,TV-MA,Adults,2020,British TV Shows
s2014,TV Show,TV-MA,Adults,2020,International TV Shows
s2014,TV Show,TV-MA,Adults,2020,TV Comedies
s2015,Movie,TV-14,Teens,2020,Stand-Up Comedy
s2016,Movie,TV-14,Teens,2020,Dramas
s2016,Movie,TV-14,Teens,2020,International Movies
s2016,Movie,TV-14,Teens,2020,Thrillers
s2017,Movie,TV-14,Teens,2020,Dramas
s2017,Movie,TV-14,Teens,2020,International Movies
s2018,Movie,TV-14,Teens,2020,Dramas
s2018,Movie,TV-14,Teens,2020,International Movies
s2019,Movie,TV-PG,Teens,2020,Dramas
s2019,Movie,TV-PG,Teens,2020,International Movies
s2020,Movie,TV-PG,Teens,2020,Comedies
s2020,Movie,TV-PG,Teens,2020,Dramas
s2020,Movie,TV-PG,Teens,2020,International Movies
s2021,Movie,TV-G,Kids,2020,Children & Family Movies
s2021,Movie,TV-G,Kids,2020,Dramas
s2021,Movie,TV-G,Kids,2020,International Movies
s2022,TV Show,TV-14,Teens,2020,TV Dramas
s2023,TV Show,TV-G,Kids,2020,Kids' TV
s2023,TV Show,TV-G,Kids,2020,TV Comedies
s2024,Movie,TV-MA,Adults,2020,Dramas
s2024,Movie,TV-MA,Adults,2020,International Movies
s2024,Movie,TV-MA,Adults,2020,Romantic Movies
s2025,Movie,TV-MA,Adults,2020,Comedies
s2025,Movie,TV-MA,Adults,2020,International Movies
s2025,Movie,TV-MA,Adults,2020,Romantic Movies
s2026,Movie,TV-14,Teens,2020,Comedies
s2026,Movie,TV-14,Teens,2020,Dramas
s2026,Movie,TV-14,Teens,2020,International Movies
s2027,Movie,TV-14,Teens,2020,Comedies
s2027,Movie,TV-14,Teens,2020,Dramas
s2027,Movie,TV-14,Teens,2020,International Movies
s2028,Movie,TV-G,Kids,2020,Children & Family Movies
s2029,Movie,TV-14,Teens,2020,Dramas
s2029,Movie,TV-14,Teens,2020,International Movies
s2029,Movie,TV-14,Teens,2020,Thrillers
s2030,Movie,TV-MA,Adults,2020,Comedies
s2030,Movie,TV-MA,Adults,2020,Horror Movies
s2031,Movie,TV-14,Teens,2020,Comedies
s2031,Movie,TV-14,Teens,2020,Dramas
s2031,Movie,TV-14,Teens,2020,Independent Movies
s2032,Movie,TV-MA,Adults,2020,Dramas
s2032,Movie,TV-MA,Adults,2020,International Movies
s2033,TV Show,TV-PG,Teens,2020,Reality TV
s2034,TV Show,TV-MA,Adults,2020,Crime TV Shows
s2034,TV Show,TV-MA,Adults,2020,Docuseries
s2034,TV Show,TV-MA,Adults,2020,International TV Shows
s2035,Movie,TV-14,Teens,2020,Comedies
s2035,Movie,TV-14,Teens,2020,International Movies
s2035,Movie,TV-14,Teens,2020,Music & Musicals
s2036,Movie,PG-13,Adults,2020,Documentaries
s2037,Movie,TV-MA,Adults,2020,Horror Movies
s2037,Movie,TV-MA,Adults,2020,International Movies
s2037,Movie,TV-MA,Adults,2020,Thrillers
s2038,TV Show,TV-14,Teens,2020,International TV Shows
s2038,TV Show,TV-14,Teens,2020,Romantic TV Shows
s2038,TV Show,TV-14,Teens,2020,TV Dramas
s2039,Movie,TV-G,Kids,2020,Children & Family Movies
s2039,Movie,TV-G,Kids,2020,Documentaries
s2039,Movie,TV-G,Kids,2020,International Movies
s2040,Movie,TV-MA,Adults,2020,Dramas
s2040,Movie,TV-MA,Adults,2020,Independent Movies
s2040,Movie,TV-MA,Adults,2020,International Movies
s2041,TV Show,TV-Y7,Kids,2020,Kids' TV
s2042,Movie,PG,Teens,2020,Documentaries
s2043,TV Show,TV-MA,Adults,2020,TV Dramas
s2043,TV Show,TV-MA,Adults,2020,TV Sci-Fi & Fantasy
s2043,TV Show,TV-MA,Adults,2020,TV Thrillers
s2044,Movie,R,Adults,2020,Dramas
s2045,TV Show,TV-14,Teens,2020,Romantic TV Shows
s2045,TV Show,TV-14,Teens,2020,TV Dramas
s2045,TV Show,TV-14,Teens,2020,TV Sci-Fi & Fantasy
s2046,Movie,R,Adults,2020,Dramas
s2046,Movie,R,Adults,2020,Independent Movies
s2047,Movie,TV-14,Teens,2020,Comedies
s2047,Movie,TV-14,Teens,2020,Dramas
s2047,Movie,TV-14,Teens,2020,International Movies
s2048,TV Show,TV-Y7,Kids,2020,Kids' TV
s2049,Movie,TV-MA,Adults,2020,Comedies
s2049,Movie,TV-MA,Adults,2020,Dramas
s2049,Movie,TV-MA,Adults,2020,Independent Movies
s2050,Movie,TV-14,Teens,2020,Comedies
s2050,Movie,TV-14,Teens,2020,International Movies
s2050,Movie,TV-14,Teens,2020,Romantic Movies
s2051,Movie,TV-MA,Adults,2020,Stand-Up Comedy
s2052,Movie,TV-PG,Teens,2020,Dramas
s2052,Movie,TV-PG,Teens,2020,Independent Movies
s2052,Movie,TV-PG,Teens,2020,International Movies
s2053,Movie,TV-PG,Teens,2020,Comedies
s2053,Movie,TV-PG,Teens,2020,Independent Movies
s2053,Movie,TV-PG,Teens,2020,Romantic Movies
s2054,TV Show,TV-MA,Adults,2020,Crime TV Shows
s2054,TV Show,TV-MA,Adults,2020,International TV Shows
s2054,TV Show,TV-MA,Adults,2020,TV Dramas
s2055,TV Show,TV-14,Teens,2020,Docuseries
s2055,TV Show,TV-14,Teens,2020,Reality TV
s2056,Movie,TV-MA,Adults,2020,Dramas
s2056,Movie,TV-MA,Adults,2020,Independent Movies
s2056,Movie,TV-MA,Adults,2020,International Movies
s2057,Movie,PG,Teens,2020,Children & Family Movies
s2057,Movie,PG,Teens,2020,Comedies
s2058,Movie,TV-G,Kids,2020,Documentaries
s2058,Movie,TV-G,Kids,2020,International Movies
s2058,Movie,TV-G,Kids,2020,Music & Musicals
s2059,TV Show,TV-MA,Adults,2020,Docuseries
s2059,TV Show,TV-MA,Adults,2020,TV Sci-Fi & Fantasy
s2060,Movie,PG-13,Adults,2020,Action & Adventure
s2060,Movie,PG-13,Adults,2020,Dramas
s2060,Movie,PG-13,Adults,2020,Romantic Movies
s2061,Movie,TV-14,Teens,2020,International Movies
s2061,Movie,TV-14,Teens,2020,Romantic Movies
s2062,Movie,TV-Y,Kids,2020,Children & Family Movies
s2062,Movie,TV-Y,Kids,2020,Music & Musicals
s2063,TV Show,TV-MA,Adults,2020,Anime Series
s2063,TV Show,TV-MA,Adults,2020,International TV Shows
s2064,TV Show,TV-Y,Kids,2020,Kids' TV
s2065,TV Show,TV-MA,Adults,2020,International TV Shows
s2065,TV Show,TV-MA,Adults,2020,TV Dramas
s2066,Movie,TV-PG,Teens,2020,Anime Features
s2066,Movie,TV-PG,Teens,2020,International Movies
s2067,TV Show,TV-14,Teens,2020,Anime Series
s2067,TV Show,TV-14,Teens,2020,International TV Shows
s2067,TV Show,TV-14,Teens,2020,TV Thrillers
s2068,Movie,TV-14,Teens,2020,Action & Adventure
s2068,Movie,TV-14,Teens,2020,Anime Features
s2068,Movie,TV-14,Teens,2020,International Movies
s2069,TV Show,TV-MA,Adults,2020,Stand-Up Comedy & Talk Shows
s2069,TV Show,TV-MA,Adults,2020,TV Comedies
s2070,TV Show,TV-MA,Adults,2020,International TV Shows
s2070,TV Show,TV-MA,Adults,2020,TV Comedies
s2071,TV Show,TV-Y7,Kids,2020,Kids' TV
s2072,Movie,PG,Teens,2020,Children & Family Movies
s2072,Movie,PG,Teens,2020,Comedies
s2073,Movie,R,Adults,2020,Comedies
s2074,TV Show,TV-PG,Teens,2020,TV Comedies
s2074,TV Show,TV-PG,Teens,2020,Teen TV Shows
s2075,Movie,TV-14,Teens,2020,Comedies
s2075,Movie,TV-14,Teens,2020,Dramas
s2075,Movie,TV-14,Teens,2020,International Movies
s2076,Movie,TV-MA,Adults,2020,Documentaries
s2076,Movie,TV-MA,Adults,2020,International Movies
s2076,Movie,TV-MA,Adults,2020,Sports Movies
s2077,Movie,TV-Y7,Kids,2020,Children & Family Movies
s2077,Movie,TV-Y7,Kids,2020,Comedies
s2078,Movie,TV-MA,Adults,2020,Dramas
s2078,Movie,TV-MA,Adults,2020,International Movies
s2078,Movie,TV-MA,Adults,2020,Sports Movies
s2079,TV Show,TV-14,Teens,2020,Anime Series
s2079,TV Show,TV-14,Teens,2020,International TV Shows
s2079,TV Show,TV-14,Teens,2020,TV Thrillers
s2080,Movie,PG,Teens,2020,Children & Family Movies
s2080,Movie,PG,Teens,2020,Comedies
s2081,TV Show,TV-Y,Kids,2020,British TV Shows
s2081,TV Show,TV-Y,Kids,2020,Classic & Cult TV
s2081,TV Show,TV-Y,Kids,2020,Kids' TV
s2082,Movie,TV-Y,Kids,2020,Children & Family Movies
s2083,Movie,TV-14,Teens,2020,Comedies
s2083,Movie,TV-14,Teens,2020,International Movies
s2083,Movie,TV-14,Teens,2020,Romantic Movies
s2084,Movie,TV-MA,Adults,2020,Action & Adventure
s2085,Movie,PG,Teens,2020,Dramas
s2086,TV Show,TV-MA,Adults,2020,British TV Shows
s2086,TV Show,TV-MA,Adults,2020,Crime TV Shows
s2086,TV Show,TV-MA,Adults,2020,Docuseries
s2087,TV Show,TV-MA,Adults,2020,International TV Shows
s2087,TV Show,TV-MA,Adults,2020,TV Comedies
s2087,TV Show,TV-MA,Adults,2020,TV Dramas
s2088,Movie,TV-MA,Adults,2020,Action & Adventure
s2088,Movie,TV-MA,Adults,2020,International Movies
s2089,Movie,TV-MA,Adults,2020,International Movies
s2089,Movie,TV-MA,Adults,2020,Thrillers
s2090,TV Show,TV-14,Teens,2020,Anime Series
s2090,TV Show,TV-14,Teens,2020,International TV Shows
s2091,Movie,TV-MA,Adults,2020,Comedies
s2091,Movie,TV-MA,Adults,2020,Dramas
s2091,Movie,TV-MA,Adults,2020,Independent Movies
s2092,Movie,TV-MA,Adults,2020,Horror Movies
s2092,Movie,TV-MA,Adults,2020,International Movies
s2092,Movie,TV-MA,Adults,2020,Thrillers
s2093,Movie,PG-13,Adults,2020,Dramas
s2093,Movie,PG-13,Adults,2020,Faith & Spirituality
s2094,TV Show,TV-MA,Adults,2020,International TV Shows
s2094,TV Show,TV-MA,Adults,2020,Spanish-Language TV Shows
s2094,TV Show,TV-MA,Adults,2020,TV Dramas
s2095,Movie,TV-MA,Adults,2020,Dramas
s2095,Movie,TV-MA,Adults,2020,International Movies
s2095,Movie,TV-MA,Adults,2020,LGBTQ Movies
s2096,Movie,TV-MA,Adults,2020,Documentaries
s2097,TV Show,TV-MA,Adults,2020,Reality TV
s2098,Movie,PG-13,Adults,2020,Documentaries
s2098,Movie,PG-13,Adults,2020,International Movies
s2098,Movie,PG-13,Adults,2020,Sports Movies
s2099,TV Show,TV-Y,Kids,2020,Kids' TV
s2100,TV Show,TV-MA,Adults,2020,TV Dramas
s2100,TV Show,TV-MA,Adults,2020,Teen TV Shows
s2101,Movie,PG-13,Adults,2020,Dramas
s2101,Movie,PG-13,Adults,2020,Thrillers
s2102,TV Show,TV-MA,Adults,2020,British TV Shows
s2102,TV Show,TV-MA,Adults,2020,Reality TV
s2102,TV Show,TV-MA,Adults,2020,Romantic TV Shows
s2103,TV Show,TV-G,Kids,2020,International TV Shows
s2103,TV Show,TV-G,Kids,2020,TV Comedies
s2104,Movie,TV-14,Teens,2020,Dramas
s2104,Movie,TV-14,Teens,2020,International Movies
s2104,Movie,TV-14,Teens,2020,Thrillers
s2105,Movie,TV-MA,Adults,2020,Horror Movies
s2105,Movie,TV-MA,Adults,2020,Independent Movies
s2105,Movie,TV-MA,Adults,2020,International Movies
s2106,TV Show,TV-MA,Adults,2020,TV Comedies
s2107,TV Show,TV-14,Teens,2020,International TV Shows
s2107,TV Show,TV-14,Teens,2020,Reality TV
s2108,Movie,TV-PG,Teens,2020,Action & Adventure
s2108,Movie,TV-PG,Teens,2020,Children & Family Movies
s2108,Movie,TV-PG,Teens,2020,Comedies
s2109,TV Show,TV-MA,Adults,2020,International TV Shows
s2109,TV Show,TV-MA,Adults,2020,TV Horror
s2109,TV Show,TV-MA,Adults,2020,TV Mysteries
s2110,Movie,TV-PG,Teens,2020,Documentaries
s2110,Movie,TV-PG,Teens,2020,LGBTQ Movies
s2111,Movie,TV-MA,Adults,2020,Comedies
s2111,Movie,TV-MA,Adults,2020,International Movies
s2112,Movie,TV-14,Teens,2020,Dramas
s2112,Movie,TV-14,Teens,2020,International Movies
s2113,TV Show,TV-14,Teens,2020,Reality TV
s2114,TV Show,TV-14,Teens,2020,Docuseries
s2114,TV Show,TV-14,Teens,2020,Science & Nature TV
s2115,Movie,TV-Y7,Kids,2020,Children & Family Movies
s2115,Movie,TV-Y7,Kids,2020,Comedies
s2116,Movie,R,Adults,2020,Comedies
s2117,Movie,TV-PG,Teens,2020,Comedies
s2117,Movie,TV-PG,Teens,2020,Dramas
s2117,Movie,TV-PG,Teens,2020,International Movies
s2118,Movie,TV-PG,Teens,2020,Comedies
s2118,Movie,TV-PG,Teens,2020,Dramas
s2118,Movie,TV-PG,Teens,2020,International Movies
s2119,TV Show,TV-Y7,Kids,2020,Kids' TV
s2120,Movie,TV-PG,Teens,2020,Documentaries
s2120,Movie,TV-PG,Teens,2020,Faith & Spirituality
s2120,Movie,TV-PG,Teens,2020,International Movies
s2121,Movie,PG-13,Adults,2020,Dramas
s2121,Movie,PG-13,Adults,2020,International Movies
s2121,Movie,PG-13,Adults,2020,Music & Musicals
s2122,Movie,PG-13,Adults,2020,Action & Adventure
s2122,Movie,PG-13,Adults,2020,Sci-Fi & Fantasy
s2123,TV Show,TV-MA,Adults,2020,Crime TV Shows
s2123,TV Show,TV-MA,Adults,2020,International TV Shows
s2123,TV Show,TV-MA,Adults,2020,Korean TV Shows
s2124,TV Show,TV-PG,Teens,2020,International TV Shows
s2124,TV Show,TV-PG,Teens,2020,Romantic TV Shows
s2124,TV Show,TV-PG,Teens,2020,TV Dramas
s2125,TV Show,TV-MA,Adults,2020,International TV Shows
s2125,TV Show,TV-MA,Adults,2020,TV Comedies
s2125,TV Show,TV-MA,Adults,2020,TV Dramas
s2126,TV Show,TV-14,Teens,2020,International TV Shows
s2126,TV Show,TV-14,Teens,2020,TV Dramas
s2127,Movie,TV-PG,Teens,2020,Comedies
s2127,Movie,TV-PG,Teens,2020,International Movies
s2127,Movie,TV-PG,Teens,2020,Music & Musicals
s2128,TV Show,TV-MA,Adults,2020,International TV Shows
s2128,TV Show,TV-MA,Adults,2020,TV Dramas
s2128,TV Show,TV-MA,Adults,2020,TV Sci-Fi & Fantasy
s2129,Movie,TV-G,Kids,2020,Documentaries
s2129,Movie,TV-G,Kids,2020,International Movies
s2129,Movie,TV-G,Kids,2020,Sports Movies
s2130,Movie,TV-Y7,Kids,2020,Children & Family Movies
s2130,Movie,TV-Y7,Kids,2020,Comedies
s2131,Movie,TV-MA,Adults,2020,Dramas
s2131,Movie,TV-MA,Adults,2020,Independent Movies
s2132,Movie,TV-Y,Kids,2020,Children & Family Movies
s2133,Movie,R,Adults,2020,Action & Adventure
s2134,TV Show,TV-MA,Adults,2020,Crime TV Shows
s2134,TV Show,TV-MA,Adults,2020,TV Comedies
s2134,TV Show,TV-MA,Adults,2020,TV Dramas
s2135,TV Show,TV-MA,Adults,2020,Crime TV Shows
s2135,TV Show,TV-MA,Adults,2020,International TV Shows
s2135,TV Show,TV-MA,Adults,2020,Spanish-Language TV Shows
s2136,TV Show,TV-Y7,Kids,2020,Kids' TV
s2136,TV Show,TV-Y7,Kids,2020,TV Action & Adventure
s2136,TV Show,TV-Y7,Kids,2020,TV Sci-Fi & Fantasy
s2137,TV Show,TV-Y7,Kids,2020,Anime Series
s2137,TV Show,TV-Y7,Kids,2020,Kids' TV
s2138,Movie,TV-MA,Adults,2020,Comedies
s2138,Movie,TV-MA,Adults,2020,Dramas
s2138,Movie,TV-MA,Adults,2020,International Movies
s2139,Movie,R,Adults,2020,Dramas
s2139,Movie,R,Adults,2020,Independent Movies
s2140,Movie,TV-MA,Adults,2020,Dramas
s2140,Movie,TV-MA,Adults,2020,Independent Movies
s2140,Movie,TV-MA,Adults,2020,Thrillers
s2141,TV Show,TV-MA,Adults,2020,Reality TV
s2142,Movie,TV-14,Teens,2020,Action & Adventure
s2142,Movie,TV-14,Teens,2020,Dramas
s2142,Movie,TV-14,Teens,2020,International Movies
s2143,Movie,PG,Teens,2020,Children & Family Movies
s2143,Movie,PG,Teens,2020,Comedies
s2143,Movie,PG,Teens,2020,Sci-Fi & Fantasy
s2144,Movie,TV-MA,Adults,2020,Stand-Up Comedy
s2145,TV Show,TV-G,Kids,2020,Kids' TV
s2145,TV Show,TV-G,Kids,2020,TV Comedies
s2146,TV Show,TV-MA,Adults,2020,International TV Shows
s2146,TV Show,TV-MA,Adults,2020,Reality TV
s2147,Movie,PG-13,Adults,2020,Dramas
s2147,Movie,PG-13,Adults,2020,Romantic Movies
s2148,Movie,TV-14,Teens,2020,Dramas
s2148,Movie,TV-14,Teens,2020,International Movies
s2149,TV Show,TV-14,Teens,2020,International TV Shows
s2149,TV Show,TV-14,Teens,2020,TV Dramas
s2150,Movie,R,Adults,2020,Horror Movies
s2150,Movie,R,Adults,2020,Thrillers
s2151,Movie,TV-MA,Adults,2020,Comedies
s2151,Movie,TV-MA,Adults,2020,International Movies
s2152,TV Show,TV-MA,Adults,2020,Crime TV Shows
s2152,TV Show,TV-MA,Adults,2020,International TV Shows
s2152,TV Show,TV-MA,Adults,2020,Spanish-Language TV Shows
s2153,TV Show,TV-MA,Adults,2020,Reality TV
s2154,TV Show,TV-PG,Teens,2020,International TV Shows
s2154,TV Show,TV-PG,Teens,2020,Reality TV
s2155,Movie,TV-14,Teens,2020,Documentaries
s2156,Movie,TV-Y,Kids,2020,Children & Family Movies
s2157,TV Show,TV-PG,Teens,2020,Docuseries
s2157,TV Show,TV-PG,Teens,2020,Science & Nature TV
s2157,TV Show,TV-PG,Teens,2020,TV Action & Adventure
s2158,TV Show,TV-Y7,Kids,2020,Kids' TV
s2158,TV Show,TV-Y7,Kids,2020,TV Action & Adventure
s2158,TV Show,TV-Y7,Kids,2020,TV Sci-Fi & Fantasy
s2159,TV Show,TV-Y,Kids,2020,Kids' TV
s2160,Movie,TV-14,Teens,2020,Comedies
s2161,TV Show,TV-Y7,Kids,2020,Kids' TV
s2162,Movie,TV-PG,Teens,2020,Documentaries
s2162,Movie,TV-PG,Teens,2020,International Movies
s2162,Movie,TV-PG,Teens,2020,Music & Musicals
s2163,TV Show,TV-MA,Adults,2020,International TV Shows
s2163,TV Show,TV-MA,Adults,2020,TV Dramas
s2163,TV Show,TV-MA,Adults,2020,TV Mysteries
s2164,Movie,TV-14,Teens,2020,Documentaries
s2164,Movie,TV-14,Teens,2020,International Movies
s2164,Movie,TV-14,Teens,2020,Sports Movies
s2165,Movie,TV-14,Teens,2020,International Movies
s2165,Movie,TV-14,Teens,2020,Thrillers
s2166,TV Show,TV-14,Teens,2020,Crime TV Shows
s2166,TV Show,TV-14,Teens,2020,Docuseries
s2166,TV Show,TV-14,Teens,2020,International TV Shows
s2167,Movie,TV-Y,Kids,2020,Children & Family Movies
s2168,Movie,TV-G,Kids,2020,Children & Family Movies
s2168,Movie,TV-G,Kids,2020,Comedies
s2169,TV Show,TV-PG,Teens,2020,Docuseries
s2169,TV Show,TV-PG,Teens,2020,International TV Shows
s2169,TV Show,TV-PG,Teens,2020,Science & Nature TV
s2170,Movie,TV-MA,Adults,2020,Stand-Up Comedy
s2171,TV Show,TV-MA,Adults,2020,Docuseries
s2172,Movie,TV-MA,Adults,2020,Comedies
s2172,Movie,TV-MA,Adults,2020,Dramas
s2172,Movie,TV-MA,Adults,2020,Independent Movies
s2173,Movie,R,Adults,2020,Comedies
s2174,TV Show,TV-PG,Teens,2020,TV Comedies
s2174,TV Show,TV-PG,Teens,2020,Teen TV Shows
s2175,TV Show,TV-G,Kids,2020,Kids' TV
s2176,TV Show,TV-14,Teens,2020,Anime Series
s2176,TV Show,TV-14,Teens,2020,Romantic TV Shows
s2176,TV Show,TV-14,Teens,2020,Teen TV Shows
s2177,Movie,R,Adults,2020,Action & Adventure
s2178,Movie,TV-Y,Kids,2020,Children & Family Movies
s2179,TV Show,TV-G,Kids,2020,Kids' TV
s2179,TV Show,TV-G,Kids,2020,Reality TV
s2179,TV Show,TV-G,Kids,2020,TV Dramas
s2180,Movie,R,Adults,2020,Dramas
s2180,Movie,R,Adults,2020,Romantic Movies
s2181,TV Show,TV-14,Teens,2020,Anime Series
s2181,TV Show,TV-14,Teens,2020,International TV Shows
s2181,TV Show,TV-14,Teens,2020,Romantic TV Shows
s2182,TV Show,TV-Y,Kids,2020,Kids' TV
s2183,Movie,TV-MA,Adults,2020,Stand-Up Comedy
s2184,Movie,R,Adults,2020,LGBTQ Movies
s2184,Movie,R,Adults,2020,Thrillers
s2185,TV Show,TV-PG,Teens,2020,British TV Shows
s2185,TV Show,TV-PG,Teens,2020,Crime TV Shows
s2185,TV Show,TV-PG,Teens,2020,International TV Shows
s2186,Movie,TV-Y,Kids,2020,Children & Family Movies
s2186,Movie,TV-Y,Kids,2020,Comedies
s2187,Movie,TV-MA,Adults,2020,Dramas
s2187,Movie,TV-MA,Adults,2020,International Movies
s2187,Movie,TV-MA,Adults,2020,Thrillers
s2188,Movie,TV-MA,Adults,2020,Comedies
s2188,Movie,TV-MA,Adults,2020,International Movies
s2188,Movie,TV-MA,Adults,2020,Romantic Movies
s2189,Movie,TV-G,Kids,2020,Children & Family Movies
s2190,TV Show,TV-PG,Teens,2020,Reality TV
s2191,TV Show,TV-14,Teens,2020,TV Action & Adventure
s2191,TV Show,TV-14,Teens,2020,TV Mysteries
s2191,TV Show,TV-14,Teens,2020,TV Sci-Fi & Fantasy
s2192,Movie,TV-MA,Adults,2020,Dramas
s2192,Movie,TV-MA,Adults,2020,International Movies
s2193,TV Show,TV-Y7,Kids,2020,Anime Series
s2194,Movie,TV-MA,Adults,2020,Comedies
s2194,Movie,TV-MA,Adults,2020,Dramas
s2194,Movie,TV-MA,Adults,2020,Independent Movies
s2195,TV Show,TV-MA,Adults,2020,International TV Shows
s2195,TV Show,TV-MA,Adults,2020,Romantic TV Shows
s2195,TV Show,TV-MA,Adults,2020,TV Comedies
s2196,Movie,TV-MA,Adults,2020,Comedies
s2196,Movie,TV-MA,Adults,2020,International Movies
s2196,Movie,TV-MA,Adults,2020,Romantic Movies
s2197,Movie,TV-MA,Adults,2020,Dramas
s2197,Movie,TV-MA,Adults,2020,International Movies
s2197,Movie,TV-MA,Adults,2020,Thrillers
s2198,Movie,TV-MA,Adults,2020,Dramas
s2198,Movie,TV-MA,Adults,2020,Independent Movies
s2198,Movie,TV-MA,Adults,2020,International Movies
s2199,Movie,TV-MA,Adults,2020,Dramas
s2199,Movie,TV-MA,Adults,2020,International Movies
s2199,Movie,TV-MA,Adults,2020,Thrillers
s2200,Movie,TV-PG,Teens,2020,Documentaries
s2201,Movie,TV-MA,Adults,2020,Documentaries
s2202,TV Show,TV-MA,Adults,2020,Docuseries
s2203,Movie,TV-MA,Adults,2020,Comedies
s2203,Movie,TV-MA,Adults,2020,Dramas
s2203,Movie,TV-MA,Adults,2020,Independent Movies
s2204,TV Show,TV-MA,Adults,2020,TV Comedies
s2204,TV Show,TV-MA,Adults,2020,TV Dramas
s2205,Movie,TV-14,Teens,2020,Comedies
s2205,Movie,TV-14,Teens,2020,International Movies
s2206,Movie,TV-14,Teens,2020,Action & Adventure
s2206,Movie,TV-14,Teens,2020,International Movies
s2207,Movie,TV-MA,Adults,2020,Dramas
s2207,Movie,TV-MA,Adults,2020,Independent Movies
s2207,Movie,TV-MA,Adults,2020,International Movies
s2208,Movie,TV-Y7,Kids,2020,Children & Family Movies
s2208,Movie,TV-Y7,Kids,2020,Comedies
s2209,Movie,TV-Y,Kids,2020,Children & Family Movies
s2209,Movie,TV-Y,Kids,2020,Comedies
s2210,Movie,TV-MA,Adults,2020,Dramas
s2210,Movie,TV-MA,Adults,2020,International Movies
s2211,Movie,TV-MA,Adults,2020,International Movies
s2211,Movie,TV-MA,Adults,2020,Thrillers
s2212,Movie,TV-MA,Adults,2020,Dramas
s2212,Movie,TV-MA,Adults,2020,International Movies
s2212,Movie,TV-MA,Adults,2020,Romantic Movies
s2213,TV Show,TV-G,Kids,2020,International TV Shows
s2213,TV Show,TV-G,Kids,2020,Reality TV
s2213,TV Show,TV-G,Kids,2020,Spanish-Language TV Shows
s2214,Movie,TV-14,Teens,2020,Comedies
s2214,Movie,TV-14,Teens,2020,Romantic Movies
s2215,TV Show,TV-14,Teens,2020,Docuseries
s2216,Movie,TV-Y7,Kids,2020,Children & Family Movies
s2216,Movie,TV-Y7,Kids,2020,Comedies
s2217,Movie,TV-PG,Teens,2020,Dramas
s2217,Movie,TV-PG,Teens,2020,International Movies
s2218,TV Show,TV-MA,Adults,2020,Crime TV Shows
s2218,TV Show,TV-MA,Adults,2020,Docuseries
s2219,TV Show,TV-MA,Adults,2020,International TV Shows
s2219,TV Show,TV-MA,Adults,2020,TV Comedies
s2220,Movie,TV-MA,Adults,2020,Documentaries
s2220,Movie,TV-MA,Adults,2020,Music & Musicals
s2221,Movie,TV-MA,Adults,2020,Action & Adventure
s2221,Movie,TV-MA,Adults,2020,Dramas
s2221,Movie,TV-MA,Adults,2020,International Movies
s2222,Movie,TV-MA,Adults,2020,Stand-Up Comedy
s2223,TV Show,TV-PG,Teens,2020,Docuseries
s2223,TV Show,TV-PG,Teens,2020,Spanish-Language TV Shows
s2224,TV Show,TV-MA,Adults,2020,British TV Shows
s2224,TV Show,TV-MA,Adults,2020,Crime TV Shows
s2224,TV Show,TV-MA,Adults,2020,Docuseries
s2225,Movie,TV-14,Teens,2020,Dramas
s2225,Movie,TV-14,Teens,2020,International Movies
s2226,TV Show,TV-Y,Kids,2020,Kids' TV
s2227,TV Show,TV-MA,Adults,2020,Reality TV
s2227,TV Show,TV-MA,Adults,2020,Romantic TV Shows
s2228,TV Show,TV-MA,Adults,2020,TV Action & Adventure
s2228,TV Show,TV-MA,Adults,2020,TV Dramas
s2228,TV Show,TV-MA,Adults,2020,TV Sci-Fi & Fantasy
s2229,Movie,R,Adults,2020,Documentaries
s2230,TV Show,TV-14,Teens,2020,Crime TV Shows
s2230,TV Show,TV-14,Teens,2020,TV Dramas
s2231,TV Show,TV-MA,Adults,2020,International TV Shows
s2231,TV Show,TV-MA,Adults,2020,TV Dramas
s2231,TV Show,TV-MA,Adults,2020,TV Mysteries
s2232,Movie,TV-MA,Adults,2020,Comedies
s2232,Movie,TV-MA,Adults,2020,International Movies
s2233,Movie,TV-14,Teens,2020,Thrillers
s2234,Movie,TV-MA,Adults,2020,Comedies
s2234,Movie,TV-MA,Adults,2020,International Movies
s2234,Movie,TV-MA,Adults,2020,Romantic Movies
s2235,Movie,TV-14,Teens,2020,Dramas
s2235,Movie,TV-14,Teens,2020,International Movies
s2235,Movie,TV-14,Teens,2020,Romantic Movies
s2236,TV Show,TV-MA,Adults,2020,Crime TV Shows
s2236,TV Show,TV-MA,Adults,2020,International TV Shows
s2236,TV Show,TV-MA,Adults,2020,Spanish-Language TV Shows
s2237,Movie,TV-Y7,Kids,2020,Children & Family Movies
s2237,Movie,TV-Y7,Kids,2020,Comedies
s2238,TV Show,TV-MA,Adults,2020,Reality TV
s2238,TV Show,TV-MA,Adults,2020,Science & Nature TV
s2239,TV Show,TV-Y,Kids,2020,British TV Shows
s2239,TV Show,TV-Y,Kids,2020,Kids' TV
s2239,TV Show,TV-Y,Kids,2020,TV Comedies
s2240,Movie,TV-14,Teens,2020,Dramas
s2240,Movie,TV-14,Teens,2020,International Movies
s2240,Movie,TV-14,Teens,2020,Thrillers
s2241,Movie,TV-MA,Adults,2020,Comedies
s2241,Movie,TV-MA,Adults,2020,International Movies
s2242,TV Show,TV-MA,Adults,2020,Docuseries
s2243,Movie,TV-MA,Adults,2020,Stand-Up Comedy
s2244,Movie,TV-MA,Adults,2020,Documentaries
s2244,Movie,TV-MA,Adults,2020,International Movies
s2244,Movie,TV-MA,Adults,2020,Music & Musicals
s2245,Movie,TV-MA,Adults,2020,Dramas
s2245,Movie,TV-MA,Adults,2020,International Movies
s2246,TV Show,TV-14,Teens,2020,International TV Shows
s2246,TV Show,TV-14,Teens,2020,Reality TV
s2246,TV Show,TV-14,Teens,2020,Romantic TV Shows
s2247,TV Show,TV-PG,Teens,2020,Docuseries
s2247,TV Show,TV-PG,Teens,2020,Reality TV
s2247,TV Show,TV-PG,Teens,2020,Science & Nature TV
s2248,Movie,TV-14,Teens,2020,Comedies
s2248,Movie,TV-14,Teens,2020,International Movies
s2249,Movie,TV-14,Teens,2020,Documentaries
s2250,TV Show,TV-Y7,Kids,2020,Kids' TV
s2250,TV Show,TV-Y7,Kids,2020,TV Action & Adventure
s2250,TV Show,TV-Y7,Kids,2020,TV Comedies
s2251,Movie,R,Adults,2020,Action & Adventure
s2252,TV Show,TV-MA,Adults,2020,Crime TV Shows
s2252,TV Show,TV-MA,Adults,2020,International TV Shows
s2252,TV Show,TV-MA,Adults,2020,TV Dramas
s2253,Movie,TV-G,Kids,2020,Comedies
s2253,Movie,TV-G,Kids,2020,International Movies
s2254,TV Show,TV-MA,Adults,2020,Anime Series
s2254,TV Show,TV-MA,Adults,2020,International TV Shows
s2255,TV Show,TV-MA,Adults,2020,International TV Shows
s2255,TV Show,TV-MA,Adults,2020,Romantic TV Shows
s2255,TV Show,TV-MA,Adults,2020,TV Action & Adventure
s2256,TV Show,TV-14,Teens,2020,International TV Shows
s2256,TV Show,TV-14,Teens,2020,Korean TV Shows
s2256,TV Show,TV-14,Teens,2020,Romantic TV Shows
s2257,Movie,R,Adults,2020,Documentaries
s2257,Movie,R,Adults,2020,Sports Movies
s2258,Movie,TV-14,Teens,2020,Documentaries
s2258,Movie,TV-14,Teens,2020,LGBTQ Movies
s2259,TV Show,TV-MA,Adults,2020,International TV Shows
s2259,TV Show,TV-MA,Adults,2020,TV Dramas
s2260,Movie,R,Adults,2020,Comedies
s2260,Movie,R,Adults,2020,Independent Movies
s2261,Movie,PG,Teens,2020,Children & Family Movies
s2262,Movie,TV-MA,Adults,2020,Stand-Up Comedy
s2263,Movie,TV-MA,Adults,2020,Documentaries
s2263,Movie,TV-MA,Adults,2020,Sports Movies
s2264,Movie,TV-MA,Adults,2020,International Movies
s2264,Movie,TV-MA,Adults,2020,Music & Musicals
s2265,Movie,TV-14,Teens,2020,Comedies
s2265,Movie,TV-14,Teens,2020,International Movies
s2265,Movie,TV-14,Teens,2020,Music & Musicals
s2266,Movie,TV-14,Teens,2020,Action & Adventure
s2266,Movie,TV-14,Teens,2020,Comedies
s2266,Movie,TV-14,Teens,2020,Dramas
s2267,Movie,TV-14,Teens,2020,Dramas
s2267,Movie,TV-14,Teens,2020,International Movies
s2267,Movie,TV-14,Teens,2020,Romantic Movies
s2268,Movie,TV-MA,Adults,2020,Dramas
s2268,Movie,TV-MA,Adults,2020,International Movies
s2269,Movie,TV-14,Teens,2020,Action & Adventure
s2269,Movie,TV-14,Teens,2020,Comedies
s2269,Movie,TV-14,Teens,2020,Dramas
s2270,Movie,TV-MA,Adults,2020,Dramas
s2270,Movie,TV-MA,Adults,2020,Independent Movies
s2270,Movie,TV-MA,Adults,2020,International Movies
s2271,Movie,TV-14,Teens,2020,Comedies
s2271,Movie,TV-14,Teens,2020,International Movies
s2271,Movie,TV-14,Teens,2020,Music & Musicals
s2272,Movie,TV-PG,Teens,2020,Comedies
s2272,Movie,TV-PG,Teens,2020,Dramas
s2272,Movie,TV-PG,Teens,2020,International Movies
s2273,Movie,TV-14,Teens,2020,Dramas
s2273,Movie,TV-14,Teens,2020,International Movies
s2273,Movie,TV-14,Teens,2020,Thrillers
s2274,Movie,TV-14,Teens,2020,Action & Adventure
s2274,Movie,TV-14,Teens,2020,Dramas
s2274,Movie,TV-14,Teens,2020,International Movies
s2275,Movie,TV-14,Teens,2020,Action & Adventure
s2275,Movie,TV-14,Teens,2020,Comedies
s2275,Movie,TV-14,Teens,2020,International Movies
s2276,TV Show,TV-MA,Adults,2020,International TV Shows
s2276,TV Show,TV-MA,Adults,2020,Romantic TV Shows
s2276,TV Show,TV-MA,Adults,2020,TV Comedies
s2277,Movie,TV-MA,Adults,2020,Dramas
s2277,Movie,TV-MA,Adults,2020,International Movies
s2277,Movie,TV-MA,Adults,2020,Romantic Movies
s2278,Movie,TV-14,Teens,2020,Dramas
s2278,Movie,TV-14,Teens,2020,International Movies
s2278,Movie,TV-14,Teens,2020,Thrillers
s2279,Movie,TV-PG,Teens,2020,Dramas
s2279,Movie,TV-PG,Teens,2020,International Movies
s2279,Movie,TV-PG,Teens,2020,Sports Movies
s2280,Movie,TV-MA,Adults,2020,Dramas
s2280,Movie,TV-MA,Adults,2020,Independent Movies
s2280,Movie,TV-MA,Adults,2020,International Movies
s2281,Movie,TV-MA,Adults,2020,Comedies
s2281,Movie,TV-MA,Adults,2020,International Movies
s2281,Movie,TV-MA,Adults,2020,Romantic Movies
s2282,Movie,TV-PG,Teens,2020,Comedies
s2282,Movie,TV-PG,Teens,2020,Dramas
s2282,Movie,TV-PG,Teens,2020,International Movies
s2283,Movie,TV-14,Teens,2020,Comedies
s2283,Movie,TV-14,Teens,2020,Dramas
s2283,Movie,TV-14,Teens,2020,International Movies
s2284,Movie,TV-MA,Adults,2020,Dramas
s2284,Movie,TV-MA,Adults,2020,Independent Movies
s2284,Movie,TV-MA,Adults,2020,Romantic Movies
s2285,Movie,TV-14,Teens,2020,Dramas
s2285,Movie,TV-14,Teens,2020,Independent Movies
s2285,Movie,TV-14,Teens,2020,International Movies
s2286,Movie,TV-14,Teens,2020,Action & Adventure
s2286,Movie,TV-14,Teens,2020,International Movies
s2287,Movie,TV-MA,Adults,2020,Comedies
s2287,Movie,TV-MA,Adults,2020,Dramas
s2287,Movie,TV-MA,Adults,2020,International Movies
s2288,Movie,TV-MA,Adults,2020,Comedies
s2288,Movie,TV-MA,Adults,2020,Dramas
s2288,Movie,TV-MA,Adults,2020,International Movies
s2289,Movie,TV-MA,Adults,2020,Action & Adventure
s2289,Movie,TV-MA,Adults,2020,Dramas
s2289,Movie,TV-MA,Adults,2020,Independent Movies
s2290,Movie,TV-PG,Teens,2020,Dramas
s2290,Movie,TV-PG,Teens,2020,International Movies
s2290,Movie,TV-PG,Teens,2020,Thrillers
s2291,Movie,TV-14,Teens,2020,Comedies
s2291,Movie,TV-14,Teens,2020,Dramas
s2291,Movie,TV-14,Teens,2020,International Movies
s2292,Movie,TV-14,Teens,2020,Comedies
s2292,Movie,TV-14,Teens,2020,International Movies
s2293,TV Show,TV-Y7,Kids,2020,Kids' TV
s2293,TV Show,TV-Y7,Kids,2020,TV Comedies
s2294,TV Show,TV-MA,Adults,2020,International TV Shows
s2294,TV Show,TV-MA,Adults,2020,Romantic TV Shows
s2294,TV Show,TV-MA,Adults,2020,Spanish-Language TV Shows
s2295,Movie,TV-MA,Adults,2020,Comedies
s2295,Movie,TV-MA,Adults,2020,Romantic Movies
s2296,Movie,TV-MA,Adults,2020,Dramas
s2296,Movie,TV-MA,Adults,2020,International Movies
s2297,Movie,PG-13,Adults,2020,Documentaries
s2298,TV Show,TV-MA,Adults,2020,International TV Shows
s2298,TV Show,TV-MA,Adults,2020,TV Horror
s2298,TV Show,TV-MA,Adults,2020,TV Mysteries
s2299,TV Show,TV-PG,Teens,2020,Reality TV
s2300,TV Show,TV-G,Kids,2020,Kids' TV
s2300,TV Show,TV-G,Kids,2020,TV Dramas
s2301,Movie,TV-MA,Adults,2020,Comedies
s2301,Movie,TV-MA,Adults,2020,Dramas
s2301,Movie,TV-MA,Adults,2020,International Movies
s2302,TV Show,TV-G,Kids,2020,Reality TV
s2303,Movie,TV-MA,Adults,2020,Stand-Up Comedy
s2304,TV Show,TV-MA,Adults,2020,TV Action & Adventure
s2304,TV Show,TV-MA,Adults,2020,TV Mysteries
s2304,TV Show,TV-MA,Adults,2020,TV Sci-Fi & Fantasy
s2305,Movie,TV-14,Teens,2020,Documentaries
s2305,Movie,TV-14,Teens,2020,International Movies
s2306,TV Show,TV-MA,Adults,2020,British TV Shows
s2306,TV Show,TV-MA,Adults,2020,Reality TV
s2307,TV Show,TV-MA,Adults,2020,International TV Shows
s2307,TV Show,TV-MA,Adults,2020,TV Dramas
s2308,TV Show,TV-Y,Kids,2020,Kids' TV
s2309,Movie,TV-MA,Adults,2020,Dramas
s2309,Movie,TV-MA,Adults,2020,International Movies
s2310,Movie,TV-MA,Adults,2020,Action & Adventure
s2310,Movie,TV-MA,Adults,2020,Comedies
s2310,Movie,TV-MA,Adults,2020,International Movies
s2311,Movie,TV-MA,Adults,2020,Documentaries
s2311,Movie,TV-MA,Adults,2020,Music & Musicals
s2312,Movie,R,Adults,2020,Thrillers
s2313,Movie,TV-MA,Adults,2020,Comedies
s2313,Movie,TV-MA,Adults,2020,International Movies
s2314,TV Show,TV-14,Teens,2020,Reality TV
s2314,TV Show,TV-14,Teens,2020,Romantic TV Shows
s2315,Movie,PG-13,Adults,2020,Action & Adventure
s2315,Movie,PG-13,Adults,2020,International Movies
s2315,Movie,PG-13,Adults,2020,Romantic Movies
s2316,Movie,TV-MA,Adults,2020,Comedies
s2317,Movie,TV-14,Teens,2020,Documentaries
s2317,Movie,TV-14,Teens,2020,International Movies
s2318,Movie,R,Adults,2020,Action & Adventure
s2318,Movie,R,Adults,2020,Sci-Fi & Fantasy
s2319,TV Show,TV-Y,Kids,2020,Kids' TV
s2320,Movie,TV-MA,Adults,2020,Comedies
s2320,Movie,TV-MA,Adults,2020,International Movies
s2320,Movie,TV-MA,Adults,2020,Romantic Movies
s2321,TV Show,TV-14,Teens,2020,Anime Series
s2321,TV Show,TV-14,Teens,2020,International TV Shows
s2322,Movie,TV-MA,Adults,2020,Stand-Up Comedy
s2323,TV Show,TV-MA,Adults,2020,International TV Shows
s2323,TV Show,TV-MA,Adults,2020,TV Dramas
s2324,Movie,TV-14,Teens,2020,Action & Adventure
s2324,Movie,TV-14,Teens,2020,Dramas
s2324,Movie,TV-14,Teens,2020,International Movies
s2325,Movie,TV-G,Kids,2020,Dramas
s2325,Movie,TV-G,Kids,2020,International Movies
s2325,Movie,TV-G,Kids,2020,Romantic Movies
s2326,Movie,TV-MA,Adults,2020,Documentaries
s2326,Movie,TV-MA,Adults,2020,International Movies
s2327,Movie,TV-14,Teens,2020,Dramas
s2327,Movie,TV-14,Teens,2020,International Movies
s2328,TV Show,TV-MA,Adults,2020,Crime TV Shows
s2328,TV Show,TV-MA,Adults,2020,International TV Shows
s2328,TV Show,TV-MA,Adults,2020,TV Dramas
s2329,Movie,PG,Teens,2020,Children & Family Movies
s2329,Movie,PG,Teens,2020,Dramas
s2329,Movie,PG,Teens,2020,Independent Movies
s2330,TV Show,TV-MA,Adults,2020,International TV Shows
s2330,TV Show,TV-MA,Adults,2020,Romantic TV Shows
s2330,TV Show,TV-MA,Adults,2020,Spanish-Language TV Shows
s2331,Movie,PG-13,Adults,2020,Comedies
s2331,Movie,PG-13,Adults,2020,Music & Musicals
s2331,Movie,PG-13,Adults,2020,Romantic Movies
s2332,TV Show,TV-MA,Adults,2020,Docuseries
s2333,Movie,TV-14,Teens,2020,Comedies
s2333,Movie,TV-14,Teens,2020,International Movies
s2333,Movie,TV-14,Teens,2020,Romantic Movies
s2334,Movie,TV-MA,Adults,2020,Dramas
s2334,Movie,TV-MA,Adults,2020,Independent Movies
s2334,Movie,TV-MA,Adults,2020,International Movies
s2335,Movie,TV-MA,Adults,2020,Dramas
s2335,Movie,TV-MA,Adults,2020,International Movies
s2335,Movie,TV-MA,Adults,2020,Romantic Movies
s2336,Movie,TV-14,Teens,2020,Dramas
s2336,Movie,TV-14,Teens,2020,International Movies
s2336,Movie,TV-14,Teens,2020,Romantic Movies
s2337,Movie,TV-14,Teens,2020,Dramas
s2337,Movie,TV-14,Teens,2020,International Movies
s2338,TV Show,TV-G,Kids,2020,International TV Shows
s2338,TV Show,TV-G,Kids,2020,Korean TV Shows
s2338,TV Show,TV-G,Kids,2020,Reality TV
s2339,Movie,TV-MA,Adults,2020,International Movies
s2339,Movie,TV-MA,Adults,2020,Romantic Movies
s2340,Movie,TV-14,Teens,2020,Action & Adventure
s2340,Movie,TV-14,Teens,2020,Dramas
s2340,Movie,TV-14,Teens,2020,International Movies
s2341,Movie,TV-14,Teens,2020,Dramas
s2341,Movie,TV-14,Teens,2020,International Movies
s2341,Movie,TV-14,Teens,2020,Romantic Movies
s2342,Movie,PG-13,Adults,2020,Documentaries
s2342,Movie,PG-13,Adults,2020,Sports Movies
s2343,Movie,TV-MA,Adults,2020,Horror Movies
s2343,Movie,TV-MA,Adults,2020,International Movies
s2344,TV Show,TV-PG,Teens,2020,British TV Shows
s2344,TV Show,TV-PG,Teens,2020,International TV Shows
s2344,TV Show,TV-PG,Teens,2020,Reality TV
s2345,Movie,TV-MA,Adults,2020,Dramas
s2345,Movie,TV-MA,Adults,2020,Independent Movies
s2345,Movie,TV-MA,Adults,2020,International Movies
s2346,Movie,TV-MA,Adults,2020,Stand-Up Comedy
s2347,TV Show,TV-14,Teens,2020,Classic & Cult TV
s2347,TV Show,TV-14,Teens,2020,TV Dramas
s2347,TV Show,TV-14,Teens,2020,TV Sci-Fi & Fantasy
s2348,Movie,TV-14,Teens,2020,Dramas
s2348,Movie,TV-14,Teens,2020,Independent Movies
s2348,Movie,TV-14,Teens,2020,International Movies
s2349,Movie,TV-PG,Teens,2020,Comedies
s2349,Movie,TV-PG,Teens,2020,International Movies
s2349,Movie,TV-PG,Teens,2020,Romantic Movies
s2350,TV Show,TV-MA,Adults,2020,International TV Shows
s2350,TV Show,TV-MA,Adults,2020,Korean TV Shows
s2350,TV Show,TV-MA,Adults,2020,Romantic TV Shows
s2351,Movie,R,Adults,2020,Dramas
s2351,Movie,R,Adults,2020,Independent Movies
s2351,Movie,R,Adults,2020,Thrillers
s2352,Movie,TV-MA,Adults,2020,Dramas
s2352,Movie,TV-MA,Adults,2020,International Movies
s2353,TV Show,TV-14,Teens,2020,Docuseries
s2353,TV Show,TV-14,Teens,2020,Science & Nature TV
s2354,Movie,TV-MA,Adults,2020,Comedies
s2354,Movie,TV-MA,Adults,2020,Dramas
s2354,Movie,TV-MA,Adults,2020,International Movies
s2355,Movie,TV-14,Teens,2020,Dramas
s2355,Movie,TV-14,Teens,2020,International Movies
s2356,Movie,TV-MA,Adults,2020,Documentaries
s2356,Movie,TV-MA,Adults,2020,LGBTQ Movies
s2357,Movie,TV-G,Kids,2020,Children & Family Movies
s2357,Movie,TV-G,Kids,2020,Comedies
s2357,Movie,TV-G,Kids,2020,Dramas
s2358,TV Show,TV-PG,Teens,2020,Reality TV
s2359,Movie,TV-MA,Adults,2020,Action & Adventure
s2359,Movie,TV-MA,Adults,2020,Dramas
s2359,Movie,TV-MA,Adults,2020,International Movies
s2360,TV Show,TV-MA,Adults,2020,International TV Shows
s2360,TV Show,TV-MA,Adults,2020,Romantic TV Shows
s2360,TV Show,TV-MA,Adults,2020,TV Dramas
s2361,Movie,TV-MA,Adults,2020,Dramas
s2361,Movie,TV-MA,Adults,2020,International Movies
s2361,Movie,TV-MA,Adults,2020,Romantic Movies
s2362,Movie,TV-14,Teens,2020,Dramas
s2362,Movie,TV-14,Teens,2020,International Movies
s2363,TV Show,TV-MA,Adults,2020,TV Comedies
s2363,TV Show,TV-MA,Adults,2020,TV Dramas
s2363,TV Show,TV-MA,Adults,2020,Teen TV Shows
s2364,Movie,TV-MA,Adults,2020,Dramas
s2364,Movie,TV-MA,Adults,2020,International Movies
s2364,Movie,TV-MA,Adults,2020,Thrillers
s2365,Movie,TV-PG,Teens,2020,Anime Features
s2365,Movie,TV-PG,Teens,2020,Children & Family Movies
s2365,Movie,TV-PG,Teens,2020,International Movies
s2366,Movie,TV-MA,Adults,2020,Classic Movies
s2366,Movie,TV-MA,Adults,2020,Dramas
s2366,Movie,TV-MA,Adults,2020,International Movies
s2367,Movie,TV-MA,Adults,2020,Classic Movies
s2367,Movie,TV-MA,Adults,2020,Dramas
s2367,Movie,TV-MA,Adults,2020,International Movies
s2368,Movie,TV-MA,Adults,2020,Classic Movies
s2368,Movie,TV-MA,Adults,2020,Dramas
s2368,Movie,TV-MA,Adults,2020,Independent Movies
s2369,Movie,TV-14,Teens,2020,Classic Movies
s2369,Movie,TV-14,Teens,2020,Dramas
s2369,Movie,TV-14,Teens,2020,International Movies
s2370,Movie,TV-14,Teens,2020,Classic Movies
s2370,Movie,TV-14,Teens,2020,Dramas
s2370,Movie,TV-14,Teens,2020,International Movies
s2371,Movie,TV-PG,Teens,2020,Documentaries
s2371,Movie,TV-PG,Teens,2020,International Movies
s2371,Movie,TV-PG,Teens,2020,Sports Movies
s2372,Movie,TV-14,Teens,2020,Comedies
s2372,Movie,TV-14,Teens,2020,International Movies
s2373,Movie,TV-G,Kids,2020,Documentaries
s2373,Movie,TV-G,Kids,2020,International Movies
s2373,Movie,TV-G,Kids,2020,Music & Musicals
s2374,Movie,TV-MA,Adults,2020,Action & Adventure
s2374,Movie,TV-MA,Adults,2020,Classic Movies
s2374,Movie,TV-MA,Adults,2020,Dramas
s2375,Movie,TV-MA,Adults,2020,Dramas
s2375,Movie,TV-MA,Adults,2020,International Movies
s2375,Movie,TV-MA,Adults,2020,Romantic Movies
s2376,Movie,TV-14,Teens,2020,Classic Movies
s2376,Movie,TV-14,Teens,2020,Dramas
s2376,Movie,TV-14,Teens,2020,International Movies
s2377,Movie,TV-MA,Adults,2020,Classic Movies
s2377,Movie,TV-MA,Adults,2020,Dramas
s2377,Movie,TV-MA,Adults,2020,International Movies
s2378,Movie,PG,Teens,2020,Children & Family Movies
s2378,Movie,PG,Teens,2020,Comedies
s2379,TV Show,TV-MA,Adults,2020,International TV Shows
s2379,TV Show,TV-MA,Adults,2020,TV Dramas
s2379,TV Show,TV-MA,Adults,2020,TV Horror
s2380,Movie,R,Adults,2020,Comedies
s2380,Movie,R,Adults,2020,Independent Movies
s2381,Movie,TV-PG,Teens,2020,Children & Family Movies
s2381,Movie,TV-PG,Teens,2020,Dramas
s2381,Movie,TV-PG,Teens,2020,Faith & Spirituality
s2382,Movie,TV-14,Teens,2020,Dramas
s2382,Movie,TV-14,Teens,2020,International Movies
s2383,Movie,PG-13,Adults,2020,Horror Movies
s2383,Movie,PG-13,Adults,2020,Thrillers
s2384,TV Show,TV-PG,Teens,2020,Reality TV
s2385,Movie,TV-MA,Adults,2020,Documentaries
s2385,Movie,TV-MA,Adults,2020,Music & Musicals
s2386,Movie,PG,Teens,2020,Children & Family Movies
s2386,Movie,PG,Teens,2020,Sports Movies
s2387,Movie,TV-14,Teens,2020,Action & Adventure
s2387,Movie,TV-14,Teens,2020,Dramas
s2387,Movie,TV-14,Teens,2020,International Movies
s2388,Movie,TV-MA,Adults,2020,Dramas
s2388,Movie,TV-MA,Adults,2020,International Movies
s2388,Movie,TV-MA,Adults,2020,Thrillers
s2389,TV Show,TV-G,Kids,2020,Kids' TV
s2389,TV Show,TV-G,Kids,2020,TV Comedies
s2390,Movie,TV-14,Teens,2020,Dramas
s2390,Movie,TV-14,Teens,2020,International Movies
s2391,TV Show,TV-14,Teens,2020,Crime TV Shows
s2391,TV Show,TV-14,Teens,2020,TV Dramas
s2391,TV Show,TV-14,Teens,2020,TV Mysteries
s2392,Movie,TV-14,Teens,2020,Dramas
s2392,Movie,TV-14,Teens,2020,International Movies
s2392,Movie,TV-14,Teens,2020,Romantic Movies
s2393,Movie,TV-MA,Adults,2020,Comedies
s2393,Movie,TV-MA,Adults,2020,Dramas
s2393,Movie,TV-MA,Adults,2020,Independent Movies
s2394,Movie,R,Adults,2020,Action & Adventure
s2394,Movie,R,Adults,2020,Dramas
s2395,TV Show,TV-MA,Adults,2020,Reality TV
s2395,TV Show,TV-MA,Adults,2020,Romantic TV Shows
s2396,TV Show,TV-MA,Adults,2020,TV Comedies
s2397,TV Show,TV-MA,Adults,2020,International TV Shows
s2397,TV Show,TV-MA,Adults,2020,Stand-Up Comedy & Talk Shows
s2398,Movie,TV-MA,Adults,2020,Stand-Up Comedy
s2399,Movie,PG,Teens,2020,Anime Features
s2399,Movie,PG,Teens,2020,Children & Family Movies
s2400,TV Show,TV-14,Teens,2020,Anime Series
s2401,TV Show,TV-MA,Adults,2020,Crime TV Shows
s2401,TV Show,TV-MA,Adults,2020,International TV Shows
s2401,TV Show,TV-MA,Adults,2020,Spanish-Language TV Shows
s2402,TV Show,TV-MA,Adults,2020,Crime TV Shows
s2402,TV Show,TV-MA,Adults,2020,International TV Shows
s2402,TV Show,TV-MA,Adults,2020,TV Dramas
s2403,Movie,TV-MA,Adults,2020,Comedies
s2403,Movie,TV-MA,Adults,2020,Dramas
s2403,Movie,TV-MA,Adults,2020,International Movies
s2404,Movie,TV-14,Teens,2020,Comedies
s2404,Movie,TV-14,Teens,2020,International Movies
s2405,TV Show,TV-MA,Adults,2020,International TV Shows
s2405,TV Show,TV-MA,Adults,2020,TV Dramas
s2405,TV Show,TV-MA,Adults,2020,TV Horror
s2406,TV Show,TV-14,Teens,2020,TV Action & Adventure
s2406,TV Show,TV-14,Teens,2020,TV Sci-Fi & Fantasy
s2407,TV Show,TV-MA,Adults,2020,Docuseries
s2407,TV Show,TV-MA,Adults,2020,Reality TV
s2407,TV Show,TV-MA,Adults,2020,Science & Nature TV
s2408,Movie,R,Adults,2020,Comedies
s2408,Movie,R,Adults,2020,Dramas
s2408,Movie,R,Adults,2020,Independent Movies
s2409,TV Show,TV-MA,Adults,2020,Crime TV Shows
s2409,TV Show,TV-MA,Adults,2020,International TV Shows
s2409,TV Show,TV-MA,Adults,2020,Korean TV Shows
s2410,TV Show,TV-MA,Adults,2020,International TV Shows
s2410,TV Show,TV-MA,Adults,2020,TV Horror
s2410,TV Show,TV-MA,Adults,2020,TV Mysteries
s2411,Movie,TV-MA,Adults,2020,Action & Adventure
s2411,Movie,TV-MA,Adults,2020,International Movies
s2411,Movie,TV-MA,Adults,2020,Sci-Fi & Fantasy
s2412,Movie,PG-13,Adults,2020,Dramas
s2412,Movie,PG-13,Adults,2020,Romantic Movies
s2413,Movie,TV-MA,Adults,2020,Dramas
s2413,Movie,TV-MA,Adults,2020,International Movies
s2413,Movie,TV-MA,Adults,2020,Romantic Movies
s2414,Movie,TV-14,Teens,2020,International Movies
s2414,Movie,TV-14,Teens,2020,Thrillers
s2415,Movie,TV-14,Teens,2020,Dramas
s2415,Movie,TV-14,Teens,2020,Independent Movies
s2415,Movie,TV-14,Teens,2020,International Movies
s2416,TV Show,TV-MA,Adults,2020,Crime TV Shows
s2416,TV Show,TV-MA,Adults,2020,TV Action & Adventure
s2416,TV Show,TV-MA,Adults,2020,TV Dramas
s2417,Movie,R,Adults,2020,Dramas
s2417,Movie,R,Adults,2020,Independent Movies
s2418,TV Show,TV-MA,Adults,2020,Crime TV Shows
s2418,TV Show,TV-MA,Adults,2020,TV Dramas
s2418,TV Show,TV-MA,Adults,2020,TV Mysteries
s2419,Movie,TV-14,Teens,2020,Dramas
s2419,Movie,TV-14,Teens,2020,International Movies
s2420,Movie,PG-13,Adults,2020,Comedies
s2420,Movie,PG-13,Adults,2020,Romantic Movies
s2421,Movie,TV-14,Teens,2020,Dramas
s2421,Movie,TV-14,Teens,2020,International Movies
s2422,Movie,TV-MA,Adults,2020,Comedies
s2422,Movie,TV-MA,Adults,2020,International Movies
s2423,TV Show,TV-14,Teens,2020,Reality TV
s2424,TV Show,TV-14,Teens,2020,Classic & Cult TV
s2424,TV Show,TV-14,Teens,2020,TV Action & Adventure
s2424,TV Show,TV-14,Teens,2020,TV Horror
s2425,Movie,TV-MA,Adults,2020,Action & Adventure
s2425,Movie,TV-MA,Adults,2020,Dramas
s2425,Movie,TV-MA,Adults,2020,Independent Movies
s2426,Movie,TV-MA,Adults,2020,Dramas
s2426,Movie,TV-MA,Adults,2020,International Movies
s2426,Movie,TV-MA,Adults,2020,Romantic Movies
s2427,TV Show,TV-MA,Adults,2020,Anime Series
s2427,TV Show,TV-MA,Adults,2020,International TV Shows
s2428,Movie,TV-14,Teens,2020,Dramas
s2428,Movie,TV-14,Teens,2020,International Movies
s2428,Movie,TV-14,Teens,2020,Romantic Movies
s2429,Movie,TV-MA,Adults,2020,Comedies
s2429,Movie,TV-MA,Adults,2020,International Movies
s2430,Movie,TV-MA,Adults,2020,Comedies
s2430,Movie,TV-MA,Adults,2020,International Movies
s2430,Movie,TV-MA,Adults,2020,Romantic Movies
s2431,Movie,R,Adults,2020,Comedies
s2431,Movie,R,Adults,2020,Dramas
s2431,Movie,R,Adults,2020,Independent Movies
s2432,Movie,TV-G,Kids,2020,Children & Family Movies
s2432,Movie,TV-G,Kids,2020,Documentaries
s2433,TV Show,TV-14,Teens,2020,Reality TV
s2434,Movie,TV-14,Teens,2020,Comedies
s2434,Movie,TV-14,Teens,2020,International Movies
s2435,Movie,TV-14,Teens,2020,Comedies
s2435,Movie,TV-14,Teens,2020,Dramas
s2435,Movie,TV-14,Teens,2020,International Movies
s2436,Movie,TV-14,Teens,2020,Comedies
s2436,Movie,TV-14,Teens,2020,International Movies
s2437,Movie,TV-14,Teens,2020,Comedies
s2437,Movie,TV-14,Teens,2020,International Movies
s2437,Movie,TV-14,Teens,2020,Romantic Movies
s2438,Movie,TV-MA,Adults,2020,Comedies
s2438,Movie,TV-MA,Adults,2020,Dramas
s2438,Movie,TV-MA,Adults,2020,International Movies
s2439,Movie,TV-14,Teens,2020,Dramas
s2439,Movie,TV-14,Teens,2020,International Movies
s2440,Movie,TV-14,Teens,2020,Action & Adventure
s2440,Movie,TV-14,Teens,2020,Comedies
s2440,Movie,TV-14,Teens,2020,International Movies
s2441,Movie,TV-Y,Kids,2020,Children & Family Movies
s2442,Movie,TV-PG,Teens,2020,Comedies
s2442,Movie,TV-PG,Teens,2020,Dramas
s2442,Movie,TV-PG,Teens,2020,International Movies
s2443,Movie,TV-14,Teens,2020,Comedies
s2443,Movie,TV-14,Teens,2020,International Movies
s2443,Movie,TV-14,Teens,2020,Romantic Movies
s2444,Movie,TV-MA,Adults,2020,Horror Movies
s2444,Movie,TV-MA,Adults,2020,International Movies
s2445,TV Show,TV-Y7,Kids,2020,Anime Series
s2445,TV Show,TV-Y7,Kids,2020,International TV Shows
s2446,Movie,TV-14,Teens,2020,Comedies
s2446,Movie,TV-14,Teens,2020,Dramas
s2446,Movie,TV-14,Teens,2020,Independent Movies
s2447,Movie,TV-G,Kids,2020,Comedies
s2447,Movie,TV-G,Kids,2020,International Movies
s2447,Movie,TV-G,Kids,2020,Romantic Movies
s2448,TV Show,TV-MA,Adults,2020,International TV Shows
s2448,TV Show,TV-MA,Adults,2020,Korean TV Shows
s2448,TV Show,TV-MA,Adults,2020,TV Dramas
s2449,Movie,TV-PG,Teens,2020,Comedies
s2449,Movie,TV-PG,Teens,2020,International Movies
s2450,TV Show,TV-MA,Adults,2020,Anime Series
s2450,TV Show,TV-MA,Adults,2020,International TV Shows
s2451,TV Show,TV-MA,Adults,2020,International TV Shows
s2451,TV Show,TV-MA,Adults,2020,TV Dramas
s2452,Movie,PG,Teens,2020,Action & Adventure
s2452,Movie,PG,Teens,2020,Anime Features
s2452,Movie,PG,Teens,2020,Children & Family Movies
s2453,TV Show,TV-MA,Adults,2020,International TV Shows
s2453,TV Show,TV-MA,Adults,2020,Korean TV Shows
s2453,TV Show,TV-MA,Adults,2020,Romantic TV Shows
s2454,TV Show,TV-MA,Adults,2020,International TV Shows
s2454,TV Show,TV-MA,Adults,2020,Korean TV Shows
s2454,TV Show,TV-MA,Adults,2020,Romantic TV Shows
s2455,Movie,R,Adults,2020,Comedies
s2455,Movie,R,Adults,2020,Dramas
s2456,Movie,TV-14,Teens,2020,Dramas
s2457,Movie,TV-14,Teens,2020,Dramas
s2457,Movie,TV-14,Teens,2020,Music & Musicals
s2457,Movie,TV-14,Teens,2020,Romantic Movies
s2458,Movie,TV-PG,Teens,2020,Comedies
s2458,Movie,TV-PG,Teens,2020,Dramas
s2458,Movie,TV-PG,Teens,2020,International Movies
s2459,Movie,TV-MA,Adults,2020,Stand-Up Comedy
s2460,TV Show,TV-MA,Adults,2020,TV Comedies
s2461,Movie,TV-MA,Adults,2020,Dramas
s2461,Movie,TV-MA,Adults,2020,International Movies
s2461,Movie,TV-MA,Adults,2020,Romantic Movies
s2462,TV Show,TV-MA,Adults,2020,TV Comedies
s2462,TV Show,TV-MA,Adults,2020,TV Dramas
s2463,TV Show,TV-MA,Adults,2020,Anime Series
s2463,TV Show,TV-MA,Adults,2020,International TV Shows
s2464,Movie,TV-14,Teens,2020,Comedies
s2464,Movie,TV-14,Teens,2020,Horror Movies
s2464,Movie,TV-14,Teens,2020,International Movies
s2465,Movie,TV-14,Teens,2020,Comedies
s2465,Movie,TV-14,Teens,2020,Horror Movies
s2465,Movie,TV-14,Teens,2020,International Movies
s2466,Movie,TV-MA,Adults,2020,Dramas
s2466,Movie,TV-MA,Adults,2020,International Movies
s2466,Movie,TV-MA,Adults,2020,Thrillers
s2467,TV Show,TV-G,Kids,2020,Kids' TV
s2467,TV Show,TV-G,Kids,2020,TV Comedies
s2468,Movie,TV-MA,Adults,2020,Dramas
s2468,Movie,TV-MA,Adults,2020,Independent Movies
s2468,Movie,TV-MA,Adults,2020,International Movies
s2469,Movie,TV-MA,Adults,2020,Stand-Up Comedy
s2470,Movie,TV-14,Teens,2020,Action & Adventure
s2470,Movie,TV-14,Teens,2020,Comedies
s2470,Movie,TV-14,Teens,2020,International Movies
s2471,TV Show,TV-14,Teens,2020,TV Action & Adventure
s2471,TV Show,TV-14,Teens,2020,TV Sci-Fi & Fantasy
s2472,Movie,R,Adults,2020,Dramas
s2472,Movie,R,Adults,2020,Thrillers
s2473,TV Show,TV-MA,Adults,2020,International TV Shows
s2473,TV Show,TV-MA,Adults,2020,TV Action & Adventure
s2473,TV Show,TV-MA,Adults,2020,TV Horror
s2474,TV Show,TV-14,Teens,2020,TV Dramas
s2475,Movie,TV-G,Kids,2020,Dramas
s2475,Movie,TV-G,Kids,2020,International Movies
s2476,Movie,TV-G,Kids,2020,Dramas
s2476,Movie,TV-G,Kids,2020,International Movies
s2476,Movie,TV-G,Kids,2020,Music & Musicals
s2477,TV Show,TV-14,Teens,2020,British TV Shows
s2477,TV Show,TV-14,Teens,2020,Docuseries
s2477,TV Show,TV-14,Teens,2020,International TV Shows
s2478,Movie,TV-MA,Adults,2020,Horror Movies
s2478,Movie,TV-MA,Adults,2020,International Movies
s2478,Movie,TV-MA,Adults,2020,Thrillers
s2479,Movie,PG,Teens,2020,Anime Features
s2479,Movie,PG,Teens,2020,Children & Family Movies
s2480,Movie,R,Adults,2020,Action & Adventure
s2480,Movie,R,Adults,2020,Comedies
s2480,Movie,R,Adults,2020,Romantic Movies
s2481,TV Show,TV-MA,Adults,2020,TV Comedies
s2482,Movie,TV-G,Kids,2020,Dramas
s2482,Movie,TV-G,Kids,2020,International Movies
s2482,Movie,TV-G,Kids,2020,Romantic Movies
s2483,Movie,TV-14,Teens,2020,Comedies
s2483,Movie,TV-14,Teens,2020,Dramas
s2483,Movie,TV-14,Teens,2020,International Movies
s2484,Movie,TV-14,Teens,2020,Comedies
s2484,Movie,TV-14,Teens,2020,International Movies
s2485,Movie,TV-PG,Teens,2020,Comedies
s2485,Movie,TV-PG,Teens,2020,International Movies
s2485,Movie,TV-PG,Teens,2020,Romantic Movies
s2486,Movie,TV-14,Teens,2020,Comedies
s2486,Movie,TV-14,Teens,2020,International Movies
s2486,Movie,TV-14,Teens,2020,Romantic Movies
s2487,TV Show,TV-MA,Adults,2020,International TV Shows
s2487,TV Show,TV-MA,Adults,2020,Korean TV Shows
s2487,TV Show,TV-MA,Adults,2020,TV Comedies
s2488,Movie,TV-14,Teens,2020,Comedies
s2488,Movie,TV-14,Teens,2020,Dramas
s2488,Movie,TV-14,Teens,2020,International Movies
s2489,Movie,TV-14,Teens,2020,Comedies
s2489,Movie,TV-14,Teens,2020,Dramas
s2489,Movie,TV-14,Teens,2020,International Movies
s2490,Movie,TV-14,Teens,2020,Comedies
s2490,Movie,TV-14,Teens,2020,International Movies
s2491,Movie,TV-14,Teens,2020,Comedies
s2491,Movie,TV-14,Teens,2020,International Movies
s2491,Movie,TV-14,Teens,2020,Romantic Movies
s2492,Movie,TV-14,Teens,2020,Comedies
s2492,Movie,TV-14,Teens,2020,Dramas
s2492,Movie,TV-14,Teens,2020,International Movies
s2493,Movie,TV-PG,Teens,2020,Comedies
s2493,Movie,TV-PG,Teens,2020,International Movies
s2494,Movie,TV-MA,Adults,2020,Dramas
s2494,Movie,TV-MA,Adults,2020,International Movies
s2495,Movie,TV-PG,Teens,2020,Music & Musicals
s2496,TV Show,TV-14,Teens,2020,Docuseries
s2496,TV Show,TV-14,Teens,2020,International TV Shows
s2496,TV Show,TV-14,Teens,2020,Spanish-Language TV Shows
s2497,Movie,TV-MA,Adults,2020,Dramas
s2497,Movie,TV-MA,Adults,2020,Independent Movies
s2498,Movie,TV-14,Teens,2020,Dramas
s2498,Movie,TV-14,Teens,2020,Independent Movies
s2498,Movie,TV-14,Teens,2020,Romantic Movies
s2499,Movie,TV-MA,Adults,2020,Comedies
s2499,Movie,TV-MA,Adults,2020,International Movies
s2500,TV Show,TV-14,Teens,2020,International TV Shows
s2500,TV Show,TV-14,Teens,2020,Spanish-Language TV Shows
s2500,TV Show,TV-14,Teens,2020,TV Dramas
s2501,Movie,TV-MA,Adults,2020,Comedies
s2501,Movie,TV-MA,Adults,2020,Dramas
s2501,Movie,TV-MA,Adults,2020,Independent Movies
s2502,Movie,TV-PG,Teens,2020,Comedies
s2502,Movie,TV-PG,Teens,2020,International Movies
s2503,Movie,TV-14,Teens,2020,Action & Adventure
s2503,Movie,TV-14,Teens,2020,International Movies
s2504,Movie,TV-14,Teens,2020,Comedies
s2504,Movie,TV-14,Teens,2020,International Movies
s2504,Movie,TV-14,Teens,2020,Romantic Movies
s2505,Movie,TV-14,Teens,2020,Comedies
s2505,Movie,TV-14,Teens,2020,International Movies
s2506,Movie,TV-PG,Teens,2020,Comedies
s2506,Movie,TV-PG,Teens,2020,International Movies
s2507,Movie,TV-14,Teens,2020,Comedies
s2507,Movie,TV-14,Teens,2020,International Movies
s2508,TV Show,TV-MA,Adults,2020,Stand-Up Comedy & Talk Shows
s2508,TV Show,TV-MA,Adults,2020,TV Comedies
s2509,TV Show,TV-14,Teens,2020,Romantic TV Shows
s2509,TV Show,TV-14,Teens,2020,TV Dramas
s2510,Movie,TV-14,Teens,2020,Comedies
s2510,Movie,TV-14,Teens,2020,International Movies
s2510,Movie,TV-14,Teens,2020,Romantic Movies
s2511,Movie,TV-14,Teens,2020,Comedies
s2511,Movie,TV-14,Teens,2020,International Movies
s2512,Movie,PG,Teens,2020,Dramas
s2512,Movie,PG,Teens,2020,Independent Movies
s2512,Movie,PG,Teens,2020,International Movies
s2513,Movie,TV-PG,Teens,2020,Comedies
s2513,Movie,TV-PG,Teens,2020,International Movies
s2513,Movie,TV-PG,Teens,2020,Romantic Movies
s2514,Movie,TV-14,Teens,2020,Dramas
s2514,Movie,TV-14,Teens,2020,International Movies
s2515,TV Show,TV-PG,Teens,2020,British TV Shows
s2515,TV Show,TV-PG,Teens,2020,International TV Shows
s2515,TV Show,TV-PG,Teens,2020,Reality TV
s2516,TV Show,TV-MA,Adults,2020,Stand-Up Comedy & Talk Shows
s2516,TV Show,TV-MA,Adults,2020,TV Comedies
s2517,Movie,TV-MA,Adults,2020,Action & Adventure
s2517,Movie,TV-MA,Adults,2020,Comedies
s2517,Movie,TV-MA,Adults,2020,International Movies
s2518,TV Show,TV-14,Teens,2020,International TV Shows
s2518,TV Show,TV-14,Teens,2020,Korean TV Shows
s2518,TV Show,TV-14,Teens,2020,Romantic TV Shows
s2519,TV Show,TV-14,Teens,2020,International TV Shows
s2519,TV Show,TV-14,Teens,2020,Korean TV Shows
s2519,TV Show,TV-14,Teens,2020,TV Action & Adventure
s2520,TV Show,TV-Y7,Kids,2020,Classic & Cult TV
s2520,TV Show,TV-Y7,Kids,2020,Kids' TV
s2520,TV Show,TV-Y7,Kids,2020,TV Action & Adventure
s2521,Movie,TV-MA,Adults,2020,Dramas
s2521,Movie,TV-MA,Adults,2020,International Movies
s2522,Movie,TV-MA,Adults,2020,Comedies
s2522,Movie,TV-MA,Adults,2020,International Movies
s2522,Movie,TV-MA,Adults,2020,Romantic Movies
s2523,TV Show,TV-MA,Adults,2020,Crime TV Shows
s2523,TV Show,TV-MA,Adults,2020,International TV Shows
s2523,TV Show,TV-MA,Adults,2020,TV Dramas
s2524,TV Show,TV-PG,Teens,2020,TV Dramas
s2525,TV Show,TV-14,Teens,2020,Reality TV
s2525,TV Show,TV-14,Teens,2020,TV Comedies
s2526,TV Show,TV-MA,Adults,2020,Anime Series
s2526,TV Show,TV-MA,Adults,2020,International TV Shows
s2526,TV Show,TV-MA,Adults,2020,TV Horror
s2527,TV Show,TV-Y7,Kids,2020,Kids' TV
s2527,TV Show,TV-Y7,Kids,2020,TV Action & Adventure
s2527,TV Show,TV-Y7,Kids,2020,TV Sci-Fi & Fantasy
s2528,TV Show,TV-MA,Adults,2020,Crime TV Shows
s2528,TV Show,TV-MA,Adults,2020,International TV Shows
s2528,TV Show,TV-MA,Adults,2020,TV Dramas
s2529,TV Show,TV-MA,Adults,2020,International TV Shows
s2529,TV Show,TV-MA,Adults,2020,Korean TV Shows
s2529,TV Show,TV-MA,Adults,2020,TV Horror
s2530,TV Show,TV-Y,Kids,2020,Kids' TV
s2531,TV Show,TV-MA,Adults,2020,British TV Shows
s2531,TV Show,TV-MA,Adults,2020,Crime TV Shows
s2531,TV Show,TV-MA,Adults,2020,International TV Shows
s2532,Movie,TV-14,Teens,2020,Dramas
s2532,Movie,TV-14,Teens,2020,International Movies
s2532,Movie,TV-14,Teens,2020,Romantic Movies
s2533,Movie,TV-14,Teens,2020,Dramas
s2533,Movie,TV-14,Teens,2020,International Movies
s2533,Movie,TV-14,Teens,2020,Romantic Movies
s2534,Movie,TV-G,Kids,2020,Children & Family Movies
s2534,Movie,TV-G,Kids,2020,Dramas
s2534,Movie,TV-G,Kids,2020,International Movies
s2535,Movie,TV-MA,Adults,2020,Action & Adventure
s2535,Movie,TV-MA,Adults,2020,International Movies
s2535,Movie,TV-MA,Adults,2020,Romantic Movies
s2536,Movie,TV-14,Teens,2020,Dramas
s2536,Movie,TV-14,Teens,2020,International Movies
s2537,Movie,TV-MA,Adults,2020,Dramas
s2537,Movie,TV-MA,Adults,2020,Independent Movies
s2537,Movie,TV-MA,Adults,2020,International Movies
s2538,Movie,TV-14,Teens,2020,International Movies
s2538,Movie,TV-14,Teens,2020,Thrillers
s2539,Movie,TV-PG,Teens,2020,Comedies
s2539,Movie,TV-PG,Teens,2020,Dramas
s2539,Movie,TV-PG,Teens,2020,International Movies
s2540,Movie,TV-14,Teens,2020,Documentaries
s2540,Movie,TV-14,Teens,2020,International Movies
s2541,Movie,TV-MA,Adults,2020,Comedies
s2541,Movie,TV-MA,Adults,2020,Romantic Movies
s2542,Movie,TV-14,Teens,2020,Dramas
s2542,Movie,TV-14,Teens,2020,International Movies
s2542,Movie,TV-14,Teens,2020,Romantic Movies
s2543,TV Show,TV-Y,Kids,2020,Kids' TV
s2544,Movie,TV-14,Teens,2020,Comedies
s2545,Movie,TV-PG,Teens,2020,Children & Family Movies
s2545,Movie,TV-PG,Teens,2020,Comedies
s2545,Movie,TV-PG,Teens,2020,International Movies
s2546,Movie,TV-14,Teens,2020,Action & Adventure
s2546,Movie,TV-14,Teens,2020,Comedies
s2546,Movie,TV-14,Teens,2020,Cult Movies
s2547,TV Show,TV-MA,Adults,2020,Crime TV Shows
s2547,TV Show,TV-MA,Adults,2020,International TV Shows
s2547,TV Show,TV-MA,Adults,2020,TV Dramas
s2548,Movie,TV-MA,Adults,2020,Documentaries
s2549,TV Show,TV-MA,Adults,2020,Crime TV Shows
s2549,TV Show,TV-MA,Adults,2020,Docuseries
s2550,Movie,R,Adults,2020,Dramas
s2550,Movie,R,Adults,2020,Thrillers
s2551,Movie,TV-MA,Adults,2020,Dramas
s2551,Movie,TV-MA,Adults,2020,Independent Movies
s2551,Movie,TV-MA,Adults,2020,International Movies
s2552,TV Show,TV-MA,Adults,2020,TV Comedies
s2552,TV Show,TV-MA,Adults,2020,TV Dramas
s2553,TV Show,TV-14,Teens,2020,International TV Shows
s2553,TV Show,TV-14,Teens,2020,Reality TV
s2554,TV Show,TV-MA,Adults,2020,International TV Shows
s2554,TV Show,TV-MA,Adults,2020,TV Dramas
s2555,TV Show,TV-Y7,Kids,2020,Kids' TV
s2555,TV Show,TV-Y7,Kids,2020,TV Thrillers
s2556,Movie,TV-14,Teens,2020,International Movies
s2556,Movie,TV-14,Teens,2020,Sci-Fi & Fantasy
s2557,Movie,TV-14,Teens,2020,International Movies
s2557,Movie,TV-14,Teens,2020,Sci-Fi & Fantasy
s2557,Movie,TV-14,Teens,2020,Thrillers
s2558,TV Show,TV-MA,Adults,2020,International TV Shows
s2558,TV Show,TV-MA,Adults,2020,TV Action & Adventure
s2558,TV Show,TV-MA,Adults,2020,TV Comedies
s2559,Movie,TV-PG,Teens,2020,Dramas
s2559,Movie,TV-PG,Teens,2020,International Movies
s2560,Movie,PG,Teens,2020,Documentaries
s2561,Movie,TV-MA,Adults,2020,Comedies
s2561,Movie,TV-MA,Adults,2020,International Movies
s2561,Movie,TV-MA,Adults,2020,Romantic Movies
s2562,Movie,TV-PG,Teens,2020,Stand-Up Comedy
s2563,Movie,PG,Teens,2020,Children & Family Movies
s2563,Movie,PG,Teens,2020,Comedies
s2564,Movie,TV-G,Kids,2020,Children & Family Movies
s2564,Movie,TV-G,Kids,2020,Comedies
s2564,Movie,TV-G,Kids,2020,Music & Musicals
s2565,Movie,TV-14,Teens,2020,Dramas
s2565,Movie,TV-14,Teens,2020,International Movies
s2566,TV Show,TV-MA,Adults,2020,International TV Shows
s2566,TV Show,TV-MA,Adults,2020,Spanish-Language TV Shows
s2566,TV Show,TV-MA,Adults,2020,TV Comedies
s2567,Movie,PG-13,Adults,2020,Dramas
s2567,Movie,PG-13,Adults,2020,Sports Movies
s2568,Movie,TV-14,Teens,2020,Comedies
s2568,Movie,TV-14,Teens,2020,International Movies
s2569,TV Show,TV-PG,Teens,2020,Docuseries
s2570,TV Show,TV-PG,Teens,2020,Reality TV
s2571,Movie,PG,Teens,2020,Dramas
s2571,Movie,PG,Teens,2020,Sports Movies
s2572,Movie,TV-14,Teens,2020,Stand-Up Comedy
s2573,Movie,PG,Teens,2020,Children & Family Movies
s2573,Movie,PG,Teens,2020,Dramas
s2573,Movie,PG,Teens,2020,Romantic Movies
s2574,Movie,R,Adults,2020,Dramas
s2574,Movie,R,Adults,2020,Independent Movies
s2574,Movie,R,Adults,2020,Thrillers
s2575,TV Show,TV-PG,Teens,2020,Docuseries
s2575,TV Show,TV-PG,Teens,2020,Science & Nature TV
s2576,TV Show,TV-14,Teens,2020,Docuseries
s2577,Movie,R,Adults,2020,Dramas
s2577,Movie,R,Adults,2020,Independent Movies
s2578,Movie,TV-MA,Adults,2020,Documentaries
s2579,Movie,TV-MA,Adults,2020,International Movies
s2579,Movie,TV-MA,Adults,2020,Thrillers
s2580,Movie,TV-Y,Kids,2020,Children & Family Movies
s2581,TV Show,TV-MA,Adults,2020,TV Dramas
s2582,Movie,TV-MA,Adults,2020,Documentaries
s2582,Movie,TV-MA,Adults,2020,LGBTQ Movies
s2583,Movie,PG,Teens,2020,Children & Family Movies
s2583,Movie,PG,Teens,2020,Comedies
s2584,TV Show,TV-Y,Kids,2020,Kids' TV
s2585,Movie,TV-14,Teens,2020,Comedies
s2585,Movie,TV-14,Teens,2020,Dramas
s2585,Movie,TV-14,Teens,2020,International Movies
s2586,TV Show,TV-MA,Adults,2020,International TV Shows
s2586,TV Show,TV-MA,Adults,2020,TV Dramas
s2587,TV Show,TV-PG,Teens,2020,Anime Series
s2587,TV Show,TV-PG,Teens,2020,Romantic TV Shows
s2588,Movie,TV-MA,Adults,2020,International Movies
s2588,Movie,TV-MA,Adults,2020,Thrillers
s2589,TV Show,TV-G,Kids,2020,Kids' TV
s2589,TV Show,TV-G,Kids,2020,TV Comedies
s2590,Movie,TV-MA,Adults,2020,Horror Movies
s2590,Movie,TV-MA,Adults,2020,International Movies
s2590,Movie,TV-MA,Adults,2020,Thrillers
s2591,TV Show,TV-MA,Adults,2020,Crime TV Shows
s2591,TV Show,TV-MA,Adults,2020,TV Dramas
s2591,TV Show,TV-MA,Adults,2020,TV Mysteries
s2592,Movie,PG-13,Adults,2020,Comedies
s2592,Movie,PG-13,Adults,2020,Dramas
s2592,Movie,PG-13,Adults,2020,LGBTQ Movies
s2593,Movie,R,Adults,2020,Comedies
s2593,Movie,R,Adults,2020,Romantic Movies
s2594,Movie,TV-Y,Kids,2020,Children & Family Movies
s2595,Movie,TV-Y,Kids,2020,Children & Family Movies
s2596,Movie,TV-Y,Kids,2020,Children & Family Movies
s2597,Movie,PG,Teens,2020,Children & Family Movies
s2597,Movie,PG,Teens,2020,Comedies
s2598,Movie,TV-14,Teens,2020,Thrillers
s2599,TV Show,TV-14,Teens,2020,Anime Series
s2599,TV Show,TV-14,Teens,2020,International TV Shows
s2600,TV Show,TV-MA,Adults,2020,Crime TV Shows
s2600,TV Show,TV-MA,Adults,2020,International TV Shows
s2600,TV Show,TV-MA,Adults,2020,Spanish-Language TV Shows
s2601,TV Show,TV-PG,Teens,2020,TV Dramas
s2601,TV Show,TV-PG,Teens,2020,TV Sci-Fi & Fantasy
s2602,Movie,TV-14,Teens,2020,Comedies
s2602,Movie,TV-14,Teens,2020,International Movies
s2602,Movie,TV-14,Teens,2020,Romantic Movies
s2603,TV Show,TV-MA,Adults,2020,Crime TV Shows
s2603,TV Show,TV-MA,Adults,2020,International TV Shows
s2603,TV Show,TV-MA,Adults,2020,TV Dramas
s2604,TV Show,TV-MA,Adults,2020,Crime TV Shows
s2604,TV Show,TV-MA,Adults,2020,International TV Shows
s2604,TV Show,TV-MA,Adults,2020,TV Dramas
s2605,Movie,TV-14,Teens,2020,Documentaries
s2605,Movie,TV-14,Teens,2020,LGBTQ Movies
s2606,Movie,TV-PG,Teens,2020,Dramas
s2606,Movie,TV-PG,Teens,2020,International Movies
s2607,TV Show,TV-MA,Adults,2020,Crime TV Shows
s2607,TV Show,TV-MA,Adults,2020,International TV Shows
s2607,TV Show,TV-MA,Adults,2020,Korean TV Shows
s2608,Movie,TV-14,Teens,2020,Comedies
s2608,Movie,TV-14,Teens,2020,Dramas
s2608,Movie,TV-14,Teens,2020,International Movies
s2609,Movie,TV-MA,Adults,2020,Documentaries
s2610,TV Show,TV-G,Kids,2020,British TV Shows
s2610,TV Show,TV-G,Kids,2020,International TV Shows
s2610,TV Show,TV-G,Kids,2020,Reality TV
s2611,Movie,TV-14,Teens,2020,Action & Adventure
s2611,Movie,TV-14,Teens,2020,Comedies
s2611,Movie,TV-14,Teens,2020,Dramas
s2612,TV Show,TV-MA,Adults,2020,International TV Shows
s2612,TV Show,TV-MA,Adults,2020,TV Dramas
s2613,Movie,TV-MA,Adults,2020,Comedies
s2613,Movie,TV-MA,Adults,2020,Dramas
s2613,Movie,TV-MA,Adults,2020,International Movies
s2614,Movie,TV-MA,Adults,2020,Action & Adventure
s2614,Movie,TV-MA,Adults,2020,Comedies
s2614,Movie,TV-MA,Adults,2020,International Movies
s2615,Movie,TV-MA,Adults,2020,Comedies
s2615,Movie,TV-MA,Adults,2020,International Movies
s2616,Movie,TV-14,Teens,2020,Comedies
s2616,Movie,TV-14,Teens,2020,Dramas
s2616,Movie,TV-14,Teens,2020,International Movies
s2617,Movie,TV-MA,Adults,2020,Comedies
s2617,Movie,TV-MA,Adults,2020,International Movies
s2617,Movie,TV-MA,Adults,2020,Music & Musicals
s2618,Movie,TV-MA,Adults,2020,Dramas
s2618,Movie,TV-MA,Adults,2020,Independent Movies
s2618,Movie,TV-MA,Adults,2020,International Movies
s2619,Movie,TV-MA,Adults,2020,Comedies
s2619,Movie,TV-MA,Adults,2020,International Movies
s2620,Movie,TV-MA,Adults,2020,Comedies
s2620,Movie,TV-MA,Adults,2020,International Movies
s2621,Movie,TV-14,Teens,2020,Comedies
s2621,Movie,TV-14,Teens,2020,International Movies
s2622,Movie,TV-14,Teens,2020,Action & Adventure
s2622,Movie,TV-14,Teens,2020,Comedies
s2622,Movie,TV-14,Teens,2020,International Movies
s2623,Movie,PG-13,Adults,2020,Dramas
s2623,Movie,PG-13,Adults,2020,Faith & Spirituality
s2624,Movie,TV-14,Teens,2020,Action & Adventure
s2624,Movie,TV-14,Teens,2020,Comedies
s2624,Movie,TV-14,Teens,2020,International Movies
s2625,Movie,TV-14,Teens,2020,Comedies
s2625,Movie,TV-14,Teens,2020,International Movies
s2626,Movie,TV-MA,Adults,2020,Dramas
s2626,Movie,TV-MA,Adults,2020,International Movies
s2626,Movie,TV-MA,Adults,2020,Romantic Movies
s2627,Movie,TV-MA,Adults,2020,Dramas
s2627,Movie,TV-MA,Adults,2020,Independent Movies
s2627,Movie,TV-MA,Adults,2020,International Movies
s2628,TV Show,TV-PG,Teens,2020,Docuseries
s2628,TV Show,TV-PG,Teens,2020,Science & Nature TV
s2629,TV Show,TV-MA,Adults,2020,British TV Shows
s2629,TV Show,TV-MA,Adults,2020,International TV Shows
s2629,TV Show,TV-MA,Adults,2020,TV Action & Adventure
s2630,Movie,TV-14,Teens,2020,Action & Adventure
s2630,Movie,TV-14,Teens,2020,Comedies
s2630,Movie,TV-14,Teens,2020,International Movies
s2631,Movie,TV-MA,Adults,2020,Comedies
s2631,Movie,TV-MA,Adults,2020,Dramas
s2631,Movie,TV-MA,Adults,2020,International Movies
s2632,TV Show,TV-14,Teens,2020,International TV Shows
s2632,TV Show,TV-14,Teens,2020,Korean TV Shows
s2632,TV Show,TV-14,Teens,2020,Romantic TV Shows
s2633,Movie,TV-MA,Adults,2020,Documentaries
s2633,Movie,TV-MA,Adults,2020,Music & Musicals
s2634,Movie,TV-14,Teens,2020,Comedies
s2634,Movie,TV-14,Teens,2020,International Movies
s2635,Movie,PG-13,Adults,2020,Comedies
s2635,Movie,PG-13,Adults,2020,Dramas
s2635,Movie,PG-13,Adults,2020,Independent Movies
s2636,Movie,TV-14,Teens,2020,Action & Adventure
s2636,Movie,TV-14,Teens,2020,International Movies
s2637,Movie,TV-14,Teens,2020,Dramas
s2637,Movie,TV-14,Teens,2020,International Movies
s2637,Movie,TV-14,Teens,2020,Sports Movies
s2638,Movie,TV-14,Teens,2020,Dramas
s2638,Movie,TV-14,Teens,2020,International Movies
s2639,Movie,TV-14,Teens,2020,Comedies
s2639,Movie,TV-14,Teens,2020,Dramas
s2639,Movie,TV-14,Teens,2020,International Movies
s2640,TV Show,TV-14,Teens,2020,International TV Shows
s2640,TV Show,TV-14,Teens,2020,TV Dramas
s2641,TV Show,TV-MA,Adults,2020,British TV Shows
s2641,TV Show,TV-MA,Adults,2020,International TV Shows
s2641,TV Show,TV-MA,Adults,2020,TV Comedies
s2642,TV Show,TV-PG,Teens,2020,Kids' TV
s2642,TV Show,TV-PG,Teens,2020,TV Comedies
s2643,Movie,TV-14,Teens,2020,International Movies
s2643,Movie,TV-14,Teens,2020,Thrillers
s2644,TV Show,TV-MA,Adults,2020,International TV Shows
s2644,TV Show,TV-MA,Adults,2020,TV Dramas
s2644,TV Show,TV-MA,Adults,2020,Teen TV Shows
s2645,Movie,TV-MA,Adults,2020,Stand-Up Comedy
s2646,TV Show,TV-14,Teens,2020,Anime Series
s2646,TV Show,TV-14,Teens,2020,Crime TV Shows
s2646,TV Show,TV-14,Teens,2020,International TV Shows
s2647,Movie,TV-G,Kids,2020,Comedies
s2647,Movie,TV-G,Kids,2020,International Movies
s2648,Movie,TV-14,Teens,2020,Comedies
s2648,Movie,TV-14,Teens,2020,International Movies
s2649,TV Show,TV-MA,Adults,2020,International TV Shows
s2649,TV Show,TV-MA,Adults,2020,Spanish-Language TV Shows
s2649,TV Show,TV-MA,Adults,2020,TV Comedies
s2650,Movie,TV-14,Teens,2020,Dramas
s2650,Movie,TV-14,Teens,2020,International Movies
s2651,Movie,TV-MA,Adults,2020,International Movies
s2651,Movie,TV-MA,Adults,2020,Thrillers
s2652,TV Show,TV-PG,Teens,2020,Docuseries
s2652,TV Show,TV-PG,Teens,2020,Science & Nature TV
s2652,TV Show,TV-PG,Teens,2020,TV Comedies
s2653,Movie,TV-MA,Adults,2020,Documentaries
s2653,Movie,TV-MA,Adults,2020,LGBTQ Movies
s2654,Movie,TV-MA,Adults,2020,International Movies
s2654,Movie,TV-MA,Adults,2020,Thrillers
s2655,Movie,TV-MA,Adults,2020,Dramas
s2655,Movie,TV-MA,Adults,2020,International Movies
s2656,Movie,TV-MA,Adults,2020,International Movies
s2656,Movie,TV-MA,Adults,2020,Thrillers
s2657,Movie,PG,Teens,2020,Children & Family Movies
s2657,Movie,PG,Teens,2020,Comedies
s2658,TV Show,TV-14,Teens,2020,British TV Shows
s2658,TV Show,TV-14,Teens,2020,International TV Shows
s2658,TV Show,TV-14,Teens,2020,Reality TV
s2659,TV Show,TV-14,Teens,2020,Anime Series
s2659,TV Show,TV-14,Teens,2020,International TV Shows
s2660,TV Show,TV-MA,Adults,2020,TV Comedies
s2661,TV Show,TV-MA,Adults,2020,Crime TV Shows
s2661,TV Show,TV-MA,Adults,2020,International TV Shows
s2661,TV Show,TV-MA,Adults,2020,Spanish-Language TV Shows
s2662,TV Show,TV-MA,Adults,2020,Reality TV
s2663,TV Show,TV-MA,Adults,2020,TV Comedies
s2664,Movie,TV-14,Teens,2020,Comedies
s2664,Movie,TV-14,Teens,2020,Dramas
s2664,Movie,TV-14,Teens,2020,International Movies
s2665,TV Show,TV-Y,Kids,2020,Kids' TV
s2666,TV Show,TV-14,Teens,2020,Crime TV Shows
s2666,TV Show,TV-14,Teens,2020,International TV Shows
s2666,TV Show,TV-14,Teens,2020,Korean TV Shows
s2667,TV Show,TV-MA,Adults,2020,TV Comedies
s2668,Movie,TV-MA,Adults,2020,Comedies
s2668,Movie,TV-MA,Adults,2020,International Movies
s2669,Movie,TV-MA,Adults,2020,Dramas
s2669,Movie,TV-MA,Adults,2020,International Movies
s2669,Movie,TV-MA,Adults,2020,Thrillers
s2670,TV Show,TV-MA,Adults,2020,Crime TV Shows
s2670,TV Show,TV-MA,Adults,2020,International TV Shows
s2670,TV Show,TV-MA,Adults,2020,Spanish-Language TV Shows
s2671,TV Show,TV-MA,Adults,2020,Crime TV Shows
s2671,TV Show,TV-MA,Adults,2020,International TV Shows
s2671,TV Show,TV-MA,Adults,2020,TV Comedies
s2672,Movie,TV-MA,Adults,2020,Dramas
s2672,Movie,TV-MA,Adults,2020,International Movies
s2673,Movie,R,Adults,2020,Dramas
s2673,Movie,R,Adults,2020,Independent Movies
s2674,Movie,TV-MA,Adults,2020,International Movies
s2674,Movie,TV-MA,Adults,2020,Thrillers
s2675,Movie,TV-MA,Adults,2020,Comedies
s2675,Movie,TV-MA,Adults,2020,Dramas
s2675,Movie,TV-MA,Adults,2020,International Movies
s2676,TV Show,TV-MA,Adults,2020,International TV Shows
s2676,TV Show,TV-MA,Adults,2020,Stand-Up Comedy & Talk Shows
s2676,TV Show,TV-MA,Adults,2020,TV Comedies
s2677,TV Show,TV-MA,Adults,2020,Crime TV Shows
s2677,TV Show,TV-MA,Adults,2020,International TV Shows
s2677,TV Show,TV-MA,Adults,2020,TV Action & Adventure
s2678,Movie,PG-13,Adults,2020,Comedies
s2679,Movie,PG,Teens,2020,Children & Family Movies
s2679,Movie,PG,Teens,2020,Dramas
s2679,Movie,PG,Teens,2020,Music & Musicals
s2680,Movie,TV-MA,Adults,2020,Stand-Up Comedy
s2681,Movie,R,Adults,2020,Comedies
s2682,Movie,TV-G,Kids,2020,Children & Family Movies
s2682,Movie,TV-G,Kids,2020,Comedies
s2682,Movie,TV-G,Kids,2020,International Movies
s2683,Movie,TV-14,Teens,2020,Dramas
s2683,Movie,TV-14,Teens,2020,International Movies
s2683,Movie,TV-14,Teens,2020,Romantic Movies
s2684,Movie,TV-PG,Teens,2020,Comedies
s2684,Movie,TV-PG,Teens,2020,Dramas
s2684,Movie,TV-PG,Teens,2020,Independent Movies
s2685,TV Show,TV-MA,Adults,2020,Crime TV Shows
s2685,TV Show,TV-MA,Adults,2020,Docuseries
s2686,Movie,TV-MA,Adults,2020,Dramas
s2686,Movie,TV-MA,Adults,2020,International Movies
s2686,Movie,TV-MA,Adults,2020,Romantic Movies
s2687,Movie,TV-MA,Adults,2020,Stand-Up Comedy
s2688,Movie,TV-14,Teens,2020,Dramas
s2688,Movie,TV-14,Teens,2020,International Movies
s2689,Movie,TV-14,Teens,2020,Comedies
s2689,Movie,TV-14,Teens,2020,Dramas
s2689,Movie,TV-14,Teens,2020,International Movies
s2690,Movie,TV-14,Teens,2020,Documentaries
s2691,Movie,TV-MA,Adults,2020,Action & Adventure
s2691,Movie,TV-MA,Adults,2020,Independent Movies
s2691,Movie,TV-MA,Adults,2020,International Movies
s2692,TV Show,TV-MA,Adults,2020,TV Comedies
s2693,Movie,TV-MA,Adults,2020,Documentaries
s2693,Movie,TV-MA,Adults,2020,International Movies
s2693,Movie,TV-MA,Adults,2020,Music & Musicals
s2694,Movie,TV-MA,Adults,2020,Comedies
s2694,Movie,TV-MA,Adults,2020,International Movies
s2694,Movie,TV-MA,Adults,2020,Romantic Movies
s2695,Movie,TV-MA,Adults,2020,Comedies
s2695,Movie,TV-MA,Adults,2020,Dramas
s2695,Movie,TV-MA,Adults,2020,International Movies
s2696,Movie,TV-G,Kids,2020,Children & Family Movies
s2696,Movie,TV-G,Kids,2020,Comedies
s2696,Movie,TV-G,Kids,2020,Sports Movies
s2697,TV Show,TV-MA,Adults,2020,Crime TV Shows
s2697,TV Show,TV-MA,Adults,2020,International TV Shows
s2697,TV Show,TV-MA,Adults,2020,TV Dramas
s2698,Movie,PG,Teens,2020,Dramas
s2699,TV Show,TV-14,Teens,2020,Anime Series
s2699,TV Show,TV-14,Teens,2020,International TV Shows
s2699,TV Show,TV-14,Teens,2020,Romantic TV Shows
s2700,TV Show,TV-MA,Adults,2020,International TV Shows
s2700,TV Show,TV-MA,Adults,2020,Reality TV
s2701,Movie,TV-MA,Adults,2020,Comedies
s2701,Movie,TV-MA,Adults,2020,Dramas
s2701,Movie,TV-MA,Adults,2020,International Movies
s2702,Movie,PG,Teens,2020,Action & Adventure
s2702,Movie,PG,Teens,2020,Children & Family Movies
s2702,Movie,PG,Teens,2020,Sci-Fi & Fantasy
s2703,Movie,TV-MA,Adults,2020,Stand-Up Comedy
s2704,Movie,TV-MA,Adults,2020,Dramas
s2704,Movie,TV-MA,Adults,2020,Independent Movies
s2705,Movie,R,Adults,2020,Dramas
s2705,Movie,R,Adults,2020,Independent Movies
s2706,Movie,TV-MA,Adults,2020,Horror Movies
s2706,Movie,TV-MA,Adults,2020,Independent Movies
s2706,Movie,TV-MA,Adults,2020,Sci-Fi & Fantasy
s2707,Movie,R,Adults,2020,Dramas
s2707,Movie,R,Adults,2020,Independent Movies
s2707,Movie,R,Adults,2020,Thrillers
s2708,Movie,R,Adults,2020,Action & Adventure
s2709,TV Show,TV-MA,Adults,2020,International TV Shows
s2709,TV Show,TV-MA,Adults,2020,Spanish-Language TV Shows
s2709,TV Show,TV-MA,Adults,2020,TV Dramas
s2710,Movie,TV-MA,Adults,2020,Action & Adventure
s2710,Movie,TV-MA,Adults,2020,Comedies
s2711,TV Show,TV-14,Teens,2020,TV Dramas
s2711,TV Show,TV-14,Teens,2020,TV Sci-Fi & Fantasy
s2711,TV Show,TV-14,Teens,2020,Teen TV Shows
s2712,Movie,TV-MA,Adults,2020,Documentaries
s2712,Movie,TV-MA,Adults,2020,International Movies
s2713,Movie,R,Adults,2020,Comedies
s2713,Movie,R,Adults,2020,Dramas
s2713,Movie,R,Adults,2020,Independent Movies
s2714,Movie,TV-14,Teens,2020,Action & Adventure
s2714,Movie,TV-14,Teens,2020,Anime Features
s2714,Movie,TV-14,Teens,2020,International Movies
s2715,Movie,TV-PG,Teens,2020,Anime Features
s2715,Movie,TV-PG,Teens,2020,International Movies
s2715,Movie,TV-PG,Teens,2020,Sci-Fi & Fantasy
s2716,Movie,TV-14,Teens,2020,Dramas
s2716,Movie,TV-14,Teens,2020,International Movies
s2717,Movie,TV-14,Teens,2020,Action & Adventure
s2717,Movie,TV-14,Teens,2020,Dramas
s2717,Movie,TV-14,Teens,2020,International Movies
s2718,Movie,TV-Y7,Kids,2020,Children & Family Movies
s2719,TV Show,TV-14,Teens,2020,TV Comedies
s2720,Movie,TV-MA,Adults,2020,Stand-Up Comedy
s2721,Movie,TV-14,Teens,2020,Comedies
s2721,Movie,TV-14,Teens,2020,Dramas
s2721,Movie,TV-14,Teens,2020,International Movies
s2722,Movie,TV-14,Teens,2020,Action & Adventure
s2722,Movie,TV-14,Teens,2020,Dramas
s2722,Movie,TV-14,Teens,2020,International Movies
s2723,Movie,TV-14,Teens,2020,Comedies
s2723,Movie,TV-14,Teens,2020,Dramas
s2723,Movie,TV-14,Teens,2020,International Movies
s2724,Movie,TV-14,Teens,2020,Action & Adventure
s2724,Movie,TV-14,Teens,2020,Dramas
s2724,Movie,TV-14,Teens,2020,International Movies
s2725,Movie,TV-14,Teens,2020,Comedies
s2725,Movie,TV-14,Teens,2020,Dramas
s2725,Movie,TV-14,Teens,2020,International Movies
s2726,Movie,TV-14,Teens,2020,Action & Adventure
s2726,Movie,TV-14,Teens,2020,Dramas
s2726,Movie,TV-14,Teens,2020,International Movies
s2727,Movie,TV-14,Teens,2020,Comedies
s2727,Movie,TV-14,Teens,2020,Dramas
s2727,Movie,TV-14,Teens,2020,International Movies
s2728,TV Show,TV-MA,Adults,2020,Crime TV Shows
s2728,TV Show,TV-MA,Adults,2020,Docuseries
s2729,Movie,TV-14,Teens,2020,Comedies
s2729,Movie,TV-14,Teens,2020,International Movies
s2729,Movie,TV-14,Teens,2020,Romantic Movies
s2730,Movie,TV-14,Teens,2020,Horror Movies
s2730,Movie,TV-14,Teens,2020,International Movies
s2730,Movie,TV-14,Teens,2020,Thrillers
s2731,Movie,TV-14,Teens,2020,Dramas
s2731,Movie,TV-14,Teens,2020,International Movies
s2731,Movie,TV-14,Teens,2020,Romantic Movies
s2732,Movie,TV-14,Teens,2020,Dramas
s2732,Movie,TV-14,Teens,2020,International Movies
s2733,Movie,TV-14,Teens,2020,Comedies
s2733,Movie,TV-14,Teens,2020,Dramas
s2733,Movie,TV-14,Teens,2020,International Movies
s2734,Movie,TV-14,Teens,2020,Comedies
s2734,Movie,TV-14,Teens,2020,Dramas
s2734,Movie,TV-14,Teens,2020,International Movies
s2735,Movie,TV-14,Teens,2020,Comedies
s2735,Movie,TV-14,Teens,2020,Dramas
s2735,Movie,TV-14,Teens,2020,International Movies
s2736,Movie,TV-14,Teens,2020,Comedies
s2736,Movie,TV-14,Teens,2020,International Movies
s2736,Movie,TV-14,Teens,2020,Romantic Movies
s2737,TV Show,TV-MA,Adults,2020,British TV Shows
s2737,TV Show,TV-MA,Adults,2020,International TV Shows
s2737,TV Show,TV-MA,Adults,2020,TV Comedies
s2738,Movie,TV-Y7,Kids,2020,Children & Family Movies
s2738,Movie,TV-Y7,Kids,2020,Sports Movies
s2739,Movie,TV-14,Teens,2020,Action & Adventure
s2739,Movie,TV-14,Teens,2020,Comedies
s2739,Movie,TV-14,Teens,2020,Dramas
s2740,TV Show,TV-Y7,Kids,2020,Anime Series
s2740,TV Show,TV-Y7,Kids,2020,Kids' TV
s2741,TV Show,TV-14,Teens,2020,Anime Series
s2742,Movie,TV-MA,Adults,2020,Dramas
s2742,Movie,TV-MA,Adults,2020,Independent Movies
s2742,Movie,TV-MA,Adults,2020,International Movies
s2743,TV Show,TV-MA,Adults,2020,British TV Shows
s2743,TV Show,TV-MA,Adults,2020,Docuseries
s2743,TV Show,TV-MA,Adults,2020,International TV Shows
s2744,TV Show,TV-MA,Adults,2020,TV Comedies
s2745,Movie,TV-G,Kids,2020,Children & Family Movies
s2746,Movie,R,Adults,2020,Dramas
s2746,Movie,R,Adults,2020,Independent Movies
s2746,Movie,R,Adults,2020,Music & Musicals
s2747,TV Show,TV-MA,Adults,2020,British TV Shows
s2747,TV Show,TV-MA,Adults,2020,International TV Shows
s2747,TV Show,TV-MA,Adults,2020,TV Comedies
s2748,Movie,TV-14,Teens,2020,Comedies
s2748,Movie,TV-14,Teens,2020,Dramas
s2748,Movie,TV-14,Teens,2020,International Movies
s2749,TV Show,TV-14,Teens,2020,International TV Shows
s2749,TV Show,TV-14,Teens,2020,Romantic TV Shows
s2749,TV Show,TV-14,Teens,2020,TV Comedies
s2750,Movie,R,Adults,2020,Horror Movies
s2750,Movie,R,Adults,2020,Independent Movies
s2750,Movie,R,Adults,2020,Sci-Fi & Fantasy
s2751,Movie,TV-Y7,Kids,2020,Children & Family Movies
s2752,TV Show,TV-G,Kids,2020,Kids' TV
s2752,TV Show,TV-G,Kids,2020,TV Comedies
s2752,TV Show,TV-G,Kids,2020,TV Dramas
s2753,TV Show,TV-Y7,Kids,2020,Kids' TV
s2754,Movie,TV-MA,Adults,2020,Stand-Up Comedy
s2755,Movie,PG,Teens,2020,Children & Family Movies
s2755,Movie,PG,Teens,2020,Dramas
s2755,Movie,PG,Teens,2020,Sports Movies
s2756,Movie,TV-MA,Adults,2020,Dramas
s2756,Movie,TV-MA,Adults,2020,Independent Movies
s2756,Movie,TV-MA,Adults,2020,Sports Movies
s2757,Movie,TV-MA,Adults,2020,Dramas
s2757,Movie,TV-MA,Adults,2020,Independent Movies
s2757,Movie,TV-MA,Adults,2020,International Movies
s2758,Movie,TV-14,Teens,2020,Thrillers
s2759,Movie,R,Adults,2020,Documentaries
s2759,Movie,R,Adults,2020,Sports Movies
s2760,TV Show,TV-Y,Kids,2020,Kids' TV
s2761,Movie,TV-14,Teens,2020,Comedies
s2761,Movie,TV-14,Teens,2020,Dramas
s2761,Movie,TV-14,Teens,2020,International Movies
s2762,TV Show,TV-MA,Adults,2020,Crime TV Shows
s2762,TV Show,TV-MA,Adults,2020,International TV Shows
s2762,TV Show,TV-MA,Adults,2020,Korean TV Shows
s2763,Movie,R,Adults,2020,Action & Adventure
s2764,Movie,TV-Y,Kids,2020,Children & Family Movies
s2764,Movie,TV-Y,Kids,2020,Comedies
s2765,TV Show,TV-MA,Adults,2020,Crime TV Shows
s2765,TV Show,TV-MA,Adults,2020,TV Action & Adventure
s2765,TV Show,TV-MA,Adults,2020,TV Comedies
s2766,TV Show,TV-MA,Adults,2020,International TV Shows
s2766,TV Show,TV-MA,Adults,2020,Stand-Up Comedy & Talk Shows
s2766,TV Show,TV-MA,Adults,2020,TV Comedies
s2767,Movie,TV-MA,Adults,2020,Comedies
s2767,Movie,TV-MA,Adults,2020,Dramas
s2767,Movie,TV-MA,Adults,2020,International Movies
s2768,TV Show,TV-MA,Adults,2020,Crime TV Shows
s2768,TV Show,TV-MA,Adults,2020,TV Dramas
s2768,TV Show,TV-MA,Adults,2020,TV Thrillers
s2769,Movie,TV-MA,Adults,2020,Action & Adventure
s2769,Movie,TV-MA,Adults,2020,International Movies
s2770,Movie,TV-14,Teens,2020,Documentaries
s2770,Movie,TV-14,Teens,2020,International Movies
s2771,Movie,TV-Y,Kids,2020,Children & Family Movies
s2772,Movie,TV-MA,Adults,2020,Dramas
s2772,Movie,TV-MA,Adults,2020,Independent Movies
s2773,TV Show,TV-MA,Adults,2020,International TV Shows
s2773,TV Show,TV-MA,Adults,2020,Korean TV Shows
s2773,TV Show,TV-MA,Adults,2020,Reality TV
s2774,Movie,TV-Y,Kids,2020,Children & Family Movies
s2775,TV Show,TV-MA,Adults,2020,Anime Series
s2775,TV Show,TV-MA,Adults,2020,International TV Shows
s2776,Movie,TV-MA,Adults,2020,Dramas
s2776,Movie,TV-MA,Adults,2020,International Movies
s2776,Movie,TV-MA,Adults,2020,Romantic Movies
s2777,Movie,TV-G,Kids,2020,Documentaries
s2777,Movie,TV-G,Kids,2020,International Movies
s2778,TV Show,TV-MA,Adults,2020,International TV Shows
s2778,TV Show,TV-MA,Adults,2020,TV Dramas
s2779,Movie,PG,Teens,2020,Children & Family Movies
s2779,Movie,PG,Teens,2020,Documentaries
s2779,Movie,PG,Teens,2020,Sports Movies
s2780,Movie,R,Adults,2020,Documentaries
s2781,Movie,TV-MA,Adults,2020,Dramas
s2781,Movie,TV-MA,Adults,2020,International Movies
s2782,Movie,TV-MA,Adults,2020,Independent Movies
s2782,Movie,TV-MA,Adults,2020,International Movies
s2782,Movie,TV-MA,Adults,2020,Thrillers
s2783,Movie,TV-MA,Adults,2020,Stand-Up Comedy
s2784,TV Show,TV-MA,Adults,2020,Crime TV Shows
s2784,TV Show,TV-MA,Adults,2020,International TV Shows
s2784,TV Show,TV-MA,Adults,2020,TV Dramas
s2785,TV Show,TV-14,Teens,2020,International TV Shows
s2785,TV Show,TV-14,Teens,2020,Reality TV
s2786,TV Show,TV-Y,Kids,2020,Kids' TV
s2787,Movie,TV-14,Teens,2020,Documentaries
s2787,Movie,TV-14,Teens,2020,International Movies
s2787,Movie,TV-14,Teens,2020,Sports Movies
s2788,TV Show,TV-Y7,Kids,2020,Kids' TV
s2788,TV Show,TV-Y7,Kids,2020,TV Comedies
s2789,TV Show,TV-Y7,Kids,2020,Anime Series
s2789,TV Show,TV-Y7,Kids,2020,Kids' TV
s2790,Movie,TV-14,Teens,2020,Dramas
s2790,Movie,TV-14,Teens,2020,Independent Movies
s2790,Movie,TV-14,Teens,2020,International Movies
s2791,TV Show,TV-PG,Teens,2020,Kids' TV
s2791,TV Show,TV-PG,Teens,2020,TV Dramas
s2791,TV Show,TV-PG,Teens,2020,Teen TV Shows
s2792,TV Show,TV-MA,Adults,2020,TV Dramas
s2793,TV Show,TV-MA,Adults,2020,Crime TV Shows
s2793,TV Show,TV-MA,Adults,2020,International TV Shows
s2793,TV Show,TV-MA,Adults,2020,TV Dramas
s2794,TV Show,TV-14,Teens,2020,British TV Shows
s2794,TV Show,TV-14,Teens,2020,International TV Shows
s2794,TV Show,TV-14,Teens,2020,TV Dramas
s2795,TV Show,TV-PG,Teens,2020,British TV Shows
s2795,TV Show,TV-PG,Teens,2020,International TV Shows
s2795,TV Show,TV-PG,Teens,2020,TV Action & Adventure
s2796,TV Show,TV-MA,Adults,2020,Crime TV Shows
s2796,TV Show,TV-MA,Adults,2020,Docuseries
s2797,Movie,TV-MA,Adults,2020,Dramas
s2797,Movie,TV-MA,Adults,2020,International Movies
s2797,Movie,TV-MA,Adults,2020,Sports Movies
s2798,TV Show,TV-MA,Adults,2020,International TV Shows
s2798,TV Show,TV-MA,Adults,2020,TV Dramas
s2798,TV Show,TV-MA,Adults,2020,TV Horror
s2799,Movie,R,Adults,2020,Independent Movies
s2799,Movie,R,Adults,2020,Sci-Fi & Fantasy
s2799,Movie,R,Adults,2020,Thrillers
s2800,Movie,TV-MA,Adults,2020,Action & Adventure
s2800,Movie,TV-MA,Adults,2020,Anime Features
s2800,Movie,TV-MA,Adults,2020,International Movies
s2801,Movie,TV-14,Teens,2020,Comedies
s2801,Movie,TV-14,Teens,2020,International Movies
s2802,Movie,R,Adults,2020,Dramas
s2802,Movie,R,Adults,2020,Romantic Movies
s2803,TV Show,TV-MA,Adults,2020,International TV Shows
s2803,TV Show,TV-MA,Adults,2020,TV Dramas
s2804,Movie,PG,Teens,2020,Anime Features
s2804,Movie,PG,Teens,2020,Music & Musicals
s2804,Movie,PG,Teens,2020,Sci-Fi & Fantasy
s2805,TV Show,TV-MA,Adults,2020,Crime TV Shows
s2805,TV Show,TV-MA,Adults,2020,International TV Shows
s2805,TV Show,TV-MA,Adults,2020,TV Dramas
s2806,Movie,TV-14,Teens,2020,Documentaries
s2806,Movie,TV-14,Teens,2020,Sports Movies
s2807,Movie,TV-MA,Adults,2020,Stand-Up Comedy
s2808,TV Show,TV-Y7,Kids,2020,British TV Shows
s2808,TV Show,TV-Y7,Kids,2020,Kids' TV
s2808,TV Show,TV-Y7,Kids,2020,TV Comedies
s2809,TV Show,TV-MA,Adults,2020,Docuseries
s2810,Movie,R,Adults,2020,Comedies
s2811,Movie,TV-14,Teens,2020,International Movies
s2811,Movie,TV-14,Teens,2020,Thrillers
s2812,Movie,TV-Y,Kids,2020,Children & Family Movies
s2813,Movie,TV-Y,Kids,2020,Children & Family Movies
s2814,TV Show,TV-MA,Adults,2020,Docuseries
s2815,Movie,TV-Y,Kids,2020,Children & Family Movies
s2816,Movie,TV-MA,Adults,2020,Comedies
s2816,Movie,TV-MA,Adults,2020,International Movies
s2816,Movie,TV-MA,Adults,2020,Romantic Movies
s2817,TV Show,TV-14,Teens,2020,Docuseries
s2817,TV Show,TV-14,Teens,2020,Science & Nature TV
s2818,Movie,TV-14,Teens,2020,Comedies
s2818,Movie,TV-14,Teens,2020,Dramas
s2818,Movie,TV-14,Teens,2020,International Movies
s2819,TV Show,TV-MA,Adults,2020,International TV Shows
s2819,TV Show,TV-MA,Adults,2020,TV Horror
s2819,TV Show,TV-MA,Adults,2020,TV Mysteries
s2820,Movie,TV-PG,Teens,2020,Children & Family Movies
s2820,Movie,TV-PG,Teens,2020,Dramas
s2821,Movie,TV-MA,Adults,2020,Dramas
s2821,Movie,TV-MA,Adults,2020,Independent Movies
s2822,TV Show,TV-MA,Adults,2020,International TV Shows
s2822,TV Show,TV-MA,Adults,2020,Korean TV Shows
s2822,TV Show,TV-MA,Adults,2020,TV Action & Adventure
s2823,Movie,R,Adults,2020,Dramas
s2824,Movie,TV-14,Teens,2020,Dramas
s2824,Movie,TV-14,Teens,2020,International Movies
s2825,TV Show,TV-MA,Adults,2020,Crime TV Shows
s2825,TV Show,TV-MA,Adults,2020,International TV Shows
s2825,TV Show,TV-MA,Adults,2020,TV Dramas
s2826,TV Show,TV-MA,Adults,2020,Crime TV Shows
s2826,TV Show,TV-MA,Adults,2020,Docuseries
s2827,TV Show,TV-14,Teens,2020,Romantic TV Shows
s2827,TV Show,TV-14,Teens,2020,TV Comedies
s2827,TV Show,TV-14,Teens,2020,TV Dramas
s2828,TV Show,TV-MA,Adults,2020,International TV Shows
s2828,TV Show,TV-MA,Adults,2020,Reality TV
s2829,Movie,TV-Y7,Kids,2020,Children & Family Movies
s2830,Movie,TV-MA,Adults,2020,Stand-Up Comedy
s2831,Movie,TV-PG,Teens,2020,Children & Family Movies
s2831,Movie,TV-PG,Teens,2020,Dramas
s2832,Movie,TV-MA,Adults,2020,Comedies
s2832,Movie,TV-MA,Adults,2020,International Movies
s2833,Movie,TV-MA,Adults,2020,Dramas
s2833,Movie,TV-MA,Adults,2020,International Movies
s2833,Movie,TV-MA,Adults,2020,Romantic Movies
s2834,Movie,TV-MA,Adults,2020,Dramas
s2834,Movie,TV-MA,Adults,2020,International Movies
s2835,Movie,TV-MA,Adults,2020,Dramas
s2835,Movie,TV-MA,Adults,2020,Independent Movies
s2835,Movie,TV-MA,Adults,2020,International Movies
s2836,Movie,TV-MA,Adults,2020,Documentaries
s2836,Movie,TV-MA,Adults,2020,Music & Musicals
s2837,Movie,R,Adults,2020,Action & Adventure
s2837,Movie,R,Adults,2020,Comedies
s2838,Movie,TV-MA,Adults,2020,International Movies
s2838,Movie,TV-MA,Adults,2020,Thrillers
s2839,TV Show,TV-MA,Adults,2020,Docuseries
s2840,Movie,TV-PG,Teens,2020,Dramas
s2840,Movie,TV-PG,Teens,2020,International Movies
s2840,Movie,TV-PG,Teens,2020,Thrillers
s2841,Movie,TV-14,Teens,2020,Action & Adventure
s2841,Movie,TV-14,Teens,2020,Comedies
s2841,Movie,TV-14,Teens,2020,Dramas
s2842,TV Show,TV-Y,Kids,2020,Kids' TV
s2842,TV Show,TV-Y,Kids,2020,TV Comedies
s2843,Movie,TV-MA,Adults,2020,Comedies
s2843,Movie,TV-MA,Adults,2020,International Movies
s2843,Movie,TV-MA,Adults,2020,LGBTQ Movies
s2844,Movie,TV-MA,Adults,2020,Dramas
s2844,Movie,TV-MA,Adults,2020,International Movies
s2845,Movie,TV-MA,Adults,2020,Documentaries
s2845,Movie,TV-MA,Adults,2020,Music & Musicals
s2846,Movie,R,Adults,2020,Dramas
s2846,Movie,R,Adults,2020,International Movies
s2847,TV Show,TV-14,Teens,2020,International TV Shows
s2847,TV Show,TV-14,Teens,2020,Romantic TV Shows
s2847,TV Show,TV-14,Teens,2020,Spanish-Language TV Shows
s2848,Movie,R,Adults,2020,Independent Movies
s2848,Movie,R,Adults,2020,Sci-Fi & Fantasy
s2848,Movie,R,Adults,2020,Thrillers
s2849,Movie,TV-Y,Kids,2020,Children & Family Movies
s2849,Movie,TV-Y,Kids,2020,Comedies
s2849,Movie,TV-Y,Kids,2020,Music & Musicals
s2850,Movie,TV-MA,Adults,2020,Stand-Up Comedy
s2851,Movie,TV-14,Teens,2020,Dramas
s2851,Movie,TV-14,Teens,2020,Independent Movies
s2851,Movie,TV-14,Teens,2020,International Movies
s2852,Movie,TV-MA,Adults,2020,Dramas
s2852,Movie,TV-MA,Adults,2020,International Movies
s2853,Movie,R,Adults,2020,Dramas
s2853,Movie,R,Adults,2020,Romantic Movies
s2854,Movie,TV-MA,Adults,2020,Stand-Up Comedy
s2855,TV Show,TV-14,Teens,2020,Anime Series
s2855,TV Show,TV-14,Teens,2020,Crime TV Shows
s2855,TV Show,TV-14,Teens,2020,International TV Shows
s2856,TV Show,TV-MA,Adults,2020,Crime TV Shows
s2856,TV Show,TV-MA,Adults,2020,International TV Shows
s2856,TV Show,TV-MA,Adults,2020,TV Dramas
s2857,Movie,TV-14,Teens,2020,Comedies
s2857,Movie,TV-14,Teens,2020,Dramas
s2857,Movie,TV-14,Teens,2020,International Movies
s2858,TV Show,TV-Y,Kids,2020,Kids' TV
s2859,Movie,TV-Y,Kids,2020,Children & Family Movies
s2860,Movie,TV-MA,Adults,2020,Dramas
s2860,Movie,TV-MA,Adults,2020,Thrillers
s2861,Movie,PG,Teens,2020,Children & Family Movies
s2861,Movie,PG,Teens,2020,Dramas
s2862,Movie,TV-14,Teens,2020,Comedies
s2862,Movie,TV-14,Teens,2020,Dramas
s2862,Movie,TV-14,Teens,2020,Music & Musicals
s2863,Movie,TV-14,Teens,2020,Dramas
s2863,Movie,TV-14,Teens,2020,International Movies
s2863,Movie,TV-14,Teens,2020,Romantic Movies
s2864,Movie,R,Adults,2020,Dramas
s2864,Movie,R,Adults,2020,Independent Movies
s2865,Movie,TV-14,Teens,2020,Dramas
s2865,Movie,TV-14,Teens,2020,International Movies
s2865,Movie,TV-14,Teens,2020,Romantic Movies
s2866,Movie,TV-MA,Adults,2020,Documentaries
s2866,Movie,TV-MA,Adults,2020,International Movies
s2867,Movie,TV-MA,Adults,2020,Documentaries
s2867,Movie,TV-MA,Adults,2020,Music & Musicals
s2868,Movie,TV-MA,Adults,2020,Dramas
s2868,Movie,TV-MA,Adults,2020,Romantic Movies
s2869,TV Show,TV-14,Teens,2020,International TV Shows
s2869,TV Show,TV-14,Teens,2020,Spanish-Language TV Shows
s2869,TV Show,TV-14,Teens,2020,TV Comedies
s2870,Movie,TV-14,Teens,2020,Stand-Up Comedy
s2871,TV Show,TV-MA,Adults,2020,International TV Shows
s2871,TV Show,TV-MA,Adults,2020,TV Action & Adventure
s2871,TV Show,TV-MA,Adults,2020,TV Dramas
s2872,TV Show,TV-MA,Adults,2020,Crime TV Shows
s2872,TV Show,TV-MA,Adults,2020,International TV Shows
s2872,TV Show,TV-MA,Adults,2020,Spanish-Language TV Shows
s2873,TV Show,TV-MA,Adults,2020,International TV Shows
s2873,TV Show,TV-MA,Adults,2020,Spanish-Language TV Shows
s2873,TV Show,TV-MA,Adults,2020,TV Dramas
s2874,Movie,TV-14,Teens,2020,Action & Adventure
s2874,Movie,TV-14,Teens,2020,Comedies
s2874,Movie,TV-14,Teens,2020,Dramas
s2875,TV Show,TV-MA,Adults,2020,Crime TV Shows
s2875,TV Show,TV-MA,Adults,2020,TV Action & Adventure
s2875,TV Show,TV-MA,Adults,2020,TV Dramas
s2876,TV Show,TV-MA,Adults,2020,International TV Shows
s2876,TV Show,TV-MA,Adults,2020,TV Dramas
s2877,Movie,TV-Y7,Kids,2020,Anime Features
s2877,Movie,TV-Y7,Kids,2020,Children & Family Movies
s2878,TV Show,TV-14,Teens,2020,TV Shows
s2879,Movie,TV-14,Teens,2020,Dramas
s2879,Movie,TV-14,Teens,2020,International Movies
s2879,Movie,TV-14,Teens,2020,Romantic Movies
s2880,Movie,TV-MA,Adults,2020,Dramas
s2880,Movie,TV-MA,Adults,2020,International Movies
s2881,TV Show,TV-MA,Adults,2020,TV Comedies
s2881,TV Show,TV-MA,Adults,2020,TV Dramas
s2881,TV Show,TV-MA,Adults,2020,TV Sci-Fi & Fantasy
s2882,Movie,TV-MA,Adults,2020,Comedies
s2882,Movie,TV-MA,Adults,2020,Dramas
s2882,Movie,TV-MA,Adults,2020,Independent Movies
s2883,Movie,TV-MA,Adults,2020,Dramas
s2883,Movie,TV-MA,Adults,2020,International Movies
s2884,TV Show,TV-MA,Adults,2020,Crime TV Shows
s2884,TV Show,TV-MA,Adults,2020,Docuseries
s2885,Movie,TV-MA,Adults,2020,Dramas
s2885,Movie,TV-MA,Adults,2020,Independent Movies
s2885,Movie,TV-MA,Adults,2020,International Movies
s2886,Movie,TV-14,Teens,2020,International Movies
s2886,Movie,TV-14,Teens,2020,Romantic Movies
s2887,Movie,TV-MA,Adults,2020,Stand-Up Comedy
s2888,Movie,TV-PG,Teens,2020,Children & Family Movies
s2888,Movie,TV-PG,Teens,2020,Dramas
s2888,Movie,TV-PG,Teens,2020,Faith & Spirituality
s2889,TV Show,TV-14,Teens,2020,International TV Shows
s2889,TV Show,TV-14,Teens,2020,Korean TV Shows
s2889,TV Show,TV-14,Teens,2020,Romantic TV Shows
s2890,Movie,TV-MA,Adults,2020,Horror Movies
s2891,TV Show,TV-MA,Adults,2020,Crime TV Shows
s2891,TV Show,TV-MA,Adults,2020,Docuseries
s2892,TV Show,TV-MA,Adults,2020,TV Comedies
s2892,TV Show,TV-MA,Adults,2020,TV Dramas
s2893,TV Show,TV-MA,Adults,2020,International TV Shows
s2893,TV Show,TV-MA,Adults,2020,Korean TV Shows
s2893,TV Show,TV-MA,Adults,2020,Romantic TV Shows
s2894,TV Show,TV-G,Kids,2020,International TV Shows
s2894,TV Show,TV-G,Kids,2020,Reality TV
s2895,TV Show,TV-MA,Adults,2020,Crime TV Shows
s2895,TV Show,TV-MA,Adults,2020,International TV Shows
s2895,TV Show,TV-MA,Adults,2020,Spanish-Language TV Shows
s2896,Movie,TV-MA,Adults,2020,Dramas
s2896,Movie,TV-MA,Adults,2020,Independent Movies
s2896,Movie,TV-MA,Adults,2020,International Movies
s2897,Movie,TV-14,Teens,2020,International Movies
s2897,Movie,TV-14,Teens,2020,Thrillers
s2898,Movie,R,Adults,2020,Dramas
s2898,Movie,R,Adults,2020,Thrillers
s2899,Movie,TV-MA,Adults,2020,Dramas
s2899,Movie,TV-MA,Adults,2020,International Movies
s2900,Movie,TV-PG,Teens,2020,Comedies
s2900,Movie,TV-PG,Teens,2020,International Movies
s2900,Movie,TV-PG,Teens,2020,Music & Musicals
s2901,TV Show,TV-MA,Adults,2020,International TV Shows
s2901,TV Show,TV-MA,Adults,2020,TV Horror
s2901,TV Show,TV-MA,Adults,2020,TV Mysteries
s2902,Movie,TV-PG,Teens,2020,Children & Family Movies
s2902,Movie,TV-PG,Teens,2020,Documentaries
s2902,Movie,TV-PG,Teens,2020,International Movies
s2903,TV Show,TV-PG,Teens,2020,Kids' TV
s2903,TV Show,TV-PG,Teens,2020,TV Action & Adventure
s2903,TV Show,TV-PG,Teens,2020,TV Comedies
s2904,Movie,R,Adults,2020,Dramas
s2904,Movie,R,Adults,2020,Romantic Movies
s2905,Movie,TV-MA,Adults,2020,Dramas
s2905,Movie,TV-MA,Adults,2020,Independent Movies
s2906,Movie,R,Adults,2020,Action & Adventure
s2906,Movie,R,Adults,2020,Comedies
s2906,Movie,R,Adults,2020,Romantic Movies
s2907,TV Show,TV-MA,Adults,2020,International TV Shows
s2907,TV Show,TV-MA,Adults,2020,TV Dramas
s2908,Movie,R,Adults,2020,Dramas
s2908,Movie,R,Adults,2020,Thrillers
s2909,Movie,PG-13,Adults,2020,Horror Movies
s2909,Movie,PG-13,Adults,2020,Independent Movies
s2910,Movie,TV-Y,Kids,2020,Movies
s2911,TV Show,TV-Y,Kids,2020,Kids' TV
s2911,TV Show,TV-Y,Kids,2020,TV Comedies
s2912,Movie,G,Kids,2020,Children & Family Movies
s2912,Movie,G,Kids,2020,Comedies
s2913,Movie,TV-MA,Adults,2020,Dramas
s2913,Movie,TV-MA,Adults,2020,International Movies
s2913,Movie,TV-MA,Adults,2020,Romantic Movies
s2914,Movie,TV-MA,Adults,2020,Comedies
s2914,Movie,TV-MA,Adults,2020,Dramas
s2914,Movie,TV-MA,Adults,2020,Independent Movies
s2915,Movie,TV-MA,Adults,2020,Comedies
s2915,Movie,TV-MA,Adults,2020,International Movies
s2915,Movie,TV-MA,Adults,2020,Romantic Movies
s2916,Movie,TV-PG,Teens,2020,Comedies
s2916,Movie,TV-PG,Teens,2020,International Movies
s2916,Movie,TV-PG,Teens,2020,Music & Musicals
s2917,Movie,TV-14,Teens,2020,Dramas
s2917,Movie,TV-14,Teens,2020,International Movies
s2917,Movie,TV-14,Teens,2020,Romantic Movies
s2918,TV Show,TV-MA,Adults,2020,International TV Shows
s2918,TV Show,TV-MA,Adults,2020,Romantic TV Shows
s2918,TV Show,TV-MA,Adults,2020,TV Comedies
s2919,Movie,TV-14,Teens,2020,Comedies
s2919,Movie,TV-14,Teens,2020,International Movies
s2920,Movie,TV-PG,Teens,2020,Action & Adventure
s2920,Movie,TV-PG,Teens,2020,Anime Features
s2920,Movie,TV-PG,Teens,2020,Children & Family Movies
s2921,TV Show,TV-MA,Adults,2020,Reality TV
s2921,TV Show,TV-MA,Adults,2020,Romantic TV Shows
s2922,TV Show,TV-MA,Adults,2020,Crime TV Shows
s2922,TV Show,TV-MA,Adults,2020,TV Action & Adventure
s2922,TV Show,TV-MA,Adults,2020,TV Dramas
s2923,TV Show,TV-14,Teens,2020,International TV Shows
s2923,TV Show,TV-14,Teens,2020,Reality TV
s2923,TV Show,TV-14,Teens,2020,Spanish-Language TV Shows
s2924,TV Show,TV-MA,Adults,2020,Crime TV Shows
s2924,TV Show,TV-MA,Adults,2020,International TV Shows
s2924,TV Show,TV-MA,Adults,2020,TV Dramas
s2925,Movie,TV-PG,Teens,2020,Comedies
s2925,Movie,TV-PG,Teens,2020,International Movies
s2925,Movie,TV-PG,Teens,2020,Romantic Movies
s2926,Movie,TV-14,Teens,2020,Comedies
s2926,Movie,TV-14,Teens,2020,Romantic Movies
s2927,TV Show,TV-Y,Kids,2020,Kids' TV
s2927,TV Show,TV-Y,Kids,2020,TV Comedies
s2928,Movie,TV-Y7,Kids,2020,Children & Family Movies
s2928,Movie,TV-Y7,Kids,2020,Comedies
s2929,Movie,R,Adults,2020,Dramas
s2929,Movie,R,Adults,2020,Independent Movies
s2929,Movie,R,Adults,2020,Thrillers
s2930,Movie,TV-PG,Teens,2020,Documentaries
s2930,Movie,TV-PG,Teens,2020,International Movies
s2931,Movie,TV-14,Teens,2020,Dramas
s2931,Movie,TV-14,Teens,2020,International Movies
s2931,Movie,TV-14,Teens,2020,Romantic Movies
s2932,TV Show,TV-MA,Adults,2020,Crime TV Shows
s2932,TV Show,TV-MA,Adults,2020,TV Comedies
s2932,TV Show,TV-MA,Adults,2020,TV Dramas
s2933,Movie,TV-MA,Adults,2020,Dramas
s2933,Movie,TV-MA,Adults,2020,Independent Movies
s2933,Movie,TV-MA,Adults,2020,Thrillers
s2934,Movie,PG-13,Adults,2020,Horror Movies
s2935,Movie,TV-MA,Adults,2020,Dramas
s2935,Movie,TV-MA,Adults,2020,International Movies
s2935,Movie,TV-MA,Adults,2020,Thrillers
s2936,Movie,TV-14,Teens,2020,Comedies
s2936,Movie,TV-14,Teens,2020,Dramas
s2936,Movie,TV-14,Teens,2020,International Movies
s2937,Movie,TV-14,Teens,2020,Dramas
s2937,Movie,TV-14,Teens,2020,International Movies
s2938,TV Show,TV-Y,Kids,2020,Kids' TV
s2938,TV Show,TV-Y,Kids,2020,TV Comedies
s2939,TV Show,TV-14,Teens,2020,International TV Shows
s2939,TV Show,TV-14,Teens,2020,Romantic TV Shows
s2939,TV Show,TV-14,Teens,2020,TV Dramas
s2940,Movie,R,Adults,2020,Dramas
s2940,Movie,R,Adults,2020,Independent Movies
s2941,Movie,TV-14,Teens,2020,Dramas
s2941,Movie,TV-14,Teens,2020,International Movies
s2941,Movie,TV-14,Teens,2020,Sports Movies
s2942,TV Show,TV-14,Teens,2020,TV Action & Adventure
s2942,TV Show,TV-14,Teens,2020,TV Dramas
s2942,TV Show,TV-14,Teens,2020,TV Mysteries
s2943,TV Show,TV-14,Teens,2020,International TV Shows
s2943,TV Show,TV-14,Teens,2020,Korean TV Shows
s2943,TV Show,TV-14,Teens,2020,Romantic TV Shows
s2944,Movie,R,Adults,2020,Dramas
s2945,TV Show,TV-MA,Adults,2020,Crime TV Shows
s2945,TV Show,TV-MA,Adults,2020,Docuseries
s2946,TV Show,TV-MA,Adults,2020,Anime Series
s2946,TV Show,TV-MA,Adults,2020,International TV Shows
s2947,Movie,TV-14,Teens,2020,Documentaries
s2948,TV Show,TV-14,Teens,2020,Crime TV Shows
s2948,TV Show,TV-14,Teens,2020,TV Action & Adventure
s2949,TV Show,TV-MA,Adults,2020,Crime TV Shows
s2949,TV Show,TV-MA,Adults,2020,Docuseries
s2950,Movie,TV-MA,Adults,2020,Documentaries
s2950,Movie,TV-MA,Adults,2020,Sports Movies
s2951,Movie,PG-13,Adults,2020,Action & Adventure
s2951,Movie,PG-13,Adults,2020,Sci-Fi & Fantasy
s2952,Movie,PG,Teens,2020,Comedies
s2952,Movie,PG,Teens,2020,Faith & Spirituality
s2952,Movie,PG,Teens,2020,Romantic Movies
s2953,Movie,TV-14,Teens,2020,Stand-Up Comedy
s2954,TV Show,TV-PG,Teens,2020,Kids' TV
s2954,TV Show,TV-PG,Teens,2020,TV Comedies
s2955,Movie,TV-14,Teens,2020,International Movies
s2955,Movie,TV-14,Teens,2020,Thrillers
s2956,Movie,TV-MA,Adults,2020,Dramas
s2956,Movie,TV-MA,Adults,2020,International Movies
s2956,Movie,TV-MA,Adults,2020,Thrillers
s2957,Movie,TV-MA,Adults,2020,Comedies
s2957,Movie,TV-MA,Adults,2020,Dramas
s2957,Movie,TV-MA,Adults,2020,Independent Movies
s2958,Movie,TV-14,Teens,2020,Classic Movies
s2958,Movie,TV-14,Teens,2020,Dramas
s2958,Movie,TV-14,Teens,2020,International Movies
s2959,TV Show,TV-MA,Adults,2020,Anime Series
s2959,TV Show,TV-MA,Adults,2020,International TV Shows
s2960,TV Show,TV-MA,Adults,2020,International TV Shows
s2960,TV Show,TV-MA,Adults,2020,Korean TV Shows
s2960,TV Show,TV-MA,Adults,2020,TV Dramas
s2961,Movie,R,Adults,2020,Movies
s2962,Movie,PG-13,Adults,2020,Comedies
s2962,Movie,PG-13,Adults,2020,International Movies
s2962,Movie,PG-13,Adults,2020,Romantic Movies
s2963,TV Show,TV-Y7,Kids,2020,Kids' TV
s2963,TV Show,TV-Y7,Kids,2020,TV Action & Adventure
s2964,Movie,TV-G,Kids,2020,Children & Family Movies
s2964,Movie,TV-G,Kids,2020,Comedies
s2964,Movie,TV-G,Kids,2020,International Movies
s2965,Movie,TV-PG,Teens,2020,Movies
s2966,TV Show,TV-MA,Adults,2020,Anime Series
s2966,TV Show,TV-MA,Adults,2020,International TV Shows
s2967,TV Show,TV-14,Teens,2020,Anime Series
s2967,TV Show,TV-14,Teens,2020,International TV Shows
s2968,TV Show,TV-Y,Kids,2020,Kids' TV
s2969,Movie,TV-MA,Adults,2020,Action & Adventure
s2969,Movie,TV-MA,Adults,2020,Horror Movies
s2969,Movie,TV-MA,Adults,2020,Sci-Fi & Fantasy
s2970,Movie,TV-G,Kids,2020,Dramas
s2970,Movie,TV-G,Kids,2020,International Movies
s2970,Movie,TV-G,Kids,2020,Music & Musicals
s2971,Movie,TV-MA,Adults,2020,Dramas
s2971,Movie,TV-MA,Adults,2020,International Movies
s2972,TV Show,TV-MA,Adults,2020,International TV Shows
s2972,TV Show,TV-MA,Adults,2020,Spanish-Language TV Shows
s2972,TV Show,TV-MA,Adults,2020,TV Action & Adventure
s2973,Movie,TV-MA,Adults,2020,Dramas
s2973,Movie,TV-MA,Adults,2020,International Movies
s2974,Movie,TV-14,Teens,2020,Comedies
s2974,Movie,TV-14,Teens,2020,Dramas
s2974,Movie,TV-14,Teens,2020,Independent Movies
s2975,TV Show,TV-MA,Adults,2020,International TV Shows
s2975,TV Show,TV-MA,Adults,2020,Romantic TV Shows
s2975,TV Show,TV-MA,Adults,2020,TV Dramas
s2976,Movie,TV-MA,Adults,2020,Documentaries
s2976,Movie,TV-MA,Adults,2020,Music & Musicals
s2977,TV Show,TV-MA,Adults,2020,Crime TV Shows
s2977,TV Show,TV-MA,Adults,2020,International TV Shows
s2977,TV Show,TV-MA,Adults,2020,Spanish-Language TV Shows
s2978,TV Show,TV-14,Teens,2020,International TV Shows
s2978,TV Show,TV-14,Teens,2020,Reality TV
s2978,TV Show,TV-14,Teens,2020,Romantic TV Shows
s2979,Movie,TV-MA,Adults,2020,Stand-Up Comedy
s2980,TV Show,TV-MA,Adults,2020,British TV Shows
s2980,TV Show,TV-MA,Adults,2020,Crime TV Shows
s2980,TV Show,TV-MA,Adults,2020,International TV Shows
s2981,TV Show,TV-14,Teens,2020,International TV Shows
s2981,TV Show,TV-14,Teens,2020,Reality TV
s2981,TV Show,TV-14,Teens,2020,Romantic TV Shows
s2982,Movie,TV-MA,Adults,2020,Dramas
s2982,Movie,TV-MA,Adults,2020,International Movies
s2983,TV Show,TV-14,Teens,2020,International TV Shows
s2983,TV Show,TV-14,Teens,2020,Romantic TV Shows
s2983,TV Show,TV-14,Teens,2020,TV Comedies
s2984,TV Show,TV-PG,Teens,2020,Docuseries
s2984,TV Show,TV-PG,Teens,2020,Science & Nature TV
s2985,TV Show,TV-MA,Adults,2020,International TV Shows
s2985,TV Show,TV-MA,Adults,2020,TV Dramas
s2985,TV Show,TV-MA,Adults,2020,TV Sci-Fi & Fantasy
s2986,Movie,TV-14,Teens,2020,Comedies
s2986,Movie,TV-14,Teens,2020,International Movies
s2986,Movie,TV-14,Teens,2020,Romantic Movies
s2987,Movie,TV-14,Teens,2020,Comedies
s2987,Movie,TV-14,Teens,2020,Dramas
s2987,Movie,TV-14,Teens,2020,Independent Movies
s2988,Movie,TV-MA,Adults,2020,Stand-Up Comedy
s2989,Movie,PG,Teens,2020,Dramas
s2989,Movie,PG,Teens,2020,Independent Movies
s2990,Movie,TV-MA,Adults,2020,Dramas
s2990,Movie,TV-MA,Adults,2020,Independent Movies
s2990,Movie,TV-MA,Adults,2020,International Movies
s2991,Movie,TV-MA,Adults,2020,International Movies
s2991,Movie,TV-MA,Adults,2020,Thrillers
s2992,TV Show,TV-MA,Adults,2020,Docuseries
s2993,TV Show,TV-14,Teens,2020,International TV Shows
s2993,TV Show,TV-14,Teens,2020,TV Dramas
s2994,TV Show,TV-MA,Adults,2020,Reality TV
s2995,TV Show,TV-MA,Adults,2020,TV Comedies
s2995,TV Show,TV-MA,Adults,2020,TV Dramas
s2996,Movie,TV-PG,Teens,2020,Comedies
s2996,Movie,TV-PG,Teens,2020,International Movies
s2996,Movie,TV-PG,Teens,2020,Romantic Movies
s2997,Movie,TV-MA,Adults,2020,Stand-Up Comedy
s2998,TV Show,TV-MA,Adults,2020,TV Action & Adventure
s2998,TV Show,TV-MA,Adults,2020,TV Dramas
s2998,TV Show,TV-MA,Adults,2020,TV Horror
s2999,TV Show,TV-14,Teens,2020,Anime Series
s2999,TV Show,TV-14,Teens,2020,International TV Shows
s3000,TV Show,TV-14,Teens,2020,International TV Shows
s3000,TV Show,TV-14,Teens,2020,TV Dramas
s3000,TV Show,TV-14,Teens,2020,TV Mysteries
s3001,TV Show,TV-14,Teens,2020,Docuseries
s3001,TV Show,TV-14,Teens,2020,Science & Nature TV
s3002,TV Show,TV-MA,Adults,2020,International TV Shows
s3002,TV Show,TV-MA,Adults,2020,Romantic TV Shows
s3002,TV Show,TV-MA,Adults,2020,Spanish-Language TV Shows
s3003,Movie,TV-MA,Adults,2020,Comedies
s3003,Movie,TV-MA,Adults,2020,Dramas
s3003,Movie,TV-MA,Adults,2020,International Movies
s3004,Movie,TV-MA,Adults,2020,Stand-Up Comedy
s3005,Movie,TV-14,Teens,2020,Comedies
s3005,Movie,TV-14,Teens,2020,Dramas
s3005,Movie,TV-14,Teens,2020,Independent Movies
s3006,TV Show,TV-PG,Teens,2020,Kids' TV
s3006,TV Show,TV-PG,Teens,2020,TV Action & Adventure
s3006,TV Show,TV-PG,Teens,2020,TV Sci-Fi & Fantasy
s3007,Movie,TV-14,Teens,2020,Comedies
s3007,Movie,TV-14,Teens,2020,Dramas
s3007,Movie,TV-14,Teens,2020,International Movies
s3008,Movie,TV-14,Teens,2020,Dramas
s3008,Movie,TV-14,Teens,2020,Independent Movies
s3009,Movie,R,Adults,2020,Dramas
s3009,Movie,R,Adults,2020,Independent Movies
s3010,Movie,TV-MA,Adults,2020,Dramas
s3010,Movie,TV-MA,Adults,2020,Thrillers
s3011,TV Show,TV-MA,Adults,2020,International TV Shows
s3011,TV Show,TV-MA,Adults,2020,TV Dramas
s3011,TV Show,TV-MA,Adults,2020,TV Horror
s3012,TV Show,TV-MA,Adults,2020,Docuseries
s3012,TV Show,TV-MA,Adults,2020,International TV Shows
s3013,TV Show,TV-14,Teens,2020,International TV Shows
s3013,TV Show,TV-14,Teens,2020,Reality TV
s3014,TV Show,TV-PG,Teens,2020,Reality TV
s3015,Movie,TV-14,Teens,2020,Horror Movies
s3016,TV Show,TV-14,Teens,2020,International TV Shows
s3016,TV Show,TV-14,Teens,2020,TV Dramas
s3016,TV Show,TV-14,Teens,2020,TV Sci-Fi & Fantasy
s3017,Movie,PG,Teens,2020,Children & Family Movies
s3017,Movie,PG,Teens,2020,Comedies
s3018,Movie,TV-MA,Adults,2020,Dramas
s3018,Movie,TV-MA,Adults,2020,Independent Movies
s3019,Movie,R,Adults,2020,Dramas
s3019,Movie,R,Adults,2020,International Movies
s3019,Movie,R,Adults,2020,Thrillers
s3020,Movie,TV-14,Teens,2020,Action & Adventure
s3020,Movie,TV-14,Teens,2020,Anime Features
s3020,Movie,TV-14,Teens,2020,Children & Family Movies
s3021,TV Show,TV-14,Teens,2020,Anime Series
s3021,TV Show,TV-14,Teens,2020,International TV Shows
s3022,Movie,R,Adults,2020,Dramas
s3023,Movie,TV-14,Teens,2020,Dramas
s3023,Movie,TV-14,Teens,2020,Independent Movies
s3023,Movie,TV-14,Teens,2020,International Movies
s3024,Movie,TV-MA,Adults,2020,Dramas
s3024,Movie,TV-MA,Adults,2020,International Movies
s3024,Movie,TV-MA,Adults,2020,Thrillers
s3025,TV Show,TV-MA,Adults,2020,Crime TV Shows
s3025,TV Show,TV-MA,Adults,2020,Docuseries
s3026,Movie,R,Adults,2020,International Movies
s3026,Movie,R,Adults,2020,Sci-Fi & Fantasy
s3026,Movie,R,Adults,2020,Thrillers
s3027,Movie,TV-MA,Adults,2020,Action & Adventure
s3027,Movie,TV-MA,Adults,2020,Independent Movies
s3028,Movie,TV-MA,Adults,2020,Stand-Up Comedy
s3029,TV Show,TV-Y,Kids,2020,Kids' TV
s3030,Movie,TV-MA,Adults,2020,Action & Adventure
s3030,Movie,TV-MA,Adults,2020,Dramas
s3030,Movie,TV-MA,Adults,2020,International Movies
s3031,TV Show,TV-G,Kids,2020,Kids' TV
s3031,TV Show,TV-G,Kids,2020,TV Comedies
s3031,TV Show,TV-G,Kids,2020,TV Dramas
s3032,Movie,TV-14,Teens,2020,Documentaries
s3033,Movie,TV-MA,Adults,2020,Comedies
s3033,Movie,TV-MA,Adults,2020,Dramas
s3033,Movie,TV-MA,Adults,2020,International Movies
s3034,TV Show,TV-14,Teens,2020,TV Comedies
s3034,TV Show,TV-14,Teens,2020,TV Dramas
s3035,TV Show,TV-MA,Adults,2020,British TV Shows
s3035,TV Show,TV-MA,Adults,2020,Crime TV Shows
s3035,TV Show,TV-MA,Adults,2020,International TV Shows
s3036,TV Show,TV-Y7,Kids,2020,Kids' TV
s3036,TV Show,TV-Y7,Kids,2020,TV Comedies
s3037,TV Show,TV-MA,Adults,2020,Crime TV Shows
s3037,TV Show,TV-MA,Adults,2020,International TV Shows
s3037,TV Show,TV-MA,Adults,2020,TV Dramas
s3038,TV Show,TV-MA,Adults,2020,Crime TV Shows
s3038,TV Show,TV-MA,Adults,2020,TV Action & Adventure
s3038,TV Show,TV-MA,Adults,2020,TV Comedies
s3039,Movie,R,Adults,2020,Action & Adventure
s3039,Movie,R,Adults,2020,Dramas
s3039,Movie,R,Adults,2020,Independent Movies
s3040,TV Show,TV-Y,Kids,2020,Kids' TV
s3040,TV Show,TV-Y,Kids,2020,TV Comedies
s3041,TV Show,TV-MA,Adults,2020,International TV Shows
s3041,TV Show,TV-MA,Adults,2020,Reality TV
s3041,TV Show,TV-MA,Adults,2020,TV Comedies
s3042,Movie,TV-MA,Adults,2020,Action & Adventure
s3042,Movie,TV-MA,Adults,2020,Comedies
s3043,TV Show,TV-MA,Adults,2020,Docuseries
s3043,TV Show,TV-MA,Adults,2020,Reality TV
s3043,TV Show,TV-MA,Adults,2020,Teen TV Shows
s3044,Movie,R,Adults,2020,Dramas
s3044,Movie,R,Adults,2020,Independent Movies
s3045,Movie,TV-MA,Adults,2020,Comedies
s3045,Movie,TV-MA,Adults,2020,Dramas
s3045,Movie,TV-MA,Adults,2020,International Movies
s3046,TV Show,TV-14,Teens,2020,British TV Shows
s3046,TV Show,TV-14,Teens,2020,International TV Shows
s3046,TV Show,TV-14,Teens,2020,TV Dramas
s3047,Movie,TV-14,Teens,2020,Comedies
s3047,Movie,TV-14,Teens,2020,International Movies
s3047,Movie,TV-14,Teens,2020,Romantic Movies
s3048,TV Show,TV-PG,Teens,2020,International TV Shows
s3048,TV Show,TV-PG,Teens,2020,TV Dramas
s3048,TV Show,TV-PG,Teens,2020,Teen TV Shows
s3049,Movie,TV-14,Teens,2020,Dramas
s3049,Movie,TV-14,Teens,2020,International Movies
s3049,Movie,TV-14,Teens,2020,Romantic Movies
s3050,TV Show,TV-MA,Adults,2020,Docuseries
s3050,TV Show,TV-MA,Adults,2020,Science & Nature TV
s3051,TV Show,TV-MA,Adults,2020,International TV Shows
s3051,TV Show,TV-MA,Adults,2020,TV Action & Adventure
s3051,TV Show,TV-MA,Adults,2020,TV Dramas
s3052,Movie,TV-14,Teens,2020,Dramas
s3052,Movie,TV-14,Teens,2020,International Movies
s3053,TV Show,TV-14,Teens,2020,International TV Shows
s3053,TV Show,TV-14,Teens,2020,Korean TV Shows
s3053,TV Show,TV-14,Teens,2020,Romantic TV Shows
s3054,TV Show,TV-14,Teens,2020,Crime TV Shows
s3054,TV Show,TV-14,Teens,2020,International TV Shows
s3054,TV Show,TV-14,Teens,2020,Reality TV
s3055,Movie,TV-PG,Teens,2020,Comedies
s3055,Movie,TV-PG,Teens,2020,International Movies
s3056,TV Show,TV-PG,Teens,2020,Anime Series
s3056,TV Show,TV-PG,Teens,2020,Teen TV Shows
s3057,TV Show,TV-Y7,Kids,2020,Kids' TV
s3058,Movie,TV-Y,Kids,2020,Children & Family Movies
s3058,Movie,TV-Y,Kids,2020,Comedies
s3059,Movie,TV-Y7,Kids,2020,Children & Family Movies
s3059,Movie,TV-Y7,Kids,2020,Comedies
s3060,Movie,G,Kids,2020,Children & Family Movies
s3060,Movie,G,Kids,2020,Comedies
s3061,Movie,TV-MA,Adults,2020,Horror Movies
s3061,Movie,TV-MA,Adults,2020,International Movies
s3061,Movie,TV-MA,Adults,2020,Thrillers
s3062,Movie,TV-MA,Adults,2020,Stand-Up Comedy
s3063,Movie,G,Kids,2020,Children & Family Movies
s3063,Movie,G,Kids,2020,Comedies
s3063,Movie,G,Kids,2020,Sci-Fi & Fantasy
s3064,TV Show,TV-MA,Adults,2020,International TV Shows
s3064,TV Show,TV-MA,Adults,2020,Korean TV Shows
s3064,TV Show,TV-MA,Adults,2020,Romantic TV Shows
s3065,Movie,TV-G,Kids,2020,Children & Family Movies
s3065,Movie,TV-G,Kids,2020,Comedies
s3065,Movie,TV-G,Kids,2020,Music & Musicals
s3066,TV Show,TV-MA,Adults,2020,TV Dramas
s3066,TV Show,TV-MA,Adults,2020,TV Thrillers
s3067,TV Show,TV-Y7,Kids,2020,Kids' TV
s3068,TV Show,TV-MA,Adults,2020,Crime TV Shows
s3068,TV Show,TV-MA,Adults,2020,Docuseries
s3068,TV Show,TV-MA,Adults,2020,International TV Shows
s3069,Movie,R,Adults,2020,Dramas
s3069,Movie,R,Adults,2020,International Movies
s3069,Movie,R,Adults,2020,Sci-Fi & Fantasy
s3070,Movie,TV-Y7,Kids,2020,Anime Features
s3070,Movie,TV-Y7,Kids,2020,Children & Family Movies
s3071,Movie,TV-MA,Adults,2020,Dramas
s3071,Movie,TV-MA,Adults,2020,International Movies
s3071,Movie,TV-MA,Adults,2020,Romantic Movies
s3072,TV Show,TV-14,Teens,2020,International TV Shows
s3072,TV Show,TV-14,Teens,2020,Korean TV Shows
s3072,TV Show,TV-14,Teens,2020,Romantic TV Shows
s3073,Movie,TV-MA,Adults,2020,Action & Adventure
s3074,Movie,R,Adults,2020,Comedies
s3075,TV Show,TV-MA,Adults,2020,International TV Shows
s3075,TV Show,TV-MA,Adults,2020,Korean TV Shows
s3075,TV Show,TV-MA,Adults,2020,TV Dramas
s3076,TV Show,TV-MA,Adults,2020,TV Dramas
s3077,TV Show,TV-14,Teens,2020,International TV Shows
s3077,TV Show,TV-14,Teens,2020,Korean TV Shows
s3077,TV Show,TV-14,Teens,2020,Romantic TV Shows
s3078,Movie,TV-14,Teens,2019,Horror Movies
s3078,Movie,TV-14,Teens,2019,International Movies
s3078,Movie,TV-14,Teens,2019,Thrillers
s3079,Movie,TV-MA,Adults,2019,Dramas
s3079,Movie,TV-MA,Adults,2019,Independent Movies
s3079,Movie,TV-MA,Adults,2019,International Movies
s3080,TV Show,TV-PG,Teens,2019,Docuseries
s3080,TV Show,TV-PG,Teens,2019,International TV Shows
s3081,Movie,PG-13,Adults,2019,Comedies
s3081,Movie,PG-13,Adults,2019,Sports Movies
s3082,Movie,TV-MA,Adults,2019,Comedies
s3083,TV Show,TV-MA,Adults,2019,International TV Shows
s3083,TV Show,TV-MA,Adults,2019,TV Dramas
s3083,TV Show,TV-MA,Adults,2019,TV Thrillers
s3084,TV Show,TV-Y7,Kids,2019,Kids' TV
s3084,TV Show,TV-Y7,Kids,2019,Korean TV Shows
s3085,TV Show,TV-Y,Kids,2019,Kids' TV
s3086,TV Show,TV-Y7,Kids,2019,Kids' TV
s3086,TV Show,TV-Y7,Kids,2019,Korean TV Shows
s3087,TV Show,TV-MA,Adults,2019,Stand-Up Comedy & Talk Shows
s3087,TV Show,TV-MA,Adults,2019,TV Comedies
s3088,TV Show,TV-14,Teens,2019,International TV Shows
s3088,TV Show,TV-14,Teens,2019,TV Dramas
s3089,TV Show,TV-14,Teens,2019,Anime Series
s3089,TV Show,TV-14,Teens,2019,International TV Shows
s3090,Movie,TV-MA,Adults,2019,Dramas
s3090,Movie,TV-MA,Adults,2019,International Movies
s3091,Movie,TV-MA,Adults,2019,Action & Adventure
s3091,Movie,TV-MA,Adults,2019,Comedies
s3091,Movie,TV-MA,Adults,2019,International Movies
s3092,Movie,TV-14,Teens,2019,Documentaries
s3092,Movie,TV-14,Teens,2019,International Movies
s3093,TV Show,TV-MA,Adults,2019,Docuseries
s3094,Movie,TV-MA,Adults,2019,Comedies
s3094,Movie,TV-MA,Adults,2019,International Movies
s3095,Movie,TV-MA,Adults,2019,Dramas
s3095,Movie,TV-MA,Adults,2019,Independent Movies
s3095,Movie,TV-MA,Adults,2019,International Movies
s3096,TV Show,TV-MA,Adults,2019,International TV Shows
s3096,TV Show,TV-MA,Adults,2019,TV Dramas
s3097,TV Show,TV-MA,Adults,2019,Crime TV Shows
s3097,TV Show,TV-MA,Adults,2019,Romantic TV Shows
s3097,TV Show,TV-MA,Adults,2019,TV Dramas
s3098,Movie,R,Adults,2019,Action & Adventure
s3098,Movie,R,Adults,2019,Horror Movies
s3098,Movie,R,Adults,2019,Sci-Fi & Fantasy
s3099,Movie,TV-PG,Teens,2019,Anime Features
s3099,Movie,TV-PG,Teens,2019,Romantic Movies
s3100,Movie,PG-13,Adults,2019,Children & Family Movies
s3100,Movie,PG-13,Adults,2019,Comedies
s3101,Movie,R,Adults,2019,Action & Adventure
s3101,Movie,R,Adults,2019,Dramas
s3102,Movie,R,Adults,2019,Action & Adventure
s3102,Movie,R,Adults,2019,Comedies
s3102,Movie,R,Adults,2019,International Movies
s3103,Movie,PG-13,Adults,2019,Horror Movies
s3103,Movie,PG-13,Adults,2019,Sci-Fi & Fantasy
s3103,Movie,PG-13,Adults,2019,Thrillers
s3104,TV Show,TV-MA,Adults,2019,Anime Series
s3104,TV Show,TV-MA,Adults,2019,International TV Shows
s3104,TV Show,TV-MA,Adults,2019,Teen TV Shows
s3105,Movie,TV-14,Teens,2019,Comedies
s3105,Movie,TV-14,Teens,2019,International Movies
s3105,Movie,TV-14,Teens,2019,Music & Musicals
s3106,Movie,TV-PG,Teens,2019,Children & Family Movies
s3106,Movie,TV-PG,Teens,2019,Comedies
s3107,TV Show,TV-PG,Teens,2019,TV Action & Adventure
s3107,TV Show,TV-PG,Teens,2019,TV Dramas
s3107,TV Show,TV-PG,Teens,2019,TV Sci-Fi & Fantasy
s3108,Movie,R,Adults,2019,Thrillers
s3109,TV Show,TV-14,Teens,2019,TV Comedies
s3109,TV Show,TV-14,Teens,2019,TV Dramas
s3110,Movie,TV-Y,Kids,2019,Children & Family Movies
s3110,Movie,TV-Y,Kids,2019,Sports Movies
s3111,Movie,TV-PG,Teens,2019,Comedies
s3111,Movie,TV-PG,Teens,2019,International Movies
s3112,TV Show,TV-MA,Adults,2019,International TV Shows
s3112,TV Show,TV-MA,Adults,2019,TV Dramas
s3113,Movie,TV-14,Teens,2019,Dramas
s3113,Movie,TV-14,Teens,2019,International Movies
s3113,Movie,TV-14,Teens,2019,Romantic Movies
s3114,Movie,TV-MA,Adults,2019,International Movies
s3114,Movie,TV-MA,Adults,2019,Music & Musicals
s3115,Movie,TV-PG,Teens,2019,Dramas
s3115,Movie,TV-PG,Teens,2019,International Movies
s3115,Movie,TV-PG,Teens,2019,Romantic Movies
s3116,Movie,TV-MA,Adults,2019,Dramas
s3116,Movie,TV-MA,Adults,2019,International Movies
s3117,Movie,PG-13,Adults,2019,Dramas
s3118,TV Show,TV-MA,Adults,2019,International TV Shows
s3118,TV Show,TV-MA,Adults,2019,TV Action & Adventure
s3118,TV Show,TV-MA,Adults,2019,TV Dramas
s3119,Movie,TV-PG,Teens,2019,Documentaries
s3119,Movie,TV-PG,Teens,2019,International Movies
s3120,TV Show,TV-MA,Adults,2019,International TV Shows
s3120,TV Show,TV-MA,Adults,2019,Romantic TV Shows
s3120,TV Show,TV-MA,Adults,2019,TV Dramas
s3121,TV Show,TV-MA,Adults,2019,Crime TV Shows
s3121,TV Show,TV-MA,Adults,2019,International TV Shows
s3121,TV Show,TV-MA,Adults,2019,TV Dramas
s3122,TV Show,TV-MA,Adults,2019,Crime TV Shows
s3122,TV Show,TV-MA,Adults,2019,Docuseries
s3123,TV Show,TV-MA,Adults,2019,Romantic TV Shows
s3123,TV Show,TV-MA,Adults,2019,TV Dramas
s3124,Movie,TV-MA,Adults,2019,Stand-Up Comedy
s3125,Movie,TV-MA,Adults,2019,Comedies
s3125,Movie,TV-MA,Adults,2019,Dramas
s3125,Movie,TV-MA,Adults,2019,Independent Movies
s3126,Movie,R,Adults,2019,Dramas
s3126,Movie,R,Adults,2019,Independent Movies
s3126,Movie,R,Adults,2019,International Movies
s3127,Movie,TV-14,Teens,2019,Comedies
s3127,Movie,TV-14,Teens,2019,Dramas
s3127,Movie,TV-14,Teens,2019,International Movies
s3128,TV Show,TV-PG,Teens,2019,International TV Shows
s3128,TV Show,TV-PG,Teens,2019,Korean TV Shows
s3128,TV Show,TV-PG,Teens,2019,Romantic TV Shows
s3129,TV Show,TV-Y,Kids,2019,Kids' TV
s3129,TV Show,TV-Y,Kids,2019,Korean TV Shows
s3130,TV Show,TV-14,Teens,2019,International TV Shows
s3130,TV Show,TV-14,Teens,2019,Korean TV Shows
s3130,TV Show,TV-14,Teens,2019,Romantic TV Shows
s3131,TV Show,TV-MA,Adults,2019,International TV Shows
s3131,TV Show,TV-MA,Adults,2019,TV Dramas
s3132,Movie,TV-14,Teens,2019,Comedies
s3132,Movie,TV-14,Teens,2019,Dramas
s3132,Movie,TV-14,Teens,2019,International Movies
s3133,Movie,TV-MA,Adults,2019,Comedies
s3133,Movie,TV-MA,Adults,2019,Dramas
s3133,Movie,TV-MA,Adults,2019,International Movies
s3134,Movie,TV-14,Teens,2019,Action & Adventure
s3134,Movie,TV-14,Teens,2019,International Movies
s3135,Movie,TV-14,Teens,2019,Action & Adventure
s3135,Movie,TV-14,Teens,2019,International Movies
s3135,Movie,TV-14,Teens,2019,Music & Musicals
s3136,Movie,TV-14,Teens,2019,Action & Adventure
s3136,Movie,TV-14,Teens,2019,Comedies
s3136,Movie,TV-14,Teens,2019,Dramas
s3137,Movie,TV-14,Teens,2019,International Movies
s3137,Movie,TV-14,Teens,2019,Thrillers
s3138,TV Show,TV-PG,Teens,2019,Anime Series
s3138,TV Show,TV-PG,Teens,2019,International TV Shows
s3139,Movie,TV-14,Teens,2019,Children & Family Movies
s3139,Movie,TV-14,Teens,2019,Comedies
s3139,Movie,TV-14,Teens,2019,International Movies
s3140,Movie,TV-14,Teens,2019,Comedies
s3140,Movie,TV-14,Teens,2019,Dramas
s3140,Movie,TV-14,Teens,2019,International Movies
s3141,Movie,TV-14,Teens,2019,Comedies
s3141,Movie,TV-14,Teens,2019,International Movies
s3141,Movie,TV-14,Teens,2019,Romantic Movies
s3142,Movie,TV-14,Teens,2019,Dramas
s3142,Movie,TV-14,Teens,2019,International Movies
s3142,Movie,TV-14,Teens,2019,Thrillers
s3143,Movie,TV-PG,Teens,2019,Action & Adventure
s3143,Movie,TV-PG,Teens,2019,Dramas
s3143,Movie,TV-PG,Teens,2019,International Movies
s3144,Movie,TV-14,Teens,2019,Dramas
s3144,Movie,TV-14,Teens,2019,International Movies
s3144,Movie,TV-14,Teens,2019,Romantic Movies
s3145,Movie,TV-MA,Adults,2019,Comedies
s3145,Movie,TV-MA,Adults,2019,Dramas
s3145,Movie,TV-MA,Adults,2019,International Movies
s3146,Movie,TV-14,Teens,2019,Dramas
s3146,Movie,TV-14,Teens,2019,International Movies
s3146,Movie,TV-14,Teens,2019,Music & Musicals
s3147,TV Show,TV-Y7,Kids,2019,Kids' TV
s3147,TV Show,TV-Y7,Kids,2019,TV Comedies
s3148,Movie,TV-14,Teens,2019,Dramas
s3148,Movie,TV-14,Teens,2019,International Movies
s3148,Movie,TV-14,Teens,2019,Thrillers
s3149,TV Show,TV-Y7,Kids,2019,Kids' TV
s3149,TV Show,TV-Y7,Kids,2019,TV Comedies
s3150,Movie,TV-14,Teens,2019,Comedies
s3150,Movie,TV-14,Teens,2019,Dramas
s3150,Movie,TV-14,Teens,2019,International Movies
s3151,Movie,R,Adults,2019,Action & Adventure
s3151,Movie,R,Adults,2019,Dramas
s3152,Movie,TV-MA,Adults,2019,Comedies
s3152,Movie,TV-MA,Adults,2019,International Movies
s3153,Movie,TV-MA,Adults,2019,Comedies
s3153,Movie,TV-MA,Adults,2019,International Movies
s3153,Movie,TV-MA,Adults,2019,Romantic Movies
s3154,Movie,TV-14,Teens,2019,Comedies
s3154,Movie,TV-14,Teens,2019,International Movies
s3154,Movie,TV-14,Teens,2019,Romantic Movies
s3155,Movie,TV-14,Teens,2019,Dramas
s3155,Movie,TV-14,Teens,2019,International Movies
s3155,Movie,TV-14,Teens,2019,Romantic Movies
s3156,Movie,TV-MA,Adults,2019,International Movies
s3156,Movie,TV-MA,Adults,2019,Thrillers
s3157,Movie,TV-MA,Adults,2019,International Movies
s3157,Movie,TV-MA,Adults,2019,Thrillers
s3158,Movie,TV-MA,Adults,2019,Stand-Up Comedy
s3159,Movie,TV-MA,Adults,2019,Dramas
s3159,Movie,TV-MA,Adults,2019,International Movies
s3160,Movie,TV-14,Teens,2019,Comedies
s3160,Movie,TV-14,Teens,2019,International Movies
s3161,Movie,TV-MA,Adults,2019,Stand-Up Comedy
s3162,Movie,TV-PG,Teens,2019,Children & Family Movies
s3162,Movie,TV-PG,Teens,2019,Comedies
s3163,Movie,R,Adults,2019,Horror Movies
s3163,Movie,R,Adults,2019,Independent Movies
s3164,Movie,TV-14,Teens,2019,Action & Adventure
s3164,Movie,TV-14,Teens,2019,International Movies
s3165,Movie,PG-13,Adults,2019,Dramas
s3165,Movie,PG-13,Adults,2019,Faith & Spirituality
s3165,Movie,PG-13,Adults,2019,International Movies
s3166,TV Show,TV-MA,Adults,2019,TV Comedies
s3167,Movie,TV-14,Teens,2019,Comedies
s3167,Movie,TV-14,Teens,2019,International Movies
s3168,Movie,TV-14,Teens,2019,Dramas
s3168,Movie,TV-14,Teens,2019,International Movies
s3169,TV Show,TV-PG,Teens,2019,TV Comedies
s3170,Movie,R,Adults,2019,Dramas
s3171,Movie,TV-MA,Adults,2019,Action & Adventure
s3171,Movie,TV-MA,Adults,2019,Anime Features
s3171,Movie,TV-MA,Adults,2019,International Movies
s3172,Movie,TV-MA,Adults,2019,Dramas
s3172,Movie,TV-MA,Adults,2019,International Movies
s3173,Movie,TV-Y7,Kids,2019,Children & Family Movies
s3174,TV Show,TV-PG,Teens,2019,Anime Series
s3174,TV Show,TV-PG,Teens,2019,International TV Shows
s3174,TV Show,TV-PG,Teens,2019,Romantic TV Shows
s3175,TV Show,TV-MA,Adults,2019,International TV Shows
s3175,TV Show,TV-MA,Adults,2019,TV Dramas
s3175,TV Show,TV-MA,Adults,2019,TV Mysteries
s3176,TV Show,TV-14,Teens,2019,Crime TV Shows
s3176,TV Show,TV-14,Teens,2019,Docuseries
s3177,TV Show,TV-MA,Adults,2019,International TV Shows
s3177,TV Show,TV-MA,Adults,2019,Spanish-Language TV Shows
s3177,TV Show,TV-MA,Adults,2019,TV Dramas
s3178,TV Show,TV-MA,Adults,2019,Crime TV Shows
s3178,TV Show,TV-MA,Adults,2019,International TV Shows
s3178,TV Show,TV-MA,Adults,2019,Romantic TV Shows
s3179,Movie,TV-14,Teens,2019,Comedies
s3179,Movie,TV-14,Teens,2019,Dramas
s3179,Movie,TV-14,Teens,2019,International Movies
s3180,Movie,TV-PG,Teens,2019,Comedies
s3180,Movie,TV-PG,Teens,2019,Dramas
s3180,Movie,TV-PG,Teens,2019,International Movies
s3181,Movie,TV-PG,Teens,2019,Children & Family Movies
s3181,Movie,TV-PG,Teens,2019,Dramas
s3181,Movie,TV-PG,Teens,2019,Romantic Movies
s3182,Movie,TV-MA,Adults,2019,Documentaries
s3183,TV Show,TV-MA,Adults,2019,TV Action & Adventure
s3183,TV Show,TV-MA,Adults,2019,TV Dramas
s3183,TV Show,TV-MA,Adults,2019,TV Horror
s3184,TV Show,TV-MA,Adults,2019,TV Comedies
s3185,TV Show,TV-PG,Teens,2019,International TV Shows
s3185,TV Show,TV-PG,Teens,2019,TV Dramas
s3185,TV Show,TV-PG,Teens,2019,Teen TV Shows
s3186,TV Show,TV-14,Teens,2019,International TV Shows
s3186,TV Show,TV-14,Teens,2019,Romantic TV Shows
s3186,TV Show,TV-14,Teens,2019,Spanish-Language TV Shows
s3187,Movie,TV-MA,Adults,2019,Stand-Up Comedy
s3188,TV Show,TV-MA,Adults,2019,TV Horror
s3188,TV Show,TV-MA,Adults,2019,TV Mysteries
s3188,TV Show,TV-MA,Adults,2019,TV Sci-Fi & Fantasy
s3189,Movie,PG,Teens,2019,Children & Family Movies
s3189,Movie,PG,Teens,2019,Comedies
s3189,Movie,PG,Teens,2019,Music & Musicals
s3190,Movie,TV-PG,Teens,2019,Comedies
s3190,Movie,TV-PG,Teens,2019,International Movies
s3190,Movie,TV-PG,Teens,2019,Romantic Movies
s3191,Movie,R,Adults,2019,Dramas
s3191,Movie,R,Adults,2019,Thrillers
s3192,Movie,TV-MA,Adults,2019,Dramas
s3192,Movie,TV-MA,Adults,2019,International Movies
s3192,Movie,TV-MA,Adults,2019,Thrillers
s3193,TV Show,TV-MA,Adults,2019,TV Comedies
s3193,TV Show,TV-MA,Adults,2019,TV Dramas
s3194,Movie,TV-14,Teens,2019,Comedies
s3194,Movie,TV-14,Teens,2019,International Movies
s3194,Movie,TV-14,Teens,2019,Romantic Movies
s3195,Movie,TV-MA,Adults,2019,Documentaries
s3195,Movie,TV-MA,Adults,2019,International Movies
s3196,Movie,TV-14,Teens,2019,Dramas
s3196,Movie,TV-14,Teens,2019,International Movies
s3196,Movie,TV-14,Teens,2019,Romantic Movies
s3197,Movie,TV-PG,Teens,2019,Dramas
s3197,Movie,TV-PG,Teens,2019,International Movies
s3197,Movie,TV-PG,Teens,2019,Romantic Movies
s3198,Movie,TV-14,Teens,2019,Comedies
s3198,Movie,TV-14,Teens,2019,Dramas
s3198,Movie,TV-14,Teens,2019,International Movies
s3199,Movie,TV-PG,Teens,2019,Dramas
s3199,Movie,TV-PG,Teens,2019,International Movies
s3199,Movie,TV-PG,Teens,2019,Romantic Movies
s3200,TV Show,TV-Y,Kids,2019,Kids' TV
s3200,TV Show,TV-Y,Kids,2019,Korean TV Shows
s3200,TV Show,TV-Y,Kids,2019,TV Comedies
s3201,Movie,TV-14,Teens,2019,Children & Family Movies
s3201,Movie,TV-14,Teens,2019,Dramas
s3201,Movie,TV-14,Teens,2019,International Movies
s3202,Movie,TV-14,Teens,2019,Comedies
s3202,Movie,TV-14,Teens,2019,Dramas
s3202,Movie,TV-14,Teens,2019,International Movies
s3203,Movie,TV-MA,Adults,2019,Documentaries
s3203,Movie,TV-MA,Adults,2019,International Movies
s3203,Movie,TV-MA,Adults,2019,Music & Musicals
s3204,Movie,TV-MA,Adults,2019,Dramas
s3204,Movie,TV-MA,Adults,2019,International Movies
s3204,Movie,TV-MA,Adults,2019,Thrillers
s3205,TV Show,TV-14,Teens,2019,International TV Shows
s3205,TV Show,TV-14,Teens,2019,Korean TV Shows
s3205,TV Show,TV-14,Teens,2019,Romantic TV Shows
s3206,Movie,TV-G,Kids,2019,Documentaries
s3206,Movie,TV-G,Kids,2019,International Movies
s3207,Movie,TV-14,Teens,2019,Comedies
s3207,Movie,TV-14,Teens,2019,Dramas
s3207,Movie,TV-14,Teens,2019,International Movies
s3208,Movie,TV-14,Teens,2019,Dramas
s3208,Movie,TV-14,Teens,2019,Independent Movies
s3208,Movie,TV-14,Teens,2019,International Movies
s3209,TV Show,TV-Y,Kids,2019,Kids' TV
s3210,Movie,TV-MA,Adults,2019,Comedies
s3210,Movie,TV-MA,Adults,2019,International Movies
s3210,Movie,TV-MA,Adults,2019,Thrillers
s3211,Movie,TV-MA,Adults,2019,Dramas
s3211,Movie,TV-MA,Adults,2019,Independent Movies
s3211,Movie,TV-MA,Adults,2019,International Movies
s3212,Movie,TV-MA,Adults,2019,Dramas
s3212,Movie,TV-MA,Adults,2019,International Movies
s3213,TV Show,TV-MA,Adults,2019,Crime TV Shows
s3213,TV Show,TV-MA,Adults,2019,International TV Shows
s3213,TV Show,TV-MA,Adults,2019,Spanish-Language TV Shows
s3214,Movie,TV-MA,Adults,2019,Comedies
s3214,Movie,TV-MA,Adults,2019,International Movies
s3215,Movie,TV-MA,Adults,2019,Comedies
s3215,Movie,TV-MA,Adults,2019,Independent Movies
s3215,Movie,TV-MA,Adults,2019,International Movies
s3216,Movie,TV-MA,Adults,2019,Action & Adventure
s3216,Movie,TV-MA,Adults,2019,Comedies
s3216,Movie,TV-MA,Adults,2019,International Movies
s3217,TV Show,TV-14,Teens,2019,International TV Shows
s3217,TV Show,TV-14,Teens,2019,Romantic TV Shows
s3217,TV Show,TV-14,Teens,2019,TV Comedies
s3218,Movie,TV-14,Teens,2019,Dramas
s3218,Movie,TV-14,Teens,2019,International Movies
s3218,Movie,TV-14,Teens,2019,Thrillers
s3219,Movie,TV-PG,Teens,2019,Children & Family Movies
s3219,Movie,TV-PG,Teens,2019,Dramas
s3220,TV Show,TV-14,Teens,2019,Anime Series
s3220,TV Show,TV-14,Teens,2019,International TV Shows
s3221,TV Show,TV-MA,Adults,2019,International TV Shows
s3221,TV Show,TV-MA,Adults,2019,Stand-Up Comedy & Talk Shows
s3221,TV Show,TV-MA,Adults,2019,TV Comedies
s3222,TV Show,TV-PG,Teens,2019,TV Comedies
s3223,TV Show,TV-MA,Adults,2019,International TV Shows
s3223,TV Show,TV-MA,Adults,2019,TV Comedies
s3223,TV Show,TV-MA,Adults,2019,TV Dramas
s3224,Movie,R,Adults,2019,Action & Adventure
s3224,Movie,R,Adults,2019,Dramas
s3225,Movie,TV-14,Teens,2019,Comedies
s3225,Movie,TV-14,Teens,2019,International Movies
s3225,Movie,TV-14,Teens,2019,Romantic Movies
s3226,Movie,TV-Y7,Kids,2019,Children & Family Movies
s3226,Movie,TV-Y7,Kids,2019,Comedies
s3227,Movie,TV-MA,Adults,2019,Dramas
s3227,Movie,TV-MA,Adults,2019,Independent Movies
s3228,Movie,R,Adults,2019,Dramas
s3229,Movie,TV-MA,Adults,2019,Stand-Up Comedy
s3230,Movie,TV-Y,Kids,2019,Children & Family Movies
s3231,TV Show,TV-MA,Adults,2019,Crime TV Shows
s3231,TV Show,TV-MA,Adults,2019,International TV Shows
s3231,TV Show,TV-MA,Adults,2019,TV Dramas
s3232,Movie,TV-Y,Kids,2019,Children & Family Movies
s3233,TV Show,TV-MA,Adults,2019,International TV Shows
s3233,TV Show,TV-MA,Adults,2019,Spanish-Language TV Shows
s3233,TV Show,TV-MA,Adults,2019,Stand-Up Comedy & Talk Shows
s3234,Movie,TV-14,Teens,2019,Action & Adventure
s3234,Movie,TV-14,Teens,2019,Dramas
s3234,Movie,TV-14,Teens,2019,International Movies
s3235,Movie,TV-MA,Adults,2019,Documentaries
s3235,Movie,TV-MA,Adults,2019,International Movies
s3236,Movie,R,Adults,2019,Dramas
s3236,Movie,R,Adults,2019,Thrillers
s3237,TV Show,TV-14,Teens,2019,International TV Shows
s3237,TV Show,TV-14,Teens,2019,TV Comedies
s3237,TV Show,TV-14,Teens,2019,TV Sci-Fi & Fantasy
s3238,Movie,TV-MA,Adults,2019,Dramas
s3238,Movie,TV-MA,Adults,2019,Independent Movies
s3238,Movie,TV-MA,Adults,2019,International Movies
s3239,TV Show,TV-14,Teens,2019,TV Dramas
s3240,Movie,TV-MA,Adults,2019,Action & Adventure
s3240,Movie,TV-MA,Adults,2019,Anime Features
s3240,Movie,TV-MA,Adults,2019,International Movies
s3241,Movie,TV-MA,Adults,2019,Stand-Up Comedy
s3242,TV Show,TV-PG,Teens,2019,Reality TV
s3243,TV Show,TV-MA,Adults,2019,Crime TV Shows
s3243,TV Show,TV-MA,Adults,2019,Docuseries
s3244,TV Show,TV-MA,Adults,2019,International TV Shows
s3244,TV Show,TV-MA,Adults,2019,TV Comedies
s3244,TV Show,TV-MA,Adults,2019,TV Dramas
s3245,Movie,TV-MA,Adults,2019,Documentaries
s3245,Movie,TV-MA,Adults,2019,Sports Movies
s3246,TV Show,TV-MA,Adults,2019,International TV Shows
s3246,TV Show,TV-MA,Adults,2019,Reality TV
s3247,TV Show,TV-Y7,Kids,2019,Kids' TV
s3247,TV Show,TV-Y7,Kids,2019,TV Action & Adventure
s3247,TV Show,TV-Y7,Kids,2019,TV Sci-Fi & Fantasy
s3248,TV Show,TV-Y7,Kids,2019,Kids' TV
s3248,TV Show,TV-Y7,Kids,2019,TV Comedies
s3249,Movie,TV-14,Teens,2019,Children & Family Movies
s3249,Movie,TV-14,Teens,2019,Comedies
s3249,Movie,TV-14,Teens,2019,Romantic Movies
s3250,TV Show,TV-MA,Adults,2019,International TV Shows
s3250,TV Show,TV-MA,Adults,2019,TV Comedies
s3250,TV Show,TV-MA,Adults,2019,TV Dramas
s3251,Movie,TV-MA,Adults,2019,Documentaries
s3252,Movie,TV-14,Teens,2019,Dramas
s3252,Movie,TV-14,Teens,2019,International Movies
s3252,Movie,TV-14,Teens,2019,Romantic Movies
s3253,TV Show,TV-MA,Adults,2019,International TV Shows
s3253,TV Show,TV-MA,Adults,2019,TV Dramas
s3254,Movie,TV-G,Kids,2019,Documentaries
s3254,Movie,TV-G,Kids,2019,International Movies
s3254,Movie,TV-G,Kids,2019,Sports Movies
s3255,Movie,TV-14,Teens,2019,Dramas
s3255,Movie,TV-14,Teens,2019,Independent Movies
s3255,Movie,TV-14,Teens,2019,International Movies
s3256,TV Show,TV-MA,Adults,2019,Crime TV Shows
s3256,TV Show,TV-MA,Adults,2019,Docuseries
s3256,TV Show,TV-MA,Adults,2019,International TV Shows
s3257,Movie,TV-MA,Adults,2019,Stand-Up Comedy
s3258,TV Show,TV-14,Teens,2019,International TV Shows
s3258,TV Show,TV-14,Teens,2019,Romantic TV Shows
s3258,TV Show,TV-14,Teens,2019,TV Comedies
s3259,TV Show,TV-MA,Adults,2019,International TV Shows
s3259,TV Show,TV-MA,Adults,2019,TV Dramas
s3259,TV Show,TV-MA,Adults,2019,Teen TV Shows
s3260,Movie,TV-MA,Adults,2019,Action & Adventure
s3260,Movie,TV-MA,Adults,2019,Comedies
s3260,Movie,TV-MA,Adults,2019,International Movies
s3261,Movie,TV-MA,Adults,2019,Stand-Up Comedy
s3262,Movie,PG-13,Adults,2019,Dramas
s3262,Movie,PG-13,Adults,2019,International Movies
s3263,Movie,R,Adults,2019,Horror Movies
s3263,Movie,R,Adults,2019,Independent Movies
s3264,TV Show,TV-14,Teens,2019,International TV Shows
s3264,TV Show,TV-14,Teens,2019,Romantic TV Shows
s3265,Movie,R,Adults,2019,Dramas
s3265,Movie,R,Adults,2019,Romantic Movies
s3266,Movie,TV-14,Teens,2019,Documentaries
s3266,Movie,TV-14,Teens,2019,International Movies
s3267,Movie,TV-PG,Teens,2019,Children & Family Movies
s3267,Movie,TV-PG,Teens,2019,Music & Musicals
s3268,Movie,TV-MA,Adults,2019,Action & Adventure
s3268,Movie,TV-MA,Adults,2019,Dramas
s3268,Movie,TV-MA,Adults,2019,International Movies
s3269,Movie,TV-14,Teens,2019,Comedies
s3269,Movie,TV-14,Teens,2019,Independent Movies
s3269,Movie,TV-14,Teens,2019,International Movies
s3270,TV Show,TV-MA,Adults,2019,Reality TV
s3271,TV Show,TV-14,Teens,2019,International TV Shows
s3271,TV Show,TV-14,Teens,2019,Korean TV Shows
s3271,TV Show,TV-14,Teens,2019,Romantic TV Shows
s3272,TV Show,TV-PG,Teens,2019,Anime Series
s3272,TV Show,TV-PG,Teens,2019,Teen TV Shows
s3273,Movie,TV-PG,Teens,2019,Anime Features
s3273,Movie,TV-PG,Teens,2019,Music & Musicals
s3274,Movie,PG,Teens,2019,Children & Family Movies
s3274,Movie,PG,Teens,2019,Comedies
s3275,TV Show,TV-MA,Adults,2019,International TV Shows
s3275,TV Show,TV-MA,Adults,2019,Romantic TV Shows
s3276,TV Show,TV-Y,Kids,2019,Kids' TV
s3277,TV Show,TV-PG,Teens,2019,International TV Shows
s3277,TV Show,TV-PG,Teens,2019,Romantic TV Shows
s3277,TV Show,TV-PG,Teens,2019,TV Dramas
s3278,TV Show,TV-14,Teens,2019,International TV Shows
s3278,TV Show,TV-14,Teens,2019,Korean TV Shows
s3278,TV Show,TV-14,Teens,2019,Romantic TV Shows
s3279,Movie,TV-14,Teens,2019,Documentaries
s3279,Movie,TV-14,Teens,2019,International Movies
s3280,TV Show,TV-MA,Adults,2019,Crime TV Shows
s3280,TV Show,TV-MA,Adults,2019,International TV Shows
s3280,TV Show,TV-MA,Adults,2019,Spanish-Language TV Shows
s3281,Movie,TV-14,Teens,2019,Anime Features
s3281,Movie,TV-14,Teens,2019,International Movies
s3281,Movie,TV-14,Teens,2019,Romantic Movies
s3282,TV Show,TV-MA,Adults,2019,International TV Shows
s3282,TV Show,TV-MA,Adults,2019,TV Action & Adventure
s3282,TV Show,TV-MA,Adults,2019,TV Dramas
s3283,TV Show,TV-14,Teens,2019,Docuseries
s3283,TV Show,TV-14,Teens,2019,Reality TV
s3284,TV Show,TV-MA,Adults,2019,Crime TV Shows
s3284,TV Show,TV-MA,Adults,2019,International TV Shows
s3284,TV Show,TV-MA,Adults,2019,TV Dramas
s3285,TV Show,TV-14,Teens,2019,International TV Shows
s3285,TV Show,TV-14,Teens,2019,Romantic TV Shows
s3285,TV Show,TV-14,Teens,2019,TV Action & Adventure
s3286,Movie,TV-MA,Adults,2019,Stand-Up Comedy
s3287,TV Show,TV-14,Teens,2019,International TV Shows
s3287,TV Show,TV-14,Teens,2019,Romantic TV Shows
s3287,TV Show,TV-14,Teens,2019,TV Comedies
s3288,TV Show,TV-MA,Adults,2019,Docuseries
s3288,TV Show,TV-MA,Adults,2019,Spanish-Language TV Shows
s3289,TV Show,TV-14,Teens,2019,International TV Shows
s3289,TV Show,TV-14,Teens,2019,Korean TV Shows
s3289,TV Show,TV-14,Teens,2019,TV Dramas
s3290,Movie,TV-MA,Adults,2019,Stand-Up Comedy
s3291,Movie,R,Adults,2019,Dramas
s3291,Movie,R,Adults,2019,Independent Movies
s3291,Movie,R,Adults,2019,LGBTQ Movies
s3292,TV Show,TV-14,Teens,2019,International TV Shows
s3292,TV Show,TV-14,Teens,2019,Romantic TV Shows
s3292,TV Show,TV-14,Teens,2019,Teen TV Shows
s3293,Movie,TV-MA,Adults,2019,Documentaries
s3294,TV Show,TV-MA,Adults,2019,International TV Shows
s3294,TV Show,TV-MA,Adults,2019,Romantic TV Shows
s3294,TV Show,TV-MA,Adults,2019,TV Comedies
s3295,TV Show,TV-14,Teens,2019,British TV Shows
s3295,TV Show,TV-14,Teens,2019,Docuseries
s3295,TV Show,TV-14,Teens,2019,International TV Shows
s3296,TV Show,TV-Y7,Kids,2019,Kids' TV
s3296,TV Show,TV-Y7,Kids,2019,TV Action & Adventure
s3296,TV Show,TV-Y7,Kids,2019,TV Comedies
s3297,Movie,PG-13,Adults,2019,Comedies
s3297,Movie,PG-13,Adults,2019,Dramas
s3297,Movie,PG-13,Adults,2019,LGBTQ Movies
s3298,Movie,TV-MA,Adults,2019,Action & Adventure
s3298,Movie,TV-MA,Adults,2019,Dramas
s3298,Movie,TV-MA,Adults,2019,International Movies
s3299,TV Show,TV-MA,Adults,2019,Crime TV Shows
s3299,TV Show,TV-MA,Adults,2019,International TV Shows
s3299,TV Show,TV-MA,Adults,2019,Spanish-Language TV Shows
s3300,Movie,TV-14,Teens,2019,International Movies
s3300,Movie,TV-14,Teens,2019,Thrillers
s3301,Movie,TV-MA,Adults,2019,Dramas
s3302,TV Show,TV-14,Teens,2019,Crime TV Shows
s3302,TV Show,TV-14,Teens,2019,International TV Shows
s3302,TV Show,TV-14,Teens,2019,TV Dramas
s3303,Movie,TV-14,Teens,2019,Action & Adventure
s3303,Movie,TV-14,Teens,2019,Dramas
s3303,Movie,TV-14,Teens,2019,International Movies
s3304,Movie,TV-G,Kids,2019,Children & Family Movies
s3304,Movie,TV-G,Kids,2019,Comedies
s3304,Movie,TV-G,Kids,2019,Music & Musicals
s3305,TV Show,TV-PG,Teens,2019,Kids' TV
s3305,TV Show,TV-PG,Teens,2019,TV Comedies
s3306,Movie,TV-MA,Adults,2019,Stand-Up Comedy
s3307,TV Show,TV-MA,Adults,2019,British TV Shows
s3307,TV Show,TV-MA,Adults,2019,International TV Shows
s3307,TV Show,TV-MA,Adults,2019,TV Comedies
s3308,Movie,R,Adults,2019,Comedies
s3308,Movie,R,Adults,2019,Dramas
s3308,Movie,R,Adults,2019,Independent Movies
s3309,Movie,TV-MA,Adults,2019,Dramas
s3309,Movie,TV-MA,Adults,2019,International Movies
s3309,Movie,TV-MA,Adults,2019,Romantic Movies
s3310,Movie,R,Adults,2019,Comedies
s3311,TV Show,TV-PG,Teens,2019,British TV Shows
s3311,TV Show,TV-PG,Teens,2019,International TV Shows
s3311,TV Show,TV-PG,Teens,2019,TV Comedies
s3312,Movie,TV-14,Teens,2019,Documentaries
s3313,Movie,TV-MA,Adults,2019,Dramas
s3313,Movie,TV-MA,Adults,2019,International Movies
s3313,Movie,TV-MA,Adults,2019,Thrillers
s3314,TV Show,TV-MA,Adults,2019,Crime TV Shows
s3314,TV Show,TV-MA,Adults,2019,Docuseries
s3315,Movie,TV-Y,Kids,2019,Movies
s3316,Movie,TV-Y7,Kids,2019,Children & Family Movies
s3316,Movie,TV-Y7,Kids,2019,Comedies
s3317,TV Show,TV-G,Kids,2019,Kids' TV
s3317,TV Show,TV-G,Kids,2019,TV Comedies
s3318,Movie,TV-PG,Teens,2019,Children & Family Movies
s3318,Movie,TV-PG,Teens,2019,Comedies
s3318,Movie,TV-PG,Teens,2019,Music & Musicals
s3319,Movie,TV-Y,Kids,2019,Children & Family Movies
s3320,Movie,TV-PG,Teens,2019,Children & Family Movies
s3320,Movie,TV-PG,Teens,2019,Comedies
s3321,Movie,TV-Y,Kids,2019,Children & Family Movies
s3321,Movie,TV-Y,Kids,2019,Comedies
s3322,Movie,TV-PG,Teens,2019,Children & Family Movies
s3323,Movie,TV-PG,Teens,2019,Children & Family Movies
s3323,Movie,TV-PG,Teens,2019,Comedies
s3324,Movie,TV-Y,Kids,2019,Children & Family Movies
s3324,Movie,TV-Y,Kids,2019,Comedies
s3325,Movie,TV-Y,Kids,2019,Children & Family Movies
s3325,Movie,TV-Y,Kids,2019,Comedies
s3326,TV Show,TV-G,Kids,2019,Kids' TV
s3326,TV Show,TV-G,Kids,2019,TV Comedies
s3327,Movie,TV-MA,Adults,2019,Comedies
s3327,Movie,TV-MA,Adults,2019,International Movies
s3328,TV Show,TV-PG,Teens,2019,Docuseries
s3328,TV Show,TV-PG,Teens,2019,International TV Shows
s3328,TV Show,TV-PG,Teens,2019,Science & Nature TV
s3329,TV Show,TV-MA,Adults,2019,Crime TV Shows
s3329,TV Show,TV-MA,Adults,2019,International TV Shows
s3329,TV Show,TV-MA,Adults,2019,TV Dramas
s3330,Movie,TV-MA,Adults,2019,Dramas
s3331,TV Show,TV-14,Teens,2019,International TV Shows
s3331,TV Show,TV-14,Teens,2019,Reality TV
s3331,TV Show,TV-14,Teens,2019,TV Comedies
s3332,Movie,TV-PG,Teens,2019,Dramas
s3333,Movie,TV-MA,Adults,2019,Comedies
s3334,TV Show,TV-PG,Teens,2019,Anime Series
s3334,TV Show,TV-PG,Teens,2019,Teen TV Shows
s3335,Movie,TV-14,Teens,2019,Action & Adventure
s3335,Movie,TV-14,Teens,2019,International Movies
s3336,Movie,TV-MA,Adults,2019,Documentaries
s3337,TV Show,TV-14,Teens,2019,Anime Series
s3337,TV Show,TV-14,Teens,2019,International TV Shows
s3337,TV Show,TV-14,Teens,2019,Teen TV Shows
s3338,Movie,TV-PG,Teens,2019,Children & Family Movies
s3338,Movie,TV-PG,Teens,2019,Dramas
s3338,Movie,TV-PG,Teens,2019,Romantic Movies
s3339,Movie,PG,Teens,2019,Children & Family Movies
s3339,Movie,PG,Teens,2019,Comedies
s3339,Movie,PG,Teens,2019,Romantic Movies
s3340,TV Show,TV-PG,Teens,2019,Anime Series
s3340,TV Show,TV-PG,Teens,2019,Romantic TV Shows
s3340,TV Show,TV-PG,Teens,2019,Teen TV Shows
s3341,TV Show,TV-14,Teens,2019,Anime Series
s3341,TV Show,TV-14,Teens,2019,Romantic TV Shows
s3342,TV Show,TV-14,Teens,2019,Anime Series
s3342,TV Show,TV-14,Teens,2019,International TV Shows
s3343,TV Show,TV-14,Teens,2019,International TV Shows
s3343,TV Show,TV-14,Teens,2019,Reality TV
s3344,Movie,TV-PG,Teens,2019,Children & Family Movies
s3344,Movie,TV-PG,Teens,2019,Comedies
s3344,Movie,TV-PG,Teens,2019,Romantic Movies
s3345,TV Show,TV-MA,Adults,2019,Reality TV
s3346,TV Show,TV-Y7,Kids,2019,Kids' TV
s3347,Movie,TV-MA,Adults,2019,Movies
s3348,Movie,R,Adults,2019,Dramas
s3349,Movie,TV-MA,Adults,2019,Dramas
s3349,Movie,TV-MA,Adults,2019,International Movies
s3350,Movie,TV-MA,Adults,2019,Documentaries
s3350,Movie,TV-MA,Adults,2019,International Movies
s3351,Movie,TV-Y,Kids,2019,Children & Family Movies
s3352,TV Show,TV-MA,Adults,2019,International TV Shows
s3352,TV Show,TV-MA,Adults,2019,Spanish-Language TV Shows
s3352,TV Show,TV-MA,Adults,2019,TV Dramas
s3353,TV Show,TV-MA,Adults,2019,International TV Shows
s3353,TV Show,TV-MA,Adults,2019,TV Dramas
s3353,TV Show,TV-MA,Adults,2019,TV Mysteries
s3354,Movie,TV-MA,Adults,2019,Documentaries
s3354,Movie,TV-MA,Adults,2019,International Movies
s3354,Movie,TV-MA,Adults,2019,Music & Musicals
s3355,Movie,TV-MA,Adults,2019,Stand-Up Comedy
s3356,TV Show,TV-MA,Adults,2019,Anime Series
s3356,TV Show,TV-MA,Adults,2019,International TV Shows
s3357,TV Show,TV-MA,Adults,2019,Crime TV Shows
s3357,TV Show,TV-MA,Adults,2019,International TV Shows
s3357,TV Show,TV-MA,Adults,2019,TV Action & Adventure
s3358,TV Show,TV-MA,Adults,2019,Crime TV Shows
s3358,TV Show,TV-MA,Adults,2019,International TV Shows
s3358,TV Show,TV-MA,Adults,2019,TV Dramas
s3359,TV Show,TV-14,Teens,2019,International TV Shows
s3359,TV Show,TV-14,Teens,2019,Korean TV Shows
s3359,TV Show,TV-14,Teens,2019,Romantic TV Shows
s3360,Movie,TV-MA,Adults,2019,Dramas
s3360,Movie,TV-MA,Adults,2019,International Movies
s3360,Movie,TV-MA,Adults,2019,Romantic Movies
s3361,TV Show,TV-14,Teens,2019,International TV Shows
s3361,TV Show,TV-14,Teens,2019,Korean TV Shows
s3361,TV Show,TV-14,Teens,2019,Romantic TV Shows
s3362,TV Show,TV-14,Teens,2019,Crime TV Shows
s3362,TV Show,TV-14,Teens,2019,International TV Shows
s3362,TV Show,TV-14,Teens,2019,TV Dramas
s3363,Movie,TV-MA,Adults,2019,Stand-Up Comedy
s3364,TV Show,TV-MA,Adults,2019,Docuseries
s3364,TV Show,TV-MA,Adults,2019,Stand-Up Comedy & Talk Shows
s3365,Movie,TV-14,Teens,2019,Documentaries
s3365,Movie,TV-14,Teens,2019,International Movies
s3366,Movie,TV-PG,Teens,2019,Documentaries
s3366,Movie,TV-PG,Teens,2019,International Movies
s3367,Movie,TV-G,Kids,2019,Documentaries
s3367,Movie,TV-G,Kids,2019,International Movies
s3367,Movie,TV-G,Kids,2019,Sports Movies
s3368,TV Show,TV-PG,Teens,2019,International TV Shows
s3368,TV Show,TV-PG,Teens,2019,Romantic TV Shows
s3368,TV Show,TV-PG,Teens,2019,Teen TV Shows
s3369,TV Show,TV-G,Kids,2019,International TV Shows
s3369,TV Show,TV-G,Kids,2019,Romantic TV Shows
s3369,TV Show,TV-G,Kids,2019,Teen TV Shows
s3370,TV Show,TV-MA,Adults,2019,TV Comedies
s3371,TV Show,TV-MA,Adults,2019,Crime TV Shows
s3371,TV Show,TV-MA,Adults,2019,International TV Shows
s3371,TV Show,TV-MA,Adults,2019,TV Dramas
s3372,Movie,TV-MA,Adults,2019,Dramas
s3372,Movie,TV-MA,Adults,2019,International Movies
s3372,Movie,TV-MA,Adults,2019,Thrillers
s3373,Movie,R,Adults,2019,Comedies
s3373,Movie,R,Adults,2019,Dramas
s3374,TV Show,TV-MA,Adults,2019,Crime TV Shows
s3374,TV Show,TV-MA,Adults,2019,International TV Shows
s3374,TV Show,TV-MA,Adults,2019,Spanish-Language TV Shows
s3375,Movie,TV-MA,Adults,2019,Documentaries
s3376,TV Show,TV-MA,Adults,2019,Crime TV Shows
s3376,TV Show,TV-MA,Adults,2019,International TV Shows
s3376,TV Show,TV-MA,Adults,2019,Spanish-Language TV Shows
s3377,Movie,TV-PG,Teens,2019,International Movies
s3378,TV Show,TV-14,Teens,2019,International TV Shows
s3378,TV Show,TV-14,Teens,2019,Reality TV
s3379,TV Show,TV-PG,Teens,2019,International TV Shows
s3379,TV Show,TV-PG,Teens,2019,Reality TV
s3379,TV Show,TV-PG,Teens,2019,Spanish-Language TV Shows
s3380,Movie,TV-MA,Adults,2019,Horror Movies
s3380,Movie,TV-MA,Adults,2019,Independent Movies
s3380,Movie,TV-MA,Adults,2019,Thrillers
s3381,Movie,TV-MA,Adults,2019,Comedies
s3381,Movie,TV-MA,Adults,2019,Dramas
s3381,Movie,TV-MA,Adults,2019,International Movies
s3382,TV Show,TV-14,Teens,2019,International TV Shows
s3382,TV Show,TV-14,Teens,2019,TV Action & Adventure
s3382,TV Show,TV-14,Teens,2019,TV Mysteries
s3383,TV Show,TV-MA,Adults,2019,TV Action & Adventure
s3383,TV Show,TV-MA,Adults,2019,TV Comedies
s3383,TV Show,TV-MA,Adults,2019,TV Horror
s3384,Movie,PG-13,Adults,2019,Documentaries
s3384,Movie,PG-13,Adults,2019,Music & Musicals
s3385,Movie,TV-14,Teens,2019,Horror Movies
s3385,Movie,TV-14,Teens,2019,International Movies
s3386,TV Show,TV-MA,Adults,2019,Docuseries
s3387,Movie,TV-PG,Teens,2019,Documentaries
s3388,Movie,TV-14,Teens,2019,Action & Adventure
s3388,Movie,TV-14,Teens,2019,International Movies
s3389,Movie,TV-MA,Adults,2019,Documentaries
s3389,Movie,TV-MA,Adults,2019,Stand-Up Comedy
s3390,Movie,R,Adults,2019,Action & Adventure
s3390,Movie,R,Adults,2019,Comedies
s3390,Movie,R,Adults,2019,Independent Movies
s3391,Movie,TV-Y7,Kids,2019,Children & Family Movies
s3391,Movie,TV-Y7,Kids,2019,Comedies
s3392,Movie,PG-13,Adults,2019,Dramas
s3392,Movie,PG-13,Adults,2019,International Movies
s3392,Movie,PG-13,Adults,2019,Thrillers
s3393,Movie,TV-14,Teens,2019,Comedies
s3393,Movie,TV-14,Teens,2019,International Movies
s3393,Movie,TV-14,Teens,2019,Romantic Movies
s3394,TV Show,TV-Y,Kids,2019,Kids' TV
s3395,Movie,TV-Y,Kids,2019,Children & Family Movies
s3396,Movie,TV-Y,Kids,2019,Children & Family Movies
s3397,Movie,TV-Y,Kids,2019,Children & Family Movies
s3398,Movie,TV-Y,Kids,2019,Children & Family Movies
s3399,Movie,TV-MA,Adults,2019,Horror Movies
s3400,Movie,TV-MA,Adults,2019,Dramas
s3400,Movie,TV-MA,Adults,2019,International Movies
s3401,TV Show,TV-PG,Teens,2019,British TV Shows
s3401,TV Show,TV-PG,Teens,2019,International TV Shows
s3401,TV Show,TV-PG,Teens,2019,Reality TV
s3402,TV Show,TV-Y,Kids,2019,British TV Shows
s3402,TV Show,TV-Y,Kids,2019,Kids' TV
s3403,Movie,TV-14,Teens,2019,Comedies
s3403,Movie,TV-14,Teens,2019,International Movies
s3403,Movie,TV-14,Teens,2019,Romantic Movies
s3404,TV Show,TV-Y,Kids,2019,Kids' TV
s3404,TV Show,TV-Y,Kids,2019,TV Comedies
s3405,TV Show,TV-Y7,Kids,2019,Kids' TV
s3405,TV Show,TV-Y7,Kids,2019,Korean TV Shows
s3406,Movie,TV-MA,Adults,2019,Comedies
s3406,Movie,TV-MA,Adults,2019,Dramas
s3406,Movie,TV-MA,Adults,2019,International Movies
s3407,TV Show,TV-Y7,Kids,2019,Kids' TV
s3408,Movie,TV-MA,Adults,2019,Action & Adventure
s3408,Movie,TV-MA,Adults,2019,Dramas
s3408,Movie,TV-MA,Adults,2019,International Movies
s3409,Movie,TV-MA,Adults,2019,Documentaries
s3410,Movie,R,Adults,2019,Comedies
s3410,Movie,R,Adults,2019,Dramas
s3411,TV Show,TV-MA,Adults,2019,International TV Shows
s3411,TV Show,TV-MA,Adults,2019,TV Comedies
s3412,Movie,TV-14,Teens,2019,Dramas
s3412,Movie,TV-14,Teens,2019,International Movies
s3413,Movie,TV-14,Teens,2019,Comedies
s3413,Movie,TV-14,Teens,2019,Dramas
s3413,Movie,TV-14,Teens,2019,International Movies
s3414,Movie,TV-14,Teens,2019,Dramas
s3414,Movie,TV-14,Teens,2019,Faith & Spirituality
s3414,Movie,TV-14,Teens,2019,International Movies
s3415,TV Show,TV-14,Teens,2019,Crime TV Shows
s3415,TV Show,TV-14,Teens,2019,International TV Shows
s3415,TV Show,TV-14,Teens,2019,TV Action & Adventure
s3416,TV Show,TV-PG,Teens,2019,Kids' TV
s3416,TV Show,TV-PG,Teens,2019,TV Thrillers
s3417,TV Show,TV-MA,Adults,2019,International TV Shows
s3417,TV Show,TV-MA,Adults,2019,Korean TV Shows
s3417,TV Show,TV-MA,Adults,2019,Romantic TV Shows
s3418,Movie,TV-MA,Adults,2019,Documentaries
s3419,Movie,TV-MA,Adults,2019,Documentaries
s3420,Movie,TV-MA,Adults,2019,Stand-Up Comedy
s3421,TV Show,TV-14,Teens,2019,International TV Shows
s3421,TV Show,TV-14,Teens,2019,Korean TV Shows
s3421,TV Show,TV-14,Teens,2019,Romantic TV Shows
s3422,Movie,R,Adults,2019,Horror Movies
s3423,Movie,TV-MA,Adults,2019,Documentaries
s3423,Movie,TV-MA,Adults,2019,Sports Movies
s3424,TV Show,TV-MA,Adults,2019,Crime TV Shows
s3424,TV Show,TV-MA,Adults,2019,International TV Shows
s3424,TV Show,TV-MA,Adults,2019,TV Dramas
s3425,Movie,TV-14,Teens,2019,Stand-Up Comedy
s3426,Movie,TV-MA,Adults,2019,Dramas
s3426,Movie,TV-MA,Adults,2019,International Movies
s3427,TV Show,TV-14,Teens,2019,Crime TV Shows
s3427,TV Show,TV-14,Teens,2019,International TV Shows
s3427,TV Show,TV-14,Teens,2019,Korean TV Shows
s3428,Movie,TV-MA,Adults,2019,Comedies
s3428,Movie,TV-MA,Adults,2019,International Movies
s3428,Movie,TV-MA,Adults,2019,Romantic Movies
s3429,Movie,TV-MA,Adults,2019,Dramas
s3429,Movie,TV-MA,Adults,2019,Thrillers
s3430,Movie,TV-MA,Adults,2019,Thrillers
s3431,TV Show,TV-MA,Adults,2019,TV Comedies
s3431,TV Show,TV-MA,Adults,2019,TV Dramas
s3431,TV Show,TV-MA,Adults,2019,Teen TV Shows
s3432,Movie,TV-14,Teens,2019,Dramas
s3432,Movie,TV-14,Teens,2019,International Movies
s3433,Movie,TV-MA,Adults,2019,Dramas
s3433,Movie,TV-MA,Adults,2019,International Movies
s3433,Movie,TV-MA,Adults,2019,Thrillers
s3434,TV Show,TV-MA,Adults,2019,International TV Shows
s3434,TV Show,TV-MA,Adults,2019,Romantic TV Shows
s3434,TV Show,TV-MA,Adults,2019,TV Comedies
s3435,Movie,TV-MA,Adults,2019,Horror Movies
s3435,Movie,TV-MA,Adults,2019,International Movies
s3436,TV Show,TV-Y7,Kids,2019,Anime Series
s3436,TV Show,TV-Y7,Kids,2019,Kids' TV
s3437,Movie,TV-14,Teens,2019,International Movies
s3437,Movie,TV-14,Teens,2019,Music & Musicals
s3438,TV Show,TV-14,Teens,2019,Anime Series
s3438,TV Show,TV-14,Teens,2019,International TV Shows
s3439,Movie,PG-13,Adults,2019,Dramas
s3439,Movie,PG-13,Adults,2019,Romantic Movies
s3440,Movie,TV-14,Teens,2019,Dramas
s3440,Movie,TV-14,Teens,2019,Thrillers
s3441,TV Show,TV-MA,Adults,2019,Reality TV
s3442,Movie,TV-MA,Adults,2019,Stand-Up Comedy
s3443,Movie,TV-Y7,Kids,2019,Children & Family Movies
s3443,Movie,TV-Y7,Kids,2019,Comedies
s3444,Movie,TV-14,Teens,2019,Dramas
s3444,Movie,TV-14,Teens,2019,International Movies
s3444,Movie,TV-14,Teens,2019,Romantic Movies
s3445,TV Show,TV-Y7,Kids,2019,Kids' TV
s3445,TV Show,TV-Y7,Kids,2019,Spanish-Language TV Shows
s3446,TV Show,TV-14,Teens,2019,International TV Shows
s3446,TV Show,TV-14,Teens,2019,Korean TV Shows
s3446,TV Show,TV-14,Teens,2019,TV Action & Adventure
s3447,Movie,TV-MA,Adults,2019,Dramas
s3447,Movie,TV-MA,Adults,2019,Independent Movies
s3447,Movie,TV-MA,Adults,2019,International Movies
s3448,Movie,TV-14,Teens,2019,Documentaries
s3449,Movie,TV-MA,Adults,2019,Comedies
s3449,Movie,TV-MA,Adults,2019,International Movies
s3449,Movie,TV-MA,Adults,2019,Romantic Movies
s3450,TV Show,TV-PG,Teens,2019,British TV Shows
s3450,TV Show,TV-PG,Teens,2019,Kids' TV
s3450,TV Show,TV-PG,Teens,2019,TV Thrillers
s3451,Movie,TV-MA,Adults,2019,Horror Movies
s3451,Movie,TV-MA,Adults,2019,Thrillers
s3452,Movie,TV-PG,Teens,2019,Children & Family Movies
s3452,Movie,TV-PG,Teens,2019,Comedies
s3453,TV Show,TV-MA,Adults,2019,British TV Shows
s3453,TV Show,TV-MA,Adults,2019,Crime TV Shows
s3453,TV Show,TV-MA,Adults,2019,International TV Shows
s3454,TV Show,TV-PG,Teens,2019,Kids' TV
s3454,TV Show,TV-PG,Teens,2019,TV Action & Adventure
s3454,TV Show,TV-PG,Teens,2019,TV Dramas
s3455,TV Show,TV-MA,Adults,2019,Docuseries
s3455,TV Show,TV-MA,Adults,2019,Science & Nature TV
s3456,TV Show,TV-Y,Kids,2019,Kids' TV
s3457,Movie,TV-Y,Kids,2019,Children & Family Movies
s3458,TV Show,TV-MA,Adults,2019,Anime Series
s3458,TV Show,TV-MA,Adults,2019,Crime TV Shows
s3459,TV Show,TV-MA,Adults,2019,Docuseries
s3460,Movie,TV-MA,Adults,2019,Comedies
s3460,Movie,TV-MA,Adults,2019,International Movies
s3460,Movie,TV-MA,Adults,2019,Romantic Movies
s3461,Movie,TV-PG,Teens,2019,Documentaries
s3462,TV Show,TV-14,Teens,2019,International TV Shows
s3462,TV Show,TV-14,Teens,2019,Korean TV Shows
s3462,TV Show,TV-14,Teens,2019,Romantic TV Shows
s3463,TV Show,TV-14,Teens,2019,International TV Shows
s3463,TV Show,TV-14,Teens,2019,Korean TV Shows
s3463,TV Show,TV-14,Teens,2019,Romantic TV Shows
s3464,TV Show,TV-MA,Adults,2019,International TV Shows
s3464,TV Show,TV-MA,Adults,2019,Romantic TV Shows
s3464,TV Show,TV-MA,Adults,2019,TV Comedies
s3465,TV Show,TV-MA,Adults,2019,International TV Shows
s3465,TV Show,TV-MA,Adults,2019,TV Comedies
s3466,Movie,TV-14,Teens,2019,Dramas
s3466,Movie,TV-14,Teens,2019,International Movies
s3466,Movie,TV-14,Teens,2019,Romantic Movies
s3467,TV Show,TV-MA,Adults,2019,International TV Shows
s3467,TV Show,TV-MA,Adults,2019,TV Comedies
s3467,TV Show,TV-MA,Adults,2019,TV Dramas
s3468,TV Show,TV-MA,Adults,2019,International TV Shows
s3468,TV Show,TV-MA,Adults,2019,TV Comedies
s3469,Movie,TV-PG,Teens,2019,Documentaries
s3469,Movie,TV-PG,Teens,2019,International Movies
s3469,Movie,TV-PG,Teens,2019,Sports Movies
s3470,Movie,TV-Y,Kids,2019,Children & Family Movies
s3471,TV Show,TV-Y7,Kids,2019,Kids' TV
s3471,TV Show,TV-Y7,Kids,2019,Korean TV Shows
s3472,Movie,TV-MA,Adults,2019,Stand-Up Comedy
s3473,Movie,G,Kids,2019,Children & Family Movies
s3473,Movie,G,Kids,2019,Comedies
s3474,TV Show,TV-14,Teens,2019,International TV Shows
s3474,TV Show,TV-14,Teens,2019,Korean TV Shows
s3474,TV Show,TV-14,Teens,2019,Romantic TV Shows
s3475,TV Show,TV-PG,Teens,2019,International TV Shows
s3475,TV Show,TV-PG,Teens,2019,Korean TV Shows
s3475,TV Show,TV-PG,Teens,2019,Romantic TV Shows
s3476,Movie,G,Kids,2019,Children & Family Movies
s3476,Movie,G,Kids,2019,Comedies
s3477,Movie,R,Adults,2019,Comedies
s3477,Movie,R,Adults,2019,Dramas
s3477,Movie,R,Adults,2019,Independent Movies
s3478,TV Show,TV-MA,Adults,2019,Crime TV Shows
s3478,TV Show,TV-MA,Adults,2019,TV Action & Adventure
s3478,TV Show,TV-MA,Adults,2019,TV Dramas
s3479,Movie,TV-MA,Adults,2019,Stand-Up Comedy
s3480,Movie,TV-PG,Teens,2019,Documentaries
s3480,Movie,TV-PG,Teens,2019,International Movies
s3481,Movie,TV-PG,Teens,2019,Dramas
s3481,Movie,TV-PG,Teens,2019,International Movies
s3482,TV Show,TV-MA,Adults,2019,International TV Shows
s3482,TV Show,TV-MA,Adults,2019,TV Action & Adventure
s3482,TV Show,TV-MA,Adults,2019,TV Dramas
s3483,Movie,TV-PG,Teens,2019,Comedies
s3483,Movie,TV-PG,Teens,2019,International Movies
s3484,TV Show,TV-MA,Adults,2019,Crime TV Shows
s3484,TV Show,TV-MA,Adults,2019,International TV Shows
s3484,TV Show,TV-MA,Adults,2019,Spanish-Language TV Shows
s3485,Movie,TV-MA,Adults,2019,Dramas
s3485,Movie,TV-MA,Adults,2019,Sci-Fi & Fantasy
s3485,Movie,TV-MA,Adults,2019,Thrillers
s3486,Movie,TV-MA,Adults,2019,Anime Features
s3486,Movie,TV-MA,Adults,2019,Music & Musicals
s3486,Movie,TV-MA,Adults,2019,Sci-Fi & Fantasy
s3487,Movie,TV-14,Teens,2019,Dramas
s3487,Movie,TV-14,Teens,2019,International Movies
s3487,Movie,TV-14,Teens,2019,Romantic Movies
s3488,Movie,PG-13,Adults,2019,Action & Adventure
s3488,Movie,PG-13,Adults,2019,Dramas
s3488,Movie,PG-13,Adults,2019,International Movies
s3489,TV Show,TV-MA,Adults,2019,Crime TV Shows
s3489,TV Show,TV-MA,Adults,2019,International TV Shows
s3489,TV Show,TV-MA,Adults,2019,Spanish-Language TV Shows
s3490,TV Show,TV-14,Teens,2019,Docuseries
s3491,Movie,TV-G,Kids,2019,Documentaries
s3491,Movie,TV-G,Kids,2019,International Movies
s3492,TV Show,TV-MA,Adults,2019,International TV Shows
s3492,TV Show,TV-MA,Adults,2019,TV Dramas
s3492,TV Show,TV-MA,Adults,2019,TV Horror
s3493,Movie,TV-14,Teens,2019,Comedies
s3493,Movie,TV-14,Teens,2019,International Movies
s3493,Movie,TV-14,Teens,2019,Music & Musicals
s3494,Movie,TV-14,Teens,2019,Comedies
s3494,Movie,TV-14,Teens,2019,International Movies
s3494,Movie,TV-14,Teens,2019,Music & Musicals
s3495,Movie,R,Adults,2019,Action & Adventure
s3496,Movie,TV-MA,Adults,2019,Stand-Up Comedy
s3497,Movie,TV-MA,Adults,2019,Comedies
s3497,Movie,TV-MA,Adults,2019,Dramas
s3497,Movie,TV-MA,Adults,2019,International Movies
s3498,Movie,TV-MA,Adults,2019,Comedies
s3498,Movie,TV-MA,Adults,2019,Independent Movies
s3498,Movie,TV-MA,Adults,2019,International Movies
s3499,Movie,TV-MA,Adults,2019,Dramas
s3499,Movie,TV-MA,Adults,2019,Independent Movies
s3499,Movie,TV-MA,Adults,2019,International Movies
s3500,TV Show,TV-MA,Adults,2019,International TV Shows
s3500,TV Show,TV-MA,Adults,2019,Korean TV Shows
s3500,TV Show,TV-MA,Adults,2019,TV Action & Adventure
s3501,Movie,TV-MA,Adults,2019,Comedies
s3502,TV Show,TV-MA,Adults,2019,Crime TV Shows
s3502,TV Show,TV-MA,Adults,2019,International TV Shows
s3502,TV Show,TV-MA,Adults,2019,TV Dramas
s3503,TV Show,TV-MA,Adults,2019,British TV Shows
s3503,TV Show,TV-MA,Adults,2019,Crime TV Shows
s3503,TV Show,TV-MA,Adults,2019,International TV Shows
s3504,TV Show,TV-MA,Adults,2019,British TV Shows
s3504,TV Show,TV-MA,Adults,2019,Crime TV Shows
s3504,TV Show,TV-MA,Adults,2019,International TV Shows
s3505,TV Show,TV-MA,Adults,2019,Reality TV
s3506,TV Show,TV-14,Teens,2019,Docuseries
s3506,TV Show,TV-14,Teens,2019,Science & Nature TV
s3507,TV Show,TV-MA,Adults,2019,International TV Shows
s3507,TV Show,TV-MA,Adults,2019,TV Comedies
s3507,TV Show,TV-MA,Adults,2019,TV Dramas
s3508,Movie,TV-MA,Adults,2019,Comedies
s3508,Movie,TV-MA,Adults,2019,International Movies
s3509,Movie,TV-Y,Kids,2019,Children & Family Movies
s3510,Movie,TV-MA,Adults,2019,Dramas
s3510,Movie,TV-MA,Adults,2019,International Movies
s3510,Movie,TV-MA,Adults,2019,Romantic Movies
s3511,TV Show,TV-14,Teens,2019,International TV Shows
s3511,TV Show,TV-14,Teens,2019,Korean TV Shows
s3511,TV Show,TV-14,Teens,2019,Romantic TV Shows
s3512,Movie,TV-MA,Adults,2019,Action & Adventure
s3513,Movie,TV-MA,Adults,2019,Stand-Up Comedy
s3514,Movie,TV-PG,Teens,2019,Documentaries
s3514,Movie,TV-PG,Teens,2019,International Movies
s3514,Movie,TV-PG,Teens,2019,Music & Musicals
s3515,Movie,TV-14,Teens,2019,Documentaries
s3516,TV Show,TV-MA,Adults,2019,Crime TV Shows
s3516,TV Show,TV-MA,Adults,2019,Docuseries
s3517,Movie,TV-14,Teens,2019,Comedies
s3517,Movie,TV-14,Teens,2019,International Movies
s3517,Movie,TV-14,Teens,2019,Music & Musicals
s3518,Movie,TV-PG,Teens,2019,Documentaries
s3518,Movie,TV-PG,Teens,2019,International Movies
s3519,Movie,TV-MA,Adults,2019,Documentaries
s3520,TV Show,TV-MA,Adults,2019,Anime Series
s3520,TV Show,TV-MA,Adults,2019,International TV Shows
s3520,TV Show,TV-MA,Adults,2019,TV Horror
s3521,Movie,TV-14,Teens,2019,Comedies
s3521,Movie,TV-14,Teens,2019,International Movies
s3522,TV Show,TV-MA,Adults,2019,International TV Shows
s3522,TV Show,TV-MA,Adults,2019,TV Dramas
s3522,TV Show,TV-MA,Adults,2019,TV Horror
s3523,Movie,TV-14,Teens,2019,Dramas
s3523,Movie,TV-14,Teens,2019,International Movies
s3523,Movie,TV-14,Teens,2019,Romantic Movies
s3524,Movie,TV-PG,Teens,2019,Children & Family Movies
s3524,Movie,TV-PG,Teens,2019,Comedies
s3524,Movie,TV-PG,Teens,2019,Romantic Movies
s3525,TV Show,TV-MA,Adults,2019,British TV Shows
s3525,TV Show,TV-MA,Adults,2019,Crime TV Shows
s3525,TV Show,TV-MA,Adults,2019,International TV Shows
s3526,TV Show,TV-MA,Adults,2019,Crime TV Shows
s3526,TV Show,TV-MA,Adults,2019,TV Dramas
s3527,TV Show,TV-MA,Adults,2019,TV Action & Adventure
s3527,TV Show,TV-MA,Adults,2019,TV Dramas
s3527,TV Show,TV-MA,Adults,2019,TV Sci-Fi & Fantasy
s3528,TV Show,TV-14,Teens,2019,Docuseries
s3528,TV Show,TV-14,Teens,2019,Science & Nature TV
s3529,Movie,TV-MA,Adults,2019,Stand-Up Comedy
s3530,Movie,TV-MA,Adults,2019,Documentaries
s3530,Movie,TV-MA,Adults,2019,International Movies
s3531,Movie,TV-MA,Adults,2019,Dramas
s3531,Movie,TV-MA,Adults,2019,International Movies
s3531,Movie,TV-MA,Adults,2019,Thrillers
s3532,Movie,TV-MA,Adults,2019,Comedies
s3532,Movie,TV-MA,Adults,2019,Dramas
s3532,Movie,TV-MA,Adults,2019,Independent Movies
s3533,Movie,TV-14,Teens,2019,Comedies
s3533,Movie,TV-14,Teens,2019,Independent Movies
s3533,Movie,TV-14,Teens,2019,International Movies
s3534,Movie,TV-14,Teens,2019,Comedies
s3534,Movie,TV-14,Teens,2019,International Movies
s3534,Movie,TV-14,Teens,2019,Romantic Movies
s3535,TV Show,TV-MA,Adults,2019,International TV Shows
s3535,TV Show,TV-MA,Adults,2019,TV Dramas
s3535,TV Show,TV-MA,Adults,2019,TV Thrillers
s3536,Movie,TV-G,Kids,2019,Documentaries
s3537,Movie,TV-14,Teens,2019,Dramas
s3537,Movie,TV-14,Teens,2019,Independent Movies
s3537,Movie,TV-14,Teens,2019,International Movies
s3538,Movie,TV-14,Teens,2019,Comedies
s3538,Movie,TV-14,Teens,2019,Dramas
s3538,Movie,TV-14,Teens,2019,International Movies
s3539,Movie,TV-MA,Adults,2019,Documentaries
s3539,Movie,TV-MA,Adults,2019,International Movies
s3540,TV Show,TV-Y,Kids,2019,Kids' TV
s3541,TV Show,TV-G,Kids,2019,Docuseries
s3541,TV Show,TV-G,Kids,2019,Science & Nature TV
s3542,TV Show,TV-14,Teens,2019,Anime Series
s3542,TV Show,TV-14,Teens,2019,International TV Shows
s3543,Movie,TV-MA,Adults,2019,Dramas
s3543,Movie,TV-MA,Adults,2019,Independent Movies
s3543,Movie,TV-MA,Adults,2019,International Movies
s3544,TV Show,TV-14,Teens,2019,British TV Shows
s3544,TV Show,TV-14,Teens,2019,Crime TV Shows
s3544,TV Show,TV-14,Teens,2019,Docuseries
s3545,Movie,G,Kids,2019,Children & Family Movies
s3546,Movie,TV-14,Teens,2019,Comedies
s3546,Movie,TV-14,Teens,2019,International Movies
s3547,TV Show,TV-Y,Kids,2019,British TV Shows
s3547,TV Show,TV-Y,Kids,2019,Kids' TV
s3548,Movie,TV-MA,Adults,2019,Comedies
s3548,Movie,TV-MA,Adults,2019,International Movies
s3549,Movie,TV-MA,Adults,2019,Comedies
s3549,Movie,TV-MA,Adults,2019,International Movies
s3550,Movie,TV-PG,Teens,2019,Children & Family Movies
s3550,Movie,TV-PG,Teens,2019,Comedies
s3550,Movie,TV-PG,Teens,2019,Dramas
s3551,TV Show,TV-14,Teens,2019,Reality TV
s3552,TV Show,TV-PG,Teens,2019,TV Action & Adventure
s3552,TV Show,TV-PG,Teens,2019,TV Dramas
s3552,TV Show,TV-PG,Teens,2019,TV Sci-Fi & Fantasy
s3553,TV Show,TV-MA,Adults,2019,Crime TV Shows
s3553,TV Show,TV-MA,Adults,2019,International TV Shows
s3553,TV Show,TV-MA,Adults,2019,Spanish-Language TV Shows
s3554,TV Show,TV-Y,Kids,2019,Kids' TV
s3555,Movie,TV-MA,Adults,2019,International Movies
s3555,Movie,TV-MA,Adults,2019,Thrillers
s3556,Movie,TV-PG,Teens,2019,Comedies
s3556,Movie,TV-PG,Teens,2019,Romantic Movies
s3557,Movie,TV-14,Teens,2019,Dramas
s3557,Movie,TV-14,Teens,2019,Faith & Spirituality
s3557,Movie,TV-14,Teens,2019,International Movies
s3558,Movie,TV-MA,Adults,2019,Documentaries
s3558,Movie,TV-MA,Adults,2019,Music & Musicals
s3559,TV Show,TV-MA,Adults,2019,British TV Shows
s3559,TV Show,TV-MA,Adults,2019,International TV Shows
s3559,TV Show,TV-MA,Adults,2019,Reality TV
s3560,Movie,TV-MA,Adults,2019,Stand-Up Comedy
s3561,Movie,TV-MA,Adults,2019,Comedies
s3561,Movie,TV-MA,Adults,2019,International Movies
s3562,TV Show,TV-MA,Adults,2019,Crime TV Shows
s3562,TV Show,TV-MA,Adults,2019,Docuseries
s3563,TV Show,TV-14,Teens,2019,Anime Series
s3563,TV Show,TV-14,Teens,2019,Crime TV Shows
s3563,TV Show,TV-14,Teens,2019,International TV Shows
s3564,Movie,TV-PG,Teens,2019,Comedies
s3564,Movie,TV-PG,Teens,2019,Dramas
s3564,Movie,TV-PG,Teens,2019,International Movies
s3565,Movie,TV-14,Teens,2019,Comedies
s3565,Movie,TV-14,Teens,2019,International Movies
s3566,Movie,TV-PG,Teens,2019,International Movies
s3566,Movie,TV-PG,Teens,2019,Music & Musicals
s3567,Movie,TV-14,Teens,2019,Dramas
s3567,Movie,TV-14,Teens,2019,Independent Movies
s3567,Movie,TV-14,Teens,2019,International Movies
s3568,Movie,TV-14,Teens,2019,Documentaries
s3569,Movie,TV-MA,Adults,2019,Horror Movies
s3569,Movie,TV-MA,Adults,2019,International Movies
s3569,Movie,TV-MA,Adults,2019,Thrillers
s3570,Movie,TV-MA,Adults,2019,Horror Movies
s3570,Movie,TV-MA,Adults,2019,International Movies
s3570,Movie,TV-MA,Adults,2019,Thrillers
s3571,Movie,TV-MA,Adults,2019,Horror Movies
s3571,Movie,TV-MA,Adults,2019,International Movies
s3571,Movie,TV-MA,Adults,2019,Thrillers
s3572,TV Show,TV-PG,Teens,2019,Reality TV
s3573,Movie,TV-MA,Adults,2019,International Movies
s3573,Movie,TV-MA,Adults,2019,Romantic Movies
s3574,Movie,TV-G,Kids,2019,Documentaries
s3575,Movie,TV-MA,Adults,2019,Stand-Up Comedy
s3576,TV Show,TV-MA,Adults,2019,International TV Shows
s3576,TV Show,TV-MA,Adults,2019,Romantic TV Shows
s3576,TV Show,TV-MA,Adults,2019,Spanish-Language TV Shows
s3577,TV Show,TV-MA,Adults,2019,Crime TV Shows
s3577,TV Show,TV-MA,Adults,2019,International TV Shows
s3577,TV Show,TV-MA,Adults,2019,Spanish-Language TV Shows
s3578,TV Show,TV-MA,Adults,2019,Crime TV Shows
s3578,TV Show,TV-MA,Adults,2019,International TV Shows
s3578,TV Show,TV-MA,Adults,2019,TV Dramas
s3579,TV Show,TV-14,Teens,2019,Docuseries
s3579,TV Show,TV-14,Teens,2019,Science & Nature TV
s3580,TV Show,TV-MA,Adults,2019,Crime TV Shows
s3580,TV Show,TV-MA,Adults,2019,International TV Shows
s3580,TV Show,TV-MA,Adults,2019,Spanish-Language TV Shows
s3581,Movie,TV-Y7,Kids,2019,Children & Family Movies
s3581,Movie,TV-Y7,Kids,2019,Comedies
s3581,Movie,TV-Y7,Kids,2019,Sci-Fi & Fantasy
s3582,TV Show,TV-MA,Adults,2019,Crime TV Shows
s3582,TV Show,TV-MA,Adults,2019,TV Dramas
s3582,TV Show,TV-MA,Adults,2019,TV Mysteries
s3583,Movie,PG-13,Adults,2019,Sci-Fi & Fantasy
s3583,Movie,PG-13,Adults,2019,Thrillers
s3584,Movie,TV-14,Teens,2019,Comedies
s3585,Movie,TV-Y,Kids,2019,Children & Family Movies
s3586,TV Show,TV-MA,Adults,2019,International TV Shows
s3586,TV Show,TV-MA,Adults,2019,TV Action & Adventure
s3586,TV Show,TV-MA,Adults,2019,TV Dramas
s3587,Movie,TV-MA,Adults,2019,Comedies
s3587,Movie,TV-MA,Adults,2019,International Movies
s3588,TV Show,TV-MA,Adults,2019,International TV Shows
s3588,TV Show,TV-MA,Adults,2019,Spanish-Language TV Shows
s3588,TV Show,TV-MA,Adults,2019,TV Action & Adventure
s3589,TV Show,TV-MA,Adults,2019,Anime Series
s3589,TV Show,TV-MA,Adults,2019,International TV Shows
s3590,TV Show,TV-MA,Adults,2019,Crime TV Shows
s3590,TV Show,TV-MA,Adults,2019,International TV Shows
s3590,TV Show,TV-MA,Adults,2019,TV Dramas
s3591,TV Show,TV-MA,Adults,2019,International TV Shows
s3591,TV Show,TV-MA,Adults,2019,TV Dramas
s3591,TV Show,TV-MA,Adults,2019,TV Thrillers
s3592,Movie,TV-MA,Adults,2019,Stand-Up Comedy
s3593,TV Show,TV-MA,Adults,2019,Crime TV Shows
s3593,TV Show,TV-MA,Adults,2019,Docuseries
s3594,Movie,TV-14,Teens,2019,Dramas
s3594,Movie,TV-14,Teens,2019,International Movies
s3595,Movie,TV-MA,Adults,2019,Comedies
s3595,Movie,TV-MA,Adults,2019,International Movies
s3595,Movie,TV-MA,Adults,2019,Music & Musicals
s3596,Movie,TV-MA,Adults,2019,Documentaries
s3596,Movie,TV-MA,Adults,2019,Sports Movies
s3597,Movie,TV-MA,Adults,2019,Documentaries
s3597,Movie,TV-MA,Adults,2019,International Movies
s3598,TV Show,TV-MA,Adults,2019,TV Dramas
s3599,TV Show,TV-Y7,Kids,2019,Kids' TV
s3600,Movie,TV-14,Teens,2019,Stand-Up Comedy
s3601,TV Show,TV-MA,Adults,2019,TV Comedies
s3601,TV Show,TV-MA,Adults,2019,TV Dramas
s3602,TV Show,TV-MA,Adults,2019,TV Comedies
s3602,TV Show,TV-MA,Adults,2019,TV Dramas
s3602,TV Show,TV-MA,Adults,2019,TV Horror
s3603,Movie,TV-MA,Adults,2019,Dramas
s3603,Movie,TV-MA,Adults,2019,Independent Movies
s3603,Movie,TV-MA,Adults,2019,International Movies
s3604,Movie,TV-Y7,Kids,2019,Children & Family Movies
s3604,Movie,TV-Y7,Kids,2019,Comedies
s3604,Movie,TV-Y7,Kids,2019,LGBTQ Movies
s3605,TV Show,TV-MA,Adults,2019,Crime TV Shows
s3605,TV Show,TV-MA,Adults,2019,International TV Shows
s3605,TV Show,TV-MA,Adults,2019,TV Dramas
s3606,TV Show,TV-14,Teens,2019,Docuseries
s3607,TV Show,TV-MA,Adults,2019,Crime TV Shows
s3607,TV Show,TV-MA,Adults,2019,International TV Shows
s3607,TV Show,TV-MA,Adults,2019,Korean TV Shows
s3608,TV Show,TV-MA,Adults,2019,International TV Shows
s3608,TV Show,TV-MA,Adults,2019,TV Dramas
s3609,TV Show,TV-14,Teens,2019,Romantic TV Shows
s3609,TV Show,TV-14,Teens,2019,TV Comedies
s3609,TV Show,TV-14,Teens,2019,TV Dramas
s3610,TV Show,TV-MA,Adults,2019,International TV Shows
s3610,TV Show,TV-MA,Adults,2019,Korean TV Shows
s3610,TV Show,TV-MA,Adults,2019,Romantic TV Shows
s3611,TV Show,TV-PG,Teens,2019,International TV Shows
s3611,TV Show,TV-PG,Teens,2019,Korean TV Shows
s3611,TV Show,TV-PG,Teens,2019,Romantic TV Shows
s3612,TV Show,TV-MA,Adults,2019,International TV Shows
s3612,TV Show,TV-MA,Adults,2019,Korean TV Shows
s3612,TV Show,TV-MA,Adults,2019,TV Dramas
s3613,TV Show,TV-MA,Adults,2019,International TV Shows
s3613,TV Show,TV-MA,Adults,2019,Korean TV Shows
s3613,TV Show,TV-MA,Adults,2019,Romantic TV Shows
s3614,TV Show,TV-MA,Adults,2019,International TV Shows
s3614,TV Show,TV-MA,Adults,2019,Korean TV Shows
s3614,TV Show,TV-MA,Adults,2019,Romantic TV Shows
s3615,TV Show,TV-MA,Adults,2019,International TV Shows
s3615,TV Show,TV-MA,Adults,2019,Korean TV Shows
s3615,TV Show,TV-MA,Adults,2019,Romantic TV Shows
s3616,TV Show,TV-MA,Adults,2019,TV Action & Adventure
s3616,TV Show,TV-MA,Adults,2019,TV Sci-Fi & Fantasy
s3617,Movie,TV-14,Teens,2019,International Movies
s3617,Movie,TV-14,Teens,2019,Thrillers
s3618,Movie,TV-MA,Adults,2019,Stand-Up Comedy
s3619,Movie,TV-14,Teens,2019,Comedies
s3619,Movie,TV-14,Teens,2019,Dramas
s3619,Movie,TV-14,Teens,2019,International Movies
s3620,Movie,TV-MA,Adults,2019,Stand-Up Comedy
s3621,Movie,TV-MA,Adults,2019,Stand-Up Comedy
s3622,Movie,TV-MA,Adults,2019,Documentaries
s3622,Movie,TV-MA,Adults,2019,Sports Movies
s3623,Movie,TV-MA,Adults,2019,Stand-Up Comedy
s3624,Movie,TV-MA,Adults,2019,Documentaries
s3624,Movie,TV-MA,Adults,2019,International Movies
s3625,TV Show,TV-PG,Teens,2019,Kids' TV
s3625,TV Show,TV-PG,Teens,2019,TV Comedies
s3625,TV Show,TV-PG,Teens,2019,TV Dramas
s3626,Movie,TV-MA,Adults,2019,Dramas
s3626,Movie,TV-MA,Adults,2019,International Movies
s3627,Movie,TV-14,Teens,2019,Children & Family Movies
s3627,Movie,TV-14,Teens,2019,Comedies
s3627,Movie,TV-14,Teens,2019,International Movies
s3628,TV Show,TV-PG,Teens,2019,Docuseries
s3628,TV Show,TV-PG,Teens,2019,Reality TV
s3629,Movie,TV-MA,Adults,2019,Documentaries
s3630,Movie,R,Adults,2019,Comedies
s3631,Movie,TV-14,Teens,2019,Dramas
s3631,Movie,TV-14,Teens,2019,International Movies
s3632,Movie,TV-14,Teens,2019,Dramas
s3632,Movie,TV-14,Teens,2019,Independent Movies
s3632,Movie,TV-14,Teens,2019,International Movies
s3633,TV Show,TV-MA,Adults,2019,International TV Shows
s3633,TV Show,TV-MA,Adults,2019,TV Mysteries
s3633,TV Show,TV-MA,Adults,2019,TV Thrillers
s3634,TV Show,TV-MA,Adults,2019,International TV Shows
s3634,TV Show,TV-MA,Adults,2019,TV Comedies
s3634,TV Show,TV-MA,Adults,2019,TV Dramas
s3635,Movie,TV-MA,Adults,2019,Dramas
s3635,Movie,TV-MA,Adults,2019,Thrillers
s3636,Movie,TV-MA,Adults,2019,Stand-Up Comedy
s3637,TV Show,TV-PG,Teens,2019,Kids' TV
s3638,Movie,TV-MA,Adults,2019,Dramas
s3638,Movie,TV-MA,Adults,2019,Independent Movies
s3638,Movie,TV-MA,Adults,2019,International Movies
s3639,Movie,TV-14,Teens,2019,Horror Movies
s3639,Movie,TV-14,Teens,2019,International Movies
s3640,Movie,TV-MA,Adults,2019,Comedies
s3640,Movie,TV-MA,Adults,2019,Horror Movies
s3640,Movie,TV-MA,Adults,2019,International Movies
s3641,TV Show,TV-14,Teens,2019,International TV Shows
s3641,TV Show,TV-14,Teens,2019,Korean TV Shows
s3641,TV Show,TV-14,Teens,2019,Romantic TV Shows
s3642,Movie,TV-MA,Adults,2019,Dramas
s3642,Movie,TV-MA,Adults,2019,Independent Movies
s3642,Movie,TV-MA,Adults,2019,International Movies
s3643,TV Show,TV-MA,Adults,2019,British TV Shows
s3643,TV Show,TV-MA,Adults,2019,International TV Shows
s3643,TV Show,TV-MA,Adults,2019,TV Action & Adventure
s3644,Movie,TV-MA,Adults,2019,Documentaries
s3645,TV Show,TV-Y,Kids,2019,Kids' TV
s3646,Movie,TV-MA,Adults,2019,Stand-Up Comedy
s3647,Movie,TV-MA,Adults,2019,Stand-Up Comedy
s3648,Movie,TV-14,Teens,2019,Action & Adventure
s3648,Movie,TV-14,Teens,2019,Cult Movies
s3648,Movie,TV-14,Teens,2019,International Movies
s3649,Movie,TV-14,Teens,2019,Comedies
s3649,Movie,TV-14,Teens,2019,International Movies
s3650,Movie,TV-14,Teens,2019,Action & Adventure
s3650,Movie,TV-14,Teens,2019,Comedies
s3650,Movie,TV-14,Teens,2019,International Movies
s3651,Movie,TV-MA,Adults,2019,Action & Adventure
s3651,Movie,TV-MA,Adults,2019,International Movies
s3652,TV Show,TV-MA,Adults,2019,International TV Shows
s3652,TV Show,TV-MA,Adults,2019,Romantic TV Shows
s3652,TV Show,TV-MA,Adults,2019,TV Dramas
s3653,Movie,TV-MA,Adults,2019,Comedies
s3653,Movie,TV-MA,Adults,2019,International Movies
s3654,TV Show,TV-14,Teens,2019,Stand-Up Comedy & Talk Shows
s3654,TV Show,TV-14,Teens,2019,TV Comedies
s3655,TV Show,TV-Y7,Kids,2019,Kids' TV
s3655,TV Show,TV-Y7,Kids,2019,TV Comedies
s3656,TV Show,TV-MA,Adults,2019,International TV Shows
s3656,TV Show,TV-MA,Adults,2019,TV Horror
s3656,TV Show,TV-MA,Adults,2019,TV Mysteries
s3657,TV Show,TV-14,Teens,2019,International TV Shows
s3657,TV Show,TV-14,Teens,2019,Korean TV Shows
s3657,TV Show,TV-14,Teens,2019,Romantic TV Shows
s3658,Movie,TV-14,Teens,2019,Thrillers
s3659,Movie,TV-14,Teens,2019,Action & Adventure
s3659,Movie,TV-14,Teens,2019,Dramas
s3659,Movie,TV-14,Teens,2019,International Movies
s3660,TV Show,TV-Y7,Kids,2019,Kids' TV
s3660,TV Show,TV-Y7,Kids,2019,TV Comedies
s3661,TV Show,TV-14,Teens,2019,International TV Shows
s3661,TV Show,TV-14,Teens,2019,Romantic TV Shows
s3661,TV Show,TV-14,Teens,2019,TV Dramas
s3662,Movie,TV-PG,Teens,2019,Dramas
s3662,Movie,TV-PG,Teens,2019,International Movies
s3663,Movie,TV-14,Teens,2019,Comedies
s3664,TV Show,TV-PG,Teens,2019,Anime Series
s3664,TV Show,TV-PG,Teens,2019,International TV Shows
s3665,TV Show,TV-14,Teens,2019,Anime Series
s3665,TV Show,TV-14,Teens,2019,International TV Shows
s3665,TV Show,TV-14,Teens,2019,Teen TV Shows
s3666,TV Show,TV-14,Teens,2019,Anime Series
s3666,TV Show,TV-14,Teens,2019,International TV Shows
s3667,TV Show,TV-PG,Teens,2019,Anime Series
s3667,TV Show,TV-PG,Teens,2019,International TV Shows
s3668,TV Show,TV-Y7,Kids,2019,Kids' TV
s3668,TV Show,TV-Y7,Kids,2019,TV Action & Adventure
s3668,TV Show,TV-Y7,Kids,2019,TV Sci-Fi & Fantasy
s3669,Movie,TV-MA,Adults,2019,Comedies
s3669,Movie,TV-MA,Adults,2019,Dramas
s3669,Movie,TV-MA,Adults,2019,Independent Movies
s3670,TV Show,TV-MA,Adults,2019,International TV Shows
s3670,TV Show,TV-MA,Adults,2019,TV Dramas
s3671,Movie,TV-MA,Adults,2019,Dramas
s3671,Movie,TV-MA,Adults,2019,Independent Movies
s3671,Movie,TV-MA,Adults,2019,International Movies
s3672,TV Show,TV-MA,Adults,2019,International TV Shows
s3672,TV Show,TV-MA,Adults,2019,Reality TV
s3673,Movie,TV-MA,Adults,2019,Dramas
s3673,Movie,TV-MA,Adults,2019,International Movies
s3673,Movie,TV-MA,Adults,2019,Thrillers
s3674,TV Show,TV-14,Teens,2019,International TV Shows
s3674,TV Show,TV-14,Teens,2019,Korean TV Shows
s3674,TV Show,TV-14,Teens,2019,Romantic TV Shows
s3675,TV Show,TV-14,Teens,2019,International TV Shows
s3675,TV Show,TV-14,Teens,2019,TV Action & Adventure
s3675,TV Show,TV-14,Teens,2019,TV Sci-Fi & Fantasy
s3676,Movie,TV-MA,Adults,2019,Action & Adventure
s3677,Movie,TV-14,Teens,2019,Documentaries
s3677,Movie,TV-14,Teens,2019,International Movies
s3678,TV Show,TV-Y,Kids,2019,Kids' TV
s3679,Movie,TV-14,Teens,2019,Documentaries
s3679,Movie,TV-14,Teens,2019,International Movies
s3679,Movie,TV-14,Teens,2019,Music & Musicals
s3680,Movie,TV-MA,Adults,2019,Stand-Up Comedy
s3681,TV Show,TV-G,Kids,2019,British TV Shows
s3681,TV Show,TV-G,Kids,2019,Kids' TV
s3681,TV Show,TV-G,Kids,2019,TV Dramas
s3682,Movie,TV-G,Kids,2019,Documentaries
s3682,Movie,TV-G,Kids,2019,International Movies
s3682,Movie,TV-G,Kids,2019,Sports Movies
s3683,TV Show,TV-14,Teens,2019,International TV Shows
s3683,TV Show,TV-14,Teens,2019,Romantic TV Shows
s3683,TV Show,TV-14,Teens,2019,TV Dramas
s3684,Movie,TV-14,Teens,2019,Documentaries
s3685,TV Show,TV-MA,Adults,2019,International TV Shows
s3685,TV Show,TV-MA,Adults,2019,TV Dramas
s3685,TV Show,TV-MA,Adults,2019,TV Thrillers
s3686,TV Show,TV-14,Teens,2019,TV Horror
s3686,TV Show,TV-14,Teens,2019,TV Mysteries
s3686,TV Show,TV-14,Teens,2019,TV Sci-Fi & Fantasy
s3687,TV Show,TV-MA,Adults,2019,Docuseries
s3687,TV Show,TV-MA,Adults,2019,TV Dramas
s3688,TV Show,TV-MA,Adults,2019,International TV Shows
s3688,TV Show,TV-MA,Adults,2019,Reality TV
s3689,TV Show,TV-14,Teens,2019,International TV Shows
s3689,TV Show,TV-14,Teens,2019,Romantic TV Shows
s3689,TV Show,TV-14,Teens,2019,TV Dramas
s3690,TV Show,TV-14,Teens,2019,International TV Shows
s3690,TV Show,TV-14,Teens,2019,Romantic TV Shows
s3690,TV Show,TV-14,Teens,2019,TV Dramas
s3691,TV Show,TV-14,Teens,2019,International TV Shows
s3691,TV Show,TV-14,Teens,2019,Korean TV Shows
s3691,TV Show,TV-14,Teens,2019,TV Dramas
s3692,TV Show,TV-PG,Teens,2019,Kids' TV
s3692,TV Show,TV-PG,Teens,2019,TV Action & Adventure
s3692,TV Show,TV-PG,Teens,2019,TV Comedies
s3693,TV Show,TV-Y,Kids,2019,Kids' TV
s3694,Movie,TV-MA,Adults,2019,Stand-Up Comedy
s3695,TV Show,TV-Y,Kids,2019,Kids' TV
s3696,TV Show,TV-Y7,Kids,2019,Kids' TV
s3696,TV Show,TV-Y7,Kids,2019,TV Comedies
s3697,TV Show,TV-MA,Adults,2019,Anime Series
s3697,TV Show,TV-MA,Adults,2019,International TV Shows
s3698,Movie,TV-MA,Adults,2019,Documentaries
s3698,Movie,TV-MA,Adults,2019,International Movies
s3699,Movie,TV-MA,Adults,2019,Horror Movies
s3699,Movie,TV-MA,Adults,2019,International Movies
s3699,Movie,TV-MA,Adults,2019,Romantic Movies
s3700,Movie,TV-14,Teens,2019,Dramas
s3700,Movie,TV-14,Teens,2019,International Movies
s3700,Movie,TV-14,Teens,2019,Thrillers
s3701,TV Show,TV-MA,Adults,2019,Reality TV
s3701,TV Show,TV-MA,Adults,2019,TV Comedies
s3701,TV Show,TV-MA,Adults,2019,TV Horror
s3702,Movie,TV-MA,Adults,2019,Comedies
s3702,Movie,TV-MA,Adults,2019,Dramas
s3702,Movie,TV-MA,Adults,2019,International Movies
s3703,TV Show,TV-MA,Adults,2019,Crime TV Shows
s3703,TV Show,TV-MA,Adults,2019,Docuseries
s3704,Movie,TV-14,Teens,2019,Documentaries
s3704,Movie,TV-14,Teens,2019,International Movies
s3705,TV Show,TV-MA,Adults,2019,Crime TV Shows
s3705,TV Show,TV-MA,Adults,2019,Docuseries
s3705,TV Show,TV-MA,Adults,2019,Science & Nature TV
s3706,TV Show,TV-MA,Adults,2019,International TV Shows
s3706,TV Show,TV-MA,Adults,2019,Reality TV
s3707,Movie,TV-MA,Adults,2019,Action & Adventure
s3707,Movie,TV-MA,Adults,2019,International Movies
s3707,Movie,TV-MA,Adults,2019,Sci-Fi & Fantasy
s3708,TV Show,TV-Y,Kids,2019,Kids' TV
s3708,TV Show,TV-Y,Kids,2019,TV Sci-Fi & Fantasy
s3709,TV Show,TV-MA,Adults,2019,International TV Shows
s3709,TV Show,TV-MA,Adults,2019,Spanish-Language TV Shows
s3709,TV Show,TV-MA,Adults,2019,TV Comedies
s3710,Movie,TV-PG,Teens,2019,Dramas
s3710,Movie,TV-PG,Teens,2019,Independent Movies
s3710,Movie,TV-PG,Teens,2019,Music & Musicals
s3711,TV Show,TV-MA,Adults,2019,Crime TV Shows
s3711,TV Show,TV-MA,Adults,2019,International TV Shows
s3711,TV Show,TV-MA,Adults,2019,TV Comedies
s3712,Movie,TV-MA,Adults,2019,Stand-Up Comedy
s3713,Movie,TV-PG,Teens,2019,International Movies
s3713,Movie,TV-PG,Teens,2019,Music & Musicals
s3714,Movie,TV-14,Teens,2019,International Movies
s3714,Movie,TV-14,Teens,2019,Music & Musicals
s3714,Movie,TV-14,Teens,2019,Thrillers
s3715,Movie,TV-14,Teens,2019,Documentaries
s3715,Movie,TV-14,Teens,2019,International Movies
s3716,Movie,TV-MA,Adults,2019,Stand-Up Comedy
s3717,TV Show,TV-14,Teens,2019,Anime Series
s3717,TV Show,TV-14,Teens,2019,International TV Shows
s3718,Movie,R,Adults,2019,Action & Adventure
s3718,Movie,R,Adults,2019,International Movies
s3719,Movie,TV-MA,Adults,2019,Dramas
s3719,Movie,TV-MA,Adults,2019,Independent Movies
s3719,Movie,TV-MA,Adults,2019,International Movies
s3720,TV Show,TV-MA,Adults,2019,International TV Shows
s3720,TV Show,TV-MA,Adults,2019,Romantic TV Shows
s3720,TV Show,TV-MA,Adults,2019,Spanish-Language TV Shows
s3721,Movie,TV-MA,Adults,2019,Action & Adventure
s3721,Movie,TV-MA,Adults,2019,Anime Features
s3721,Movie,TV-MA,Adults,2019,International Movies
s3722,TV Show,TV-MA,Adults,2019,Docuseries
s3722,TV Show,TV-MA,Adults,2019,Reality TV
s3723,TV Show,TV-PG,Teens,2019,Kids' TV
s3723,TV Show,TV-PG,Teens,2019,Spanish-Language TV Shows
s3723,TV Show,TV-PG,Teens,2019,Teen TV Shows
s3724,TV Show,TV-MA,Adults,2019,Anime Series
s3724,TV Show,TV-MA,Adults,2019,International TV Shows
s3725,TV Show,TV-MA,Adults,2019,Anime Series
s3725,TV Show,TV-MA,Adults,2019,International TV Shows
s3726,TV Show,TV-14,Teens,2019,Crime TV Shows
s3726,TV Show,TV-14,Teens,2019,TV Action & Adventure
s3726,TV Show,TV-14,Teens,2019,TV Dramas
s3727,TV Show,TV-14,Teens,2019,International TV Shows
s3727,TV Show,TV-14,Teens,2019,Reality TV
s3728,TV Show,TV-MA,Adults,2019,Crime TV Shows
s3728,TV Show,TV-MA,Adults,2019,Docuseries
s3729,Movie,TV-MA,Adults,2019,Action & Adventure
s3729,Movie,TV-MA,Adults,2019,Anime Features
s3729,Movie,TV-MA,Adults,2019,International Movies
s3730,Movie,TV-MA,Adults,2019,Horror Movies
s3730,Movie,TV-MA,Adults,2019,Independent Movies
s3730,Movie,TV-MA,Adults,2019,International Movies
s3731,Movie,TV-14,Teens,2019,Dramas
s3731,Movie,TV-14,Teens,2019,International Movies
s3731,Movie,TV-14,Teens,2019,Thrillers
s3732,Movie,TV-MA,Adults,2019,Dramas
s3732,Movie,TV-MA,Adults,2019,Independent Movies
s3732,Movie,TV-MA,Adults,2019,Music & Musicals
s3733,Movie,TV-14,Teens,2019,Documentaries
s3733,Movie,TV-14,Teens,2019,International Movies
s3734,Movie,TV-MA,Adults,2019,Stand-Up Comedy
s3735,Movie,R,Adults,2019,Thrillers
s3736,Movie,TV-MA,Adults,2019,Comedies
s3736,Movie,TV-MA,Adults,2019,Dramas
s3736,Movie,TV-MA,Adults,2019,Independent Movies
s3737,TV Show,TV-MA,Adults,2019,Anime Series
s3737,TV Show,TV-MA,Adults,2019,International TV Shows
s3738,TV Show,TV-MA,Adults,2019,Anime Series
s3738,TV Show,TV-MA,Adults,2019,International TV Shows
s3739,Movie,TV-PG,Teens,2019,Documentaries
s3740,Movie,TV-14,Teens,2019,Comedies
s3740,Movie,TV-14,Teens,2019,International Movies
s3740,Movie,TV-14,Teens,2019,Romantic Movies
s3741,Movie,TV-14,Teens,2019,Dramas
s3741,Movie,TV-14,Teens,2019,Independent Movies
s3741,Movie,TV-14,Teens,2019,International Movies
s3742,TV Show,TV-14,Teens,2019,Anime Series
s3742,TV Show,TV-14,Teens,2019,International TV Shows
s3743,TV Show,TV-MA,Adults,2019,International TV Shows
s3743,TV Show,TV-MA,Adults,2019,Romantic TV Shows
s3743,TV Show,TV-MA,Adults,2019,TV Comedies
s3744,TV Show,TV-MA,Adults,2019,Crime TV Shows
s3744,TV Show,TV-MA,Adults,2019,Docuseries
s3744,TV Show,TV-MA,Adults,2019,International TV Shows
s3745,TV Show,TV-MA,Adults,2019,Crime TV Shows
s3745,TV Show,TV-MA,Adults,2019,International TV Shows
s3745,TV Show,TV-MA,Adults,2019,TV Dramas
s3746,TV Show,TV-PG,Teens,2019,Reality TV
s3747,TV Show,TV-MA,Adults,2019,Crime TV Shows
s3747,TV Show,TV-MA,Adults,2019,International TV Shows
s3747,TV Show,TV-MA,Adults,2019,TV Dramas
s3748,Movie,TV-PG,Teens,2019,Children & Family Movies
s3748,Movie,TV-PG,Teens,2019,Comedies
s3749,TV Show,TV-MA,Adults,2019,Crime TV Shows
s3749,TV Show,TV-MA,Adults,2019,International TV Shows
s3749,TV Show,TV-MA,Adults,2019,Spanish-Language TV Shows
s3750,TV Show,TV-MA,Adults,2019,TV Comedies
s3750,TV Show,TV-MA,Adults,2019,TV Dramas
s3751,TV Show,TV-MA,Adults,2019,British TV Shows
s3751,TV Show,TV-MA,Adults,2019,International TV Shows
s3751,TV Show,TV-MA,Adults,2019,TV Dramas
s3752,TV Show,TV-14,Teens,2019,TV Comedies
s3753,TV Show,TV-MA,Adults,2019,Crime TV Shows
s3753,TV Show,TV-MA,Adults,2019,TV Action & Adventure
s3753,TV Show,TV-MA,Adults,2019,TV Dramas
s3754,Movie,PG-13,Adults,2019,Comedies
s3755,TV Show,TV-MA,Adults,2019,Crime TV Shows
s3755,TV Show,TV-MA,Adults,2019,International TV Shows
s3755,TV Show,TV-MA,Adults,2019,Spanish-Language TV Shows
s3756,TV Show,TV-MA,Adults,2019,International TV Shows
s3756,TV Show,TV-MA,Adults,2019,TV Dramas
s3756,TV Show,TV-MA,Adults,2019,TV Mysteries
s3757,Movie,TV-PG,Teens,2019,Documentaries
s3758,Movie,TV-MA,Adults,2019,Horror Movies
s3758,Movie,TV-MA,Adults,2019,International Movies
s3759,Movie,TV-MA,Adults,2019,Stand-Up Comedy
s3760,Movie,TV-MA,Adults,2019,Documentaries
s3760,Movie,TV-MA,Adults,2019,Music & Musicals
s3761,TV Show,TV-Y,Kids,2019,Kids' TV
s3762,Movie,TV-MA,Adults,2019,Dramas
s3762,Movie,TV-MA,Adults,2019,Independent Movies
s3762,Movie,TV-MA,Adults,2019,International Movies
s3763,TV Show,TV-MA,Adults,2019,Crime TV Shows
s3763,TV Show,TV-MA,Adults,2019,TV Dramas
s3763,TV Show,TV-MA,Adults,2019,TV Thrillers
s3764,Movie,TV-MA,Adults,2019,Dramas
s3764,Movie,TV-MA,Adults,2019,International Movies
s3764,Movie,TV-MA,Adults,2019,LGBTQ Movies
s3765,Movie,TV-PG,Teens,2019,International Movies
s3765,Movie,TV-PG,Teens,2019,Sci-Fi & Fantasy
s3765,Movie,TV-PG,Teens,2019,Thrillers
s3766,Movie,TV-PG,Teens,2019,Comedies
s3766,Movie,TV-PG,Teens,2019,International Movies
s3766,Movie,TV-PG,Teens,2019,Romantic Movies
s3767,Movie,PG,Teens,2019,Children & Family Movies
s3768,Movie,TV-PG,Teens,2019,Children & Family Movies
s3768,Movie,TV-PG,Teens,2019,Dramas
s3768,Movie,TV-PG,Teens,2019,International Movies
s3769,Movie,TV-MA,Adults,2019,Comedies
s3769,Movie,TV-MA,Adults,2019,Horror Movies
s3769,Movie,TV-MA,Adults,2019,Independent Movies
s3770,TV Show,TV-Y,Kids,2019,Kids' TV
s3771,TV Show,TV-MA,Adults,2019,TV Dramas
s3772,Movie,TV-MA,Adults,2019,Documentaries
s3772,Movie,TV-MA,Adults,2019,Music & Musicals
s3773,Movie,TV-MA,Adults,2019,Dramas
s3773,Movie,TV-MA,Adults,2019,International Movies
s3774,Movie,TV-14,Teens,2019,Anime Features
s3774,Movie,TV-14,Teens,2019,International Movies
s3775,TV Show,TV-MA,Adults,2019,British TV Shows
s3775,TV Show,TV-MA,Adults,2019,International TV Shows
s3775,TV Show,TV-MA,Adults,2019,TV Dramas
s3776,Movie,TV-MA,Adults,2019,Dramas
s3776,Movie,TV-MA,Adults,2019,International Movies
s3776,Movie,TV-MA,Adults,2019,Sci-Fi & Fantasy
s3777,Movie,TV-14,Teens,2019,Stand-Up Comedy
s3778,Movie,TV-Y,Kids,2019,Children & Family Movies
s3778,Movie,TV-Y,Kids,2019,Sci-Fi & Fantasy
s3779,TV Show,TV-14,Teens,2019,TV Comedies
s3780,TV Show,TV-G,Kids,2019,Kids' TV
s3780,TV Show,TV-G,Kids,2019,TV Action & Adventure
s3780,TV Show,TV-G,Kids,2019,TV Comedies
s3781,TV Show,TV-MA,Adults,2019,International TV Shows
s3781,TV Show,TV-MA,Adults,2019,Korean TV Shows
s3781,TV Show,TV-MA,Adults,2019,TV Action & Adventure
s3782,Movie,TV-14,Teens,2019,Dramas
s3782,Movie,TV-14,Teens,2019,International Movies
s3783,TV Show,TV-14,Teens,2019,International TV Shows
s3783,TV Show,TV-14,Teens,2019,TV Dramas
s3784,Movie,TV-MA,Adults,2019,Dramas
s3784,Movie,TV-MA,Adults,2019,Independent Movies
s3784,Movie,TV-MA,Adults,2019,International Movies
s3785,TV Show,TV-14,Teens,2019,Anime Series
s3785,TV Show,TV-14,Teens,2019,International TV Shows
s3785,TV Show,TV-14,Teens,2019,Teen TV Shows
s3786,Movie,TV-MA,Adults,2019,Comedies
s3786,Movie,TV-MA,Adults,2019,International Movies
s3787,Movie,TV-14,Teens,2019,Action & Adventure
s3787,Movie,TV-14,Teens,2019,International Movies
s3787,Movie,TV-14,Teens,2019,Sports Movies
s3788,TV Show,TV-MA,Adults,2019,Crime TV Shows
s3788,TV Show,TV-MA,Adults,2019,TV Dramas
s3789,Movie,TV-MA,Adults,2019,Comedies
s3789,Movie,TV-MA,Adults,2019,Dramas
s3789,Movie,TV-MA,Adults,2019,Independent Movies
s3790,TV Show,TV-MA,Adults,2019,Crime TV Shows
s3790,TV Show,TV-MA,Adults,2019,Docuseries
s3790,TV Show,TV-MA,Adults,2019,International TV Shows
s3791,Movie,TV-MA,Adults,2019,Dramas
s3791,Movie,TV-MA,Adults,2019,International Movies
s3792,Movie,TV-MA,Adults,2019,Comedies
s3792,Movie,TV-MA,Adults,2019,Dramas
s3792,Movie,TV-MA,Adults,2019,International Movies
s3793,TV Show,TV-MA,Adults,2019,Crime TV Shows
s3793,TV Show,TV-MA,Adults,2019,TV Dramas
s3794,Movie,TV-MA,Adults,2019,International Movies
s3794,Movie,TV-MA,Adults,2019,Thrillers
s3795,TV Show,TV-MA,Adults,2019,Stand-Up Comedy & Talk Shows
s3795,TV Show,TV-MA,Adults,2019,TV Comedies
s3796,Movie,TV-PG,Teens,2019,Documentaries
s3797,TV Show,TV-MA,Adults,2019,Docuseries
s3797,TV Show,TV-MA,Adults,2019,International TV Shows
s3798,Movie,TV-MA,Adults,2019,Dramas
s3798,Movie,TV-MA,Adults,2019,Independent Movies
s3798,Movie,TV-MA,Adults,2019,International Movies
s3799,Movie,TV-14,Teens,2019,Action & Adventure
s3799,Movie,TV-14,Teens,2019,Independent Movies
s3799,Movie,TV-14,Teens,2019,Sci-Fi & Fantasy
s3800,TV Show,TV-MA,Adults,2019,Romantic TV Shows
s3800,TV Show,TV-MA,Adults,2019,TV Comedies
s3800,TV Show,TV-MA,Adults,2019,TV Dramas
s3801,Movie,TV-MA,Adults,2019,Horror Movies
s3801,Movie,TV-MA,Adults,2019,LGBTQ Movies
s3801,Movie,TV-MA,Adults,2019,Music & Musicals
s3802,TV Show,TV-MA,Adults,2019,TV Dramas
s3802,TV Show,TV-MA,Adults,2019,TV Thrillers
s3803,Movie,TV-MA,Adults,2019,Comedies
s3803,Movie,TV-MA,Adults,2019,Music & Musicals
s3803,Movie,TV-MA,Adults,2019,Sports Movies
s3804,Movie,TV-PG,Teens,2019,Documentaries
s3804,Movie,TV-PG,Teens,2019,International Movies
s3805,Movie,TV-14,Teens,2019,Action & Adventure
s3805,Movie,TV-14,Teens,2019,Comedies
s3805,Movie,TV-14,Teens,2019,International Movies
s3806,Movie,TV-MA,Adults,2019,Stand-Up Comedy
s3807,TV Show,TV-G,Kids,2019,Kids' TV
s3807,TV Show,TV-G,Kids,2019,TV Comedies
s3808,TV Show,TV-MA,Adults,2019,Crime TV Shows
s3808,TV Show,TV-MA,Adults,2019,International TV Shows
s3808,TV Show,TV-MA,Adults,2019,Spanish-Language TV Shows
s3809,TV Show,TV-MA,Adults,2019,Crime TV Shows
s3809,TV Show,TV-MA,Adults,2019,Docuseries
s3809,TV Show,TV-MA,Adults,2019,International TV Shows
s3810,Movie,TV-14,Teens,2019,Documentaries
s3810,Movie,TV-14,Teens,2019,International Movies
s3811,Movie,TV-14,Teens,2019,Documentaries
s3811,Movie,TV-14,Teens,2019,International Movies
s3812,Movie,TV-MA,Adults,2019,Documentaries
s3812,Movie,TV-MA,Adults,2019,International Movies
s3813,TV Show,TV-MA,Adults,2019,TV Comedies
s3814,Movie,TV-MA,Adults,2019,Action & Adventure
s3814,Movie,TV-MA,Adults,2019,International Movies
s3815,Movie,TV-14,Teens,2019,Documentaries
s3815,Movie,TV-14,Teens,2019,Music & Musicals
s3816,Movie,TV-MA,Adults,2019,Stand-Up Comedy
s3817,Movie,TV-MA,Adults,2019,Dramas
s3817,Movie,TV-MA,Adults,2019,Sci-Fi & Fantasy
s3817,Movie,TV-MA,Adults,2019,Thrillers
s3818,TV Show,TV-MA,Adults,2019,British TV Shows
s3818,TV Show,TV-MA,Adults,2019,International TV Shows
s3818,TV Show,TV-MA,Adults,2019,TV Comedies
s3819,Movie,TV-PG,Teens,2019,Children & Family Movies
s3819,Movie,TV-PG,Teens,2019,Dramas
s3820,Movie,TV-MA,Adults,2019,Dramas
s3820,Movie,TV-MA,Adults,2019,Independent Movies
s3820,Movie,TV-MA,Adults,2019,International Movies
s3821,Movie,TV-PG,Teens,2019,Children & Family Movies
s3821,Movie,TV-PG,Teens,2019,Comedies
s3822,TV Show,TV-Y,Kids,2019,British TV Shows
s3822,TV Show,TV-Y,Kids,2019,Kids' TV
s3822,TV Show,TV-Y,Kids,2019,TV Comedies
s3823,Movie,TV-MA,Adults,2019,Dramas
s3823,Movie,TV-MA,Adults,2019,Independent Movies
s3823,Movie,TV-MA,Adults,2019,International Movies
s3824,TV Show,TV-Y,Kids,2019,Kids' TV
s3824,TV Show,TV-Y,Kids,2019,Spanish-Language TV Shows
s3825,TV Show,TV-14,Teens,2019,International TV Shows
s3825,TV Show,TV-14,Teens,2019,Romantic TV Shows
s3825,TV Show,TV-14,Teens,2019,TV Dramas
s3826,Movie,R,Adults,2019,Action & Adventure
s3826,Movie,R,Adults,2019,Dramas
s3827,TV Show,TV-14,Teens,2019,Anime Series
s3827,TV Show,TV-14,Teens,2019,International TV Shows
s3828,Movie,TV-MA,Adults,2019,Comedies
s3829,Movie,TV-MA,Adults,2019,Documentaries
s3830,Movie,TV-G,Kids,2019,Children & Family Movies
s3830,Movie,TV-G,Kids,2019,Comedies
s3831,Movie,TV-14,Teens,2019,Documentaries
s3832,TV Show,TV-14,Teens,2019,Crime TV Shows
s3832,TV Show,TV-14,Teens,2019,International TV Shows
s3832,TV Show,TV-14,Teens,2019,TV Dramas
s3833,Movie,TV-MA,Adults,2019,Dramas
s3833,Movie,TV-MA,Adults,2019,Independent Movies
s3833,Movie,TV-MA,Adults,2019,International Movies
s3834,Movie,TV-MA,Adults,2019,Dramas
s3834,Movie,TV-MA,Adults,2019,Independent Movies
s3834,Movie,TV-MA,Adults,2019,International Movies
s3835,Movie,TV-14,Teens,2019,Action & Adventure
s3835,Movie,TV-14,Teens,2019,Comedies
s3835,Movie,TV-14,Teens,2019,Dramas
s3836,TV Show,TV-MA,Adults,2019,TV Comedies
s3836,TV Show,TV-MA,Adults,2019,TV Dramas
s3837,Movie,TV-MA,Adults,2019,Comedies
s3837,Movie,TV-MA,Adults,2019,Dramas
s3837,Movie,TV-MA,Adults,2019,International Movies
s3838,TV Show,TV-MA,Adults,2019,Docuseries
s3838,TV Show,TV-MA,Adults,2019,Reality TV
s3839,TV Show,TV-MA,Adults,2019,Crime TV Shows
s3839,TV Show,TV-MA,Adults,2019,International TV Shows
s3839,TV Show,TV-MA,Adults,2019,TV Dramas
s3840,TV Show,TV-14,Teens,2019,International TV Shows
s3840,TV Show,TV-14,Teens,2019,Romantic TV Shows
s3840,TV Show,TV-14,Teens,2019,TV Dramas
s3841,TV Show,TV-MA,Adults,2019,TV Dramas
s3841,TV Show,TV-MA,Adults,2019,Teen TV Shows
s3842,Movie,R,Adults,2019,Comedies
s3843,Movie,TV-MA,Adults,2019,Action & Adventure
s3843,Movie,TV-MA,Adults,2019,Dramas
s3843,Movie,TV-MA,Adults,2019,International Movies
s3844,TV Show,TV-PG,Teens,2019,International TV Shows
s3844,TV Show,TV-PG,Teens,2019,TV Dramas
s3845,TV Show,TV-PG,Teens,2019,International TV Shows
s3845,TV Show,TV-PG,Teens,2019,TV Comedies
s3846,TV Show,TV-14,Teens,2019,International TV Shows
s3846,TV Show,TV-14,Teens,2019,Romantic TV Shows
s3846,TV Show,TV-14,Teens,2019,TV Dramas
s3847,TV Show,TV-PG,Teens,2019,International TV Shows
s3847,TV Show,TV-PG,Teens,2019,Romantic TV Shows
s3847,TV Show,TV-PG,Teens,2019,TV Dramas
s3848,TV Show,TV-14,Teens,2019,International TV Shows
s3848,TV Show,TV-14,Teens,2019,Romantic TV Shows
s3848,TV Show,TV-14,Teens,2019,TV Dramas
s3849,TV Show,TV-PG,Teens,2019,International TV Shows
s3849,TV Show,TV-PG,Teens,2019,TV Dramas
s3850,TV Show,TV-14,Teens,2019,International TV Shows
s3850,TV Show,TV-14,Teens,2019,Romantic TV Shows
s3850,TV Show,TV-14,Teens,2019,TV Comedies
s3851,TV Show,TV-PG,Teens,2019,International TV Shows
s3851,TV Show,TV-PG,Teens,2019,TV Dramas
s3852,TV Show,TV-14,Teens,2019,International TV Shows
s3852,TV Show,TV-14,Teens,2019,TV Dramas
s3852,TV Show,TV-14,Teens,2019,TV Sci-Fi & Fantasy
s3853,TV Show,TV-14,Teens,2019,Crime TV Shows
s3853,TV Show,TV-14,Teens,2019,International TV Shows
s3853,TV Show,TV-14,Teens,2019,Korean TV Shows
s3854,TV Show,TV-14,Teens,2019,International TV Shows
s3854,TV Show,TV-14,Teens,2019,TV Comedies
s3854,TV Show,TV-14,Teens,2019,TV Dramas
s3855,TV Show,TV-14,Teens,2019,International TV Shows
s3855,TV Show,TV-14,Teens,2019,TV Dramas
s3856,TV Show,TV-14,Teens,2019,Crime TV Shows
s3856,TV Show,TV-14,Teens,2019,International TV Shows
s3856,TV Show,TV-14,Teens,2019,TV Dramas
s3857,TV Show,TV-14,Teens,2019,International TV Shows
s3857,TV Show,TV-14,Teens,2019,TV Dramas
s3858,Movie,TV-MA,Adults,2019,Documentaries
s3858,Movie,TV-MA,Adults,2019,International Movies
s3859,Movie,TV-MA,Adults,2019,International Movies
s3859,Movie,TV-MA,Adults,2019,Sci-Fi & Fantasy
s3860,Movie,TV-14,Teens,2019,Documentaries
s3860,Movie,TV-14,Teens,2019,LGBTQ Movies
s3861,TV Show,TV-MA,Adults,2019,Crime TV Shows
s3861,TV Show,TV-MA,Adults,2019,International TV Shows
s3861,TV Show,TV-MA,Adults,2019,Spanish-Language TV Shows
s3862,TV Show,TV-Y7,Kids,2019,Kids' TV
s3862,TV Show,TV-Y7,Kids,2019,TV Comedies
s3863,Movie,TV-MA,Adults,2019,Comedies
s3863,Movie,TV-MA,Adults,2019,International Movies
s3863,Movie,TV-MA,Adults,2019,Romantic Movies
s3864,Movie,R,Adults,2019,Dramas
s3864,Movie,R,Adults,2019,Independent Movies
s3865,TV Show,TV-PG,Teens,2019,Reality TV
s3866,Movie,TV-MA,Adults,2019,Dramas
s3866,Movie,TV-MA,Adults,2019,International Movies
s3866,Movie,TV-MA,Adults,2019,Thrillers
s3867,Movie,TV-14,Teens,2019,Comedies
s3867,Movie,TV-14,Teens,2019,Romantic Movies
s3868,TV Show,TV-MA,Adults,2019,TV Comedies
s3869,Movie,TV-PG,Teens,2019,Comedies
s3869,Movie,TV-PG,Teens,2019,Dramas
s3869,Movie,TV-PG,Teens,2019,International Movies
s3870,Movie,R,Adults,2019,Action & Adventure
s3871,TV Show,TV-MA,Adults,2019,Anime Series
s3871,TV Show,TV-MA,Adults,2019,International TV Shows
s3872,Movie,TV-MA,Adults,2019,Documentaries
s3872,Movie,TV-MA,Adults,2019,Music & Musicals
s3873,Movie,PG,Teens,2019,Documentaries
s3874,Movie,TV-MA,Adults,2019,Horror Movies
s3874,Movie,TV-MA,Adults,2019,International Movies
s3875,Movie,TV-14,Teens,2019,Comedies
s3875,Movie,TV-14,Teens,2019,Dramas
s3875,Movie,TV-14,Teens,2019,International Movies
s3876,Movie,TV-MA,Adults,2019,Comedies
s3876,Movie,TV-MA,Adults,2019,International Movies
s3877,TV Show,TV-14,Teens,2019,International TV Shows
s3877,TV Show,TV-14,Teens,2019,TV Action & Adventure
s3877,TV Show,TV-14,Teens,2019,TV Comedies
s3878,Movie,TV-MA,Adults,2019,Stand-Up Comedy
s3879,TV Show,TV-MA,Adults,2019,International TV Shows
s3879,TV Show,TV-MA,Adults,2019,TV Comedies
s3879,TV Show,TV-MA,Adults,2019,TV Dramas
s3880,TV Show,TV-MA,Adults,2019,Anime Series
s3880,TV Show,TV-MA,Adults,2019,Crime TV Shows
s3880,TV Show,TV-MA,Adults,2019,International TV Shows
s3881,TV Show,TV-14,Teens,2019,International TV Shows
s3881,TV Show,TV-14,Teens,2019,TV Comedies
s3881,TV Show,TV-14,Teens,2019,TV Dramas
s3882,TV Show,TV-14,Teens,2019,International TV Shows
s3882,TV Show,TV-14,Teens,2019,TV Comedies
s3882,TV Show,TV-14,Teens,2019,TV Sci-Fi & Fantasy
s3883,TV Show,TV-MA,Adults,2019,International TV Shows
s3883,TV Show,TV-MA,Adults,2019,TV Comedies
s3883,TV Show,TV-MA,Adults,2019,TV Dramas
s3884,TV Show,TV-MA,Adults,2019,Crime TV Shows
s3884,TV Show,TV-MA,Adults,2019,International TV Shows
s3884,TV Show,TV-MA,Adults,2019,Romantic TV Shows
s3885,TV Show,TV-MA,Adults,2019,TV Action & Adventure
s3885,TV Show,TV-MA,Adults,2019,TV Comedies
s3885,TV Show,TV-MA,Adults,2019,TV Horror
s3886,Movie,TV-MA,Adults,2019,Dramas
s3886,Movie,TV-MA,Adults,2019,Independent Movies
s3886,Movie,TV-MA,Adults,2019,International Movies
s3887,TV Show,TV-MA,Adults,2019,Crime TV Shows
s3887,TV Show,TV-MA,Adults,2019,International TV Shows
s3887,TV Show,TV-MA,Adults,2019,Spanish-Language TV Shows
s3888,TV Show,TV-MA,Adults,2019,TV Horror
s3888,TV Show,TV-MA,Adults,2019,TV Mysteries
s3888,TV Show,TV-MA,Adults,2019,Teen TV Shows
s3889,Movie,TV-MA,Adults,2019,Comedies
s3889,Movie,TV-MA,Adults,2019,International Movies
s3889,Movie,TV-MA,Adults,2019,Romantic Movies
s3890,Movie,TV-MA,Adults,2019,Comedies
s3890,Movie,TV-MA,Adults,2019,Dramas
s3890,Movie,TV-MA,Adults,2019,International Movies
s3891,Movie,TV-PG,Teens,2019,Comedies
s3891,Movie,TV-PG,Teens,2019,Dramas
s3891,Movie,TV-PG,Teens,2019,International Movies
s3892,Movie,TV-14,Teens,2019,Documentaries
s3892,Movie,TV-14,Teens,2019,Music & Musicals
s3893,TV Show,TV-PG,Teens,2019,Docuseries
s3894,TV Show,R,Adults,2019,TV Shows
s3895,Movie,TV-MA,Adults,2019,Dramas
s3895,Movie,TV-MA,Adults,2019,International Movies
s3896,Movie,TV-MA,Adults,2019,Documentaries
s3896,Movie,TV-MA,Adults,2019,Music & Musicals
s3897,Movie,TV-14,Teens,2019,Documentaries
s3898,TV Show,TV-MA,Adults,2019,International TV Shows
s3898,TV Show,TV-MA,Adults,2019,TV Action & Adventure
s3898,TV Show,TV-MA,Adults,2019,TV Comedies
s3899,TV Show,TV-MA,Adults,2019,International TV Shows
s3899,TV Show,TV-MA,Adults,2019,TV Comedies
s3900,Movie,TV-14,Teens,2019,Dramas
s3900,Movie,TV-14,Teens,2019,Independent Movies
s3900,Movie,TV-14,Teens,2019,International Movies
s3901,TV Show,TV-MA,Adults,2019,International TV Shows
s3901,TV Show,TV-MA,Adults,2019,Romantic TV Shows
s3902,TV Show,TV-PG,Teens,2019,Anime Series
s3902,TV Show,TV-PG,Teens,2019,International TV Shows
s3903,TV Show,TV-MA,Adults,2019,International TV Shows
s3903,TV Show,TV-MA,Adults,2019,TV Comedies
s3904,Movie,R,Adults,2019,Comedies
s3904,Movie,R,Adults,2019,Romantic Movies
s3905,Movie,TV-MA,Adults,2019,Dramas
s3905,Movie,TV-MA,Adults,2019,International Movies
s3906,Movie,R,Adults,2019,Dramas
s3906,Movie,R,Adults,2019,Independent Movies
s3906,Movie,R,Adults,2019,International Movies
s3907,Movie,TV-MA,Adults,2019,Stand-Up Comedy
s3908,Movie,TV-MA,Adults,2019,Documentaries
s3908,Movie,TV-MA,Adults,2019,Music & Musicals
s3909,Movie,R,Adults,2019,Comedies
s3909,Movie,R,Adults,2019,Dramas
s3909,Movie,R,Adults,2019,International Movies
s3910,Movie,TV-Y,Kids,2019,Children & Family Movies
s3911,Movie,TV-MA,Adults,2019,Comedies
s3911,Movie,TV-MA,Adults,2019,Dramas
s3911,Movie,TV-MA,Adults,2019,International Movies
s3912,Movie,TV-14,Teens,2019,International Movies
s3912,Movie,TV-14,Teens,2019,Music & Musicals
s3912,Movie,TV-14,Teens,2019,Thrillers
s3913,Movie,TV-MA,Adults,2019,Documentaries
s3913,Movie,TV-MA,Adults,2019,Sports Movies
s3914,Movie,TV-MA,Adults,2019,Dramas
s3914,Movie,TV-MA,Adults,2019,International Movies
s3914,Movie,TV-MA,Adults,2019,Romantic Movies
s3915,Movie,TV-14,Teens,2019,Comedies
s3915,Movie,TV-14,Teens,2019,International Movies
s3915,Movie,TV-14,Teens,2019,Music & Musicals
s3916,Movie,TV-14,Teens,2019,Comedies
s3916,Movie,TV-14,Teens,2019,International Movies
s3916,Movie,TV-14,Teens,2019,Romantic Movies
s3917,Movie,TV-14,Teens,2019,Dramas
s3917,Movie,TV-14,Teens,2019,International Movies
s3917,Movie,TV-14,Teens,2019,Sci-Fi & Fantasy
s3918,Movie,TV-14,Teens,2019,Dramas
s3918,Movie,TV-14,Teens,2019,International Movies
s3918,Movie,TV-14,Teens,2019,Romantic Movies
s3919,Movie,TV-PG,Teens,2019,Action & Adventure
s3919,Movie,TV-PG,Teens,2019,Comedies
s3919,Movie,TV-PG,Teens,2019,Dramas
s3920,Movie,TV-MA,Adults,2019,Horror Movies
s3921,TV Show,TV-MA,Adults,2019,Romantic TV Shows
s3921,TV Show,TV-MA,Adults,2019,TV Comedies
s3922,Movie,TV-MA,Adults,2019,Dramas
s3922,Movie,TV-MA,Adults,2019,International Movies
s3923,Movie,TV-MA,Adults,2019,Horror Movies
s3923,Movie,TV-MA,Adults,2019,International Movies
s3924,Movie,TV-MA,Adults,2019,Horror Movies
s3924,Movie,TV-MA,Adults,2019,International Movies
s3925,Movie,TV-MA,Adults,2019,Stand-Up Comedy
s3926,TV Show,TV-MA,Adults,2019,TV Comedies
s3927,Movie,TV-14,Teens,2019,Comedies
s3927,Movie,TV-14,Teens,2019,Romantic Movies
s3928,TV Show,TV-14,Teens,2019,Romantic TV Shows
s3928,TV Show,TV-14,Teens,2019,TV Comedies
s3929,TV Show,TV-MA,Adults,2019,International TV Shows
s3929,TV Show,TV-MA,Adults,2019,Korean TV Shows
s3929,TV Show,TV-MA,Adults,2019,TV Dramas
s3930,Movie,TV-14,Teens,2019,Stand-Up Comedy
s3931,Movie,PG-13,Adults,2019,Horror Movies
s3931,Movie,PG-13,Adults,2019,Thrillers
s3932,TV Show,TV-PG,Teens,2019,Kids' TV
s3932,TV Show,TV-PG,Teens,2019,Reality TV
s3932,TV Show,TV-PG,Teens,2019,Science & Nature TV
s3933,Movie,TV-14,Teens,2019,Dramas
s3933,Movie,TV-14,Teens,2019,International Movies
s3933,Movie,TV-14,Teens,2019,Music & Musicals
s3934,Movie,TV-14,Teens,2019,Action & Adventure
s3934,Movie,TV-14,Teens,2019,Comedies
s3934,Movie,TV-14,Teens,2019,Dramas
s3935,TV Show,TV-MA,Adults,2019,Docuseries
s3936,Movie,TV-MA,Adults,2019,Action & Adventure
s3936,Movie,TV-MA,Adults,2019,Sci-Fi & Fantasy
s3937,TV Show,TV-MA,Adults,2019,British TV Shows
s3937,TV Show,TV-MA,Adults,2019,International TV Shows
s3937,TV Show,TV-MA,Adults,2019,TV Comedies
s3938,TV Show,TV-MA,Adults,2019,Crime TV Shows
s3938,TV Show,TV-MA,Adults,2019,International TV Shows
s3938,TV Show,TV-MA,Adults,2019,TV Comedies
s3939,TV Show,TV-PG,Teens,2019,Docuseries
s3939,TV Show,TV-PG,Teens,2019,Science & Nature TV
s3940,Movie,TV-14,Teens,2019,Action & Adventure
s3940,Movie,TV-14,Teens,2019,Comedies
s3940,Movie,TV-14,Teens,2019,Dramas
s3941,TV Show,TV-MA,Adults,2019,Crime TV Shows
s3941,TV Show,TV-MA,Adults,2019,International TV Shows
s3941,TV Show,TV-MA,Adults,2019,TV Dramas
s3942,TV Show,TV-PG,Teens,2019,Kids' TV
s3943,TV Show,TV-MA,Adults,2019,Docuseries
s3944,TV Show,TV-Y7,Kids,2019,Kids' TV
s3945,TV Show,TV-MA,Adults,2019,Crime TV Shows
s3945,TV Show,TV-MA,Adults,2019,International TV Shows
s3945,TV Show,TV-MA,Adults,2019,Spanish-Language TV Shows
s3946,Movie,TV-14,Teens,2019,Comedies
s3946,Movie,TV-14,Teens,2019,Dramas
s3946,Movie,TV-14,Teens,2019,Independent Movies
s3947,TV Show,TV-MA,Adults,2019,Crime TV Shows
s3947,TV Show,TV-MA,Adults,2019,International TV Shows
s3947,TV Show,TV-MA,Adults,2019,Korean TV Shows
s3948,Movie,TV-MA,Adults,2019,Stand-Up Comedy
s3949,Movie,TV-MA,Adults,2019,Horror Movies
s3949,Movie,TV-MA,Adults,2019,International Movies
s3950,TV Show,TV-14,Teens,2019,International TV Shows
s3950,TV Show,TV-14,Teens,2019,Romantic TV Shows
s3950,TV Show,TV-14,Teens,2019,TV Dramas
s3951,Movie,TV-14,Teens,2019,Comedies
s3951,Movie,TV-14,Teens,2019,Dramas
s3951,Movie,TV-14,Teens,2019,International Movies
s3952,Movie,TV-MA,Adults,2019,Dramas
s3952,Movie,TV-MA,Adults,2019,International Movies
s3953,Movie,TV-MA,Adults,2019,Stand-Up Comedy
s3954,TV Show,TV-Y7,Kids,2019,Kids' TV
s3954,TV Show,TV-Y7,Kids,2019,TV Comedies
s3955,Movie,TV-14,Teens,2019,International Movies
s3955,Movie,TV-14,Teens,2019,Romantic Movies
s3955,Movie,TV-14,Teens,2019,Sci-Fi & Fantasy
s3956,Movie,TV-MA,Adults,2019,Dramas
s3956,Movie,TV-MA,Adults,2019,Independent Movies
s3956,Movie,TV-MA,Adults,2019,International Movies
s3957,TV Show,TV-MA,Adults,2019,International TV Shows
s3957,TV Show,TV-MA,Adults,2019,Korean TV Shows
s3957,TV Show,TV-MA,Adults,2019,Romantic TV Shows
s3958,Movie,TV-MA,Adults,2019,Comedies
s3959,TV Show,TV-14,Teens,2019,Anime Series
s3959,TV Show,TV-14,Teens,2019,International TV Shows
s3960,Movie,TV-14,Teens,2019,Horror Movies
s3961,Movie,TV-14,Teens,2019,Dramas
s3961,Movie,TV-14,Teens,2019,Independent Movies
s3961,Movie,TV-14,Teens,2019,International Movies
s3962,TV Show,TV-Y,Kids,2019,British TV Shows
s3962,TV Show,TV-Y,Kids,2019,Kids' TV
s3963,Movie,TV-14,Teens,2019,Comedies
s3963,Movie,TV-14,Teens,2019,Dramas
s3963,Movie,TV-14,Teens,2019,Independent Movies
s3964,Movie,TV-MA,Adults,2019,Dramas
s3964,Movie,TV-MA,Adults,2019,International Movies
s3964,Movie,TV-MA,Adults,2019,Sports Movies
s3965,TV Show,TV-MA,Adults,2019,International TV Shows
s3965,TV Show,TV-MA,Adults,2019,TV Dramas
s3965,TV Show,TV-MA,Adults,2019,TV Mysteries
s3966,TV Show,TV-MA,Adults,2019,TV Comedies
s3966,TV Show,TV-MA,Adults,2019,TV Horror
s3966,TV Show,TV-MA,Adults,2019,TV Thrillers
s3967,Movie,R,Adults,2019,Dramas
s3968,Movie,TV-MA,Adults,2019,Documentaries
s3969,TV Show,TV-14,Teens,2019,International TV Shows
s3969,TV Show,TV-14,Teens,2019,TV Dramas
s3970,TV Show,TV-MA,Adults,2019,British TV Shows
s3970,TV Show,TV-MA,Adults,2019,International TV Shows
s3970,TV Show,TV-MA,Adults,2019,TV Dramas
s3971,TV Show,TV-MA,Adults,2019,International TV Shows
s3971,TV Show,TV-MA,Adults,2019,TV Dramas
s3972,TV Show,TV-MA,Adults,2019,International TV Shows
s3972,TV Show,TV-MA,Adults,2019,Reality TV
s3972,TV Show,TV-MA,Adults,2019,Romantic TV Shows
s3973,Movie,TV-MA,Adults,2019,Horror Movies
s3973,Movie,TV-MA,Adults,2019,International Movies
s3974,Movie,TV-PG,Teens,2019,Dramas
s3974,Movie,TV-PG,Teens,2019,International Movies
s3974,Movie,TV-PG,Teens,2019,Romantic Movies
s3975,Movie,TV-PG,Teens,2019,Stand-Up Comedy
s3976,Movie,TV-14,Teens,2019,Action & Adventure
s3976,Movie,TV-14,Teens,2019,Comedies
s3976,Movie,TV-14,Teens,2019,Dramas
s3977,TV Show,TV-14,Teens,2019,Crime TV Shows
s3977,TV Show,TV-14,Teens,2019,International TV Shows
s3977,TV Show,TV-14,Teens,2019,TV Action & Adventure
s3978,Movie,TV-MA,Adults,2019,Action & Adventure
s3978,Movie,TV-MA,Adults,2019,Comedies
s3978,Movie,TV-MA,Adults,2019,International Movies
s3979,Movie,TV-MA,Adults,2019,Action & Adventure
s3979,Movie,TV-MA,Adults,2019,Comedies
s3979,Movie,TV-MA,Adults,2019,International Movies
s3980,TV Show,TV-Y,Kids,2019,Kids' TV
s3981,TV Show,TV-MA,Adults,2019,Crime TV Shows
s3981,TV Show,TV-MA,Adults,2019,International TV Shows
s3981,TV Show,TV-MA,Adults,2019,Spanish-Language TV Shows
s3982,TV Show,TV-MA,Adults,2019,Crime TV Shows
s3982,TV Show,TV-MA,Adults,2019,International TV Shows
s3982,TV Show,TV-MA,Adults,2019,TV Dramas
s3983,Movie,TV-MA,Adults,2019,Dramas
s3983,Movie,TV-MA,Adults,2019,International Movies
s3983,Movie,TV-MA,Adults,2019,Sci-Fi & Fantasy
s3984,Movie,TV-MA,Adults,2019,Documentaries
s3984,Movie,TV-MA,Adults,2019,Music & Musicals
s3985,TV Show,TV-14,Teens,2019,International TV Shows
s3985,TV Show,TV-14,Teens,2019,TV Dramas
s3986,Movie,TV-MA,Adults,2019,Comedies
s3986,Movie,TV-MA,Adults,2019,Dramas
s3986,Movie,TV-MA,Adults,2019,Music & Musicals
s3987,TV Show,TV-MA,Adults,2019,TV Dramas
s3987,TV Show,TV-MA,Adults,2019,TV Mysteries
s3987,TV Show,TV-MA,Adults,2019,TV Sci-Fi & Fantasy
s3988,Movie,TV-PG,Teens,2019,Documentaries
s3988,Movie,TV-PG,Teens,2019,International Movies
s3988,Movie,TV-PG,Teens,2019,Sports Movies
s3989,TV Show,TV-Y,Kids,2019,Kids' TV
s3990,TV Show,TV-14,Teens,2019,International TV Shows
s3990,TV Show,TV-14,Teens,2019,TV Comedies
s3990,TV Show,TV-14,Teens,2019,TV Dramas
s3991,Movie,TV-14,Teens,2019,Action & Adventure
s3991,Movie,TV-14,Teens,2019,Comedies
s3991,Movie,TV-14,Teens,2019,International Movies
s3992,Movie,TV-14,Teens,2019,Action & Adventure
s3992,Movie,TV-14,Teens,2019,Comedies
s3992,Movie,TV-14,Teens,2019,International Movies
s3993,Movie,TV-MA,Adults,2019,Comedies
s3993,Movie,TV-MA,Adults,2019,Dramas
s3993,Movie,TV-MA,Adults,2019,International Movies
s3994,Movie,TV-MA,Adults,2019,Dramas
s3994,Movie,TV-MA,Adults,2019,International Movies
s3994,Movie,TV-MA,Adults,2019,Romantic Movies
s3995,Movie,TV-PG,Teens,2019,International Movies
s3995,Movie,TV-PG,Teens,2019,Romantic Movies
s3996,Movie,TV-MA,Adults,2019,Documentaries
s3996,Movie,TV-MA,Adults,2019,International Movies
s3996,Movie,TV-MA,Adults,2019,Sports Movies
s3997,TV Show,TV-14,Teens,2019,International TV Shows
s3997,TV Show,TV-14,Teens,2019,TV Dramas
s3998,Movie,TV-PG,Teens,2019,Dramas
s3998,Movie,TV-PG,Teens,2019,Independent Movies
s3998,Movie,TV-PG,Teens,2019,International Movies
s3999,TV Show,TV-MA,Adults,2019,International TV Shows
s3999,TV Show,TV-MA,Adults,2019,Romantic TV Shows
s3999,TV Show,TV-MA,Adults,2019,TV Dramas
s4000,Movie,TV-MA,Adults,2019,Stand-Up Comedy
s4001,Movie,PG-13,Adults,2019,Comedies
s4001,Movie,PG-13,Adults,2019,Dramas
s4001,Movie,PG-13,Adults,2019,Independent Movies
s4002,TV Show,TV-MA,Adults,2019,International TV Shows
s4002,TV Show,TV-MA,Adults,2019,Romantic TV Shows
s4002,TV Show,TV-MA,Adults,2019,TV Comedies
s4003,Movie,TV-MA,Adults,2019,Comedies
s4003,Movie,TV-MA,Adults,2019,Dramas
s4003,Movie,TV-MA,Adults,2019,International Movies
s4004,Movie,TV-MA,Adults,2019,Action & Adventure
s4004,Movie,TV-MA,Adults,2019,International Movies
s4005,Movie,TV-MA,Adults,2019,Stand-Up Comedy
s4006,Movie,R,Adults,2019,Dramas
s4006,Movie,R,Adults,2019,International Movies
s4006,Movie,R,Adults,2019,LGBTQ Movies
s4007,TV Show,TV-MA,Adults,2019,International TV Shows
s4007,TV Show,TV-MA,Adults,2019,Romantic TV Shows
s4007,TV Show,TV-MA,Adults,2019,TV Dramas
s4008,Movie,TV-MA,Adults,2019,Stand-Up Comedy
s4009,Movie,TV-MA,Adults,2019,Stand-Up Comedy
s4010,Movie,TV-MA,Adults,2019,Stand-Up Comedy
s4011,Movie,TV-MA,Adults,2019,Stand-Up Comedy
s4012,Movie,TV-14,Teens,2019,Documentaries
s4012,Movie,TV-14,Teens,2019,Sports Movies
s4013,TV Show,TV-14,Teens,2019,International TV Shows
s4013,TV Show,TV-14,Teens,2019,TV Dramas
s4014,Movie,TV-14,Teens,2019,Action & Adventure
s4014,Movie,TV-14,Teens,2019,Dramas
s4014,Movie,TV-14,Teens,2019,International Movies
s4015,TV Show,TV-Y7,Kids,2019,British TV Shows
s4015,TV Show,TV-Y7,Kids,2019,Kids' TV
s4016,TV Show,TV-14,Teens,2019,Crime TV Shows
s4016,TV Show,TV-14,Teens,2019,Docuseries
s4017,TV Show,TV-MA,Adults,2019,British TV Shows
s4017,TV Show,TV-MA,Adults,2019,International TV Shows
s4017,TV Show,TV-MA,Adults,2019,TV Comedies
s4018,Movie,TV-14,Teens,2019,Dramas
s4018,Movie,TV-14,Teens,2019,International Movies
s4018,Movie,TV-14,Teens,2019,Romantic Movies
s4019,Movie,TV-14,Teens,2019,Dramas
s4019,Movie,TV-14,Teens,2019,International Movies
s4019,Movie,TV-14,Teens,2019,Romantic Movies
s4020,Movie,TV-MA,Adults,2019,Comedies
s4020,Movie,TV-MA,Adults,2019,Dramas
s4020,Movie,TV-MA,Adults,2019,International Movies
s4021,Movie,TV-14,Teens,2019,International Movies
s4021,Movie,TV-14,Teens,2019,Romantic Movies
s4022,Movie,TV-MA,Adults,2019,Comedies
s4022,Movie,TV-MA,Adults,2019,Dramas
s4022,Movie,TV-MA,Adults,2019,International Movies
s4023,TV Show,TV-14,Teens,2019,International TV Shows
s4023,TV Show,TV-14,Teens,2019,TV Dramas
s4023,TV Show,TV-14,Teens,2019,TV Mysteries
s4024,TV Show,TV-14,Teens,2019,International TV Shows
s4024,TV Show,TV-14,Teens,2019,TV Comedies
s4024,TV Show,TV-14,Teens,2019,TV Sci-Fi & Fantasy
s4025,Movie,R,Adults,2019,Action & Adventure
s4026,Movie,TV-MA,Adults,2019,Stand-Up Comedy
s4027,TV Show,TV-14,Teens,2019,International TV Shows
s4027,TV Show,TV-14,Teens,2019,Romantic TV Shows
s4027,TV Show,TV-14,Teens,2019,TV Dramas
s4028,TV Show,TV-14,Teens,2019,International TV Shows
s4028,TV Show,TV-14,Teens,2019,TV Dramas
s4029,TV Show,TV-MA,Adults,2019,TV Action & Adventure
s4030,TV Show,TV-14,Teens,2019,International TV Shows
s4030,TV Show,TV-14,Teens,2019,Romantic TV Shows
s4030,TV Show,TV-14,Teens,2019,TV Dramas
s4031,TV Show,TV-MA,Adults,2019,International TV Shows
s4031,TV Show,TV-MA,Adults,2019,TV Dramas
s4031,TV Show,TV-MA,Adults,2019,TV Mysteries
s4032,Movie,TV-14,Teens,2019,Action & Adventure
s4032,Movie,TV-14,Teens,2019,Comedies
s4032,Movie,TV-14,Teens,2019,International Movies
s4033,TV Show,TV-MA,Adults,2019,International TV Shows
s4033,TV Show,TV-MA,Adults,2019,TV Dramas
s4033,TV Show,TV-MA,Adults,2019,TV Horror
s4034,Movie,TV-MA,Adults,2019,Dramas
s4034,Movie,TV-MA,Adults,2019,Independent Movies
s4034,Movie,TV-MA,Adults,2019,Romantic Movies
s4035,Movie,TV-MA,Adults,2019,Dramas
s4035,Movie,TV-MA,Adults,2019,Independent Movies
s4035,Movie,TV-MA,Adults,2019,International Movies
s4036,TV Show,TV-PG,Teens,2019,International TV Shows
s4036,TV Show,TV-PG,Teens,2019,TV Dramas
s4037,Movie,TV-PG,Teens,2019,Children & Family Movies
s4037,Movie,TV-PG,Teens,2019,Dramas
s4038,Movie,TV-MA,Adults,2019,Comedies
s4038,Movie,TV-MA,Adults,2019,Dramas
s4038,Movie,TV-MA,Adults,2019,Romantic Movies
s4039,Movie,TV-14,Teens,2019,Comedies
s4039,Movie,TV-14,Teens,2019,International Movies
s4040,Movie,TV-14,Teens,2019,Dramas
s4040,Movie,TV-14,Teens,2019,International Movies
s4040,Movie,TV-14,Teens,2019,Romantic Movies
s4041,Movie,TV-MA,Adults,2019,Dramas
s4041,Movie,TV-MA,Adults,2019,International Movies
s4041,Movie,TV-MA,Adults,2019,Romantic Movies
s4042,Movie,TV-MA,Adults,2019,Dramas
s4042,Movie,TV-MA,Adults,2019,International Movies
s4042,Movie,TV-MA,Adults,2019,Romantic Movies
s4043,TV Show,TV-MA,Adults,2019,Crime TV Shows
s4043,TV Show,TV-MA,Adults,2019,TV Dramas
s4044,TV Show,TV-MA,Adults,2019,International TV Shows
s4044,TV Show,TV-MA,Adults,2019,TV Dramas
s4044,TV Show,TV-MA,Adults,2019,TV Mysteries
s4045,TV Show,TV-MA,Adults,2019,International TV Shows
s4045,TV Show,TV-MA,Adults,2019,Korean TV Shows
s4045,TV Show,TV-MA,Adults,2019,Romantic TV Shows
s4046,Movie,TV-MA,Adults,2019,Action & Adventure
s4047,Movie,TV-14,Teens,2019,Dramas
s4047,Movie,TV-14,Teens,2019,International Movies
s4047,Movie,TV-14,Teens,2019,Romantic Movies
s4048,Movie,TV-MA,Adults,2019,Dramas
s4048,Movie,TV-MA,Adults,2019,International Movies
s4048,Movie,TV-MA,Adults,2019,Romantic Movies
s4049,Movie,TV-MA,Adults,2019,Dramas
s4049,Movie,TV-MA,Adults,2019,International Movies
s4050,Movie,TV-MA,Adults,2019,Action & Adventure
s4050,Movie,TV-MA,Adults,2019,Dramas
s4050,Movie,TV-MA,Adults,2019,International Movies
s4051,Movie,TV-MA,Adults,2019,Documentaries
s4051,Movie,TV-MA,Adults,2019,International Movies
s4052,Movie,TV-MA,Adults,2019,Documentaries
s4052,Movie,TV-MA,Adults,2019,International Movies
s4052,Movie,TV-MA,Adults,2019,Sports Movies
s4053,Movie,TV-14,Teens,2019,Documentaries
s4053,Movie,TV-14,Teens,2019,International Movies
s4053,Movie,TV-14,Teens,2019,Music & Musicals
s4054,Movie,TV-MA,Adults,2019,Comedies
s4054,Movie,TV-MA,Adults,2019,International Movies
s4055,TV Show,TV-MA,Adults,2019,Docuseries
s4055,TV Show,TV-MA,Adults,2019,International TV Shows
s4056,TV Show,TV-Y7,Kids,2019,Kids' TV
s4056,TV Show,TV-Y7,Kids,2019,Korean TV Shows
s4056,TV Show,TV-Y7,Kids,2019,TV Comedies
s4057,TV Show,TV-MA,Adults,2019,Docuseries
s4058,TV Show,TV-14,Teens,2019,TV Dramas
s4059,Movie,TV-G,Kids,2019,Children & Family Movies
s4059,Movie,TV-G,Kids,2019,Comedies
s4060,Movie,TV-14,Teens,2019,Horror Movies
s4060,Movie,TV-14,Teens,2019,International Movies
s4060,Movie,TV-14,Teens,2019,Thrillers
s4061,Movie,TV-G,Kids,2019,Children & Family Movies
s4061,Movie,TV-G,Kids,2019,Comedies
s4062,Movie,TV-14,Teens,2019,Dramas
s4062,Movie,TV-14,Teens,2019,International Movies
s4062,Movie,TV-14,Teens,2019,Music & Musicals
s4063,Movie,TV-PG,Teens,2019,Children & Family Movies
s4063,Movie,TV-PG,Teens,2019,Dramas
s4063,Movie,TV-PG,Teens,2019,Independent Movies
s4064,TV Show,TV-14,Teens,2019,Anime Series
s4064,TV Show,TV-14,Teens,2019,International TV Shows
s4064,TV Show,TV-14,Teens,2019,Teen TV Shows
s4065,Movie,TV-MA,Adults,2019,Action & Adventure
s4065,Movie,TV-MA,Adults,2019,International Movies
s4066,Movie,PG,Teens,2019,Children & Family Movies
s4067,Movie,TV-MA,Adults,2019,Dramas
s4067,Movie,TV-MA,Adults,2019,International Movies
s4067,Movie,TV-MA,Adults,2019,Thrillers
s4068,Movie,TV-MA,Adults,2019,Dramas
s4068,Movie,TV-MA,Adults,2019,Independent Movies
s4068,Movie,TV-MA,Adults,2019,International Movies
s4069,Movie,TV-MA,Adults,2019,Dramas
s4069,Movie,TV-MA,Adults,2019,International Movies
s4069,Movie,TV-MA,Adults,2019,Romantic Movies
s4070,Movie,TV-14,Teens,2019,Action & Adventure
s4070,Movie,TV-14,Teens,2019,Comedies
s4070,Movie,TV-14,Teens,2019,International Movies
s4071,Movie,TV-PG,Teens,2019,Comedies
s4071,Movie,TV-PG,Teens,2019,International Movies
s4071,Movie,TV-PG,Teens,2019,Romantic Movies
s4072,Movie,TV-14,Teens,2019,Comedies
s4072,Movie,TV-14,Teens,2019,Dramas
s4072,Movie,TV-14,Teens,2019,International Movies
s4073,Movie,TV-PG,Teens,2019,Dramas
s4073,Movie,TV-PG,Teens,2019,Independent Movies
s4073,Movie,TV-PG,Teens,2019,International Movies
s4074,Movie,TV-14,Teens,2019,Comedies
s4074,Movie,TV-14,Teens,2019,Dramas
s4074,Movie,TV-14,Teens,2019,International Movies
s4075,Movie,TV-PG,Teens,2019,Comedies
s4075,Movie,TV-PG,Teens,2019,International Movies
s4075,Movie,TV-PG,Teens,2019,Romantic Movies
s4076,Movie,TV-14,Teens,2019,Comedies
s4076,Movie,TV-14,Teens,2019,Dramas
s4076,Movie,TV-14,Teens,2019,International Movies
s4077,Movie,TV-14,Teens,2019,Dramas
s4077,Movie,TV-14,Teens,2019,International Movies
s4077,Movie,TV-14,Teens,2019,Romantic Movies
s4078,Movie,TV-MA,Adults,2019,Dramas
s4078,Movie,TV-MA,Adults,2019,International Movies
s4078,Movie,TV-MA,Adults,2019,Music & Musicals
s4079,Movie,TV-MA,Adults,2019,Dramas
s4079,Movie,TV-MA,Adults,2019,International Movies
s4079,Movie,TV-MA,Adults,2019,Romantic Movies
s4080,TV Show,TV-MA,Adults,2019,Crime TV Shows
s4080,TV Show,TV-MA,Adults,2019,TV Dramas
s4081,Movie,TV-MA,Adults,2019,Stand-Up Comedy
s4082,Movie,TV-PG,Teens,2019,Dramas
s4082,Movie,TV-PG,Teens,2019,Independent Movies
s4082,Movie,TV-PG,Teens,2019,International Movies
s4083,Movie,TV-MA,Adults,2019,Dramas
s4083,Movie,TV-MA,Adults,2019,International Movies
s4084,Movie,TV-MA,Adults,2019,Stand-Up Comedy
s4085,TV Show,TV-MA,Adults,2019,Docuseries
s4085,TV Show,TV-MA,Adults,2019,Reality TV
s4086,Movie,TV-MA,Adults,2019,Dramas
s4086,Movie,TV-MA,Adults,2019,International Movies
s4087,Movie,TV-MA,Adults,2019,Comedies
s4087,Movie,TV-MA,Adults,2019,Dramas
s4087,Movie,TV-MA,Adults,2019,Independent Movies
s4088,Movie,TV-MA,Adults,2019,Dramas
s4088,Movie,TV-MA,Adults,2019,Independent Movies
s4088,Movie,TV-MA,Adults,2019,International Movies
s4089,Movie,TV-PG,Teens,2019,Dramas
s4089,Movie,TV-PG,Teens,2019,Independent Movies
s4089,Movie,TV-PG,Teens,2019,International Movies
s4090,TV Show,TV-PG,Teens,2019,British TV Shows
s4090,TV Show,TV-PG,Teens,2019,International TV Shows
s4090,TV Show,TV-PG,Teens,2019,Reality TV
s4091,TV Show,TV-PG,Teens,2019,Kids' TV
s4092,Movie,TV-MA,Adults,2019,Dramas
s4092,Movie,TV-MA,Adults,2019,International Movies
s4092,Movie,TV-MA,Adults,2019,Thrillers
s4093,Movie,TV-PG,Teens,2019,Stand-Up Comedy
s4094,Movie,TV-MA,Adults,2019,Documentaries
s4094,Movie,TV-MA,Adults,2019,LGBTQ Movies
s4095,Movie,TV-14,Teens,2019,Dramas
s4095,Movie,TV-14,Teens,2019,Independent Movies
s4095,Movie,TV-14,Teens,2019,International Movies
s4096,Movie,R,Adults,2019,Action & Adventure
s4096,Movie,R,Adults,2019,Dramas
s4096,Movie,R,Adults,2019,International Movies
s4097,Movie,TV-MA,Adults,2019,Documentaries
s4098,Movie,TV-MA,Adults,2019,Dramas
s4098,Movie,TV-MA,Adults,2019,International Movies
s4098,Movie,TV-MA,Adults,2019,Sci-Fi & Fantasy
s4099,Movie,TV-MA,Adults,2019,Dramas
s4099,Movie,TV-MA,Adults,2019,Independent Movies
s4099,Movie,TV-MA,Adults,2019,International Movies
s4100,Movie,TV-14,Teens,2019,Documentaries
s4101,Movie,TV-MA,Adults,2019,Comedies
s4101,Movie,TV-MA,Adults,2019,Dramas
s4101,Movie,TV-MA,Adults,2019,Independent Movies
s4102,Movie,TV-MA,Adults,2019,Dramas
s4102,Movie,TV-MA,Adults,2019,Independent Movies
s4102,Movie,TV-MA,Adults,2019,International Movies
s4103,Movie,TV-14,Teens,2019,Dramas
s4103,Movie,TV-14,Teens,2019,International Movies
s4104,Movie,TV-14,Teens,2019,Comedies
s4104,Movie,TV-14,Teens,2019,Dramas
s4104,Movie,TV-14,Teens,2019,International Movies
s4105,TV Show,TV-MA,Adults,2019,International TV Shows
s4105,TV Show,TV-MA,Adults,2019,TV Comedies
s4105,TV Show,TV-MA,Adults,2019,TV Dramas
s4106,TV Show,TV-MA,Adults,2019,Docuseries
s4106,TV Show,TV-MA,Adults,2019,TV Comedies
s4107,Movie,TV-14,Teens,2019,Dramas
s4107,Movie,TV-14,Teens,2019,International Movies
s4107,Movie,TV-14,Teens,2019,Romantic Movies
s4108,Movie,TV-MA,Adults,2019,Comedies
s4108,Movie,TV-MA,Adults,2019,International Movies
s4108,Movie,TV-MA,Adults,2019,Romantic Movies
s4109,Movie,TV-14,Teens,2019,Dramas
s4109,Movie,TV-14,Teens,2019,International Movies
s4110,TV Show,TV-MA,Adults,2019,Crime TV Shows
s4110,TV Show,TV-MA,Adults,2019,Docuseries
s4110,TV Show,TV-MA,Adults,2019,International TV Shows
s4111,Movie,TV-MA,Adults,2019,Comedies
s4111,Movie,TV-MA,Adults,2019,Independent Movies
s4111,Movie,TV-MA,Adults,2019,International Movies
s4112,TV Show,TV-14,Teens,2019,International TV Shows
s4112,TV Show,TV-14,Teens,2019,Spanish-Language TV Shows
s4112,TV Show,TV-14,Teens,2019,TV Horror
s4113,Movie,TV-14,Teens,2019,Comedies
s4113,Movie,TV-14,Teens,2019,International Movies
s4113,Movie,TV-14,Teens,2019,Romantic Movies
s4114,Movie,TV-MA,Adults,2019,Comedies
s4114,Movie,TV-MA,Adults,2019,International Movies
s4115,TV Show,TV-Y,Kids,2019,Kids' TV
s4116,Movie,TV-MA,Adults,2019,Stand-Up Comedy
s4117,TV Show,TV-14,Teens,2019,International TV Shows
s4117,TV Show,TV-14,Teens,2019,Romantic TV Shows
s4117,TV Show,TV-14,Teens,2019,Spanish-Language TV Shows
s4118,Movie,TV-PG,Teens,2019,Documentaries
s4119,TV Show,TV-14,Teens,2019,International TV Shows
s4119,TV Show,TV-14,Teens,2019,Romantic TV Shows
s4119,TV Show,TV-14,Teens,2019,TV Dramas
s4120,TV Show,TV-MA,Adults,2019,Crime TV Shows
s4120,TV Show,TV-MA,Adults,2019,International TV Shows
s4120,TV Show,TV-MA,Adults,2019,TV Dramas
s4121,Movie,TV-MA,Adults,2019,Dramas
s4121,Movie,TV-MA,Adults,2019,Sports Movies
s4122,Movie,TV-PG,Teens,2019,Children & Family Movies
s4122,Movie,TV-PG,Teens,2019,Comedies
s4123,TV Show,TV-PG,Teens,2019,TV Comedies
s4124,Movie,TV-MA,Adults,2019,Documentaries
s4124,Movie,TV-MA,Adults,2019,Music & Musicals
s4125,Movie,TV-MA,Adults,2019,Dramas
s4125,Movie,TV-MA,Adults,2019,Independent Movies
s4125,Movie,TV-MA,Adults,2019,International Movies
s4126,TV Show,TV-MA,Adults,2019,International TV Shows
s4126,TV Show,TV-MA,Adults,2019,TV Comedies
s4127,TV Show,TV-14,Teens,2019,Crime TV Shows
s4127,TV Show,TV-14,Teens,2019,International TV Shows
s4127,TV Show,TV-14,Teens,2019,TV Dramas
s4128,TV Show,TV-MA,Adults,2019,Crime TV Shows
s4128,TV Show,TV-MA,Adults,2019,International TV Shows
s4128,TV Show,TV-MA,Adults,2019,Korean TV Shows
s4129,Movie,TV-MA,Adults,2019,Stand-Up Comedy
s4130,TV Show,TV-MA,Adults,2019,British TV Shows
s4130,TV Show,TV-MA,Adults,2019,Crime TV Shows
s4130,TV Show,TV-MA,Adults,2019,International TV Shows
s4131,TV Show,TV-MA,Adults,2019,International TV Shows
s4131,TV Show,TV-MA,Adults,2019,TV Dramas
s4132,TV Show,TV-14,Teens,2019,Anime Series
s4132,TV Show,TV-14,Teens,2019,International TV Shows
s4132,TV Show,TV-14,Teens,2019,Romantic TV Shows
s4133,TV Show,TV-14,Teens,2019,International TV Shows
s4133,TV Show,TV-14,Teens,2019,Korean TV Shows
s4133,TV Show,TV-14,Teens,2019,Romantic TV Shows
s4134,Movie,TV-MA,Adults,2019,Horror Movies
s4134,Movie,TV-MA,Adults,2019,Sci-Fi & Fantasy
s4135,Movie,TV-14,Teens,2019,Dramas
s4135,Movie,TV-14,Teens,2019,Independent Movies
s4135,Movie,TV-14,Teens,2019,International Movies
s4136,Movie,TV-MA,Adults,2019,Documentaries
s4137,Movie,TV-MA,Adults,2019,Comedies
s4137,Movie,TV-MA,Adults,2019,Dramas
s4137,Movie,TV-MA,Adults,2019,International Movies
s4138,Movie,TV-G,Kids,2019,Children & Family Movies
s4138,Movie,TV-G,Kids,2019,Dramas
s4139,Movie,TV-Y7,Kids,2019,Movies
s4140,Movie,TV-Y7,Kids,2019,Children & Family Movies
s4141,Movie,TV-Y,Kids,2019,Children & Family Movies
s4142,TV Show,TV-Y7,Kids,2019,Kids' TV
s4143,TV Show,TV-MA,Adults,2019,TV Comedies
s4143,TV Show,TV-MA,Adults,2019,TV Dramas
s4144,TV Show,TV-MA,Adults,2019,Crime TV Shows
s4144,TV Show,TV-MA,Adults,2019,International TV Shows
s4144,TV Show,TV-MA,Adults,2019,TV Dramas
s4145,TV Show,TV-MA,Adults,2019,Anime Series
s4145,TV Show,TV-MA,Adults,2019,International TV Shows
s4146,Movie,TV-Y,Kids,2019,Children & Family Movies
s4147,Movie,R,Adults,2019,Dramas
s4147,Movie,R,Adults,2019,Thrillers
s4148,Movie,TV-PG,Teens,2019,Comedies
s4148,Movie,TV-PG,Teens,2019,Horror Movies
s4148,Movie,TV-PG,Teens,2019,International Movies
s4149,Movie,TV-MA,Adults,2019,Comedies
s4149,Movie,TV-MA,Adults,2019,Dramas
s4149,Movie,TV-MA,Adults,2019,International Movies
s4150,TV Show,TV-Y,Kids,2019,Kids' TV
s4151,Movie,TV-14,Teens,2019,Dramas
s4151,Movie,TV-14,Teens,2019,International Movies
s4152,Movie,TV-14,Teens,2019,Dramas
s4152,Movie,TV-14,Teens,2019,International Movies
s4152,Movie,TV-14,Teens,2019,Music & Musicals
s4153,Movie,TV-14,Teens,2019,Dramas
s4153,Movie,TV-14,Teens,2019,Independent Movies
s4153,Movie,TV-14,Teens,2019,International Movies
s4154,Movie,TV-14,Teens,2019,Stand-Up Comedy
s4155,Movie,TV-MA,Adults,2019,Dramas
s4155,Movie,TV-MA,Adults,2019,International Movies
s4156,Movie,TV-MA,Adults,2019,Dramas
s4156,Movie,TV-MA,Adults,2019,International Movies
s4156,Movie,TV-MA,Adults,2019,Sci-Fi & Fantasy
s4157,Movie,TV-MA,Adults,2019,Documentaries
s4158,Movie,TV-14,Teens,2019,Dramas
s4158,Movie,TV-14,Teens,2019,International Movies
s4158,Movie,TV-14,Teens,2019,Romantic Movies
s4159,Movie,TV-MA,Adults,2019,Dramas
s4159,Movie,TV-MA,Adults,2019,Independent Movies
s4159,Movie,TV-MA,Adults,2019,International Movies
s4160,Movie,TV-14,Teens,2019,Dramas
s4160,Movie,TV-14,Teens,2019,International Movies
s4161,Movie,TV-14,Teens,2019,Dramas
s4161,Movie,TV-14,Teens,2019,Faith & Spirituality
s4161,Movie,TV-14,Teens,2019,International Movies
s4162,Movie,TV-14,Teens,2019,Dramas
s4162,Movie,TV-14,Teens,2019,Faith & Spirituality
s4162,Movie,TV-14,Teens,2019,International Movies
s4163,TV Show,TV-MA,Adults,2019,International TV Shows
s4163,TV Show,TV-MA,Adults,2019,TV Dramas
s4164,TV Show,TV-MA,Adults,2019,TV Action & Adventure
s4164,TV Show,TV-MA,Adults,2019,TV Comedies
s4164,TV Show,TV-MA,Adults,2019,TV Horror
s4165,Movie,TV-MA,Adults,2019,Dramas
s4165,Movie,TV-MA,Adults,2019,International Movies
s4166,Movie,TV-MA,Adults,2019,Horror Movies
s4166,Movie,TV-MA,Adults,2019,International Movies
s4167,TV Show,TV-MA,Adults,2019,British TV Shows
s4167,TV Show,TV-MA,Adults,2019,International TV Shows
s4167,TV Show,TV-MA,Adults,2019,TV Dramas
s4168,TV Show,TV-MA,Adults,2019,International TV Shows
s4168,TV Show,TV-MA,Adults,2019,Spanish-Language TV Shows
s4168,TV Show,TV-MA,Adults,2019,TV Comedies
s4169,TV Show,TV-MA,Adults,2019,Crime TV Shows
s4169,TV Show,TV-MA,Adults,2019,Docuseries
s4169,TV Show,TV-MA,Adults,2019,International TV Shows
s4170,Movie,TV-MA,Adults,2019,Comedies
s4170,Movie,TV-MA,Adults,2019,International Movies
s4171,Movie,TV-MA,Adults,2019,Action & Adventure
s4171,Movie,TV-MA,Adults,2019,International Movies
s4172,TV Show,TV-14,Teens,2019,International TV Shows
s4172,TV Show,TV-14,Teens,2019,Romantic TV Shows
s4172,TV Show,TV-14,Teens,2019,TV Comedies
s4173,TV Show,TV-MA,Adults,2019,Crime TV Shows
s4173,TV Show,TV-MA,Adults,2019,Docuseries
s4174,Movie,TV-MA,Adults,2019,Dramas
s4174,Movie,TV-MA,Adults,2019,International Movies
s4174,Movie,TV-MA,Adults,2019,Music & Musicals
s4175,TV Show,TV-MA,Adults,2019,Crime TV Shows
s4175,TV Show,TV-MA,Adults,2019,International TV Shows
s4175,TV Show,TV-MA,Adults,2019,TV Dramas
s4176,Movie,TV-MA,Adults,2019,Action & Adventure
s4176,Movie,TV-MA,Adults,2019,International Movies
s4177,Movie,TV-MA,Adults,2019,Documentaries
s4178,Movie,TV-14,Teens,2019,Dramas
s4178,Movie,TV-14,Teens,2019,Sci-Fi & Fantasy
s4179,TV Show,TV-MA,Adults,2019,Crime TV Shows
s4179,TV Show,TV-MA,Adults,2019,TV Action & Adventure
s4179,TV Show,TV-MA,Adults,2019,TV Thrillers
s4180,TV Show,TV-14,Teens,2019,International TV Shows
s4180,TV Show,TV-14,Teens,2019,Romantic TV Shows
s4180,TV Show,TV-14,Teens,2019,TV Dramas
s4181,Movie,TV-14,Teens,2019,Documentaries
s4181,Movie,TV-14,Teens,2019,International Movies
s4182,Movie,TV-MA,Adults,2019,Documentaries
s4182,Movie,TV-MA,Adults,2019,International Movies
s4183,Movie,TV-MA,Adults,2019,Dramas
s4183,Movie,TV-MA,Adults,2019,Independent Movies
s4183,Movie,TV-MA,Adults,2019,International Movies
s4184,TV Show,TV-G,Kids,2019,British TV Shows
s4184,TV Show,TV-G,Kids,2019,Docuseries
s4184,TV Show,TV-G,Kids,2019,International TV Shows
s4185,TV Show,TV-MA,Adults,2019,Docuseries
s4185,TV Show,TV-MA,Adults,2019,Stand-Up Comedy & Talk Shows
s4186,Movie,TV-14,Teens,2019,Documentaries
s4187,Movie,TV-14,Teens,2019,Dramas
s4187,Movie,TV-14,Teens,2019,International Movies
s4188,Movie,TV-14,Teens,2019,Comedies
s4188,Movie,TV-14,Teens,2019,Independent Movies
s4188,Movie,TV-14,Teens,2019,International Movies
s4189,Movie,TV-14,Teens,2019,International Movies
s4189,Movie,TV-14,Teens,2019,Thrillers
s4190,TV Show,TV-14,Teens,2019,International TV Shows
s4190,TV Show,TV-14,Teens,2019,Romantic TV Shows
s4190,TV Show,TV-14,Teens,2019,TV Dramas
s4191,Movie,TV-MA,Adults,2019,Action & Adventure
s4191,Movie,TV-MA,Adults,2019,Dramas
s4191,Movie,TV-MA,Adults,2019,International Movies
s4192,Movie,TV-14,Teens,2019,Horror Movies
s4192,Movie,TV-14,Teens,2019,International Movies
s4193,Movie,TV-MA,Adults,2019,Action & Adventure
s4193,Movie,TV-MA,Adults,2019,International Movies
s4194,Movie,TV-MA,Adults,2019,Stand-Up Comedy
s4195,Movie,TV-MA,Adults,2019,Horror Movies
s4195,Movie,TV-MA,Adults,2019,International Movies
s4196,Movie,TV-MA,Adults,2019,Horror Movies
s4196,Movie,TV-MA,Adults,2019,International Movies
s4197,TV Show,TV-14,Teens,2019,International TV Shows
s4197,TV Show,TV-14,Teens,2019,TV Dramas
s4198,Movie,TV-MA,Adults,2019,Dramas
s4198,Movie,TV-MA,Adults,2019,International Movies
s4199,Movie,TV-MA,Adults,2019,Comedies
s4199,Movie,TV-MA,Adults,2019,Dramas
s4199,Movie,TV-MA,Adults,2019,International Movies
s4200,TV Show,TV-MA,Adults,2019,International TV Shows
s4200,TV Show,TV-MA,Adults,2019,Reality TV
s4200,TV Show,TV-MA,Adults,2019,Romantic TV Shows
s4201,TV Show,TV-MA,Adults,2019,Romantic TV Shows
s4201,TV Show,TV-MA,Adults,2019,TV Comedies
s4202,TV Show,TV-MA,Adults,2019,TV Comedies
s4203,TV Show,TV-Y7,Kids,2019,British TV Shows
s4203,TV Show,TV-Y7,Kids,2019,Kids' TV
s4203,TV Show,TV-Y7,Kids,2019,TV Comedies
s4204,Movie,TV-MA,Adults,2019,Documentaries
s4204,Movie,TV-MA,Adults,2019,Music & Musicals
s4205,Movie,TV-MA,Adults,2019,Dramas
s4205,Movie,TV-MA,Adults,2019,Independent Movies
s4205,Movie,TV-MA,Adults,2019,International Movies
s4206,Movie,TV-MA,Adults,2019,Comedies
s4206,Movie,TV-MA,Adults,2019,Dramas
s4207,TV Show,TV-Y,Kids,2019,Kids' TV
s4207,TV Show,TV-Y,Kids,2019,Spanish-Language TV Shows
s4208,TV Show,TV-MA,Adults,2019,International TV Shows
s4208,TV Show,TV-MA,Adults,2019,TV Action & Adventure
s4208,TV Show,TV-MA,Adults,2019,TV Dramas
s4209,Movie,TV-PG,Teens,2019,Action & Adventure
s4209,Movie,TV-PG,Teens,2019,Anime Features
s4209,Movie,TV-PG,Teens,2019,International Movies
s4210,Movie,TV-14,Teens,2019,Comedies
s4210,Movie,TV-14,Teens,2019,Dramas
s4210,Movie,TV-14,Teens,2019,International Movies
s4211,Movie,TV-14,Teens,2019,Dramas
s4211,Movie,TV-14,Teens,2019,Independent Movies
s4211,Movie,TV-14,Teens,2019,International Movies
s4212,Movie,TV-MA,Adults,2019,Horror Movies
s4212,Movie,TV-MA,Adults,2019,International Movies
s4212,Movie,TV-MA,Adults,2019,Romantic Movies
s4213,Movie,TV-14,Teens,2019,Dramas
s4213,Movie,TV-14,Teens,2019,Independent Movies
s4213,Movie,TV-14,Teens,2019,International Movies
s4214,Movie,TV-MA,Adults,2019,Dramas
s4214,Movie,TV-MA,Adults,2019,International Movies
s4214,Movie,TV-MA,Adults,2019,Music & Musicals
s4215,Movie,TV-PG,Teens,2019,Comedies
s4215,Movie,TV-PG,Teens,2019,Dramas
s4215,Movie,TV-PG,Teens,2019,Independent Movies
s4216,TV Show,TV-14,Teens,2019,International TV Shows
s4216,TV Show,TV-14,Teens,2019,Romantic TV Shows
s4216,TV Show,TV-14,Teens,2019,TV Dramas
s4217,TV Show,TV-14,Teens,2019,International TV Shows
s4217,TV Show,TV-14,Teens,2019,Romantic TV Shows
s4217,TV Show,TV-14,Teens,2019,TV Dramas
s4218,Movie,PG,Teens,2019,Action & Adventure
s4218,Movie,PG,Teens,2019,Classic Movies
s4218,Movie,PG,Teens,2019,Comedies
s4219,TV Show,TV-PG,Teens,2019,Kids' TV
s4219,TV Show,TV-PG,Teens,2019,TV Action & Adventure
s4219,TV Show,TV-PG,Teens,2019,TV Comedies
s4220,Movie,TV-14,Teens,2019,Comedies
s4220,Movie,TV-14,Teens,2019,International Movies
s4220,Movie,TV-14,Teens,2019,Music & Musicals
s4221,TV Show,TV-MA,Adults,2019,Stand-Up Comedy & Talk Shows
s4221,TV Show,TV-MA,Adults,2019,TV Comedies
s4222,Movie,TV-MA,Adults,2019,Dramas
s4222,Movie,TV-MA,Adults,2019,Independent Movies
s4222,Movie,TV-MA,Adults,2019,International Movies
s4223,Movie,TV-MA,Adults,2019,Stand-Up Comedy
s4224,Movie,TV-Y7,Kids,2019,Anime Features
s4224,Movie,TV-Y7,Kids,2019,Children & Family Movies
s4225,Movie,TV-MA,Adults,2019,International Movies
s4225,Movie,TV-MA,Adults,2019,Thrillers
s4226,Movie,TV-MA,Adults,2019,Dramas
s4226,Movie,TV-MA,Adults,2019,Independent Movies
s4226,Movie,TV-MA,Adults,2019,International Movies
s4227,TV Show,TV-MA,Adults,2019,International TV Shows
s4227,TV Show,TV-MA,Adults,2019,TV Dramas
s4228,TV Show,TV-PG,Teens,2019,Reality TV
s4229,Movie,TV-MA,Adults,2019,Stand-Up Comedy
s4230,Movie,TV-MA,Adults,2018,Stand-Up Comedy
s4231,Movie,TV-MA,Adults,2018,Documentaries
s4232,Movie,TV-MA,Adults,2018,Stand-Up Comedy
s4233,Movie,TV-MA,Adults,2018,Stand-Up Comedy
s4234,Movie,TV-MA,Adults,2018,Stand-Up Comedy
s4235,Movie,TV-MA,Adults,2018,Stand-Up Comedy
s4236,Movie,TV-MA,Adults,2018,Stand-Up Comedy
s4237,Movie,TV-MA,Adults,2018,Documentaries
s4237,Movie,TV-MA,Adults,2018,International Movies
s4237,Movie,TV-MA,Adults,2018,Music & Musicals
s4238,Movie,TV-MA,Adults,2018,Stand-Up Comedy
s4239,Movie,TV-MA,Adults,2018,Stand-Up Comedy
s4240,Movie,TV-MA,Adults,2018,Stand-Up Comedy
s4241,Movie,TV-MA,Adults,2018,Documentaries
s4242,Movie,TV-14,Teens,2018,Comedies
s4242,Movie,TV-14,Teens,2018,Horror Movies
s4242,Movie,TV-14,Teens,2018,International Movies
s4243,Movie,TV-PG,Teens,2018,Music & Musicals
s4244,Movie,TV-14,Teens,2018,Action & Adventure
s4244,Movie,TV-14,Teens,2018,Anime Features
s4244,Movie,TV-14,Teens,2018,International Movies
s4245,Movie,TV-MA,Adults,2018,Stand-Up Comedy
s4246,Movie,TV-MA,Adults,2018,Stand-Up Comedy
s4247,Movie,TV-MA,Adults,2018,Music & Musicals
s4247,Movie,TV-MA,Adults,2018,Stand-Up Comedy
s4248,Movie,TV-MA,Adults,2018,Music & Musicals
s4248,Movie,TV-MA,Adults,2018,Stand-Up Comedy
s4249,Movie,TV-MA,Adults,2018,Stand-Up Comedy
s4250,Movie,TV-14,Teens,2018,Stand-Up Comedy
s4251,TV Show,TV-14,Teens,2018,TV Shows
s4252,TV Show,TV-MA,Adults,2018,Crime TV Shows
s4252,TV Show,TV-MA,Adults,2018,International TV Shows
s4252,TV Show,TV-MA,Adults,2018,TV Dramas
s4253,Movie,TV-MA,Adults,2018,Dramas
s4253,Movie,TV-MA,Adults,2018,International Movies
s4254,Movie,TV-MA,Adults,2018,Dramas
s4254,Movie,TV-MA,Adults,2018,International Movies
s4254,Movie,TV-MA,Adults,2018,Sci-Fi & Fantasy
s4255,TV Show,TV-MA,Adults,2018,Crime TV Shows
s4255,TV Show,TV-MA,Adults,2018,International TV Shows
s4255,TV Show,TV-MA,Adults,2018,TV Comedies
s4256,Movie,TV-MA,Adults,2018,Action & Adventure
s4256,Movie,TV-MA,Adults,2018,Comedies
s4256,Movie,TV-MA,Adults,2018,Dramas
s4257,TV Show,TV-MA,Adults,2018,Crime TV Shows
s4257,TV Show,TV-MA,Adults,2018,Docuseries
s4258,TV Show,TV-14,Teens,2018,International TV Shows
s4258,TV Show,TV-14,Teens,2018,TV Dramas
s4258,TV Show,TV-14,Teens,2018,Teen TV Shows
s4259,Movie,TV-14,Teens,2018,Documentaries
s4259,Movie,TV-14,Teens,2018,International Movies
s4260,Movie,TV-MA,Adults,2018,Dramas
s4260,Movie,TV-MA,Adults,2018,International Movies
s4260,Movie,TV-MA,Adults,2018,Thrillers
s4261,TV Show,TV-PG,Teens,2018,Stand-Up Comedy & Talk Shows
s4261,TV Show,TV-PG,Teens,2018,TV Comedies
s4262,TV Show,TV-14,Teens,2018,International TV Shows
s4262,TV Show,TV-14,Teens,2018,Romantic TV Shows
s4262,TV Show,TV-14,Teens,2018,TV Comedies
s4263,TV Show,TV-PG,Teens,2018,British TV Shows
s4263,TV Show,TV-PG,Teens,2018,International TV Shows
s4263,TV Show,TV-PG,Teens,2018,TV Action & Adventure
s4264,TV Show,TV-14,Teens,2018,Crime TV Shows
s4264,TV Show,TV-14,Teens,2018,International TV Shows
s4264,TV Show,TV-14,Teens,2018,TV Dramas
s4265,TV Show,TV-MA,Adults,2018,British TV Shows
s4265,TV Show,TV-MA,Adults,2018,TV Comedies
s4266,TV Show,TV-MA,Adults,2018,International TV Shows
s4266,TV Show,TV-MA,Adults,2018,Romantic TV Shows
s4266,TV Show,TV-MA,Adults,2018,TV Dramas
s4267,TV Show,TV-PG,Teens,2018,Docuseries
s4268,Movie,TV-MA,Adults,2018,Comedies
s4268,Movie,TV-MA,Adults,2018,Dramas
s4268,Movie,TV-MA,Adults,2018,International Movies
s4269,Movie,R,Adults,2018,Dramas
s4269,Movie,R,Adults,2018,Sci-Fi & Fantasy
s4269,Movie,R,Adults,2018,Thrillers
s4270,TV Show,TV-14,Teens,2018,International TV Shows
s4270,TV Show,TV-14,Teens,2018,Romantic TV Shows
s4270,TV Show,TV-14,Teens,2018,TV Comedies
s4271,TV Show,TV-14,Teens,2018,Anime Series
s4271,TV Show,TV-14,Teens,2018,International TV Shows
s4272,TV Show,TV-MA,Adults,2018,International TV Shows
s4272,TV Show,TV-MA,Adults,2018,Romantic TV Shows
s4272,TV Show,TV-MA,Adults,2018,TV Comedies
s4273,TV Show,TV-14,Teens,2018,International TV Shows
s4273,TV Show,TV-14,Teens,2018,Romantic TV Shows
s4273,TV Show,TV-14,Teens,2018,TV Dramas
s4274,TV Show,TV-MA,Adults,2018,Crime TV Shows
s4274,TV Show,TV-MA,Adults,2018,International TV Shows
s4274,TV Show,TV-MA,Adults,2018,TV Dramas
s4275,TV Show,TV-MA,Adults,2018,Anime Series
s4275,TV Show,TV-MA,Adults,2018,International TV Shows
s4275,TV Show,TV-MA,Adults,2018,TV Thrillers
s4276,Movie,TV-MA,Adults,2018,Documentaries
s4277,TV Show,TV-MA,Adults,2018,International TV Shows
s4277,TV Show,TV-MA,Adults,2018,TV Action & Adventure
s4277,TV Show,TV-MA,Adults,2018,TV Dramas
s4278,Movie,R,Adults,2018,Horror Movies
s4278,Movie,R,Adults,2018,International Movies
s4279,Movie,TV-PG,Teens,2018,Movies
s4280,TV Show,TV-14,Teens,2018,Anime Series
s4280,TV Show,TV-14,Teens,2018,International TV Shows
s4281,Movie,TV-MA,Adults,2018,Action & Adventure
s4281,Movie,TV-MA,Adults,2018,International Movies
s4282,Movie,TV-MA,Adults,2018,International Movies
s4282,Movie,TV-MA,Adults,2018,Thrillers
s4283,Movie,TV-MA,Adults,2018,Dramas
s4283,Movie,TV-MA,Adults,2018,International Movies
s4283,Movie,TV-MA,Adults,2018,Thrillers
s4284,Movie,TV-MA,Adults,2018,Dramas
s4284,Movie,TV-MA,Adults,2018,Independent Movies
s4284,Movie,TV-MA,Adults,2018,International Movies
s4285,TV Show,TV-MA,Adults,2018,Stand-Up Comedy & Talk Shows
s4285,TV Show,TV-MA,Adults,2018,TV Comedies
s4286,Movie,TV-MA,Adults,2018,Dramas
s4286,Movie,TV-MA,Adults,2018,Independent Movies
s4286,Movie,TV-MA,Adults,2018,International Movies
s4287,Movie,TV-G,Kids,2018,Children & Family Movies
s4287,Movie,TV-G,Kids,2018,Comedies
s4288,Movie,TV-14,Teens,2018,Comedies
s4288,Movie,TV-14,Teens,2018,Dramas
s4288,Movie,TV-14,Teens,2018,International Movies
s4289,TV Show,TV-14,Teens,2018,International TV Shows
s4289,TV Show,TV-14,Teens,2018,Romantic TV Shows
s4289,TV Show,TV-14,Teens,2018,TV Comedies
s4290,Movie,TV-PG,Teens,2018,Children & Family Movies
s4290,Movie,TV-PG,Teens,2018,Comedies
s4291,TV Show,TV-PG,Teens,2018,Kids' TV
s4291,TV Show,TV-PG,Teens,2018,TV Comedies
s4292,Movie,R,Adults,2018,Dramas
s4292,Movie,R,Adults,2018,Thrillers
s4293,Movie,R,Adults,2018,Comedies
s4293,Movie,R,Adults,2018,Dramas
s4294,Movie,TV-MA,Adults,2018,Music & Musicals
s4295,Movie,PG-13,Adults,2018,Dramas
s4295,Movie,PG-13,Adults,2018,Romantic Movies
s4296,Movie,TV-PG,Teens,2018,Children & Family Movies
s4296,Movie,TV-PG,Teens,2018,Sci-Fi & Fantasy
s4297,TV Show,TV-MA,Adults,2018,British TV Shows
s4297,TV Show,TV-MA,Adults,2018,International TV Shows
s4297,TV Show,TV-MA,Adults,2018,TV Comedies
s4298,Movie,TV-14,Teens,2018,Comedies
s4298,Movie,TV-14,Teens,2018,Dramas
s4298,Movie,TV-14,Teens,2018,International Movies
s4299,Movie,TV-MA,Adults,2018,Documentaries
s4299,Movie,TV-MA,Adults,2018,Music & Musicals
s4300,Movie,TV-MA,Adults,2018,Documentaries
s4300,Movie,TV-MA,Adults,2018,Music & Musicals
s4301,Movie,TV-PG,Teens,2018,Documentaries
s4301,Movie,TV-PG,Teens,2018,Music & Musicals
s4302,Movie,TV-MA,Adults,2018,Documentaries
s4302,Movie,TV-MA,Adults,2018,Music & Musicals
s4303,Movie,TV-14,Teens,2018,Documentaries
s4303,Movie,TV-14,Teens,2018,International Movies
s4304,Movie,TV-MA,Adults,2018,Dramas
s4304,Movie,TV-MA,Adults,2018,International Movies
s4304,Movie,TV-MA,Adults,2018,Thrillers
s4305,TV Show,TV-14,Teens,2018,International TV Shows
s4305,TV Show,TV-14,Teens,2018,Korean TV Shows
s4305,TV Show,TV-14,Teens,2018,Romantic TV Shows
s4306,TV Show,TV-MA,Adults,2018,British TV Shows
s4306,TV Show,TV-MA,Adults,2018,Crime TV Shows
s4306,TV Show,TV-MA,Adults,2018,Docuseries
s4307,Movie,R,Adults,2018,Dramas
s4307,Movie,R,Adults,2018,Independent Movies
s4307,Movie,R,Adults,2018,International Movies
s4308,TV Show,TV-MA,Adults,2018,TV Comedies
s4309,TV Show,TV-MA,Adults,2018,Crime TV Shows
s4309,TV Show,TV-MA,Adults,2018,Docuseries
s4310,TV Show,TV-MA,Adults,2018,Crime TV Shows
s4310,TV Show,TV-MA,Adults,2018,International TV Shows
s4310,TV Show,TV-MA,Adults,2018,TV Dramas
s4311,TV Show,TV-MA,Adults,2018,Crime TV Shows
s4311,TV Show,TV-MA,Adults,2018,International TV Shows
s4311,TV Show,TV-MA,Adults,2018,TV Dramas
s4312,TV Show,TV-Y7,Kids,2018,Kids' TV
s4313,TV Show,TV-MA,Adults,2018,Anime Series
s4313,TV Show,TV-MA,Adults,2018,International TV Shows
s4314,Movie,TV-PG,Teens,2018,Documentaries
s4315,Movie,TV-MA,Adults,2018,Stand-Up Comedy
s4316,Movie,TV-14,Teens,2018,Comedies
s4316,Movie,TV-14,Teens,2018,International Movies
s4317,TV Show,TV-MA,Adults,2018,Crime TV Shows
s4317,TV Show,TV-MA,Adults,2018,International TV Shows
s4317,TV Show,TV-MA,Adults,2018,TV Dramas
s4318,Movie,PG-13,Adults,2018,Comedies
s4318,Movie,PG-13,Adults,2018,Dramas
s4318,Movie,PG-13,Adults,2018,Independent Movies
s4319,Movie,TV-G,Kids,2018,Children & Family Movies
s4319,Movie,TV-G,Kids,2018,Dramas
s4320,Movie,PG-13,Adults,2018,Action & Adventure
s4320,Movie,PG-13,Adults,2018,Children & Family Movies
s4320,Movie,PG-13,Adults,2018,Dramas
s4321,TV Show,TV-MA,Adults,2018,TV Comedies
s4321,TV Show,TV-MA,Adults,2018,TV Sci-Fi & Fantasy
s4321,TV Show,TV-MA,Adults,2018,Teen TV Shows
s4322,TV Show,TV-MA,Adults,2018,International TV Shows
s4322,TV Show,TV-MA,Adults,2018,TV Dramas
s4323,Movie,TV-MA,Adults,2018,Documentaries
s4323,Movie,TV-MA,Adults,2018,Music & Musicals
s4324,Movie,TV-Y,Kids,2018,Children & Family Movies
s4325,Movie,TV-MA,Adults,2018,Documentaries
s4326,Movie,TV-MA,Adults,2018,Stand-Up Comedy
s4327,TV Show,TV-14,Teens,2018,International TV Shows
s4327,TV Show,TV-14,Teens,2018,Korean TV Shows
s4327,TV Show,TV-14,Teens,2018,TV Comedies
s4328,TV Show,TV-MA,Adults,2018,Crime TV Shows
s4328,TV Show,TV-MA,Adults,2018,International TV Shows
s4328,TV Show,TV-MA,Adults,2018,Korean TV Shows
s4329,Movie,TV-14,Teens,2018,Action & Adventure
s4329,Movie,TV-14,Teens,2018,Comedies
s4329,Movie,TV-14,Teens,2018,International Movies
s4330,Movie,TV-14,Teens,2018,Dramas
s4330,Movie,TV-14,Teens,2018,International Movies
s4330,Movie,TV-14,Teens,2018,Romantic Movies
s4331,Movie,TV-MA,Adults,2018,International Movies
s4331,Movie,TV-MA,Adults,2018,Thrillers
s4332,Movie,TV-MA,Adults,2018,Documentaries
s4332,Movie,TV-MA,Adults,2018,International Movies
s4333,Movie,TV-MA,Adults,2018,Dramas
s4333,Movie,TV-MA,Adults,2018,International Movies
s4333,Movie,TV-MA,Adults,2018,Romantic Movies
s4334,Movie,TV-MA,Adults,2018,Action & Adventure
s4334,Movie,TV-MA,Adults,2018,Comedies
s4334,Movie,TV-MA,Adults,2018,International Movies
s4335,Movie,TV-14,Teens,2018,Comedies
s4335,Movie,TV-14,Teens,2018,International Movies
s4335,Movie,TV-14,Teens,2018,Romantic Movies
s4336,Movie,TV-14,Teens,2018,Comedies
s4336,Movie,TV-14,Teens,2018,Dramas
s4336,Movie,TV-14,Teens,2018,International Movies
s4337,Movie,TV-14,Teens,2018,Dramas
s4337,Movie,TV-14,Teens,2018,International Movies
s4338,Movie,TV-PG,Teens,2018,Comedies
s4338,Movie,TV-PG,Teens,2018,International Movies
s4338,Movie,TV-PG,Teens,2018,Romantic Movies
s4339,Movie,TV-14,Teens,2018,Comedies
s4339,Movie,TV-14,Teens,2018,International Movies
s4339,Movie,TV-14,Teens,2018,Romantic Movies
s4340,Movie,TV-14,Teens,2018,Action & Adventure
s4340,Movie,TV-14,Teens,2018,Dramas
s4340,Movie,TV-14,Teens,2018,International Movies
s4341,TV Show,TV-G,Kids,2018,Kids' TV
s4341,TV Show,TV-G,Kids,2018,Korean TV Shows
s4342,Movie,TV-14,Teens,2018,Action & Adventure
s4342,Movie,TV-14,Teens,2018,International Movies
s4343,Movie,TV-MA,Adults,2018,Action & Adventure
s4343,Movie,TV-MA,Adults,2018,Dramas
s4343,Movie,TV-MA,Adults,2018,International Movies
s4344,Movie,TV-14,Teens,2018,Comedies
s4344,Movie,TV-14,Teens,2018,International Movies
s4344,Movie,TV-14,Teens,2018,Romantic Movies
s4345,Movie,TV-Y,Kids,2018,Movies
s4346,Movie,TV-MA,Adults,2018,Action & Adventure
s4346,Movie,TV-MA,Adults,2018,Comedies
s4346,Movie,TV-MA,Adults,2018,International Movies
s4347,Movie,TV-MA,Adults,2018,Dramas
s4347,Movie,TV-MA,Adults,2018,Independent Movies
s4347,Movie,TV-MA,Adults,2018,International Movies
s4348,Movie,TV-MA,Adults,2018,Documentaries
s4348,Movie,TV-MA,Adults,2018,Sports Movies
s4349,Movie,TV-MA,Adults,2018,Comedies
s4349,Movie,TV-MA,Adults,2018,International Movies
s4350,Movie,TV-MA,Adults,2018,Dramas
s4350,Movie,TV-MA,Adults,2018,International Movies
s4351,TV Show,TV-MA,Adults,2018,Crime TV Shows
s4351,TV Show,TV-MA,Adults,2018,International TV Shows
s4351,TV Show,TV-MA,Adults,2018,TV Dramas
s4352,Movie,TV-PG,Teens,2018,Children & Family Movies
s4352,Movie,TV-PG,Teens,2018,Dramas
s4352,Movie,TV-PG,Teens,2018,Romantic Movies
s4353,Movie,TV-Y,Kids,2018,Children & Family Movies
s4354,TV Show,TV-PG,Teens,2018,Reality TV
s4355,Movie,TV-MA,Adults,2018,Dramas
s4355,Movie,TV-MA,Adults,2018,International Movies
s4356,Movie,PG-13,Adults,2018,Dramas
s4356,Movie,PG-13,Adults,2018,Independent Movies
s4356,Movie,PG-13,Adults,2018,International Movies
s4357,TV Show,TV-MA,Adults,2018,International TV Shows
s4357,TV Show,TV-MA,Adults,2018,Romantic TV Shows
s4357,TV Show,TV-MA,Adults,2018,TV Dramas
s4358,Movie,TV-MA,Adults,2018,Dramas
s4358,Movie,TV-MA,Adults,2018,Independent Movies
s4358,Movie,TV-MA,Adults,2018,International Movies
s4359,Movie,TV-MA,Adults,2018,Comedies
s4359,Movie,TV-MA,Adults,2018,Dramas
s4359,Movie,TV-MA,Adults,2018,International Movies
s4360,TV Show,TV-Y7,Kids,2018,Kids' TV
s4361,Movie,TV-MA,Adults,2018,Action & Adventure
s4361,Movie,TV-MA,Adults,2018,Comedies
s4361,Movie,TV-MA,Adults,2018,International Movies
s4362,Movie,TV-MA,Adults,2018,Dramas
s4362,Movie,TV-MA,Adults,2018,Independent Movies
s4362,Movie,TV-MA,Adults,2018,International Movies
s4363,TV Show,TV-MA,Adults,2018,Stand-Up Comedy & Talk Shows
s4363,TV Show,TV-MA,Adults,2018,TV Comedies
s4364,TV Show,TV-PG,Teens,2018,Kids' TV
s4365,Movie,TV-Y,Kids,2018,Children & Family Movies
s4366,TV Show,TV-MA,Adults,2018,International TV Shows
s4366,TV Show,TV-MA,Adults,2018,TV Action & Adventure
s4366,TV Show,TV-MA,Adults,2018,TV Dramas
s4367,TV Show,TV-MA,Adults,2018,Crime TV Shows
s4367,TV Show,TV-MA,Adults,2018,International TV Shows
s4367,TV Show,TV-MA,Adults,2018,Spanish-Language TV Shows
s4368,TV Show,TV-MA,Adults,2018,British TV Shows
s4368,TV Show,TV-MA,Adults,2018,International TV Shows
s4368,TV Show,TV-MA,Adults,2018,TV Comedies
s4369,TV Show,TV-14,Teens,2018,TV Comedies
s4369,TV Show,TV-14,Teens,2018,TV Sci-Fi & Fantasy
s4370,Movie,TV-PG,Teens,2018,Children & Family Movies
s4370,Movie,TV-PG,Teens,2018,Comedies
s4371,Movie,TV-MA,Adults,2018,Comedies
s4371,Movie,TV-MA,Adults,2018,International Movies
s4372,TV Show,TV-Y7,Kids,2018,Kids' TV
s4373,TV Show,TV-Y7,Kids,2018,Kids' TV
s4373,TV Show,TV-Y7,Kids,2018,TV Comedies
s4374,Movie,PG,Teens,2018,Children & Family Movies
s4374,Movie,PG,Teens,2018,Comedies
s4375,Movie,TV-MA,Adults,2018,Horror Movies
s4375,Movie,TV-MA,Adults,2018,International Movies
s4376,Movie,TV-14,Teens,2018,Comedies
s4376,Movie,TV-14,Teens,2018,Horror Movies
s4376,Movie,TV-14,Teens,2018,International Movies
s4377,TV Show,TV-PG,Teens,2018,Reality TV
s4378,Movie,TV-MA,Adults,2018,Stand-Up Comedy
s4379,Movie,G,Kids,2018,Documentaries
s4380,TV Show,TV-14,Teens,2018,International TV Shows
s4380,TV Show,TV-14,Teens,2018,Romantic TV Shows
s4380,TV Show,TV-14,Teens,2018,TV Dramas
s4381,TV Show,TV-14,Teens,2018,Spanish-Language TV Shows
s4381,TV Show,TV-14,Teens,2018,TV Dramas
s4382,TV Show,TV-14,Teens,2018,Romantic TV Shows
s4382,TV Show,TV-14,Teens,2018,Spanish-Language TV Shows
s4382,TV Show,TV-14,Teens,2018,TV Comedies
s4383,Movie,TV-MA,Adults,2018,Horror Movies
s4383,Movie,TV-MA,Adults,2018,Independent Movies
s4383,Movie,TV-MA,Adults,2018,Thrillers
s4384,Movie,TV-MA,Adults,2018,Comedies
s4384,Movie,TV-MA,Adults,2018,Dramas
s4384,Movie,TV-MA,Adults,2018,International Movies
s4385,TV Show,TV-G,Kids,2018,Kids' TV
s4385,TV Show,TV-G,Kids,2018,TV Dramas
s4386,Movie,R,Adults,2018,Comedies
s4386,Movie,R,Adults,2018,Dramas
s4387,Movie,TV-G,Kids,2018,Children & Family Movies
s4387,Movie,TV-G,Kids,2018,Dramas
s4387,Movie,TV-G,Kids,2018,Romantic Movies
s4388,TV Show,TV-MA,Adults,2018,Docuseries
s4388,TV Show,TV-MA,Adults,2018,International TV Shows
s4388,TV Show,TV-MA,Adults,2018,Reality TV
s4389,Movie,TV-PG,Teens,2018,Dramas
s4389,Movie,TV-PG,Teens,2018,Independent Movies
s4389,Movie,TV-PG,Teens,2018,International Movies
s4390,TV Show,TV-Y,Kids,2018,Anime Series
s4390,TV Show,TV-Y,Kids,2018,Kids' TV
s4391,Movie,PG,Teens,2018,Comedies
s4391,Movie,PG,Teens,2018,International Movies
s4391,Movie,PG,Teens,2018,Romantic Movies
s4392,Movie,TV-14,Teens,2018,Comedies
s4392,Movie,TV-14,Teens,2018,Dramas
s4392,Movie,TV-14,Teens,2018,Independent Movies
s4393,Movie,TV-MA,Adults,2018,Horror Movies
s4393,Movie,TV-MA,Adults,2018,International Movies
s4394,Movie,TV-MA,Adults,2018,Documentaries
s4394,Movie,TV-MA,Adults,2018,International Movies
s4395,Movie,TV-14,Teens,2018,Comedies
s4395,Movie,TV-14,Teens,2018,Independent Movies
s4395,Movie,TV-14,Teens,2018,International Movies
s4396,Movie,TV-14,Teens,2018,Horror Movies
s4396,Movie,TV-14,Teens,2018,International Movies
s4397,Movie,TV-14,Teens,2018,Dramas
s4397,Movie,TV-14,Teens,2018,International Movies
s4398,Movie,TV-MA,Adults,2018,Action & Adventure
s4398,Movie,TV-MA,Adults,2018,International Movies
s4399,Movie,TV-14,Teens,2018,Music & Musicals
s4400,TV Show,TV-MA,Adults,2018,Crime TV Shows
s4400,TV Show,TV-MA,Adults,2018,International TV Shows
s4400,TV Show,TV-MA,Adults,2018,TV Dramas
s4401,TV Show,TV-PG,Teens,2018,Docuseries
s4401,TV Show,TV-PG,Teens,2018,International TV Shows
s4401,TV Show,TV-PG,Teens,2018,Science & Nature TV
s4402,Movie,TV-14,Teens,2018,Comedies
s4402,Movie,TV-14,Teens,2018,International Movies
s4402,Movie,TV-14,Teens,2018,Romantic Movies
s4403,Movie,TV-MA,Adults,2018,Comedies
s4403,Movie,TV-MA,Adults,2018,International Movies
s4404,TV Show,TV-MA,Adults,2018,Docuseries
s4404,TV Show,TV-MA,Adults,2018,TV Dramas
s4405,Movie,R,Adults,2018,Action & Adventure
s4405,Movie,R,Adults,2018,Dramas
s4406,TV Show,TV-MA,Adults,2018,International TV Shows
s4406,TV Show,TV-MA,Adults,2018,TV Comedies
s4407,TV Show,TV-MA,Adults,2018,Crime TV Shows
s4407,TV Show,TV-MA,Adults,2018,International TV Shows
s4407,TV Show,TV-MA,Adults,2018,Spanish-Language TV Shows
s4408,TV Show,TV-Y,Kids,2018,Kids' TV
s4408,TV Show,TV-Y,Kids,2018,TV Thrillers
s4409,TV Show,TV-MA,Adults,2018,Reality TV
s4410,TV Show,TV-MA,Adults,2018,Crime TV Shows
s4410,TV Show,TV-MA,Adults,2018,International TV Shows
s4410,TV Show,TV-MA,Adults,2018,TV Sci-Fi & Fantasy
s4411,TV Show,TV-MA,Adults,2018,Crime TV Shows
s4411,TV Show,TV-MA,Adults,2018,TV Dramas
s4412,Movie,TV-14,Teens,2018,Dramas
s4412,Movie,TV-14,Teens,2018,International Movies
s4413,Movie,TV-MA,Adults,2018,Stand-Up Comedy
s4414,TV Show,TV-14,Teens,2018,International TV Shows
s4414,TV Show,TV-14,Teens,2018,TV Comedies
s4415,Movie,TV-MA,Adults,2018,Comedies
s4415,Movie,TV-MA,Adults,2018,International Movies
s4415,Movie,TV-MA,Adults,2018,LGBTQ Movies
s4416,TV Show,TV-G,Kids,2018,Kids' TV
s4417,Movie,TV-14,Teens,2018,Documentaries
s4417,Movie,TV-14,Teens,2018,Music & Musicals
s4418,Movie,TV-G,Kids,2018,Dramas
s4418,Movie,TV-G,Kids,2018,Romantic Movies
s4419,Movie,R,Adults,2018,Classic Movies
s4419,Movie,R,Adults,2018,Dramas
s4419,Movie,R,Adults,2018,Independent Movies
s4420,Movie,TV-MA,Adults,2018,Documentaries
s4421,Movie,TV-14,Teens,2018,Comedies
s4421,Movie,TV-14,Teens,2018,International Movies
s4421,Movie,TV-14,Teens,2018,Music & Musicals
s4422,Movie,TV-14,Teens,2018,International Movies
s4422,Movie,TV-14,Teens,2018,Thrillers
s4423,Movie,TV-14,Teens,2018,Dramas
s4423,Movie,TV-14,Teens,2018,International Movies
s4423,Movie,TV-14,Teens,2018,Music & Musicals
s4424,Movie,TV-14,Teens,2018,Dramas
s4424,Movie,TV-14,Teens,2018,International Movies
s4425,Movie,TV-14,Teens,2018,Action & Adventure
s4425,Movie,TV-14,Teens,2018,Dramas
s4425,Movie,TV-14,Teens,2018,International Movies
s4426,Movie,TV-14,Teens,2018,Dramas
s4426,Movie,TV-14,Teens,2018,International Movies
s4426,Movie,TV-14,Teens,2018,Music & Musicals
s4427,Movie,TV-14,Teens,2018,Comedies
s4427,Movie,TV-14,Teens,2018,Dramas
s4427,Movie,TV-14,Teens,2018,International Movies
s4428,Movie,TV-14,Teens,2018,Comedies
s4428,Movie,TV-14,Teens,2018,Dramas
s4428,Movie,TV-14,Teens,2018,International Movies
s4429,Movie,TV-PG,Teens,2018,International Movies
s4429,Movie,TV-PG,Teens,2018,Romantic Movies
s4430,Movie,TV-14,Teens,2018,Comedies
s4430,Movie,TV-14,Teens,2018,Dramas
s4430,Movie,TV-14,Teens,2018,International Movies
s4431,TV Show,TV-Y,Kids,2018,Kids' TV
s4431,TV Show,TV-Y,Kids,2018,Spanish-Language TV Shows
s4432,Movie,TV-14,Teens,2018,Dramas
s4432,Movie,TV-14,Teens,2018,International Movies
s4432,Movie,TV-14,Teens,2018,Music & Musicals
s4433,Movie,TV-14,Teens,2018,Comedies
s4433,Movie,TV-14,Teens,2018,International Movies
s4433,Movie,TV-14,Teens,2018,Music & Musicals
s4434,Movie,TV-PG,Teens,2018,Comedies
s4434,Movie,TV-PG,Teens,2018,International Movies
s4435,Movie,TV-MA,Adults,2018,Independent Movies
s4435,Movie,TV-MA,Adults,2018,Thrillers
s4436,Movie,TV-MA,Adults,2018,Stand-Up Comedy
s4437,TV Show,TV-MA,Adults,2018,Docuseries
s4438,Movie,TV-14,Teens,2018,Dramas
s4438,Movie,TV-14,Teens,2018,International Movies
s4438,Movie,TV-14,Teens,2018,Thrillers
s4439,Movie,TV-MA,Adults,2018,Comedies
s4439,Movie,TV-MA,Adults,2018,International Movies
s4439,Movie,TV-MA,Adults,2018,Thrillers
s4440,Movie,TV-14,Teens,2018,International Movies
s4440,Movie,TV-14,Teens,2018,Thrillers
s4441,Movie,TV-14,Teens,2018,Comedies
s4441,Movie,TV-14,Teens,2018,Dramas
s4441,Movie,TV-14,Teens,2018,International Movies
s4442,Movie,TV-MA,Adults,2018,Dramas
s4442,Movie,TV-MA,Adults,2018,International Movies
s4443,Movie,TV-14,Teens,2018,Action & Adventure
s4443,Movie,TV-14,Teens,2018,Comedies
s4443,Movie,TV-14,Teens,2018,International Movies
s4444,Movie,TV-14,Teens,2018,Comedies
s4444,Movie,TV-14,Teens,2018,International Movies
s4444,Movie,TV-14,Teens,2018,Music & Musicals
s4445,Movie,TV-PG,Teens,2018,Comedies
s4445,Movie,TV-PG,Teens,2018,International Movies
s4445,Movie,TV-PG,Teens,2018,Music & Musicals
s4446,Movie,TV-MA,Adults,2018,Dramas
s4446,Movie,TV-MA,Adults,2018,International Movies
s4446,Movie,TV-MA,Adults,2018,Sports Movies
s4447,Movie,TV-14,Teens,2018,Comedies
s4447,Movie,TV-14,Teens,2018,International Movies
s4447,Movie,TV-14,Teens,2018,Music & Musicals
s4448,Movie,TV-MA,Adults,2018,Stand-Up Comedy
s4449,Movie,TV-14,Teens,2018,Comedies
s4449,Movie,TV-14,Teens,2018,Dramas
s4449,Movie,TV-14,Teens,2018,International Movies
s4450,Movie,TV-14,Teens,2018,Dramas
s4450,Movie,TV-14,Teens,2018,International Movies
s4450,Movie,TV-14,Teens,2018,Music & Musicals
s4451,Movie,TV-MA,Adults,2018,Stand-Up Comedy
s4452,Movie,TV-MA,Adults,2018,Dramas
s4452,Movie,TV-MA,Adults,2018,International Movies
s4453,Movie,TV-14,Teens,2018,Comedies
s4453,Movie,TV-14,Teens,2018,International Movies
s4453,Movie,TV-14,Teens,2018,Music & Musicals
s4454,Movie,TV-MA,Adults,2018,Dramas
s4454,Movie,TV-MA,Adults,2018,International Movies
s4455,Movie,TV-14,Teens,2018,Comedies
s4455,Movie,TV-14,Teens,2018,Dramas
s4455,Movie,TV-14,Teens,2018,International Movies
s4456,Movie,TV-14,Teens,2018,Action & Adventure
s4456,Movie,TV-14,Teens,2018,Dramas
s4456,Movie,TV-14,Teens,2018,International Movies
s4457,Movie,TV-14,Teens,2018,Dramas
s4457,Movie,TV-14,Teens,2018,International Movies
s4457,Movie,TV-14,Teens,2018,Thrillers
s4458,Movie,TV-14,Teens,2018,Dramas
s4458,Movie,TV-14,Teens,2018,International Movies
s4458,Movie,TV-14,Teens,2018,Music & Musicals
s4459,Movie,TV-14,Teens,2018,Comedies
s4459,Movie,TV-14,Teens,2018,International Movies
s4459,Movie,TV-14,Teens,2018,Music & Musicals
s4460,Movie,TV-14,Teens,2018,Dramas
s4460,Movie,TV-14,Teens,2018,International Movies
s4460,Movie,TV-14,Teens,2018,Thrillers
s4461,Movie,TV-MA,Adults,2018,Stand-Up Comedy
s4462,TV Show,TV-PG,Teens,2018,British TV Shows
s4462,TV Show,TV-PG,Teens,2018,Reality TV
s4463,Movie,TV-MA,Adults,2018,Documentaries
s4463,Movie,TV-MA,Adults,2018,LGBTQ Movies
s4464,Movie,TV-MA,Adults,2018,Dramas
s4464,Movie,TV-MA,Adults,2018,Independent Movies
s4464,Movie,TV-MA,Adults,2018,International Movies
s4465,Movie,TV-14,Teens,2018,Comedies
s4465,Movie,TV-14,Teens,2018,Dramas
s4465,Movie,TV-14,Teens,2018,International Movies
s4466,Movie,TV-PG,Teens,2018,Comedies
s4466,Movie,TV-PG,Teens,2018,Dramas
s4466,Movie,TV-PG,Teens,2018,Independent Movies
s4467,Movie,PG,Teens,2018,Children & Family Movies
s4467,Movie,PG,Teens,2018,Dramas
s4468,Movie,TV-MA,Adults,2018,Dramas
s4468,Movie,TV-MA,Adults,2018,International Movies
s4468,Movie,TV-MA,Adults,2018,Thrillers
s4469,Movie,R,Adults,2018,Dramas
s4469,Movie,R,Adults,2018,International Movies
s4470,TV Show,TV-MA,Adults,2018,Anime Series
s4470,TV Show,TV-MA,Adults,2018,International TV Shows
s4471,Movie,TV-14,Teens,2018,Action & Adventure
s4471,Movie,TV-14,Teens,2018,International Movies
s4472,Movie,TV-MA,Adults,2018,Dramas
s4472,Movie,TV-MA,Adults,2018,International Movies
s4472,Movie,TV-MA,Adults,2018,Music & Musicals
s4473,Movie,PG-13,Adults,2018,Dramas
s4473,Movie,PG-13,Adults,2018,International Movies
s4474,Movie,TV-MA,Adults,2018,Comedies
s4474,Movie,TV-MA,Adults,2018,Dramas
s4474,Movie,TV-MA,Adults,2018,International Movies
s4475,Movie,TV-14,Teens,2018,Comedies
s4475,Movie,TV-14,Teens,2018,International Movies
s4475,Movie,TV-14,Teens,2018,Romantic Movies
s4476,Movie,TV-14,Teens,2018,Documentaries
s4477,TV Show,TV-MA,Adults,2018,Crime TV Shows
s4477,TV Show,TV-MA,Adults,2018,Docuseries
s4477,TV Show,TV-MA,Adults,2018,International TV Shows
s4478,Movie,TV-MA,Adults,2018,Dramas
s4478,Movie,TV-MA,Adults,2018,International Movies
s4478,Movie,TV-MA,Adults,2018,Thrillers
s4479,TV Show,TV-PG,Teens,2018,Kids' TV
s4479,TV Show,TV-PG,Teens,2018,TV Comedies
s4480,TV Show,TV-14,Teens,2018,TV Comedies
s4481,Movie,TV-MA,Adults,2018,Documentaries
s4482,Movie,TV-14,Teens,2018,Action & Adventure
s4482,Movie,TV-14,Teens,2018,Dramas
s4482,Movie,TV-14,Teens,2018,International Movies
s4483,Movie,TV-MA,Adults,2018,Stand-Up Comedy
s4484,TV Show,TV-14,Teens,2018,International TV Shows
s4484,TV Show,TV-14,Teens,2018,Romantic TV Shows
s4484,TV Show,TV-14,Teens,2018,TV Dramas
s4485,Movie,PG-13,Adults,2018,Action & Adventure
s4485,Movie,PG-13,Adults,2018,Sci-Fi & Fantasy
s4486,TV Show,TV-MA,Adults,2018,Stand-Up Comedy & Talk Shows
s4487,Movie,TV-MA,Adults,2018,Comedies
s4487,Movie,TV-MA,Adults,2018,International Movies
s4487,Movie,TV-MA,Adults,2018,Romantic Movies
s4488,TV Show,TV-14,Teens,2018,International TV Shows
s4488,TV Show,TV-14,Teens,2018,Romantic TV Shows
s4488,TV Show,TV-14,Teens,2018,TV Comedies
s4489,TV Show,TV-PG,Teens,2018,Docuseries
s4489,TV Show,TV-PG,Teens,2018,International TV Shows
s4489,TV Show,TV-PG,Teens,2018,Science & Nature TV
s4490,TV Show,TV-PG,Teens,2018,Kids' TV
s4490,TV Show,TV-PG,Teens,2018,TV Comedies
s4491,Movie,TV-MA,Adults,2018,Movies
s4492,Movie,TV-MA,Adults,2018,Movies
s4493,Movie,PG,Teens,2018,Children & Family Movies
s4493,Movie,PG,Teens,2018,Comedies
s4494,Movie,TV-MA,Adults,2018,Action & Adventure
s4494,Movie,TV-MA,Adults,2018,International Movies
s4494,Movie,TV-MA,Adults,2018,Sci-Fi & Fantasy
s4495,TV Show,TV-14,Teens,2018,Crime TV Shows
s4495,TV Show,TV-14,Teens,2018,Docuseries
s4496,TV Show,TV-MA,Adults,2018,Crime TV Shows
s4496,TV Show,TV-MA,Adults,2018,TV Action & Adventure
s4497,Movie,TV-14,Teens,2018,Dramas
s4497,Movie,TV-14,Teens,2018,International Movies
s4498,Movie,TV-Y,Kids,2018,Movies
s4499,TV Show,TV-MA,Adults,2018,International TV Shows
s4499,TV Show,TV-MA,Adults,2018,TV Dramas
s4499,TV Show,TV-MA,Adults,2018,Teen TV Shows
s4500,Movie,TV-MA,Adults,2018,Action & Adventure
s4500,Movie,TV-MA,Adults,2018,International Movies
s4501,Movie,TV-MA,Adults,2018,Action & Adventure
s4501,Movie,TV-MA,Adults,2018,International Movies
s4502,TV Show,TV-MA,Adults,2018,British TV Shows
s4502,TV Show,TV-MA,Adults,2018,International TV Shows
s4502,TV Show,TV-MA,Adults,2018,Romantic TV Shows
s4503,Movie,TV-MA,Adults,2018,Dramas
s4503,Movie,TV-MA,Adults,2018,International Movies
s4503,Movie,TV-MA,Adults,2018,Thrillers
s4504,TV Show,TV-PG,Teens,2018,Kids' TV
s4504,TV Show,TV-PG,Teens,2018,TV Comedies
s4505,TV Show,TV-MA,Adults,2018,Crime TV Shows
s4505,TV Show,TV-MA,Adults,2018,International TV Shows
s4505,TV Show,TV-MA,Adults,2018,TV Comedies
s4506,Movie,TV-MA,Adults,2018,Stand-Up Comedy
s4507,Movie,TV-MA,Adults,2018,Dramas
s4507,Movie,TV-MA,Adults,2018,International Movies
s4508,Movie,TV-MA,Adults,2018,Dramas
s4508,Movie,TV-MA,Adults,2018,International Movies
s4509,TV Show,TV-MA,Adults,2018,British TV Shows
s4509,TV Show,TV-MA,Adults,2018,International TV Shows
s4509,TV Show,TV-MA,Adults,2018,Reality TV
s4510,Movie,TV-14,Teens,2018,Dramas
s4510,Movie,TV-14,Teens,2018,International Movies
s4510,Movie,TV-14,Teens,2018,Sports Movies
s4511,Movie,TV-MA,Adults,2018,Horror Movies
s4511,Movie,TV-MA,Adults,2018,International Movies
s4511,Movie,TV-MA,Adults,2018,Thrillers
s4512,TV Show,TV-Y7,Kids,2018,Crime TV Shows
s4512,TV Show,TV-Y7,Kids,2018,Kids' TV
s4513,Movie,TV-MA,Adults,2018,Horror Movies
s4513,Movie,TV-MA,Adults,2018,International Movies
s4513,Movie,TV-MA,Adults,2018,Sci-Fi & Fantasy
s4514,Movie,TV-MA,Adults,2018,Documentaries
s4514,Movie,TV-MA,Adults,2018,LGBTQ Movies
s4515,TV Show,TV-MA,Adults,2018,Docuseries
s4516,Movie,TV-14,Teens,2018,Horror Movies
s4516,Movie,TV-14,Teens,2018,International Movies
s4517,Movie,TV-14,Teens,2018,Documentaries
s4517,Movie,TV-14,Teens,2018,Music & Musicals
s4518,TV Show,TV-PG,Teens,2018,TV Comedies
s4518,TV Show,TV-PG,Teens,2018,TV Mysteries
s4519,TV Show,TV-MA,Adults,2018,TV Dramas
s4519,TV Show,TV-MA,Adults,2018,TV Horror
s4519,TV Show,TV-MA,Adults,2018,TV Mysteries
s4520,Movie,R,Adults,2018,Dramas
s4520,Movie,R,Adults,2018,Independent Movies
s4521,TV Show,TV-MA,Adults,2018,Crime TV Shows
s4521,TV Show,TV-MA,Adults,2018,International TV Shows
s4521,TV Show,TV-MA,Adults,2018,TV Dramas
s4522,TV Show,TV-PG,Teens,2018,Docuseries
s4523,Movie,R,Adults,2018,Dramas
s4523,Movie,R,Adults,2018,Thrillers
s4524,TV Show,TV-MA,Adults,2018,Crime TV Shows
s4524,TV Show,TV-MA,Adults,2018,International TV Shows
s4524,TV Show,TV-MA,Adults,2018,TV Dramas
s4525,Movie,R,Adults,2018,Cult Movies
s4525,Movie,R,Adults,2018,Horror Movies
s4525,Movie,R,Adults,2018,Independent Movies
s4526,Movie,TV-MA,Adults,2018,Stand-Up Comedy
s4527,Movie,TV-14,Teens,2018,Action & Adventure
s4527,Movie,TV-14,Teens,2018,Dramas
s4527,Movie,TV-14,Teens,2018,International Movies
s4528,TV Show,TV-Y,Kids,2018,Kids' TV
s4529,Movie,PG-13,Adults,2018,Horror Movies
s4530,TV Show,TV-14,Teens,2018,Reality TV
s4531,TV Show,TV-14,Teens,2018,Docuseries
s4532,TV Show,TV-14,Teens,2018,Anime Series
s4532,TV Show,TV-14,Teens,2018,International TV Shows
s4533,Movie,TV-MA,Adults,2018,Horror Movies
s4533,Movie,TV-MA,Adults,2018,Thrillers
s4534,Movie,R,Adults,2018,Comedies
s4534,Movie,R,Adults,2018,Dramas
s4534,Movie,R,Adults,2018,Independent Movies
s4535,Movie,TV-Y,Kids,2018,Children & Family Movies
s4536,TV Show,TV-MA,Adults,2018,International TV Shows
s4536,TV Show,TV-MA,Adults,2018,Korean TV Shows
s4536,TV Show,TV-MA,Adults,2018,TV Comedies
s4537,TV Show,TV-PG,Teens,2018,Anime Series
s4537,TV Show,TV-PG,Teens,2018,International TV Shows
s4537,TV Show,TV-PG,Teens,2018,Romantic TV Shows
s4538,Movie,PG-13,Adults,2018,Dramas
s4538,Movie,PG-13,Adults,2018,International Movies
s4539,Movie,TV-MA,Adults,2018,Horror Movies
s4540,Movie,R,Adults,2018,Action & Adventure
s4541,Movie,TV-MA,Adults,2018,Comedies
s4541,Movie,TV-MA,Adults,2018,Music & Musicals
s4542,Movie,TV-MA,Adults,2018,Stand-Up Comedy
s4543,TV Show,TV-MA,Adults,2018,British TV Shows
s4543,TV Show,TV-MA,Adults,2018,Docuseries
s4543,TV Show,TV-MA,Adults,2018,TV Comedies
s4544,Movie,TV-MA,Adults,2018,Documentaries
s4545,Movie,TV-MA,Adults,2018,Comedies
s4546,Movie,TV-MA,Adults,2018,Comedies
s4546,Movie,TV-MA,Adults,2018,Documentaries
s4547,Movie,TV-MA,Adults,2018,Comedies
s4547,Movie,TV-MA,Adults,2018,Documentaries
s4548,Movie,R,Adults,2018,Comedies
s4549,Movie,TV-MA,Adults,2018,Documentaries
s4550,TV Show,TV-MA,Adults,2018,British TV Shows
s4550,TV Show,TV-MA,Adults,2018,Docuseries
s4551,TV Show,TV-MA,Adults,2018,International TV Shows
s4551,TV Show,TV-MA,Adults,2018,TV Comedies
s4552,TV Show,TV-14,Teens,2018,British TV Shows
s4552,TV Show,TV-14,Teens,2018,Classic & Cult TV
s4552,TV Show,TV-14,Teens,2018,International TV Shows
s4553,Movie,R,Adults,2018,Classic Movies
s4553,Movie,R,Adults,2018,Comedies
s4553,Movie,R,Adults,2018,Cult Movies
s4554,TV Show,TV-MA,Adults,2018,British TV Shows
s4554,TV Show,TV-MA,Adults,2018,TV Comedies
s4555,Movie,TV-14,Teens,2018,Comedies
s4556,Movie,TV-MA,Adults,2018,Documentaries
s4557,Movie,TV-14,Teens,2018,Action & Adventure
s4557,Movie,TV-14,Teens,2018,Dramas
s4557,Movie,TV-14,Teens,2018,International Movies
s4558,Movie,PG,Teens,2018,Children & Family Movies
s4559,Movie,TV-14,Teens,2018,Horror Movies
s4559,Movie,TV-14,Teens,2018,International Movies
s4560,Movie,TV-14,Teens,2018,Action & Adventure
s4560,Movie,TV-14,Teens,2018,Dramas
s4560,Movie,TV-14,Teens,2018,International Movies
s4561,Movie,TV-14,Teens,2018,Dramas
s4561,Movie,TV-14,Teens,2018,International Movies
s4561,Movie,TV-14,Teens,2018,Sports Movies
s4562,Movie,TV-14,Teens,2018,Dramas
s4562,Movie,TV-14,Teens,2018,International Movies
s4563,Movie,TV-MA,Adults,2018,Dramas
s4563,Movie,TV-MA,Adults,2018,International Movies
s4563,Movie,TV-MA,Adults,2018,Romantic Movies
s4564,Movie,TV-PG,Teens,2018,International Movies
s4564,Movie,TV-PG,Teens,2018,Music & Musicals
s4564,Movie,TV-PG,Teens,2018,Romantic Movies
s4565,Movie,TV-14,Teens,2018,Dramas
s4565,Movie,TV-14,Teens,2018,International Movies
s4566,Movie,TV-14,Teens,2018,Comedies
s4566,Movie,TV-14,Teens,2018,International Movies
s4566,Movie,TV-14,Teens,2018,Romantic Movies
s4567,Movie,TV-MA,Adults,2018,Dramas
s4567,Movie,TV-MA,Adults,2018,Independent Movies
s4567,Movie,TV-MA,Adults,2018,International Movies
s4568,Movie,TV-14,Teens,2018,Dramas
s4568,Movie,TV-14,Teens,2018,International Movies
s4568,Movie,TV-14,Teens,2018,Music & Musicals
s4569,Movie,TV-14,Teens,2018,Comedies
s4569,Movie,TV-14,Teens,2018,International Movies
s4569,Movie,TV-14,Teens,2018,Music & Musicals
s4570,Movie,TV-PG,Teens,2018,Dramas
s4570,Movie,TV-PG,Teens,2018,International Movies
s4571,TV Show,TV-MA,Adults,2018,Romantic TV Shows
s4571,TV Show,TV-MA,Adults,2018,TV Comedies
s4572,Movie,TV-14,Teens,2018,Action & Adventure
s4572,Movie,TV-14,Teens,2018,Comedies
s4572,Movie,TV-14,Teens,2018,International Movies
s4573,Movie,TV-14,Teens,2018,Comedies
s4573,Movie,TV-14,Teens,2018,Dramas
s4573,Movie,TV-14,Teens,2018,International Movies
s4574,Movie,TV-14,Teens,2018,Action & Adventure
s4574,Movie,TV-14,Teens,2018,Dramas
s4574,Movie,TV-14,Teens,2018,International Movies
s4575,Movie,TV-PG,Teens,2018,Comedies
s4575,Movie,TV-PG,Teens,2018,Dramas
s4575,Movie,TV-PG,Teens,2018,International Movies
s4576,Movie,TV-14,Teens,2018,Dramas
s4576,Movie,TV-14,Teens,2018,International Movies
s4576,Movie,TV-14,Teens,2018,Music & Musicals
s4577,Movie,TV-14,Teens,2018,Dramas
s4577,Movie,TV-14,Teens,2018,International Movies
s4577,Movie,TV-14,Teens,2018,Sports Movies
s4578,Movie,TV-14,Teens,2018,Comedies
s4578,Movie,TV-14,Teens,2018,International Movies
s4578,Movie,TV-14,Teens,2018,Romantic Movies
s4579,Movie,TV-14,Teens,2018,Action & Adventure
s4579,Movie,TV-14,Teens,2018,Dramas
s4579,Movie,TV-14,Teens,2018,International Movies
s4580,Movie,TV-14,Teens,2018,Comedies
s4580,Movie,TV-14,Teens,2018,Dramas
s4580,Movie,TV-14,Teens,2018,International Movies
s4581,Movie,TV-14,Teens,2018,International Movies
s4581,Movie,TV-14,Teens,2018,Thrillers
s4582,Movie,TV-14,Teens,2018,Dramas
s4582,Movie,TV-14,Teens,2018,International Movies
s4583,Movie,TV-14,Teens,2018,Comedies
s4583,Movie,TV-14,Teens,2018,International Movies
s4583,Movie,TV-14,Teens,2018,Romantic Movies
s4584,Movie,TV-PG,Teens,2018,Comedies
s4584,Movie,TV-PG,Teens,2018,Dramas
s4584,Movie,TV-PG,Teens,2018,International Movies
s4585,Movie,TV-14,Teens,2018,Comedies
s4585,Movie,TV-14,Teens,2018,Dramas
s4585,Movie,TV-14,Teens,2018,International Movies
s4586,Movie,TV-PG,Teens,2018,Comedies
s4586,Movie,TV-PG,Teens,2018,International Movies
s4587,Movie,TV-14,Teens,2018,Action & Adventure
s4587,Movie,TV-14,Teens,2018,International Movies
s4588,Movie,TV-14,Teens,2018,Action & Adventure
s4588,Movie,TV-14,Teens,2018,International Movies
s4589,Movie,TV-14,Teens,2018,Comedies
s4589,Movie,TV-14,Teens,2018,International Movies
s4589,Movie,TV-14,Teens,2018,Sci-Fi & Fantasy
s4590,Movie,TV-Y,Kids,2018,Children & Family Movies
s4591,Movie,TV-Y,Kids,2018,Children & Family Movies
s4592,Movie,TV-MA,Adults,2018,Comedies
s4592,Movie,TV-MA,Adults,2018,Dramas
s4592,Movie,TV-MA,Adults,2018,Independent Movies
s4593,Movie,TV-14,Teens,2018,Action & Adventure
s4593,Movie,TV-14,Teens,2018,Dramas
s4593,Movie,TV-14,Teens,2018,International Movies
s4594,Movie,TV-14,Teens,2018,Dramas
s4594,Movie,TV-14,Teens,2018,International Movies
s4594,Movie,TV-14,Teens,2018,Romantic Movies
s4595,Movie,TV-PG,Teens,2018,Comedies
s4595,Movie,TV-PG,Teens,2018,International Movies
s4595,Movie,TV-PG,Teens,2018,Music & Musicals
s4596,Movie,TV-14,Teens,2018,Action & Adventure
s4596,Movie,TV-14,Teens,2018,Dramas
s4596,Movie,TV-14,Teens,2018,International Movies
s4597,Movie,TV-14,Teens,2018,Comedies
s4597,Movie,TV-14,Teens,2018,Dramas
s4597,Movie,TV-14,Teens,2018,Independent Movies
s4598,Movie,TV-14,Teens,2018,Action & Adventure
s4598,Movie,TV-14,Teens,2018,International Movies
s4599,Movie,TV-14,Teens,2018,Horror Movies
s4599,Movie,TV-14,Teens,2018,International Movies
s4599,Movie,TV-14,Teens,2018,Thrillers
s4600,Movie,TV-PG,Teens,2018,Comedies
s4600,Movie,TV-PG,Teens,2018,International Movies
s4600,Movie,TV-PG,Teens,2018,Music & Musicals
s4601,Movie,TV-14,Teens,2018,Action & Adventure
s4601,Movie,TV-14,Teens,2018,International Movies
s4601,Movie,TV-14,Teens,2018,Music & Musicals
s4602,Movie,TV-14,Teens,2018,Action & Adventure
s4602,Movie,TV-14,Teens,2018,International Movies
s4602,Movie,TV-14,Teens,2018,Music & Musicals
s4603,Movie,TV-PG,Teens,2018,Comedies
s4603,Movie,TV-PG,Teens,2018,Dramas
s4603,Movie,TV-PG,Teens,2018,International Movies
s4604,Movie,TV-14,Teens,2018,Comedies
s4604,Movie,TV-14,Teens,2018,Dramas
s4604,Movie,TV-14,Teens,2018,International Movies
s4605,TV Show,TV-14,Teens,2018,Reality TV
s4606,Movie,TV-14,Teens,2018,Action & Adventure
s4606,Movie,TV-14,Teens,2018,International Movies
s4606,Movie,TV-14,Teens,2018,Music & Musicals
s4607,Movie,TV-MA,Adults,2018,Documentaries
s4607,Movie,TV-MA,Adults,2018,International Movies
s4608,Movie,TV-PG,Teens,2018,Comedies
s4608,Movie,TV-PG,Teens,2018,International Movies
s4608,Movie,TV-PG,Teens,2018,Music & Musicals
s4609,TV Show,TV-14,Teens,2018,British TV Shows
s4609,TV Show,TV-14,Teens,2018,International TV Shows
s4609,TV Show,TV-14,Teens,2018,Reality TV
s4610,Movie,TV-14,Teens,2018,Action & Adventure
s4610,Movie,TV-14,Teens,2018,Dramas
s4610,Movie,TV-14,Teens,2018,International Movies
s4611,Movie,TV-MA,Adults,2018,Dramas
s4611,Movie,TV-MA,Adults,2018,Independent Movies
s4611,Movie,TV-MA,Adults,2018,International Movies
s4612,Movie,TV-14,Teens,2018,Action & Adventure
s4612,Movie,TV-14,Teens,2018,International Movies
s4612,Movie,TV-14,Teens,2018,Music & Musicals
s4613,Movie,TV-14,Teens,2018,Comedies
s4613,Movie,TV-14,Teens,2018,International Movies
s4613,Movie,TV-14,Teens,2018,Romantic Movies
s4614,Movie,TV-14,Teens,2018,Dramas
s4614,Movie,TV-14,Teens,2018,International Movies
s4615,Movie,TV-PG,Teens,2018,Comedies
s4615,Movie,TV-PG,Teens,2018,International Movies
s4615,Movie,TV-PG,Teens,2018,Romantic Movies
s4616,Movie,TV-14,Teens,2018,Dramas
s4616,Movie,TV-14,Teens,2018,International Movies
s4616,Movie,TV-14,Teens,2018,Romantic Movies
s4617,Movie,PG,Teens,2018,Children & Family Movies
s4617,Movie,PG,Teens,2018,Dramas
s4618,Movie,TV-MA,Adults,2018,Dramas
s4618,Movie,TV-MA,Adults,2018,Independent Movies
s4618,Movie,TV-MA,Adults,2018,International Movies
s4619,Movie,TV-MA,Adults,2018,Action & Adventure
s4619,Movie,TV-MA,Adults,2018,International Movies
s4619,Movie,TV-MA,Adults,2018,Sci-Fi & Fantasy
s4620,Movie,TV-MA,Adults,2018,Action & Adventure
s4620,Movie,TV-MA,Adults,2018,Dramas
s4621,Movie,TV-14,Teens,2018,Documentaries
s4622,TV Show,TV-MA,Adults,2018,International TV Shows
s4622,TV Show,TV-MA,Adults,2018,Reality TV
s4622,TV Show,TV-MA,Adults,2018,Spanish-Language TV Shows
s4623,TV Show,TV-Y7,Kids,2018,Kids' TV
s4624,TV Show,TV-Y7,Kids,2018,Kids' TV
s4624,TV Show,TV-Y7,Kids,2018,TV Comedies
s4625,Movie,TV-MA,Adults,2018,Horror Movies
s4625,Movie,TV-MA,Adults,2018,International Movies
s4626,Movie,TV-MA,Adults,2018,Documentaries
s4626,Movie,TV-MA,Adults,2018,International Movies
s4627,Movie,TV-MA,Adults,2018,Independent Movies
s4627,Movie,TV-MA,Adults,2018,International Movies
s4627,Movie,TV-MA,Adults,2018,Thrillers
s4628,TV Show,TV-MA,Adults,2018,Reality TV
s4628,TV Show,TV-MA,Adults,2018,Science & Nature TV
s4628,TV Show,TV-MA,Adults,2018,TV Action & Adventure
s4629,TV Show,TV-14,Teens,2018,Anime Series
s4629,TV Show,TV-14,Teens,2018,International TV Shows
s4630,TV Show,TV-MA,Adults,2018,TV Comedies
s4630,TV Show,TV-MA,Adults,2018,TV Dramas
s4630,TV Show,TV-MA,Adults,2018,TV Mysteries
s4631,Movie,TV-MA,Adults,2018,Documentaries
s4631,Movie,TV-MA,Adults,2018,Music & Musicals
s4632,Movie,TV-MA,Adults,2018,Stand-Up Comedy
s4633,TV Show,TV-14,Teens,2018,Crime TV Shows
s4633,TV Show,TV-14,Teens,2018,TV Comedies
s4633,TV Show,TV-14,Teens,2018,TV Dramas
s4634,TV Show,TV-PG,Teens,2018,Anime Series
s4634,TV Show,TV-PG,Teens,2018,International TV Shows
s4635,TV Show,TV-Y7,Kids,2018,Kids' TV
s4636,TV Show,TV-14,Teens,2018,Crime TV Shows
s4636,TV Show,TV-14,Teens,2018,International TV Shows
s4636,TV Show,TV-14,Teens,2018,TV Dramas
s4637,TV Show,TV-MA,Adults,2018,Crime TV Shows
s4637,TV Show,TV-MA,Adults,2018,TV Comedies
s4637,TV Show,TV-MA,Adults,2018,Teen TV Shows
s4638,TV Show,TV-PG,Teens,2018,Docuseries
s4638,TV Show,TV-PG,Teens,2018,International TV Shows
s4638,TV Show,TV-PG,Teens,2018,Spanish-Language TV Shows
s4639,TV Show,TV-MA,Adults,2018,Crime TV Shows
s4639,TV Show,TV-MA,Adults,2018,International TV Shows
s4639,TV Show,TV-MA,Adults,2018,Spanish-Language TV Shows
s4640,TV Show,TV-MA,Adults,2018,Stand-Up Comedy & Talk Shows
s4640,TV Show,TV-MA,Adults,2018,TV Comedies
s4641,TV Show,TV-Y,Kids,2018,Kids' TV
s4642,Movie,TV-MA,Adults,2018,Dramas
s4642,Movie,TV-MA,Adults,2018,International Movies
s4642,Movie,TV-MA,Adults,2018,Thrillers
s4643,Movie,TV-MA,Adults,2018,Comedies
s4643,Movie,TV-MA,Adults,2018,Dramas
s4643,Movie,TV-MA,Adults,2018,Independent Movies
s4644,TV Show,TV-14,Teens,2018,International TV Shows
s4644,TV Show,TV-14,Teens,2018,Romantic TV Shows
s4644,TV Show,TV-14,Teens,2018,TV Action & Adventure
s4645,Movie,TV-14,Teens,2018,Documentaries
s4646,TV Show,TV-MA,Adults,2018,International TV Shows
s4646,TV Show,TV-MA,Adults,2018,Korean TV Shows
s4646,TV Show,TV-MA,Adults,2018,TV Dramas
s4647,Movie,TV-MA,Adults,2018,Dramas
s4647,Movie,TV-MA,Adults,2018,International Movies
s4648,TV Show,TV-MA,Adults,2018,Stand-Up Comedy & Talk Shows
s4648,TV Show,TV-MA,Adults,2018,TV Comedies
s4649,TV Show,TV-G,Kids,2018,Docuseries
s4649,TV Show,TV-G,Kids,2018,Kids' TV
s4649,TV Show,TV-G,Kids,2018,Science & Nature TV
s4650,Movie,TV-MA,Adults,2018,Dramas
s4650,Movie,TV-MA,Adults,2018,International Movies
s4651,TV Show,TV-14,Teens,2018,International TV Shows
s4651,TV Show,TV-14,Teens,2018,TV Comedies
s4652,TV Show,TV-Y7,Kids,2018,Kids' TV
s4653,TV Show,TV-Y7,Kids,2018,Kids' TV
s4654,Movie,TV-MA,Adults,2018,Documentaries
s4655,TV Show,TV-MA,Adults,2018,Docuseries
s4656,TV Show,TV-MA,Adults,2018,Crime TV Shows
s4656,TV Show,TV-MA,Adults,2018,TV Action & Adventure
s4656,TV Show,TV-MA,Adults,2018,TV Dramas
s4657,Movie,TV-PG,Teens,2018,Children & Family Movies
s4657,Movie,TV-PG,Teens,2018,Comedies
s4657,Movie,TV-PG,Teens,2018,Sci-Fi & Fantasy
s4658,Movie,PG-13,Adults,2018,Comedies
s4658,Movie,PG-13,Adults,2018,Romantic Movies
s4659,TV Show,TV-Y7,Kids,2018,Kids' TV
s4660,Movie,TV-MA,Adults,2018,Dramas
s4660,Movie,TV-MA,Adults,2018,International Movies
s4660,Movie,TV-MA,Adults,2018,Thrillers
s4661,Movie,TV-14,Teens,2018,Comedies
s4661,Movie,TV-14,Teens,2018,Dramas
s4661,Movie,TV-14,Teens,2018,International Movies
s4662,Movie,TV-MA,Adults,2018,Action & Adventure
s4663,TV Show,TV-MA,Adults,2018,Crime TV Shows
s4663,TV Show,TV-MA,Adults,2018,International TV Shows
s4663,TV Show,TV-MA,Adults,2018,TV Action & Adventure
s4664,TV Show,TV-14,Teens,2018,Crime TV Shows
s4664,TV Show,TV-14,Teens,2018,TV Dramas
s4664,TV Show,TV-14,Teens,2018,TV Mysteries
s4665,TV Show,TV-MA,Adults,2018,Crime TV Shows
s4665,TV Show,TV-MA,Adults,2018,International TV Shows
s4665,TV Show,TV-MA,Adults,2018,TV Dramas
s4666,Movie,TV-MA,Adults,2018,Dramas
s4666,Movie,TV-MA,Adults,2018,International Movies
s4666,Movie,TV-MA,Adults,2018,Thrillers
s4667,Movie,TV-MA,Adults,2018,Dramas
s4667,Movie,TV-MA,Adults,2018,Independent Movies
s4667,Movie,TV-MA,Adults,2018,International Movies
s4668,Movie,TV-14,Teens,2018,Dramas
s4668,Movie,TV-14,Teens,2018,Independent Movies
s4668,Movie,TV-14,Teens,2018,International Movies
s4669,Movie,TV-MA,Adults,2018,Dramas
s4669,Movie,TV-MA,Adults,2018,Independent Movies
s4669,Movie,TV-MA,Adults,2018,International Movies
s4670,Movie,TV-PG,Teens,2018,Dramas
s4670,Movie,TV-PG,Teens,2018,Independent Movies
s4670,Movie,TV-PG,Teens,2018,International Movies
s4671,TV Show,TV-MA,Adults,2018,International TV Shows
s4671,TV Show,TV-MA,Adults,2018,TV Comedies
s4671,TV Show,TV-MA,Adults,2018,TV Dramas
s4672,Movie,TV-MA,Adults,2018,Dramas
s4672,Movie,TV-MA,Adults,2018,International Movies
s4672,Movie,TV-MA,Adults,2018,Sports Movies
s4673,TV Show,TV-MA,Adults,2018,International TV Shows
s4673,TV Show,TV-MA,Adults,2018,Spanish-Language TV Shows
s4673,TV Show,TV-MA,Adults,2018,TV Dramas
s4674,TV Show,TV-MA,Adults,2018,Crime TV Shows
s4674,TV Show,TV-MA,Adults,2018,Docuseries
s4674,TV Show,TV-MA,Adults,2018,International TV Shows
s4675,TV Show,TV-MA,Adults,2018,Stand-Up Comedy & Talk Shows
s4675,TV Show,TV-MA,Adults,2018,TV Comedies
s4676,Movie,TV-MA,Adults,2018,Comedies
s4676,Movie,TV-MA,Adults,2018,International Movies
s4676,Movie,TV-MA,Adults,2018,Romantic Movies
s4677,TV Show,TV-PG,Teens,2018,Reality TV
s4678,TV Show,TV-PG,Teens,2018,Reality TV
s4678,TV Show,TV-PG,Teens,2018,Spanish-Language TV Shows
s4679,TV Show,TV-MA,Adults,2018,Crime TV Shows
s4679,TV Show,TV-MA,Adults,2018,International TV Shows
s4679,TV Show,TV-MA,Adults,2018,Spanish-Language TV Shows
s4680,Movie,TV-14,Teens,2018,Action & Adventure
s4680,Movie,TV-14,Teens,2018,International Movies
s4681,Movie,TV-14,Teens,2018,Comedies
s4681,Movie,TV-14,Teens,2018,International Movies
s4681,Movie,TV-14,Teens,2018,Romantic Movies
s4682,Movie,TV-14,Teens,2018,Action & Adventure
s4682,Movie,TV-14,Teens,2018,International Movies
s4683,TV Show,TV-MA,Adults,2018,Docuseries
s4684,Movie,TV-MA,Adults,2018,Stand-Up Comedy
s4685,Movie,TV-MA,Adults,2018,Stand-Up Comedy
s4686,TV Show,TV-MA,Adults,2018,International TV Shows
s4686,TV Show,TV-MA,Adults,2018,TV Dramas
s4686,TV Show,TV-MA,Adults,2018,TV Horror
s4687,Movie,TV-MA,Adults,2018,Comedies
s4688,TV Show,TV-14,Teens,2018,International TV Shows
s4688,TV Show,TV-14,Teens,2018,TV Comedies
s4688,TV Show,TV-14,Teens,2018,TV Dramas
s4689,Movie,TV-MA,Adults,2018,Comedies
s4689,Movie,TV-MA,Adults,2018,Music & Musicals
s4690,TV Show,TV-MA,Adults,2018,British TV Shows
s4690,TV Show,TV-MA,Adults,2018,International TV Shows
s4690,TV Show,TV-MA,Adults,2018,Romantic TV Shows
s4691,Movie,TV-14,Teens,2018,Comedies
s4691,Movie,TV-14,Teens,2018,Dramas
s4691,Movie,TV-14,Teens,2018,International Movies
s4692,Movie,TV-14,Teens,2018,Action & Adventure
s4692,Movie,TV-14,Teens,2018,Dramas
s4692,Movie,TV-14,Teens,2018,International Movies
s4693,Movie,TV-14,Teens,2018,Dramas
s4693,Movie,TV-14,Teens,2018,International Movies
s4693,Movie,TV-14,Teens,2018,Thrillers
s4694,Movie,PG-13,Adults,2018,Dramas
s4694,Movie,PG-13,Adults,2018,International Movies
s4694,Movie,PG-13,Adults,2018,Romantic Movies
s4695,Movie,TV-14,Teens,2018,Comedies
s4695,Movie,TV-14,Teens,2018,Dramas
s4695,Movie,TV-14,Teens,2018,International Movies
s4696,Movie,TV-14,Teens,2018,Comedies
s4697,TV Show,TV-PG,Teens,2018,Reality TV
s4698,Movie,TV-MA,Adults,2018,Comedies
s4698,Movie,TV-MA,Adults,2018,Dramas
s4698,Movie,TV-MA,Adults,2018,International Movies
s4699,Movie,TV-14,Teens,2018,Comedies
s4699,Movie,TV-14,Teens,2018,International Movies
s4699,Movie,TV-14,Teens,2018,Romantic Movies
s4700,Movie,TV-MA,Adults,2018,Stand-Up Comedy
s4701,Movie,TV-14,Teens,2018,Dramas
s4701,Movie,TV-14,Teens,2018,International Movies
s4701,Movie,TV-14,Teens,2018,Sci-Fi & Fantasy
s4702,Movie,TV-MA,Adults,2018,Comedies
s4702,Movie,TV-MA,Adults,2018,Dramas
s4702,Movie,TV-MA,Adults,2018,Independent Movies
s4703,TV Show,TV-14,Teens,2018,Docuseries
s4703,TV Show,TV-14,Teens,2018,International TV Shows
s4703,TV Show,TV-14,Teens,2018,Science & Nature TV
s4704,TV Show,TV-MA,Adults,2018,Docuseries
s4704,TV Show,TV-MA,Adults,2018,Reality TV
s4704,TV Show,TV-MA,Adults,2018,Science & Nature TV
s4705,TV Show,TV-PG,Teens,2018,TV Comedies
s4706,Movie,TV-PG,Teens,2018,Dramas
s4706,Movie,TV-PG,Teens,2018,Romantic Movies
s4707,Movie,TV-MA,Adults,2018,Comedies
s4708,Movie,TV-PG,Teens,2018,Documentaries
s4708,Movie,TV-PG,Teens,2018,Sports Movies
s4709,Movie,TV-MA,Adults,2018,Dramas
s4709,Movie,TV-MA,Adults,2018,International Movies
s4709,Movie,TV-MA,Adults,2018,Thrillers
s4710,TV Show,TV-14,Teens,2018,TV Dramas
s4710,TV Show,TV-14,Teens,2018,TV Horror
s4710,TV Show,TV-14,Teens,2018,TV Mysteries
s4711,TV Show,TV-14,Teens,2018,International TV Shows
s4711,TV Show,TV-14,Teens,2018,Romantic TV Shows
s4711,TV Show,TV-14,Teens,2018,TV Dramas
s4712,TV Show,TV-14,Teens,2018,International TV Shows
s4712,TV Show,TV-14,Teens,2018,TV Dramas
s4712,TV Show,TV-14,Teens,2018,TV Mysteries
s4713,Movie,TV-PG,Teens,2018,Comedies
s4713,Movie,TV-PG,Teens,2018,Dramas
s4713,Movie,TV-PG,Teens,2018,International Movies
s4714,Movie,TV-14,Teens,2018,Action & Adventure
s4714,Movie,TV-14,Teens,2018,International Movies
s4715,Movie,TV-MA,Adults,2018,Comedies
s4715,Movie,TV-MA,Adults,2018,Dramas
s4715,Movie,TV-MA,Adults,2018,International Movies
s4716,Movie,TV-PG,Teens,2018,Anime Features
s4716,Movie,TV-PG,Teens,2018,International Movies
s4716,Movie,TV-PG,Teens,2018,Romantic Movies
s4717,TV Show,TV-MA,Adults,2018,Crime TV Shows
s4717,TV Show,TV-MA,Adults,2018,International TV Shows
s4717,TV Show,TV-MA,Adults,2018,Spanish-Language TV Shows
s4718,TV Show,TV-Y7,Kids,2018,Kids' TV
s4719,Movie,TV-MA,Adults,2018,Comedies
s4719,Movie,TV-MA,Adults,2018,Dramas
s4720,Movie,TV-MA,Adults,2018,Dramas
s4720,Movie,TV-MA,Adults,2018,International Movies
s4720,Movie,TV-MA,Adults,2018,Thrillers
s4721,Movie,TV-PG,Teens,2018,Children & Family Movies
s4721,Movie,TV-PG,Teens,2018,Comedies
s4721,Movie,TV-PG,Teens,2018,Dramas
s4722,Movie,TV-MA,Adults,2018,Dramas
s4722,Movie,TV-MA,Adults,2018,International Movies
s4723,Movie,TV-14,Teens,2018,Dramas
s4723,Movie,TV-14,Teens,2018,International Movies
s4723,Movie,TV-14,Teens,2018,Romantic Movies
s4724,Movie,TV-14,Teens,2018,Dramas
s4724,Movie,TV-14,Teens,2018,International Movies
s4724,Movie,TV-14,Teens,2018,Music & Musicals
s4725,Movie,TV-14,Teens,2018,Dramas
s4725,Movie,TV-14,Teens,2018,International Movies
s4726,Movie,TV-MA,Adults,2018,Dramas
s4726,Movie,TV-MA,Adults,2018,International Movies
s4726,Movie,TV-MA,Adults,2018,Romantic Movies
s4727,Movie,TV-14,Teens,2018,Action & Adventure
s4727,Movie,TV-14,Teens,2018,Dramas
s4727,Movie,TV-14,Teens,2018,International Movies
s4728,Movie,TV-14,Teens,2018,Comedies
s4728,Movie,TV-14,Teens,2018,International Movies
s4728,Movie,TV-14,Teens,2018,Music & Musicals
s4729,Movie,TV-PG,Teens,2018,Comedies
s4729,Movie,TV-PG,Teens,2018,International Movies
s4729,Movie,TV-PG,Teens,2018,Music & Musicals
s4730,Movie,TV-14,Teens,2018,International Movies
s4730,Movie,TV-14,Teens,2018,Music & Musicals
s4730,Movie,TV-14,Teens,2018,Romantic Movies
s4731,Movie,TV-14,Teens,2018,Action & Adventure
s4731,Movie,TV-14,Teens,2018,Dramas
s4731,Movie,TV-14,Teens,2018,International Movies
s4732,Movie,TV-14,Teens,2018,Dramas
s4732,Movie,TV-14,Teens,2018,International Movies
s4732,Movie,TV-14,Teens,2018,Thrillers
s4733,Movie,TV-14,Teens,2018,Dramas
s4733,Movie,TV-14,Teens,2018,International Movies
s4734,Movie,TV-14,Teens,2018,Action & Adventure
s4734,Movie,TV-14,Teens,2018,Comedies
s4734,Movie,TV-14,Teens,2018,International Movies
s4735,Movie,TV-14,Teens,2018,Dramas
s4735,Movie,TV-14,Teens,2018,International Movies
s4735,Movie,TV-14,Teens,2018,Romantic Movies
s4736,Movie,TV-14,Teens,2018,Comedies
s4736,Movie,TV-14,Teens,2018,International Movies
s4736,Movie,TV-14,Teens,2018,Romantic Movies
s4737,Movie,TV-14,Teens,2018,Comedies
s4737,Movie,TV-14,Teens,2018,International Movies
s4737,Movie,TV-14,Teens,2018,Romantic Movies
s4738,Movie,TV-PG,Teens,2018,Children & Family Movies
s4738,Movie,TV-PG,Teens,2018,Dramas
s4738,Movie,TV-PG,Teens,2018,Independent Movies
s4739,TV Show,TV-G,Kids,2018,Docuseries
s4739,TV Show,TV-G,Kids,2018,International TV Shows
s4740,Movie,TV-MA,Adults,2018,Documentaries
s4741,Movie,TV-MA,Adults,2018,Dramas
s4741,Movie,TV-MA,Adults,2018,Independent Movies
s4741,Movie,TV-MA,Adults,2018,International Movies
s4742,TV Show,TV-MA,Adults,2018,International TV Shows
s4742,TV Show,TV-MA,Adults,2018,TV Dramas
s4742,TV Show,TV-MA,Adults,2018,TV Mysteries
s4743,TV Show,TV-14,Teens,2018,International TV Shows
s4743,TV Show,TV-14,Teens,2018,Romantic TV Shows
s4743,TV Show,TV-14,Teens,2018,TV Dramas
s4744,TV Show,TV-MA,Adults,2018,International TV Shows
s4744,TV Show,TV-MA,Adults,2018,TV Comedies
s4745,TV Show,TV-MA,Adults,2018,Anime Series
s4745,TV Show,TV-MA,Adults,2018,International TV Shows
s4746,Movie,TV-PG,Teens,2018,Movies
s4747,Movie,TV-14,Teens,2018,Comedies
s4748,TV Show,TV-MA,Adults,2018,TV Comedies
s4749,Movie,TV-MA,Adults,2018,Comedies
s4749,Movie,TV-MA,Adults,2018,Horror Movies
s4749,Movie,TV-MA,Adults,2018,International Movies
s4750,Movie,TV-MA,Adults,2018,Stand-Up Comedy
s4751,TV Show,TV-MA,Adults,2018,Crime TV Shows
s4751,TV Show,TV-MA,Adults,2018,Spanish-Language TV Shows
s4751,TV Show,TV-MA,Adults,2018,TV Action & Adventure
s4752,Movie,TV-MA,Adults,2018,Action & Adventure
s4752,Movie,TV-MA,Adults,2018,Dramas
s4752,Movie,TV-MA,Adults,2018,Sci-Fi & Fantasy
s4753,TV Show,TV-MA,Adults,2018,Crime TV Shows
s4753,TV Show,TV-MA,Adults,2018,International TV Shows
s4753,TV Show,TV-MA,Adults,2018,TV Action & Adventure
s4754,Movie,TV-14,Teens,2018,Documentaries
s4755,TV Show,TV-MA,Adults,2018,International TV Shows
s4755,TV Show,TV-MA,Adults,2018,TV Comedies
s4755,TV Show,TV-MA,Adults,2018,TV Dramas
s4756,Movie,TV-PG,Teens,2018,Dramas
s4756,Movie,TV-PG,Teens,2018,International Movies
s4757,Movie,TV-MA,Adults,2018,Stand-Up Comedy
s4758,Movie,TV-MA,Adults,2018,International Movies
s4758,Movie,TV-MA,Adults,2018,Thrillers
s4759,TV Show,TV-PG,Teens,2018,British TV Shows
s4759,TV Show,TV-PG,Teens,2018,International TV Shows
s4759,TV Show,TV-PG,Teens,2018,Reality TV
s4760,TV Show,TV-MA,Adults,2018,Docuseries
s4760,TV Show,TV-MA,Adults,2018,International TV Shows
s4761,Movie,PG,Teens,2018,Children & Family Movies
s4761,Movie,PG,Teens,2018,Comedies
s4762,Movie,TV-MA,Adults,2018,Comedies
s4763,TV Show,TV-Y7,Kids,2018,Kids' TV
s4763,TV Show,TV-Y7,Kids,2018,TV Comedies
s4764,TV Show,TV-MA,Adults,2018,International TV Shows
s4764,TV Show,TV-MA,Adults,2018,TV Comedies
s4764,TV Show,TV-MA,Adults,2018,TV Dramas
s4765,TV Show,TV-Y,Kids,2018,Kids' TV
s4766,Movie,PG,Teens,2018,Dramas
s4766,Movie,PG,Teens,2018,Faith & Spirituality
s4766,Movie,PG,Teens,2018,International Movies
s4767,Movie,TV-MA,Adults,2018,Comedies
s4767,Movie,TV-MA,Adults,2018,International Movies
s4768,TV Show,TV-14,Teens,2018,Docuseries
s4768,TV Show,TV-14,Teens,2018,International TV Shows
s4768,TV Show,TV-14,Teens,2018,Spanish-Language TV Shows
s4769,Movie,TV-14,Teens,2018,Documentaries
s4769,Movie,TV-14,Teens,2018,International Movies
s4769,Movie,TV-14,Teens,2018,Music & Musicals
s4770,Movie,TV-14,Teens,2018,Action & Adventure
s4770,Movie,TV-14,Teens,2018,Anime Features
s4770,Movie,TV-14,Teens,2018,International Movies
s4771,Movie,TV-G,Kids,2018,Children & Family Movies
s4771,Movie,TV-G,Kids,2018,Dramas
s4771,Movie,TV-G,Kids,2018,International Movies
s4772,TV Show,TV-MA,Adults,2018,Stand-Up Comedy & Talk Shows
s4772,TV Show,TV-MA,Adults,2018,TV Comedies
s4773,TV Show,TV-14,Teens,2018,International TV Shows
s4773,TV Show,TV-14,Teens,2018,Romantic TV Shows
s4773,TV Show,TV-14,Teens,2018,TV Dramas
s4774,Movie,TV-MA,Adults,2018,Action & Adventure
s4774,Movie,TV-MA,Adults,2018,Sci-Fi & Fantasy
s4775,Movie,TV-MA,Adults,2018,Stand-Up Comedy
s4776,Movie,TV-MA,Adults,2018,Horror Movies
s4776,Movie,TV-MA,Adults,2018,Independent Movies
s4776,Movie,TV-MA,Adults,2018,International Movies
s4777,TV Show,TV-MA,Adults,2018,International TV Shows
s4777,TV Show,TV-MA,Adults,2018,TV Action & Adventure
s4777,TV Show,TV-MA,Adults,2018,TV Dramas
s4778,TV Show,TV-MA,Adults,2018,British TV Shows
s4778,TV Show,TV-MA,Adults,2018,International TV Shows
s4778,TV Show,TV-MA,Adults,2018,Reality TV
s4779,TV Show,TV-MA,Adults,2018,Crime TV Shows
s4779,TV Show,TV-MA,Adults,2018,Docuseries
s4780,TV Show,TV-MA,Adults,2018,International TV Shows
s4780,TV Show,TV-MA,Adults,2018,Korean TV Shows
s4780,TV Show,TV-MA,Adults,2018,Romantic TV Shows
s4781,TV Show,TV-PG,Teens,2018,Docuseries
s4781,TV Show,TV-PG,Teens,2018,International TV Shows
s4782,Movie,TV-14,Teens,2018,Stand-Up Comedy
s4783,Movie,TV-14,Teens,2018,Action & Adventure
s4783,Movie,TV-14,Teens,2018,Comedies
s4783,Movie,TV-14,Teens,2018,Dramas
s4784,Movie,TV-MA,Adults,2018,Dramas
s4784,Movie,TV-MA,Adults,2018,Independent Movies
s4784,Movie,TV-MA,Adults,2018,International Movies
s4785,Movie,TV-PG,Teens,2018,Children & Family Movies
s4785,Movie,TV-PG,Teens,2018,Dramas
s4786,Movie,TV-MA,Adults,2018,Stand-Up Comedy
s4787,Movie,TV-MA,Adults,2018,Stand-Up Comedy
s4788,Movie,TV-MA,Adults,2018,Stand-Up Comedy
s4789,Movie,TV-MA,Adults,2018,Stand-Up Comedy
s4790,Movie,TV-14,Teens,2018,Comedies
s4790,Movie,TV-14,Teens,2018,Dramas
s4790,Movie,TV-14,Teens,2018,International Movies
s4791,Movie,TV-14,Teens,2018,Comedies
s4791,Movie,TV-14,Teens,2018,Dramas
s4791,Movie,TV-14,Teens,2018,International Movies
s4792,Movie,TV-MA,Adults,2018,Stand-Up Comedy
s4793,Movie,TV-14,Teens,2018,Dramas
s4793,Movie,TV-14,Teens,2018,International Movies
s4793,Movie,TV-14,Teens,2018,Romantic Movies
s4794,Movie,TV-14,Teens,2018,Comedies
s4794,Movie,TV-14,Teens,2018,Dramas
s4794,Movie,TV-14,Teens,2018,International Movies
s4795,Movie,TV-MA,Adults,2018,Dramas
s4795,Movie,TV-MA,Adults,2018,Independent Movies
s4795,Movie,TV-MA,Adults,2018,LGBTQ Movies
s4796,Movie,TV-PG,Teens,2018,Children & Family Movies
s4796,Movie,TV-PG,Teens,2018,Comedies
s4796,Movie,TV-PG,Teens,2018,Dramas
s4797,Movie,TV-14,Teens,2018,Dramas
s4797,Movie,TV-14,Teens,2018,International Movies
s4797,Movie,TV-14,Teens,2018,Thrillers
s4798,Movie,TV-14,Teens,2018,Comedies
s4798,Movie,TV-14,Teens,2018,Dramas
s4798,Movie,TV-14,Teens,2018,International Movies
s4799,TV Show,TV-14,Teens,2018,Crime TV Shows
s4799,TV Show,TV-14,Teens,2018,TV Dramas
s4799,TV Show,TV-14,Teens,2018,TV Mysteries
s4800,Movie,TV-14,Teens,2018,Horror Movies
s4800,Movie,TV-14,Teens,2018,International Movies
s4801,Movie,TV-14,Teens,2018,Comedies
s4801,Movie,TV-14,Teens,2018,Dramas
s4801,Movie,TV-14,Teens,2018,International Movies
s4802,Movie,TV-MA,Adults,2018,Documentaries
s4802,Movie,TV-MA,Adults,2018,Music & Musicals
s4803,Movie,TV-MA,Adults,2018,Dramas
s4803,Movie,TV-MA,Adults,2018,Independent Movies
s4803,Movie,TV-MA,Adults,2018,International Movies
s4804,Movie,TV-MA,Adults,2018,Stand-Up Comedy
s4805,TV Show,TV-14,Teens,2018,Crime TV Shows
s4805,TV Show,TV-14,Teens,2018,TV Dramas
s4805,TV Show,TV-14,Teens,2018,TV Mysteries
s4806,Movie,TV-MA,Adults,2018,Horror Movies
s4806,Movie,TV-MA,Adults,2018,Independent Movies
s4806,Movie,TV-MA,Adults,2018,International Movies
s4807,Movie,TV-MA,Adults,2018,Dramas
s4807,Movie,TV-MA,Adults,2018,International Movies
s4807,Movie,TV-MA,Adults,2018,Thrillers
s4808,TV Show,TV-MA,Adults,2018,British TV Shows
s4808,TV Show,TV-MA,Adults,2018,International TV Shows
s4808,TV Show,TV-MA,Adults,2018,Reality TV
s4809,Movie,TV-MA,Adults,2018,Stand-Up Comedy
s4810,TV Show,TV-MA,Adults,2018,British TV Shows
s4810,TV Show,TV-MA,Adults,2018,Crime TV Shows
s4810,TV Show,TV-MA,Adults,2018,International TV Shows
s4811,Movie,TV-14,Teens,2018,Comedies
s4811,Movie,TV-14,Teens,2018,Dramas
s4811,Movie,TV-14,Teens,2018,International Movies
s4812,Movie,TV-MA,Adults,2018,Documentaries
s4813,Movie,R,Adults,2018,Sci-Fi & Fantasy
s4813,Movie,R,Adults,2018,Thrillers
s4814,TV Show,TV-Y7,Kids,2018,Kids' TV
s4814,TV Show,TV-Y7,Kids,2018,TV Comedies
s4815,Movie,TV-MA,Adults,2018,Stand-Up Comedy
s4816,TV Show,TV-MA,Adults,2018,International TV Shows
s4816,TV Show,TV-MA,Adults,2018,TV Comedies
s4817,Movie,TV-MA,Adults,2018,Action & Adventure
s4817,Movie,TV-MA,Adults,2018,Anime Features
s4817,Movie,TV-MA,Adults,2018,Sci-Fi & Fantasy
s4818,Movie,TV-MA,Adults,2018,Comedies
s4818,Movie,TV-MA,Adults,2018,International Movies
s4818,Movie,TV-MA,Adults,2018,LGBTQ Movies
s4819,TV Show,TV-14,Teens,2018,TV Dramas
s4820,Movie,PG-13,Adults,2018,Dramas
s4820,Movie,PG-13,Adults,2018,Independent Movies
s4820,Movie,PG-13,Adults,2018,International Movies
s4821,Movie,TV-MA,Adults,2018,International Movies
s4822,TV Show,TV-MA,Adults,2018,Crime TV Shows
s4822,TV Show,TV-MA,Adults,2018,TV Action & Adventure
s4822,TV Show,TV-MA,Adults,2018,TV Dramas
s4823,Movie,TV-MA,Adults,2018,Dramas
s4823,Movie,TV-MA,Adults,2018,International Movies
s4823,Movie,TV-MA,Adults,2018,Romantic Movies
s4824,Movie,TV-MA,Adults,2018,Stand-Up Comedy
s4825,TV Show,TV-MA,Adults,2018,International TV Shows
s4825,TV Show,TV-MA,Adults,2018,Spanish-Language TV Shows
s4825,TV Show,TV-MA,Adults,2018,TV Comedies
s4826,Movie,TV-MA,Adults,2018,Comedies
s4826,Movie,TV-MA,Adults,2018,Dramas
s4826,Movie,TV-MA,Adults,2018,International Movies
s4827,Movie,TV-MA,Adults,2018,Comedies
s4827,Movie,TV-MA,Adults,2018,International Movies
s4828,Movie,TV-G,Kids,2018,Documentaries
s4828,Movie,TV-G,Kids,2018,International Movies
s4829,Movie,TV-MA,Adults,2018,Comedies
s4829,Movie,TV-MA,Adults,2018,Romantic Movies
s4830,Movie,PG-13,Adults,2018,Dramas
s4830,Movie,PG-13,Adults,2018,Independent Movies
s4830,Movie,PG-13,Adults,2018,International Movies
s4831,Movie,TV-MA,Adults,2018,Dramas
s4831,Movie,TV-MA,Adults,2018,International Movies
s4832,TV Show,TV-Y,Kids,2018,Kids' TV
s4833,TV Show,TV-Y,Kids,2018,Kids' TV
s4834,Movie,TV-MA,Adults,2018,Comedies
s4834,Movie,TV-MA,Adults,2018,Dramas
s4834,Movie,TV-MA,Adults,2018,Independent Movies
s4835,Movie,TV-MA,Adults,2018,Comedies
s4835,Movie,TV-MA,Adults,2018,Independent Movies
s4835,Movie,TV-MA,Adults,2018,International Movies
s4836,Movie,TV-MA,Adults,2018,Stand-Up Comedy
s4837,TV Show,TV-MA,Adults,2018,Crime TV Shows
s4837,TV Show,TV-MA,Adults,2018,Docuseries
s4837,TV Show,TV-MA,Adults,2018,TV Mysteries
s4838,TV Show,TV-14,Teens,2018,TV Dramas
s4839,TV Show,TV-Y7,Kids,2018,Anime Series
s4839,TV Show,TV-Y7,Kids,2018,Kids' TV
s4840,Movie,TV-14,Teens,2018,Dramas
s4840,Movie,TV-14,Teens,2018,International Movies
s4841,Movie,TV-MA,Adults,2018,Dramas
s4841,Movie,TV-MA,Adults,2018,International Movies
s4841,Movie,TV-MA,Adults,2018,Thrillers
s4842,TV Show,TV-MA,Adults,2018,Crime TV Shows
s4842,TV Show,TV-MA,Adults,2018,Docuseries
s4842,TV Show,TV-MA,Adults,2018,International TV Shows
s4843,Movie,TV-MA,Adults,2018,Dramas
s4843,Movie,TV-MA,Adults,2018,Independent Movies
s4844,Movie,TV-MA,Adults,2018,Documentaries
s4844,Movie,TV-MA,Adults,2018,International Movies
s4844,Movie,TV-MA,Adults,2018,Sports Movies
s4845,TV Show,TV-14,Teens,2018,TV Comedies
s4846,TV Show,TV-MA,Adults,2018,TV Comedies
s4847,TV Show,TV-MA,Adults,2018,Stand-Up Comedy & Talk Shows
s4847,TV Show,TV-MA,Adults,2018,TV Comedies
s4848,Movie,TV-MA,Adults,2018,Dramas
s4848,Movie,TV-MA,Adults,2018,International Movies
s4848,Movie,TV-MA,Adults,2018,Thrillers
s4849,TV Show,TV-MA,Adults,2018,International TV Shows
s4849,TV Show,TV-MA,Adults,2018,Korean TV Shows
s4849,TV Show,TV-MA,Adults,2018,Romantic TV Shows
s4850,Movie,TV-MA,Adults,2018,Stand-Up Comedy
s4851,Movie,TV-MA,Adults,2018,Comedies
s4851,Movie,TV-MA,Adults,2018,Romantic Movies
s4852,Movie,TV-14,Teens,2018,Stand-Up Comedy
s4853,TV Show,TV-Y7,Kids,2018,Kids' TV
s4853,TV Show,TV-Y7,Kids,2018,TV Action & Adventure
s4853,TV Show,TV-Y7,Kids,2018,TV Sci-Fi & Fantasy
s4854,TV Show,TV-MA,Adults,2018,International TV Shows
s4854,TV Show,TV-MA,Adults,2018,TV Action & Adventure
s4854,TV Show,TV-MA,Adults,2018,TV Comedies
s4855,Movie,TV-14,Teens,2018,Stand-Up Comedy
s4856,Movie,TV-MA,Adults,2018,Comedies
s4856,Movie,TV-MA,Adults,2018,International Movies
s4856,Movie,TV-MA,Adults,2018,Romantic Movies
s4857,TV Show,TV-Y,Kids,2018,Kids' TV
s4858,TV Show,TV-Y7,Kids,2018,Crime TV Shows
s4858,TV Show,TV-Y7,Kids,2018,Kids' TV
s4858,TV Show,TV-Y7,Kids,2018,TV Comedies
s4859,Movie,TV-MA,Adults,2018,Stand-Up Comedy
s4860,Movie,TV-MA,Adults,2018,Documentaries
s4860,Movie,TV-MA,Adults,2018,International Movies
s4861,Movie,TV-MA,Adults,2018,Action & Adventure
s4861,Movie,TV-MA,Adults,2018,Dramas
s4861,Movie,TV-MA,Adults,2018,International Movies
s4862,Movie,PG-13,Adults,2018,Action & Adventure
s4862,Movie,PG-13,Adults,2018,Anime Features
s4862,Movie,PG-13,Adults,2018,Classic Movies
s4863,TV Show,TV-MA,Adults,2018,Anime Series
s4863,TV Show,TV-MA,Adults,2018,International TV Shows
s4864,Movie,TV-MA,Adults,2018,Stand-Up Comedy
s4865,Movie,TV-MA,Adults,2018,Comedies
s4865,Movie,TV-MA,Adults,2018,Independent Movies
s4866,TV Show,TV-14,Teens,2018,Stand-Up Comedy & Talk Shows
s4867,Movie,TV-MA,Adults,2018,Stand-Up Comedy
s4868,TV Show,TV-MA,Adults,2018,Crime TV Shows
s4868,TV Show,TV-MA,Adults,2018,Docuseries
s4868,TV Show,TV-MA,Adults,2018,TV Mysteries
s4869,Movie,TV-14,Teens,2018,Comedies
s4869,Movie,TV-14,Teens,2018,Romantic Movies
s4870,TV Show,TV-PG,Teens,2018,Kids' TV
s4870,TV Show,TV-PG,Teens,2018,TV Comedies
s4871,Movie,TV-MA,Adults,2018,Stand-Up Comedy
s4872,Movie,TV-14,Teens,2018,Comedies
s4872,Movie,TV-14,Teens,2018,International Movies
s4873,Movie,TV-MA,Adults,2018,Horror Movies
s4874,Movie,G,Kids,2018,Children & Family Movies
s4874,Movie,G,Kids,2018,Comedies
s4874,Movie,G,Kids,2018,Music & Musicals
s4875,TV Show,TV-G,Kids,2018,Stand-Up Comedy & Talk Shows
s4875,TV Show,TV-G,Kids,2018,TV Comedies
s4876,Movie,TV-MA,Adults,2018,Dramas
s4876,Movie,TV-MA,Adults,2018,Sci-Fi & Fantasy
s4876,Movie,TV-MA,Adults,2018,Thrillers
s4877,Movie,TV-MA,Adults,2018,Stand-Up Comedy
s4878,Movie,TV-PG,Teens,2018,Documentaries
s4879,Movie,TV-MA,Adults,2018,Dramas
s4879,Movie,TV-MA,Adults,2018,International Movies
s4880,TV Show,TV-Y7,Kids,2018,Kids' TV
s4881,Movie,TV-14,Teens,2018,Comedies
s4881,Movie,TV-14,Teens,2018,International Movies
s4881,Movie,TV-14,Teens,2018,Romantic Movies
s4882,Movie,TV-MA,Adults,2018,Action & Adventure
s4882,Movie,TV-MA,Adults,2018,International Movies
s4883,Movie,TV-MA,Adults,2018,Comedies
s4883,Movie,TV-MA,Adults,2018,Dramas
s4883,Movie,TV-MA,Adults,2018,International Movies
s4884,Movie,TV-MA,Adults,2018,Comedies
s4884,Movie,TV-MA,Adults,2018,International Movies
s4885,Movie,TV-MA,Adults,2018,Action & Adventure
s4885,Movie,TV-MA,Adults,2018,International Movies
s4886,Movie,TV-MA,Adults,2018,Dramas
s4886,Movie,TV-MA,Adults,2018,International Movies
s4887,Movie,TV-14,Teens,2018,Action & Adventure
s4887,Movie,TV-14,Teens,2018,Dramas
s4887,Movie,TV-14,Teens,2018,Independent Movies
s4888,Movie,TV-PG,Teens,2018,Documentaries
s4888,Movie,TV-PG,Teens,2018,International Movies
s4889,Movie,TV-MA,Adults,2018,Action & Adventure
s4889,Movie,TV-MA,Adults,2018,Independent Movies
s4890,Movie,TV-MA,Adults,2018,Comedies
s4890,Movie,TV-MA,Adults,2018,International Movies
s4891,Movie,TV-MA,Adults,2018,Stand-Up Comedy
s4892,Movie,PG,Teens,2018,Comedies
s4892,Movie,PG,Teens,2018,International Movies
s4892,Movie,PG,Teens,2018,Romantic Movies
s4893,Movie,TV-Y,Kids,2018,Movies
s4894,Movie,TV-Y,Kids,2018,Movies
s4895,Movie,TV-Y,Kids,2018,Movies
s4896,Movie,TV-Y,Kids,2018,Movies
s4897,Movie,TV-Y,Kids,2018,Movies
s4898,Movie,TV-Y,Kids,2018,Movies
s4899,TV Show,TV-Y,Kids,2018,Kids' TV
s4900,Movie,TV-14,Teens,2018,Dramas
s4900,Movie,TV-14,Teens,2018,International Movies
s4901,TV Show,TV-PG,Teens,2018,International TV Shows
s4901,TV Show,TV-PG,Teens,2018,Stand-Up Comedy & Talk Shows
s4902,Movie,R,Adults,2018,Comedies
s4902,Movie,R,Adults,2018,Dramas
s4902,Movie,R,Adults,2018,Independent Movies
s4903,Movie,TV-MA,Adults,2018,Comedies
s4903,Movie,TV-MA,Adults,2018,International Movies
s4904,TV Show,TV-14,Teens,2018,International TV Shows
s4904,TV Show,TV-14,Teens,2018,TV Dramas
s4905,Movie,TV-14,Teens,2018,Comedies
s4905,Movie,TV-14,Teens,2018,International Movies
s4905,Movie,TV-14,Teens,2018,Romantic Movies
s4906,Movie,TV-MA,Adults,2018,Dramas
s4906,Movie,TV-MA,Adults,2018,International Movies
s4907,TV Show,TV-MA,Adults,2018,Docuseries
s4908,Movie,TV-14,Teens,2018,Children & Family Movies
s4908,Movie,TV-14,Teens,2018,Dramas
s4908,Movie,TV-14,Teens,2018,Romantic Movies
s4909,TV Show,TV-14,Teens,2018,International TV Shows
s4909,TV Show,TV-14,Teens,2018,TV Dramas
s4909,TV Show,TV-14,Teens,2018,TV Horror
s4910,Movie,TV-MA,Adults,2018,Comedies
s4910,Movie,TV-MA,Adults,2018,International Movies
s4910,Movie,TV-MA,Adults,2018,Sports Movies
s4911,TV Show,TV-PG,Teens,2018,International TV Shows
s4911,TV Show,TV-PG,Teens,2018,TV Dramas
s4912,Movie,TV-MA,Adults,2018,Documentaries
s4913,Movie,TV-14,Teens,2018,Comedies
s4914,TV Show,TV-PG,Teens,2018,International TV Shows
s4914,TV Show,TV-PG,Teens,2018,Romantic TV Shows
s4914,TV Show,TV-PG,Teens,2018,TV Comedies
s4915,TV Show,TV-14,Teens,2018,International TV Shows
s4915,TV Show,TV-14,Teens,2018,TV Dramas
s4916,Movie,TV-MA,Adults,2018,Stand-Up Comedy
s4917,Movie,TV-PG,Teens,2018,Documentaries
s4918,Movie,TV-Y,Kids,2018,Children & Family Movies
s4919,Movie,TV-MA,Adults,2018,Action & Adventure
s4919,Movie,TV-MA,Adults,2018,Comedies
s4919,Movie,TV-MA,Adults,2018,International Movies
s4920,Movie,TV-PG,Teens,2018,Stand-Up Comedy
s4921,Movie,TV-MA,Adults,2018,Comedies
s4921,Movie,TV-MA,Adults,2018,Dramas
s4921,Movie,TV-MA,Adults,2018,Independent Movies
s4922,Movie,TV-MA,Adults,2018,Comedies
s4922,Movie,TV-MA,Adults,2018,Dramas
s4923,Movie,TV-PG,Teens,2018,Documentaries
s4924,Movie,TV-MA,Adults,2018,Comedies
s4924,Movie,TV-MA,Adults,2018,Dramas
s4924,Movie,TV-MA,Adults,2018,International Movies
s4925,TV Show,TV-MA,Adults,2018,International TV Shows
s4925,TV Show,TV-MA,Adults,2018,TV Dramas
s4926,TV Show,TV-MA,Adults,2018,Crime TV Shows
s4926,TV Show,TV-MA,Adults,2018,International TV Shows
s4926,TV Show,TV-MA,Adults,2018,TV Dramas
s4927,TV Show,TV-MA,Adults,2018,Stand-Up Comedy & Talk Shows
s4927,TV Show,TV-MA,Adults,2018,TV Comedies
s4928,Movie,R,Adults,2018,Action & Adventure
s4928,Movie,R,Adults,2018,Sci-Fi & Fantasy
s4929,Movie,TV-14,Teens,2018,Dramas
s4929,Movie,TV-14,Teens,2018,Faith & Spirituality
s4929,Movie,TV-14,Teens,2018,Independent Movies
s4930,Movie,TV-MA,Adults,2018,Comedies
s4930,Movie,TV-MA,Adults,2018,International Movies
s4930,Movie,TV-MA,Adults,2018,Romantic Movies
s4931,TV Show,TV-Y,Kids,2018,Kids' TV
s4932,Movie,TV-MA,Adults,2018,Dramas
s4932,Movie,TV-MA,Adults,2018,Independent Movies
s4932,Movie,TV-MA,Adults,2018,International Movies
s4933,Movie,TV-MA,Adults,2018,Stand-Up Comedy
s4934,TV Show,TV-MA,Adults,2018,International TV Shows
s4934,TV Show,TV-MA,Adults,2018,TV Dramas
s4935,Movie,TV-MA,Adults,2018,Dramas
s4935,Movie,TV-MA,Adults,2018,Independent Movies
s4936,Movie,TV-MA,Adults,2018,Dramas
s4936,Movie,TV-MA,Adults,2018,Independent Movies
s4936,Movie,TV-MA,Adults,2018,Sports Movies
s4937,Movie,TV-14,Teens,2018,Dramas
s4937,Movie,TV-14,Teens,2018,International Movies
s4937,Movie,TV-14,Teens,2018,Sci-Fi & Fantasy
s4938,Movie,TV-14,Teens,2018,Documentaries
s4938,Movie,TV-14,Teens,2018,Faith & Spirituality
s4939,Movie,TV-MA,Adults,2018,Stand-Up Comedy
s4940,Movie,TV-MA,Adults,2018,Comedies
s4940,Movie,TV-MA,Adults,2018,Dramas
s4940,Movie,TV-MA,Adults,2018,Independent Movies
s4941,Movie,TV-MA,Adults,2018,Stand-Up Comedy
s4942,TV Show,TV-MA,Adults,2018,British TV Shows
s4942,TV Show,TV-MA,Adults,2018,International TV Shows
s4942,TV Show,TV-MA,Adults,2018,Romantic TV Shows
s4943,TV Show,TV-PG,Teens,2018,Kids' TV
s4944,Movie,R,Adults,2018,Horror Movies
s4944,Movie,R,Adults,2018,Independent Movies
s4945,Movie,TV-MA,Adults,2018,Stand-Up Comedy
s4946,Movie,TV-MA,Adults,2018,Dramas
s4946,Movie,TV-MA,Adults,2018,International Movies
s4946,Movie,TV-MA,Adults,2018,Thrillers
s4947,TV Show,TV-PG,Teens,2018,TV Action & Adventure
s4947,TV Show,TV-PG,Teens,2018,TV Sci-Fi & Fantasy
s4948,Movie,TV-14,Teens,2018,Dramas
s4948,Movie,TV-14,Teens,2018,International Movies
s4948,Movie,TV-14,Teens,2018,Thrillers
s4949,Movie,TV-PG,Teens,2018,Dramas
s4949,Movie,TV-PG,Teens,2018,International Movies
s4950,TV Show,TV-MA,Adults,2018,Crime TV Shows
s4950,TV Show,TV-MA,Adults,2018,International TV Shows
s4950,TV Show,TV-MA,Adults,2018,TV Comedies
s4951,Movie,TV-MA,Adults,2018,Stand-Up Comedy
s4952,TV Show,TV-MA,Adults,2018,British TV Shows
s4952,TV Show,TV-MA,Adults,2018,International TV Shows
s4952,TV Show,TV-MA,Adults,2018,TV Comedies
s4953,Movie,TV-14,Teens,2018,Action & Adventure
s4953,Movie,TV-14,Teens,2018,Comedies
s4953,Movie,TV-14,Teens,2018,Dramas
s4954,Movie,TV-14,Teens,2018,Dramas
s4954,Movie,TV-14,Teens,2018,International Movies
s4954,Movie,TV-14,Teens,2018,Thrillers
s4955,Movie,TV-14,Teens,2018,Comedies
s4955,Movie,TV-14,Teens,2018,Dramas
s4955,Movie,TV-14,Teens,2018,International Movies
s4956,Movie,TV-PG,Teens,2018,Dramas
s4956,Movie,TV-PG,Teens,2018,International Movies
s4956,Movie,TV-PG,Teens,2018,Romantic Movies
s4957,Movie,TV-14,Teens,2018,Comedies
s4957,Movie,TV-14,Teens,2018,Dramas
s4957,Movie,TV-14,Teens,2018,International Movies
s4958,TV Show,TV-MA,Adults,2018,British TV Shows
s4958,TV Show,TV-MA,Adults,2018,International TV Shows
s4958,TV Show,TV-MA,Adults,2018,Romantic TV Shows
s4959,Movie,R,Adults,2018,Action & Adventure
s4959,Movie,R,Adults,2018,Sci-Fi & Fantasy
s4960,Movie,TV-MA,Adults,2018,Dramas
s4960,Movie,TV-MA,Adults,2018,Independent Movies
s4960,Movie,TV-MA,Adults,2018,Sports Movies
s4961,Movie,TV-MA,Adults,2018,Comedies
s4961,Movie,TV-MA,Adults,2018,Romantic Movies
s4962,TV Show,TV-MA,Adults,2018,Docuseries
s4963,Movie,TV-MA,Adults,2018,Stand-Up Comedy
s4964,Movie,TV-MA,Adults,2018,Dramas
s4964,Movie,TV-MA,Adults,2018,Sci-Fi & Fantasy
s4964,Movie,TV-MA,Adults,2018,Thrillers
s4965,TV Show,TV-MA,Adults,2018,Classic & Cult TV
s4965,TV Show,TV-MA,Adults,2018,Crime TV Shows
s4965,TV Show,TV-MA,Adults,2018,International TV Shows
s4966,Movie,R,Adults,2018,Comedies
s4966,Movie,R,Adults,2018,Cult Movies
s4967,Movie,R,Adults,2018,Comedies
s4967,Movie,R,Adults,2018,Cult Movies
s4968,TV Show,TV-14,Teens,2018,Docuseries
s4969,TV Show,TV-14,Teens,2018,British TV Shows
s4969,TV Show,TV-14,Teens,2018,International TV Shows
s4969,TV Show,TV-14,Teens,2018,Stand-Up Comedy & Talk Shows
s4970,Movie,TV-MA,Adults,2018,Dramas
s4970,Movie,TV-MA,Adults,2018,International Movies
s4970,Movie,TV-MA,Adults,2018,Thrillers
s4971,Movie,TV-MA,Adults,2018,Action & Adventure
s4971,Movie,TV-MA,Adults,2018,Comedies
s4972,Movie,TV-MA,Adults,2018,Dramas
s4972,Movie,TV-MA,Adults,2018,International Movies
s4973,Movie,TV-MA,Adults,2018,Dramas
s4973,Movie,TV-MA,Adults,2018,Independent Movies
s4973,Movie,TV-MA,Adults,2018,Music & Musicals
s4974,TV Show,TV-MA,Adults,2018,British TV Shows
s4974,TV Show,TV-MA,Adults,2018,International TV Shows
s4974,TV Show,TV-MA,Adults,2018,TV Dramas
s4975,Movie,TV-MA,Adults,2018,Dramas
s4975,Movie,TV-MA,Adults,2018,Music & Musicals
s4976,Movie,TV-14,Teens,2018,Dramas
s4976,Movie,TV-14,Teens,2018,International Movies
s4976,Movie,TV-14,Teens,2018,Music & Musicals
s4977,TV Show,TV-MA,Adults,2018,Stand-Up Comedy & Talk Shows
s4977,TV Show,TV-MA,Adults,2018,TV Comedies
s4978,Movie,TV-PG,Teens,2018,Children & Family Movies
s4978,Movie,TV-PG,Teens,2018,Dramas
s4979,TV Show,TV-MA,Adults,2018,International TV Shows
s4979,TV Show,TV-MA,Adults,2018,Spanish-Language TV Shows
s4979,TV Show,TV-MA,Adults,2018,TV Dramas
s4980,Movie,TV-14,Teens,2018,Documentaries
s4981,TV Show,TV-MA,Adults,2018,Crime TV Shows
s4981,TV Show,TV-MA,Adults,2018,Docuseries
s4982,Movie,TV-MA,Adults,2018,Stand-Up Comedy
s4983,Movie,PG-13,Adults,2018,Anime Features
s4983,Movie,PG-13,Adults,2018,Children & Family Movies
s4983,Movie,PG-13,Adults,2018,International Movies
s4984,Movie,TV-MA,Adults,2018,Comedies
s4984,Movie,TV-MA,Adults,2018,Dramas
s4984,Movie,TV-MA,Adults,2018,International Movies
s4985,TV Show,TV-14,Teens,2018,International TV Shows
s4985,TV Show,TV-14,Teens,2018,Romantic TV Shows
s4985,TV Show,TV-14,Teens,2018,TV Dramas
s4986,TV Show,TV-MA,Adults,2018,International TV Shows
s4986,TV Show,TV-MA,Adults,2018,TV Dramas
s4986,TV Show,TV-MA,Adults,2018,TV Mysteries
s4987,Movie,TV-MA,Adults,2018,Dramas
s4987,Movie,TV-MA,Adults,2018,International Movies
s4988,Movie,TV-MA,Adults,2018,Action & Adventure
s4988,Movie,TV-MA,Adults,2018,Dramas
s4988,Movie,TV-MA,Adults,2018,International Movies
s4989,TV Show,TV-14,Teens,2018,Anime Series
s4989,TV Show,TV-14,Teens,2018,International TV Shows
s4990,Movie,TV-MA,Adults,2018,Stand-Up Comedy
s4991,Movie,TV-Y7,Kids,2018,Children & Family Movies
s4992,TV Show,TV-14,Teens,2018,Anime Series
s4992,TV Show,TV-14,Teens,2018,International TV Shows
s4993,TV Show,TV-MA,Adults,2018,British TV Shows
s4993,TV Show,TV-MA,Adults,2018,Crime TV Shows
s4993,TV Show,TV-MA,Adults,2018,International TV Shows
s4994,Movie,TV-MA,Adults,2018,Dramas
s4994,Movie,TV-MA,Adults,2018,Thrillers
s4995,TV Show,TV-MA,Adults,2018,Crime TV Shows
s4995,TV Show,TV-MA,Adults,2018,International TV Shows
s4995,TV Show,TV-MA,Adults,2018,Korean TV Shows
s4996,Movie,TV-G,Kids,2018,Documentaries
s4996,Movie,TV-G,Kids,2018,International Movies
s4996,Movie,TV-G,Kids,2018,Sports Movies
s4997,Movie,R,Adults,2018,International Movies
s4997,Movie,R,Adults,2018,Thrillers
s4998,TV Show,TV-MA,Adults,2018,Crime TV Shows
s4998,TV Show,TV-MA,Adults,2018,International TV Shows
s4998,TV Show,TV-MA,Adults,2018,TV Dramas
s4999,Movie,TV-14,Teens,2018,Stand-Up Comedy
s5000,Movie,TV-G,Kids,2018,Children & Family Movies
s5000,Movie,TV-G,Kids,2018,Documentaries
s5001,TV Show,TV-MA,Adults,2018,Docuseries
s5001,TV Show,TV-MA,Adults,2018,Science & Nature TV
s5002,Movie,TV-MA,Adults,2018,Stand-Up Comedy
s5003,Movie,TV-MA,Adults,2018,Stand-Up Comedy
s5004,Movie,TV-MA,Adults,2018,Horror Movies
s5004,Movie,TV-MA,Adults,2018,International Movies
s5005,TV Show,TV-MA,Adults,2018,Crime TV Shows
s5005,TV Show,TV-MA,Adults,2018,International TV Shows
s5005,TV Show,TV-MA,Adults,2018,TV Dramas
s5006,Movie,TV-MA,Adults,2018,Stand-Up Comedy
s5007,Movie,TV-MA,Adults,2018,Action & Adventure
s5007,Movie,TV-MA,Adults,2018,Independent Movies
s5007,Movie,TV-MA,Adults,2018,Sci-Fi & Fantasy
s5008,Movie,TV-14,Teens,2018,Dramas
s5008,Movie,TV-14,Teens,2018,International Movies
s5008,Movie,TV-14,Teens,2018,Romantic Movies
s5009,Movie,TV-PG,Teens,2018,Dramas
s5009,Movie,TV-PG,Teens,2018,International Movies
s5010,Movie,TV-14,Teens,2018,Action & Adventure
s5010,Movie,TV-14,Teens,2018,Comedies
s5010,Movie,TV-14,Teens,2018,International Movies
s5011,Movie,R,Adults,2018,Dramas
s5011,Movie,R,Adults,2018,Music & Musicals
s5011,Movie,R,Adults,2018,Romantic Movies
s5012,Movie,TV-14,Teens,2018,Comedies
s5012,Movie,TV-14,Teens,2018,International Movies
s5013,Movie,TV-PG,Teens,2018,Dramas
s5013,Movie,TV-PG,Teens,2018,International Movies
s5013,Movie,TV-PG,Teens,2018,Romantic Movies
s5014,Movie,TV-MA,Adults,2018,Comedies
s5014,Movie,TV-MA,Adults,2018,Independent Movies
s5014,Movie,TV-MA,Adults,2018,International Movies
s5015,Movie,TV-PG,Teens,2018,Dramas
s5015,Movie,TV-PG,Teens,2018,International Movies
s5016,Movie,TV-MA,Adults,2018,Comedies
s5016,Movie,TV-MA,Adults,2018,International Movies
s5017,Movie,TV-MA,Adults,2018,Movies
s5018,Movie,TV-MA,Adults,2018,Movies
s5019,Movie,TV-MA,Adults,2018,Comedies
s5019,Movie,TV-MA,Adults,2018,Cult Movies
s5020,Movie,TV-MA,Adults,2018,Movies
s5021,Movie,TV-14,Teens,2018,Comedies
s5021,Movie,TV-14,Teens,2018,Independent Movies
s5021,Movie,TV-14,Teens,2018,International Movies
s5022,Movie,TV-14,Teens,2018,Dramas
s5022,Movie,TV-14,Teens,2018,International Movies
s5023,Movie,TV-MA,Adults,2018,Dramas
s5023,Movie,TV-MA,Adults,2018,International Movies
s5023,Movie,TV-MA,Adults,2018,Thrillers
s5024,Movie,TV-MA,Adults,2018,Movies
s5025,Movie,TV-MA,Adults,2018,Stand-Up Comedy
s5026,Movie,TV-MA,Adults,2018,Horror Movies
s5026,Movie,TV-MA,Adults,2018,International Movies
s5026,Movie,TV-MA,Adults,2018,Thrillers
s5027,TV Show,TV-14,Teens,2018,International TV Shows
s5027,TV Show,TV-14,Teens,2018,Romantic TV Shows
s5027,TV Show,TV-14,Teens,2018,TV Comedies
s5028,TV Show,TV-MA,Adults,2018,International TV Shows
s5028,TV Show,TV-MA,Adults,2018,TV Dramas
s5028,TV Show,TV-MA,Adults,2018,TV Thrillers
s5029,Movie,TV-MA,Adults,2018,Sci-Fi & Fantasy
s5029,Movie,TV-MA,Adults,2018,Thrillers
s5030,TV Show,TV-MA,Adults,2018,Crime TV Shows
s5030,TV Show,TV-MA,Adults,2018,TV Dramas
s5031,TV Show,TV-14,Teens,2018,British TV Shows
s5031,TV Show,TV-14,Teens,2018,Docuseries
s5031,TV Show,TV-14,Teens,2018,International TV Shows
s5032,Movie,TV-MA,Adults,2018,Dramas
s5032,Movie,TV-MA,Adults,2018,International Movies
s5032,Movie,TV-MA,Adults,2018,Thrillers
s5033,TV Show,TV-MA,Adults,2018,British TV Shows
s5033,TV Show,TV-MA,Adults,2018,Crime TV Shows
s5033,TV Show,TV-MA,Adults,2018,International TV Shows
s5034,Movie,TV-PG,Teens,2018,Action & Adventure
s5034,Movie,TV-PG,Teens,2018,Dramas
s5034,Movie,TV-PG,Teens,2018,International Movies
s5035,Movie,TV-MA,Adults,2018,Stand-Up Comedy
s5036,TV Show,TV-Y7,Kids,2018,Kids' TV
s5036,TV Show,TV-Y7,Kids,2018,TV Action & Adventure
s5037,TV Show,TV-14,Teens,2018,TV Comedies
s5037,TV Show,TV-14,Teens,2018,TV Dramas
s5037,TV Show,TV-14,Teens,2018,Teen TV Shows
s5038,Movie,TV-MA,Adults,2018,Dramas
s5038,Movie,TV-MA,Adults,2018,Romantic Movies
s5039,TV Show,TV-MA,Adults,2018,International TV Shows
s5039,TV Show,TV-MA,Adults,2018,TV Dramas
s5039,TV Show,TV-MA,Adults,2018,TV Mysteries
s5040,Movie,TV-MA,Adults,2018,Stand-Up Comedy
s5041,Movie,TV-14,Teens,2018,Comedies
s5041,Movie,TV-14,Teens,2018,International Movies
s5041,Movie,TV-14,Teens,2018,Romantic Movies
s5042,Movie,TV-14,Teens,2018,Documentaries
s5043,Movie,TV-MA,Adults,2018,Horror Movies
s5043,Movie,TV-MA,Adults,2018,International Movies
s5043,Movie,TV-MA,Adults,2018,Thrillers
s5044,Movie,TV-PG,Teens,2018,Documentaries
s5044,Movie,TV-PG,Teens,2018,International Movies
s5045,Movie,TV-14,Teens,2018,Comedies
s5045,Movie,TV-14,Teens,2018,Romantic Movies
s5046,Movie,TV-PG,Teens,2018,Music & Musicals
s5046,Movie,TV-PG,Teens,2018,Stand-Up Comedy
s5047,TV Show,TV-14,Teens,2018,TV Action & Adventure
s5047,TV Show,TV-14,Teens,2018,TV Dramas
s5048,Movie,PG-13,Adults,2018,Action & Adventure
s5048,Movie,PG-13,Adults,2018,Sci-Fi & Fantasy
s5049,TV Show,TV-MA,Adults,2018,Docuseries
s5049,TV Show,TV-MA,Adults,2018,Reality TV
s5050,Movie,TV-MA,Adults,2018,Stand-Up Comedy
s5051,Movie,TV-MA,Adults,2018,Dramas
s5051,Movie,TV-MA,Adults,2018,International Movies
s5051,Movie,TV-MA,Adults,2018,Romantic Movies
s5052,Movie,TV-14,Teens,2018,Comedies
s5052,Movie,TV-14,Teens,2018,Dramas
s5052,Movie,TV-14,Teens,2018,International Movies
s5053,Movie,TV-MA,Adults,2018,Documentaries
s5054,Movie,TV-MA,Adults,2018,Dramas
s5054,Movie,TV-MA,Adults,2018,Independent Movies
s5054,Movie,TV-MA,Adults,2018,Romantic Movies
s5055,TV Show,TV-MA,Adults,2018,Crime TV Shows
s5055,TV Show,TV-MA,Adults,2018,Docuseries
s5055,TV Show,TV-MA,Adults,2018,International TV Shows
s5056,Movie,TV-PG,Teens,2018,Documentaries
s5056,Movie,TV-PG,Teens,2018,International Movies
s5057,Movie,TV-14,Teens,2018,Stand-Up Comedy
s5058,TV Show,TV-MA,Adults,2018,British TV Shows
s5058,TV Show,TV-MA,Adults,2018,Crime TV Shows
s5058,TV Show,TV-MA,Adults,2018,International TV Shows
s5059,Movie,TV-MA,Adults,2018,Comedies
s5059,Movie,TV-MA,Adults,2018,Dramas
s5059,Movie,TV-MA,Adults,2018,Faith & Spirituality
s5060,Movie,TV-MA,Adults,2018,Comedies
s5061,Movie,TV-MA,Adults,2018,Stand-Up Comedy
s5062,Movie,TV-MA,Adults,2018,Stand-Up Comedy
s5063,Movie,TV-MA,Adults,2018,Stand-Up Comedy
s5064,TV Show,TV-Y7,Kids,2018,Kids' TV
s5064,TV Show,TV-Y7,Kids,2018,TV Comedies
s5065,Movie,R,Adults,2018,Action & Adventure
s5065,Movie,R,Adults,2018,International Movies
s5066,TV Show,TV-MA,Adults,2018,International TV Shows
s5066,TV Show,TV-MA,Adults,2018,Korean TV Shows
s5066,TV Show,TV-MA,Adults,2018,TV Comedies
s5067,Movie,TV-MA,Adults,2018,Stand-Up Comedy
s5068,Movie,TV-MA,Adults,2018,Stand-Up Comedy
s5069,Movie,TV-MA,Adults,2018,Documentaries
s5069,Movie,TV-MA,Adults,2018,International Movies
s5070,TV Show,TV-MA,Adults,2018,TV Action & Adventure
s5070,TV Show,TV-MA,Adults,2018,TV Dramas
s5070,TV Show,TV-MA,Adults,2018,TV Sci-Fi & Fantasy
s5071,TV Show,TV-PG,Teens,2018,International TV Shows
s5071,TV Show,TV-PG,Teens,2018,Romantic TV Shows
s5071,TV Show,TV-PG,Teens,2018,TV Dramas
s5072,Movie,TV-14,Teens,2018,Stand-Up Comedy
s5073,Movie,PG-13,Adults,2018,Comedies
s5074,Movie,TV-MA,Adults,2018,Horror Movies
s5074,Movie,TV-MA,Adults,2018,Thrillers
s5075,Movie,TV-MA,Adults,2018,Independent Movies
s5075,Movie,TV-MA,Adults,2018,International Movies
s5075,Movie,TV-MA,Adults,2018,Thrillers
s5076,TV Show,TV-MA,Adults,2018,International TV Shows
s5076,TV Show,TV-MA,Adults,2018,Romantic TV Shows
s5076,TV Show,TV-MA,Adults,2018,Spanish-Language TV Shows
s5077,Movie,TV-MA,Adults,2018,Stand-Up Comedy
s5078,TV Show,TV-14,Teens,2018,TV Shows
s5079,Movie,TV-MA,Adults,2018,Stand-Up Comedy
s5080,Movie,TV-14,Teens,2018,Action & Adventure
s5080,Movie,TV-14,Teens,2018,International Movies
s5080,Movie,TV-14,Teens,2018,Sci-Fi & Fantasy
s5081,Movie,TV-14,Teens,2018,Dramas
s5081,Movie,TV-14,Teens,2018,International Movies
s5081,Movie,TV-14,Teens,2018,Music & Musicals
s5082,Movie,TV-PG,Teens,2018,Children & Family Movies
s5082,Movie,TV-PG,Teens,2018,Dramas
s5082,Movie,TV-PG,Teens,2018,Sports Movies
s5083,TV Show,TV-MA,Adults,2018,TV Comedies
s5084,Movie,TV-14,Teens,2018,Dramas
s5084,Movie,TV-14,Teens,2018,International Movies
s5085,Movie,TV-14,Teens,2018,Comedies
s5085,Movie,TV-14,Teens,2018,Independent Movies
s5086,Movie,TV-MA,Adults,2018,Documentaries
s5086,Movie,TV-MA,Adults,2018,International Movies
s5087,Movie,TV-MA,Adults,2018,Stand-Up Comedy
s5088,Movie,TV-MA,Adults,2018,Stand-Up Comedy
s5089,Movie,TV-MA,Adults,2018,Horror Movies
s5089,Movie,TV-MA,Adults,2018,International Movies
s5089,Movie,TV-MA,Adults,2018,Thrillers
s5090,TV Show,TV-PG,Teens,2018,International TV Shows
s5090,TV Show,TV-PG,Teens,2018,Romantic TV Shows
s5090,TV Show,TV-PG,Teens,2018,TV Comedies
s5091,TV Show,TV-MA,Adults,2018,Classic & Cult TV
s5091,TV Show,TV-MA,Adults,2018,TV Comedies
s5092,Movie,PG-13,Adults,2018,Horror Movies
s5092,Movie,PG-13,Adults,2018,Thrillers
s5093,TV Show,TV-MA,Adults,2018,Anime Series
s5093,TV Show,TV-MA,Adults,2018,International TV Shows
s5093,TV Show,TV-MA,Adults,2018,TV Horror
s5094,Movie,TV-14,Teens,2018,Comedies
s5094,Movie,TV-14,Teens,2018,Dramas
s5094,Movie,TV-14,Teens,2018,Independent Movies
s5095,Movie,TV-MA,Adults,2018,Documentaries
s5095,Movie,TV-MA,Adults,2018,International Movies
s5096,TV Show,TV-14,Teens,2018,Anime Series
s5096,TV Show,TV-14,Teens,2018,International TV Shows
s5097,TV Show,TV-14,Teens,2018,Anime Series
s5097,TV Show,TV-14,Teens,2018,International TV Shows
s5098,TV Show,TV-MA,Adults,2018,British TV Shows
s5098,TV Show,TV-MA,Adults,2018,International TV Shows
s5098,TV Show,TV-MA,Adults,2018,Romantic TV Shows
s5099,TV Show,TV-Y7,Kids,2018,Anime Series
s5099,TV Show,TV-Y7,Kids,2018,Kids' TV
s5100,TV Show,TV-MA,Adults,2018,Crime TV Shows
s5100,TV Show,TV-MA,Adults,2018,International TV Shows
s5100,TV Show,TV-MA,Adults,2018,TV Dramas
s5101,TV Show,TV-MA,Adults,2017,Stand-Up Comedy & Talk Shows
s5101,TV Show,TV-MA,Adults,2017,TV Comedies
s5102,Movie,R,Adults,2017,Comedies
s5102,Movie,R,Adults,2017,International Movies
s5103,Movie,R,Adults,2017,Comedies
s5103,Movie,R,Adults,2017,International Movies
s5103,Movie,R,Adults,2017,Sports Movies
s5104,TV Show,TV-MA,Adults,2017,Crime TV Shows
s5104,TV Show,TV-MA,Adults,2017,International TV Shows
s5104,TV Show,TV-MA,Adults,2017,TV Dramas
s5105,Movie,TV-14,Teens,2017,Action & Adventure
s5105,Movie,TV-14,Teens,2017,Comedies
s5105,Movie,TV-14,Teens,2017,Dramas
s5106,TV Show,TV-14,Teens,2017,International TV Shows
s5106,TV Show,TV-14,Teens,2017,TV Dramas
s5107,Movie,TV-14,Teens,2017,Children & Family Movies
s5107,Movie,TV-14,Teens,2017,Music & Musicals
s5108,Movie,TV-MA,Adults,2017,Comedies
s5108,Movie,TV-MA,Adults,2017,Independent Movies
s5109,Movie,TV-MA,Adults,2017,Stand-Up Comedy
s5110,TV Show,TV-14,Teens,2017,International TV Shows
s5110,TV Show,TV-14,Teens,2017,Korean TV Shows
s5110,TV Show,TV-14,Teens,2017,TV Comedies
s5111,Movie,TV-MA,Adults,2017,Horror Movies
s5111,Movie,TV-MA,Adults,2017,Independent Movies
s5111,Movie,TV-MA,Adults,2017,Thrillers
s5112,TV Show,TV-PG,Teens,2017,British TV Shows
s5112,TV Show,TV-PG,Teens,2017,Docuseries
s5113,TV Show,TV-14,Teens,2017,Docuseries
s5113,TV Show,TV-14,Teens,2017,International TV Shows
s5113,TV Show,TV-14,Teens,2017,Science & Nature TV
s5114,Movie,TV-MA,Adults,2017,Action & Adventure
s5114,Movie,TV-MA,Adults,2017,Sci-Fi & Fantasy
s5115,Movie,TV-MA,Adults,2017,Dramas
s5115,Movie,TV-MA,Adults,2017,International Movies
s5115,Movie,TV-MA,Adults,2017,Romantic Movies
s5116,Movie,TV-G,Kids,2017,Children & Family Movies
s5116,Movie,TV-G,Kids,2017,Comedies
s5117,Movie,R,Adults,2017,Documentaries
s5118,Movie,TV-MA,Adults,2017,Stand-Up Comedy
s5119,TV Show,TV-14,Teens,2017,Crime TV Shows
s5119,TV Show,TV-14,Teens,2017,International TV Shows
s5119,TV Show,TV-14,Teens,2017,TV Comedies
s5120,TV Show,TV-MA,Adults,2017,International TV Shows
s5120,TV Show,TV-MA,Adults,2017,Korean TV Shows
s5120,TV Show,TV-MA,Adults,2017,Romantic TV Shows
s5121,TV Show,TV-MA,Adults,2017,International TV Shows
s5121,TV Show,TV-MA,Adults,2017,Stand-Up Comedy & Talk Shows
s5121,TV Show,TV-MA,Adults,2017,TV Comedies
s5122,Movie,TV-G,Kids,2017,Dramas
s5122,Movie,TV-G,Kids,2017,International Movies
s5122,Movie,TV-G,Kids,2017,Romantic Movies
s5123,Movie,TV-MA,Adults,2017,Comedies
s5123,Movie,TV-MA,Adults,2017,Dramas
s5123,Movie,TV-MA,Adults,2017,International Movies
s5124,Movie,PG-13,Adults,2017,Comedies
s5124,Movie,PG-13,Adults,2017,Independent Movies
s5125,Movie,TV-MA,Adults,2017,Comedies
s5125,Movie,TV-MA,Adults,2017,Dramas
s5125,Movie,TV-MA,Adults,2017,International Movies
s5126,TV Show,TV-14,Teens,2017,Crime TV Shows
s5126,TV Show,TV-14,Teens,2017,Docuseries
s5127,TV Show,TV-14,Teens,2017,TV Dramas
s5128,Movie,TV-MA,Adults,2017,Stand-Up Comedy
s5129,TV Show,TV-14,Teens,2017,International TV Shows
s5129,TV Show,TV-14,Teens,2017,TV Dramas
s5130,Movie,TV-MA,Adults,2017,Comedies
s5130,Movie,TV-MA,Adults,2017,Dramas
s5131,Movie,TV-14,Teens,2017,Action & Adventure
s5131,Movie,TV-14,Teens,2017,International Movies
s5132,Movie,TV-14,Teens,2017,Dramas
s5132,Movie,TV-14,Teens,2017,International Movies
s5132,Movie,TV-14,Teens,2017,Music & Musicals
s5133,Movie,TV-14,Teens,2017,Documentaries
s5133,Movie,TV-14,Teens,2017,Faith & Spirituality
s5134,Movie,TV-Y7,Kids,2017,Children & Family Movies
s5134,Movie,TV-Y7,Kids,2017,Comedies
s5134,Movie,TV-Y7,Kids,2017,Music & Musicals
s5135,Movie,TV-MA,Adults,2017,Stand-Up Comedy
s5136,Movie,TV-MA,Adults,2017,Comedies
s5136,Movie,TV-MA,Adults,2017,International Movies
s5136,Movie,TV-MA,Adults,2017,Romantic Movies
s5137,Movie,TV-MA,Adults,2017,Horror Movies
s5137,Movie,TV-MA,Adults,2017,Independent Movies
s5138,Movie,TV-Y,Kids,2017,Children & Family Movies
s5138,Movie,TV-Y,Kids,2017,Comedies
s5139,TV Show,TV-Y7,Kids,2017,Kids' TV
s5139,TV Show,TV-Y7,Kids,2017,TV Comedies
s5140,TV Show,TV-14,Teens,2017,International TV Shows
s5140,TV Show,TV-14,Teens,2017,TV Dramas
s5141,Movie,TV-Y,Kids,2017,Children & Family Movies
s5141,Movie,TV-Y,Kids,2017,Comedies
s5141,Movie,TV-Y,Kids,2017,Music & Musicals
s5142,TV Show,TV-PG,Teens,2017,International TV Shows
s5142,TV Show,TV-PG,Teens,2017,TV Comedies
s5143,Movie,TV-Y7,Kids,2017,Children & Family Movies
s5144,Movie,TV-14,Teens,2017,Dramas
s5144,Movie,TV-14,Teens,2017,Independent Movies
s5144,Movie,TV-14,Teens,2017,International Movies
s5145,TV Show,TV-Y7,Kids,2017,Kids' TV
s5145,TV Show,TV-Y7,Kids,2017,TV Comedies
s5146,TV Show,TV-14,Teens,2017,International TV Shows
s5146,TV Show,TV-14,Teens,2017,Romantic TV Shows
s5146,TV Show,TV-14,Teens,2017,TV Dramas
s5147,Movie,TV-MA,Adults,2017,International Movies
s5147,Movie,TV-MA,Adults,2017,Sci-Fi & Fantasy
s5147,Movie,TV-MA,Adults,2017,Thrillers
s5148,TV Show,TV-14,Teens,2017,TV Dramas
s5149,Movie,TV-MA,Adults,2017,Documentaries
s5150,TV Show,TV-MA,Adults,2017,British TV Shows
s5150,TV Show,TV-MA,Adults,2017,International TV Shows
s5150,TV Show,TV-MA,Adults,2017,TV Comedies
s5151,TV Show,TV-MA,Adults,2017,British TV Shows
s5151,TV Show,TV-MA,Adults,2017,Crime TV Shows
s5151,TV Show,TV-MA,Adults,2017,International TV Shows
s5152,Movie,PG-13,Adults,2017,Comedies
s5152,Movie,PG-13,Adults,2017,International Movies
s5153,Movie,TV-14,Teens,2017,Documentaries
s5154,Movie,TV-MA,Adults,2017,Dramas
s5154,Movie,TV-MA,Adults,2017,Independent Movies
s5154,Movie,TV-MA,Adults,2017,International Movies
s5155,TV Show,TV-14,Teens,2017,International TV Shows
s5155,TV Show,TV-14,Teens,2017,Romantic TV Shows
s5155,TV Show,TV-14,Teens,2017,TV Dramas
s5156,TV Show,TV-MA,Adults,2017,International TV Shows
s5156,TV Show,TV-MA,Adults,2017,TV Comedies
s5157,TV Show,TV-MA,Adults,2017,TV Shows
s5158,TV Show,TV-MA,Adults,2017,International TV Shows
s5158,TV Show,TV-MA,Adults,2017,Korean TV Shows
s5158,TV Show,TV-MA,Adults,2017,TV Dramas
s5159,Movie,TV-14,Teens,2017,Music & Musicals
s5160,TV Show,TV-MA,Adults,2017,TV Dramas
s5161,Movie,TV-Y,Kids,2017,Children & Family Movies
s5161,Movie,TV-Y,Kids,2017,Music & Musicals
s5162,Movie,TV-PG,Teens,2017,Stand-Up Comedy
s5163,Movie,TV-PG,Teens,2017,Documentaries
s5164,Movie,TV-PG,Teens,2017,Children & Family Movies
s5164,Movie,TV-PG,Teens,2017,Dramas
s5164,Movie,TV-PG,Teens,2017,Romantic Movies
s5165,Movie,TV-MA,Adults,2017,Documentaries
s5166,TV Show,TV-MA,Adults,2017,Crime TV Shows
s5166,TV Show,TV-MA,Adults,2017,TV Dramas
s5167,TV Show,TV-Y,Kids,2017,Kids' TV
s5168,Movie,R,Adults,2017,Dramas
s5168,Movie,R,Adults,2017,Independent Movies
s5169,TV Show,TV-MA,Adults,2017,Reality TV
s5170,TV Show,TV-14,Teens,2017,Anime Series
s5170,TV Show,TV-14,Teens,2017,International TV Shows
s5170,TV Show,TV-14,Teens,2017,Teen TV Shows
s5171,TV Show,TV-MA,Adults,2017,Crime TV Shows
s5171,TV Show,TV-MA,Adults,2017,International TV Shows
s5171,TV Show,TV-MA,Adults,2017,TV Dramas
s5172,Movie,TV-MA,Adults,2017,Stand-Up Comedy
s5173,Movie,TV-MA,Adults,2017,Action & Adventure
s5173,Movie,TV-MA,Adults,2017,Comedies
s5173,Movie,TV-MA,Adults,2017,International Movies
s5174,TV Show,TV-MA,Adults,2017,International TV Shows
s5174,TV Show,TV-MA,Adults,2017,TV Action & Adventure
s5174,TV Show,TV-MA,Adults,2017,TV Comedies
s5175,TV Show,TV-Y7,Kids,2017,Anime Series
s5175,TV Show,TV-Y7,Kids,2017,Kids' TV
s5176,TV Show,TV-MA,Adults,2017,TV Comedies
s5177,Movie,TV-MA,Adults,2017,Stand-Up Comedy
s5178,Movie,TV-MA,Adults,2017,Action & Adventure
s5178,Movie,TV-MA,Adults,2017,International Movies
s5179,TV Show,TV-MA,Adults,2017,Anime Series
s5179,TV Show,TV-MA,Adults,2017,International TV Shows
s5180,Movie,R,Adults,2017,Documentaries
s5181,TV Show,TV-G,Kids,2017,Kids' TV
s5182,Movie,R,Adults,2017,Dramas
s5183,Movie,TV-MA,Adults,2017,Documentaries
s5184,Movie,PG-13,Adults,2017,Comedies
s5184,Movie,PG-13,Adults,2017,Dramas
s5184,Movie,PG-13,Adults,2017,International Movies
s5185,TV Show,TV-14,Teens,2017,International TV Shows
s5185,TV Show,TV-14,Teens,2017,TV Dramas
s5186,TV Show,TV-MA,Adults,2017,Crime TV Shows
s5186,TV Show,TV-MA,Adults,2017,International TV Shows
s5186,TV Show,TV-MA,Adults,2017,TV Dramas
s5187,Movie,TV-PG,Teens,2017,Action & Adventure
s5187,Movie,TV-PG,Teens,2017,Dramas
s5187,Movie,TV-PG,Teens,2017,International Movies
s5188,Movie,TV-MA,Adults,2017,International Movies
s5188,Movie,TV-MA,Adults,2017,Thrillers
s5189,Movie,TV-PG,Teens,2017,Action & Adventure
s5189,Movie,TV-PG,Teens,2017,Dramas
s5189,Movie,TV-PG,Teens,2017,International Movies
s5190,Movie,TV-G,Kids,2017,Children & Family Movies
s5190,Movie,TV-G,Kids,2017,Comedies
s5191,Movie,TV-MA,Adults,2017,Action & Adventure
s5191,Movie,TV-MA,Adults,2017,Dramas
s5191,Movie,TV-MA,Adults,2017,International Movies
s5192,TV Show,TV-MA,Adults,2017,International TV Shows
s5192,TV Show,TV-MA,Adults,2017,TV Dramas
s5193,TV Show,TV-MA,Adults,2017,International TV Shows
s5193,TV Show,TV-MA,Adults,2017,TV Dramas
s5194,TV Show,TV-14,Teens,2017,International TV Shows
s5194,TV Show,TV-14,Teens,2017,TV Dramas
s5195,TV Show,TV-14,Teens,2017,Crime TV Shows
s5195,TV Show,TV-14,Teens,2017,International TV Shows
s5195,TV Show,TV-14,Teens,2017,TV Action & Adventure
s5196,TV Show,TV-14,Teens,2017,International TV Shows
s5196,TV Show,TV-14,Teens,2017,TV Dramas
s5197,Movie,TV-MA,Adults,2017,Stand-Up Comedy
s5198,Movie,R,Adults,2017,Documentaries
s5199,Movie,PG-13,Adults,2017,Dramas
s5199,Movie,PG-13,Adults,2017,Romantic Movies
s5199,Movie,PG-13,Adults,2017,Sports Movies
s5200,Movie,PG,Teens,2017,Children & Family Movies
s5200,Movie,PG,Teens,2017,Comedies
s5201,TV Show,TV-14,Teens,2017,Stand-Up Comedy & Talk Shows
s5201,TV Show,TV-14,Teens,2017,TV Mysteries
s5201,TV Show,TV-14,Teens,2017,TV Sci-Fi & Fantasy
s5202,Movie,TV-14,Teens,2017,Documentaries
s5203,Movie,R,Adults,2017,Dramas
s5203,Movie,R,Adults,2017,Independent Movies
s5204,Movie,R,Adults,2017,Action & Adventure
s5204,Movie,R,Adults,2017,Thrillers
s5205,Movie,TV-MA,Adults,2017,Stand-Up Comedy
s5206,TV Show,TV-MA,Adults,2017,TV Dramas
s5206,TV Show,TV-MA,Adults,2017,TV Horror
s5206,TV Show,TV-MA,Adults,2017,TV Mysteries
s5207,TV Show,TV-MA,Adults,2017,British TV Shows
s5207,TV Show,TV-MA,Adults,2017,TV Comedies
s5208,Movie,TV-MA,Adults,2017,Dramas
s5208,Movie,TV-MA,Adults,2017,Thrillers
s5209,TV Show,TV-PG,Teens,2017,TV Comedies
s5209,TV Show,TV-PG,Teens,2017,Teen TV Shows
s5210,Movie,TV-14,Teens,2017,Documentaries
s5211,TV Show,TV-MA,Adults,2017,Crime TV Shows
s5211,TV Show,TV-MA,Adults,2017,Docuseries
s5211,TV Show,TV-MA,Adults,2017,International TV Shows
s5212,Movie,TV-MA,Adults,2017,Action & Adventure
s5213,Movie,TV-MA,Adults,2017,Comedies
s5213,Movie,TV-MA,Adults,2017,International Movies
s5213,Movie,TV-MA,Adults,2017,Romantic Movies
s5214,Movie,TV-MA,Adults,2017,Stand-Up Comedy
s5215,Movie,TV-14,Teens,2017,Action & Adventure
s5215,Movie,TV-14,Teens,2017,International Movies
s5216,TV Show,TV-PG,Teens,2017,International TV Shows
s5216,TV Show,TV-PG,Teens,2017,Romantic TV Shows
s5216,TV Show,TV-PG,Teens,2017,TV Dramas
s5217,TV Show,TV-14,Teens,2017,International TV Shows
s5217,TV Show,TV-14,Teens,2017,Romantic TV Shows
s5217,TV Show,TV-14,Teens,2017,TV Comedies
s5218,Movie,TV-14,Teens,2017,Dramas
s5218,Movie,TV-14,Teens,2017,International Movies
s5218,Movie,TV-14,Teens,2017,Music & Musicals
s5219,Movie,TV-MA,Adults,2017,Documentaries
s5219,Movie,TV-MA,Adults,2017,International Movies
s5220,TV Show,TV-Y,Kids,2017,Kids' TV
s5221,Movie,TV-PG,Teens,2017,Comedies
s5221,Movie,TV-PG,Teens,2017,Dramas
s5221,Movie,TV-PG,Teens,2017,International Movies
s5222,TV Show,TV-G,Kids,2017,Docuseries
s5222,TV Show,TV-G,Kids,2017,Reality TV
s5223,Movie,TV-14,Teens,2017,Comedies
s5223,Movie,TV-14,Teens,2017,Dramas
s5223,Movie,TV-14,Teens,2017,International Movies
s5224,Movie,TV-MA,Adults,2017,Dramas
s5224,Movie,TV-MA,Adults,2017,International Movies
s5225,Movie,TV-MA,Adults,2017,Stand-Up Comedy
s5226,Movie,TV-MA,Adults,2017,Documentaries
s5227,Movie,TV-MA,Adults,2017,Comedies
s5227,Movie,TV-MA,Adults,2017,Horror Movies
s5228,Movie,TV-MA,Adults,2017,Comedies
s5228,Movie,TV-MA,Adults,2017,Dramas
s5228,Movie,TV-MA,Adults,2017,Independent Movies
s5229,Movie,TV-MA,Adults,2017,Comedies
s5229,Movie,TV-MA,Adults,2017,International Movies
s5229,Movie,TV-MA,Adults,2017,Romantic Movies
s5230,Movie,TV-MA,Adults,2017,Comedies
s5230,Movie,TV-MA,Adults,2017,Independent Movies
s5230,Movie,TV-MA,Adults,2017,International Movies
s5231,Movie,TV-MA,Adults,2017,Stand-Up Comedy
s5232,TV Show,TV-PG,Teens,2017,Anime Series
s5232,TV Show,TV-PG,Teens,2017,International TV Shows
s5233,TV Show,TV-Y7,Kids,2017,Kids' TV
s5234,Movie,TV-MA,Adults,2017,Documentaries
s5234,Movie,TV-MA,Adults,2017,LGBTQ Movies
s5235,Movie,TV-MA,Adults,2017,Stand-Up Comedy
s5236,Movie,TV-MA,Adults,2017,Dramas
s5236,Movie,TV-MA,Adults,2017,International Movies
s5236,Movie,TV-MA,Adults,2017,Thrillers
s5237,TV Show,TV-Y7,Kids,2017,Anime Series
s5237,TV Show,TV-Y7,Kids,2017,Kids' TV
s5238,TV Show,TV-Y7,Kids,2017,Kids' TV
s5238,TV Show,TV-Y7,Kids,2017,TV Comedies
s5239,Movie,TV-MA,Adults,2017,Comedies
s5239,Movie,TV-MA,Adults,2017,International Movies
s5240,Movie,TV-MA,Adults,2017,Documentaries
s5240,Movie,TV-MA,Adults,2017,International Movies
s5241,Movie,PG-13,Adults,2017,Documentaries
s5241,Movie,PG-13,Adults,2017,Sports Movies
s5242,Movie,TV-Y7,Kids,2017,Children & Family Movies
s5242,Movie,TV-Y7,Kids,2017,Comedies
s5243,TV Show,TV-14,Teens,2017,International TV Shows
s5243,TV Show,TV-14,Teens,2017,TV Dramas
s5244,TV Show,TV-Y,Kids,2017,Kids' TV
s5245,TV Show,TV-14,Teens,2017,Classic & Cult TV
s5245,TV Show,TV-14,Teens,2017,TV Action & Adventure
s5245,TV Show,TV-14,Teens,2017,TV Sci-Fi & Fantasy
s5246,TV Show,TV-PG,Teens,2017,TV Action & Adventure
s5246,TV Show,TV-PG,Teens,2017,TV Sci-Fi & Fantasy
s5247,TV Show,TV-14,Teens,2017,International TV Shows
s5247,TV Show,TV-14,Teens,2017,Romantic TV Shows
s5247,TV Show,TV-14,Teens,2017,TV Dramas
s5248,TV Show,TV-14,Teens,2017,International TV Shows
s5248,TV Show,TV-14,Teens,2017,Romantic TV Shows
s5248,TV Show,TV-14,Teens,2017,TV Dramas
s5249,Movie,TV-14,Teens,2017,Dramas
s5249,Movie,TV-14,Teens,2017,International Movies
s5250,Movie,TV-MA,Adults,2017,Dramas
s5250,Movie,TV-MA,Adults,2017,Independent Movies
s5250,Movie,TV-MA,Adults,2017,International Movies
s5251,TV Show,TV-14,Teens,2017,International TV Shows
s5251,TV Show,TV-14,Teens,2017,TV Dramas
s5252,TV Show,TV-MA,Adults,2017,British TV Shows
s5252,TV Show,TV-MA,Adults,2017,Docuseries
s5252,TV Show,TV-MA,Adults,2017,International TV Shows
s5253,Movie,TV-MA,Adults,2017,Horror Movies
s5253,Movie,TV-MA,Adults,2017,Thrillers
s5254,Movie,TV-14,Teens,2017,Documentaries
s5255,TV Show,TV-PG,Teens,2017,International TV Shows
s5255,TV Show,TV-PG,Teens,2017,TV Comedies
s5255,TV Show,TV-PG,Teens,2017,TV Dramas
s5256,Movie,TV-14,Teens,2017,Dramas
s5256,Movie,TV-14,Teens,2017,Romantic Movies
s5257,Movie,TV-MA,Adults,2017,Documentaries
s5257,Movie,TV-MA,Adults,2017,International Movies
s5258,TV Show,TV-14,Teens,2017,British TV Shows
s5258,TV Show,TV-14,Teens,2017,Docuseries
s5258,TV Show,TV-14,Teens,2017,International TV Shows
s5259,TV Show,TV-MA,Adults,2017,TV Comedies
s5260,TV Show,TV-PG,Teens,2017,International TV Shows
s5260,TV Show,TV-PG,Teens,2017,TV Dramas
s5261,Movie,TV-MA,Adults,2017,Dramas
s5261,Movie,TV-MA,Adults,2017,Independent Movies
s5261,Movie,TV-MA,Adults,2017,International Movies
s5262,Movie,TV-MA,Adults,2017,Stand-Up Comedy
s5263,TV Show,TV-14,Teens,2017,International TV Shows
s5263,TV Show,TV-14,Teens,2017,Reality TV
s5264,TV Show,TV-14,Teens,2017,TV Sci-Fi & Fantasy
s5264,TV Show,TV-14,Teens,2017,TV Thrillers
s5265,Movie,NC-17,Adults,2017,Comedies
s5265,Movie,NC-17,Adults,2017,International Movies
s5266,Movie,TV-MA,Adults,2017,Comedies
s5266,Movie,TV-MA,Adults,2017,Horror Movies
s5266,Movie,TV-MA,Adults,2017,International Movies
s5267,Movie,TV-MA,Adults,2017,Documentaries
s5267,Movie,TV-MA,Adults,2017,Music & Musicals
s5268,Movie,R,Adults,2017,Dramas
s5268,Movie,R,Adults,2017,Independent Movies
s5268,Movie,R,Adults,2017,Thrillers
s5269,Movie,TV-14,Teens,2017,Stand-Up Comedy
s5270,Movie,TV-Y,Kids,2017,Children & Family Movies
s5271,Movie,TV-MA,Adults,2017,Dramas
s5272,Movie,TV-MA,Adults,2017,Documentaries
s5273,TV Show,TV-Y,Kids,2017,Kids' TV
s5274,Movie,G,Kids,2017,Children & Family Movies
s5274,Movie,G,Kids,2017,Documentaries
s5275,TV Show,TV-MA,Adults,2017,TV Comedies
s5275,TV Show,TV-MA,Adults,2017,TV Dramas
s5276,Movie,TV-14,Teens,2017,Documentaries
s5277,Movie,TV-MA,Adults,2017,Stand-Up Comedy
s5278,Movie,TV-14,Teens,2017,Comedies
s5279,TV Show,TV-MA,Adults,2017,Crime TV Shows
s5279,TV Show,TV-MA,Adults,2017,International TV Shows
s5279,TV Show,TV-MA,Adults,2017,Spanish-Language TV Shows
s5280,Movie,TV-MA,Adults,2017,Stand-Up Comedy
s5281,TV Show,TV-MA,Adults,2017,Docuseries
s5281,TV Show,TV-MA,Adults,2017,Science & Nature TV
s5282,Movie,TV-MA,Adults,2017,Stand-Up Comedy
s5283,Movie,TV-MA,Adults,2017,Comedies
s5283,Movie,TV-MA,Adults,2017,Dramas
s5284,Movie,TV-MA,Adults,2017,Stand-Up Comedy
s5285,TV Show,TV-PG,Teens,2017,Romantic TV Shows
s5285,TV Show,TV-PG,Teens,2017,TV Comedies
s5285,TV Show,TV-PG,Teens,2017,TV Dramas
s5286,TV Show,TV-14,Teens,2017,TV Dramas
s5287,TV Show,TV-14,Teens,2017,Crime TV Shows
s5287,TV Show,TV-14,Teens,2017,TV Dramas
s5287,TV Show,TV-14,Teens,2017,TV Mysteries
s5288,TV Show,TV-14,Teens,2017,TV Dramas
s5288,TV Show,TV-14,Teens,2017,TV Mysteries
s5288,TV Show,TV-14,Teens,2017,TV Sci-Fi & Fantasy
s5289,TV Show,TV-MA,Adults,2017,International TV Shows
s5289,TV Show,TV-MA,Adults,2017,TV Comedies
s5289,TV Show,TV-MA,Adults,2017,TV Dramas
s5290,TV Show,TV-PG,Teens,2017,International TV Shows
s5290,TV Show,TV-PG,Teens,2017,TV Dramas
s5290,TV Show,TV-PG,Teens,2017,TV Horror
s5291,Movie,TV-14,Teens,2017,Action & Adventure
s5291,Movie,TV-14,Teens,2017,International Movies
s5292,Movie,TV-MA,Adults,2017,Documentaries
s5292,Movie,TV-MA,Adults,2017,International Movies
s5293,Movie,TV-MA,Adults,2017,Action & Adventure
s5293,Movie,TV-MA,Adults,2017,Anime Features
s5293,Movie,TV-MA,Adults,2017,International Movies
s5294,Movie,TV-MA,Adults,2017,Action & Adventure
s5294,Movie,TV-MA,Adults,2017,Anime Features
s5294,Movie,TV-MA,Adults,2017,International Movies
s5295,Movie,TV-MA,Adults,2017,Dramas
s5295,Movie,TV-MA,Adults,2017,Independent Movies
s5296,Movie,TV-PG,Teens,2017,Comedies
s5296,Movie,TV-PG,Teens,2017,International Movies
s5296,Movie,TV-PG,Teens,2017,Romantic Movies
s5297,Movie,TV-14,Teens,2017,Dramas
s5297,Movie,TV-14,Teens,2017,International Movies
s5297,Movie,TV-14,Teens,2017,Music & Musicals
s5298,TV Show,TV-PG,Teens,2017,International TV Shows
s5298,TV Show,TV-PG,Teens,2017,TV Dramas
s5299,TV Show,TV-14,Teens,2017,Anime Series
s5299,TV Show,TV-14,Teens,2017,International TV Shows
s5300,TV Show,TV-PG,Teens,2017,Docuseries
s5300,TV Show,TV-PG,Teens,2017,Reality TV
s5301,Movie,TV-14,Teens,2017,Action & Adventure
s5301,Movie,TV-14,Teens,2017,International Movies
s5302,TV Show,TV-Y7,Kids,2017,Kids' TV
s5303,Movie,TV-MA,Adults,2017,Comedies
s5303,Movie,TV-MA,Adults,2017,Horror Movies
s5304,Movie,TV-14,Teens,2017,Comedies
s5304,Movie,TV-14,Teens,2017,International Movies
s5304,Movie,TV-14,Teens,2017,Music & Musicals
s5305,Movie,TV-14,Teens,2017,Action & Adventure
s5305,Movie,TV-14,Teens,2017,Dramas
s5305,Movie,TV-14,Teens,2017,International Movies
s5306,TV Show,TV-MA,Adults,2017,Crime TV Shows
s5306,TV Show,TV-MA,Adults,2017,TV Action & Adventure
s5306,TV Show,TV-MA,Adults,2017,TV Dramas
s5307,Movie,TV-MA,Adults,2017,Action & Adventure
s5307,Movie,TV-MA,Adults,2017,Comedies
s5307,Movie,TV-MA,Adults,2017,International Movies
s5308,Movie,TV-MA,Adults,2017,Documentaries
s5308,Movie,TV-MA,Adults,2017,Sports Movies
s5309,Movie,TV-MA,Adults,2017,Documentaries
s5309,Movie,TV-MA,Adults,2017,International Movies
s5310,Movie,TV-14,Teens,2017,Dramas
s5310,Movie,TV-14,Teens,2017,International Movies
s5310,Movie,TV-14,Teens,2017,Romantic Movies
s5311,Movie,TV-MA,Adults,2017,Comedies
s5311,Movie,TV-MA,Adults,2017,Dramas
s5311,Movie,TV-MA,Adults,2017,International Movies
s5312,Movie,TV-G,Kids,2017,Children & Family Movies
s5312,Movie,TV-G,Kids,2017,Comedies
s5313,Movie,TV-14,Teens,2017,Documentaries
s5313,Movie,TV-14,Teens,2017,International Movies
s5314,Movie,TV-MA,Adults,2017,Dramas
s5314,Movie,TV-MA,Adults,2017,International Movies
s5315,Movie,TV-MA,Adults,2017,Documentaries
s5315,Movie,TV-MA,Adults,2017,International Movies
s5316,Movie,TV-14,Teens,2017,Stand-Up Comedy
s5317,Movie,TV-MA,Adults,2017,Independent Movies
s5317,Movie,TV-MA,Adults,2017,Thrillers
s5318,Movie,R,Adults,2017,International Movies
s5318,Movie,R,Adults,2017,Thrillers
s5319,Movie,TV-MA,Adults,2017,Horror Movies
s5319,Movie,TV-MA,Adults,2017,Thrillers
s5320,Movie,TV-MA,Adults,2017,Stand-Up Comedy
s5321,TV Show,TV-Y7,Kids,2017,Kids' TV
s5322,TV Show,TV-MA,Adults,2017,Crime TV Shows
s5322,TV Show,TV-MA,Adults,2017,TV Action & Adventure
s5322,TV Show,TV-MA,Adults,2017,TV Dramas
s5323,Movie,PG-13,Adults,2017,Documentaries
s5323,Movie,PG-13,Adults,2017,Sports Movies
s5324,Movie,TV-MA,Adults,2017,Action & Adventure
s5324,Movie,TV-MA,Adults,2017,Sci-Fi & Fantasy
s5325,TV Show,TV-MA,Adults,2017,Crime TV Shows
s5325,TV Show,TV-MA,Adults,2017,International TV Shows
s5325,TV Show,TV-MA,Adults,2017,TV Dramas
s5326,Movie,TV-MA,Adults,2017,Music & Musicals
s5326,Movie,TV-MA,Adults,2017,Stand-Up Comedy
s5327,Movie,TV-MA,Adults,2017,Stand-Up Comedy
s5328,TV Show,TV-MA,Adults,2017,Crime TV Shows
s5328,TV Show,TV-MA,Adults,2017,International TV Shows
s5328,TV Show,TV-MA,Adults,2017,TV Dramas
s5329,Movie,TV-14,Teens,2017,Comedies
s5330,Movie,TV-MA,Adults,2017,Dramas
s5331,Movie,TV-MA,Adults,2017,Dramas
s5331,Movie,TV-MA,Adults,2017,International Movies
s5332,Movie,TV-14,Teens,2017,Comedies
s5332,Movie,TV-14,Teens,2017,Romantic Movies
s5333,Movie,R,Adults,2017,Horror Movies
s5333,Movie,R,Adults,2017,Independent Movies
s5334,Movie,TV-14,Teens,2017,Action & Adventure
s5335,Movie,TV-MA,Adults,2017,Action & Adventure
s5335,Movie,TV-MA,Adults,2017,Dramas
s5335,Movie,TV-MA,Adults,2017,International Movies
s5336,Movie,TV-14,Teens,2017,Action & Adventure
s5336,Movie,TV-14,Teens,2017,Dramas
s5336,Movie,TV-14,Teens,2017,International Movies
s5337,Movie,TV-MA,Adults,2017,Action & Adventure
s5337,Movie,TV-MA,Adults,2017,Dramas
s5337,Movie,TV-MA,Adults,2017,International Movies
s5338,Movie,TV-14,Teens,2017,Action & Adventure
s5338,Movie,TV-14,Teens,2017,Dramas
s5338,Movie,TV-14,Teens,2017,International Movies
s5339,Movie,TV-14,Teens,2017,Action & Adventure
s5339,Movie,TV-14,Teens,2017,Dramas
s5339,Movie,TV-14,Teens,2017,International Movies
s5340,Movie,TV-14,Teens,2017,Action & Adventure
s5340,Movie,TV-14,Teens,2017,Dramas
s5340,Movie,TV-14,Teens,2017,International Movies
s5341,Movie,TV-Y7,Kids,2017,Children & Family Movies
s5342,Movie,PG-13,Adults,2017,Action & Adventure
s5342,Movie,PG-13,Adults,2017,International Movies
s5342,Movie,PG-13,Adults,2017,Sci-Fi & Fantasy
s5343,Movie,TV-MA,Adults,2017,Stand-Up Comedy
s5344,Movie,TV-MA,Adults,2017,Documentaries
s5344,Movie,TV-MA,Adults,2017,Sports Movies
s5345,Movie,R,Adults,2017,Independent Movies
s5345,Movie,R,Adults,2017,Thrillers
s5346,TV Show,TV-MA,Adults,2017,TV Comedies
s5347,Movie,TV-MA,Adults,2017,International Movies
s5347,Movie,TV-MA,Adults,2017,Thrillers
s5348,TV Show,TV-14,Teens,2017,International TV Shows
s5348,TV Show,TV-14,Teens,2017,TV Dramas
s5348,TV Show,TV-14,Teens,2017,TV Sci-Fi & Fantasy
s5349,TV Show,TV-14,Teens,2017,Crime TV Shows
s5349,TV Show,TV-14,Teens,2017,International TV Shows
s5349,TV Show,TV-14,Teens,2017,TV Dramas
s5350,TV Show,TV-14,Teens,2017,International TV Shows
s5350,TV Show,TV-14,Teens,2017,TV Dramas
s5351,TV Show,TV-14,Teens,2017,Crime TV Shows
s5351,TV Show,TV-14,Teens,2017,International TV Shows
s5351,TV Show,TV-14,Teens,2017,TV Dramas
s5352,Movie,TV-MA,Adults,2017,Comedies
s5352,Movie,TV-MA,Adults,2017,Dramas
s5352,Movie,TV-MA,Adults,2017,International Movies
s5353,TV Show,TV-14,Teens,2017,Crime TV Shows
s5353,TV Show,TV-14,Teens,2017,International TV Shows
s5353,TV Show,TV-14,Teens,2017,TV Dramas
s5354,Movie,TV-Y,Kids,2017,Children & Family Movies
s5354,Movie,TV-Y,Kids,2017,Comedies
s5355,TV Show,TV-PG,Teens,2017,International TV Shows
s5355,TV Show,TV-PG,Teens,2017,Romantic TV Shows
s5355,TV Show,TV-PG,Teens,2017,TV Dramas
s5356,TV Show,TV-MA,Adults,2017,Crime TV Shows
s5356,TV Show,TV-MA,Adults,2017,International TV Shows
s5356,TV Show,TV-MA,Adults,2017,Romantic TV Shows
s5357,TV Show,TV-14,Teens,2017,International TV Shows
s5357,TV Show,TV-14,Teens,2017,Romantic TV Shows
s5357,TV Show,TV-14,Teens,2017,TV Comedies
s5358,Movie,TV-14,Teens,2017,Stand-Up Comedy
s5359,Movie,TV-MA,Adults,2017,Comedies
s5359,Movie,TV-MA,Adults,2017,Independent Movies
s5359,Movie,TV-MA,Adults,2017,Music & Musicals
s5360,Movie,TV-Y,Kids,2017,Children & Family Movies
s5360,Movie,TV-Y,Kids,2017,Dramas
s5360,Movie,TV-Y,Kids,2017,Sports Movies
s5361,TV Show,TV-MA,Adults,2017,Crime TV Shows
s5361,TV Show,TV-MA,Adults,2017,International TV Shows
s5361,TV Show,TV-MA,Adults,2017,Spanish-Language TV Shows
s5362,Movie,TV-MA,Adults,2017,Dramas
s5362,Movie,TV-MA,Adults,2017,Independent Movies
s5362,Movie,TV-MA,Adults,2017,International Movies
s5363,TV Show,TV-14,Teens,2017,International TV Shows
s5363,TV Show,TV-14,Teens,2017,TV Dramas
s5364,TV Show,TV-MA,Adults,2017,British TV Shows
s5364,TV Show,TV-MA,Adults,2017,Classic & Cult TV
s5364,TV Show,TV-MA,Adults,2017,International TV Shows
s5365,Movie,TV-MA,Adults,2017,Comedies
s5365,Movie,TV-MA,Adults,2017,Dramas
s5365,Movie,TV-MA,Adults,2017,International Movies
s5366,TV Show,TV-MA,Adults,2017,British TV Shows
s5366,TV Show,TV-MA,Adults,2017,Crime TV Shows
s5366,TV Show,TV-MA,Adults,2017,International TV Shows
s5367,TV Show,TV-MA,Adults,2017,British TV Shows
s5367,TV Show,TV-MA,Adults,2017,Docuseries
s5367,TV Show,TV-MA,Adults,2017,International TV Shows
s5368,TV Show,TV-14,Teens,2017,Docuseries
s5369,Movie,TV-MA,Adults,2017,Comedies
s5369,Movie,TV-MA,Adults,2017,Independent Movies
s5369,Movie,TV-MA,Adults,2017,Romantic Movies
s5370,Movie,TV-MA,Adults,2017,Stand-Up Comedy
s5371,Movie,TV-14,Teens,2017,Documentaries
s5371,Movie,TV-14,Teens,2017,Music & Musicals
s5372,Movie,TV-MA,Adults,2017,Stand-Up Comedy
s5373,TV Show,TV-MA,Adults,2017,Stand-Up Comedy & Talk Shows
s5374,Movie,TV-MA,Adults,2017,Dramas
s5374,Movie,TV-MA,Adults,2017,International Movies
s5375,Movie,TV-MA,Adults,2017,Dramas
s5375,Movie,TV-MA,Adults,2017,International Movies
s5375,Movie,TV-MA,Adults,2017,Romantic Movies
s5376,Movie,TV-Y7,Kids,2017,Children & Family Movies
s5376,Movie,TV-Y7,Kids,2017,Comedies
s5377,Movie,TV-PG,Teens,2017,Documentaries
s5378,Movie,TV-MA,Adults,2017,Dramas
s5378,Movie,TV-MA,Adults,2017,Independent Movies
s5379,Movie,TV-MA,Adults,2017,Stand-Up Comedy
s5380,Movie,TV-MA,Adults,2017,Stand-Up Comedy
s5381,TV Show,TV-Y7,Kids,2017,Kids' TV
s5382,TV Show,TV-14,Teens,2017,International TV Shows
s5382,TV Show,TV-14,Teens,2017,TV Dramas
s5382,TV Show,TV-14,Teens,2017,Teen TV Shows
s5383,TV Show,TV-PG,Teens,2017,International TV Shows
s5383,TV Show,TV-PG,Teens,2017,Romantic TV Shows
s5383,TV Show,TV-PG,Teens,2017,TV Dramas
s5384,TV Show,TV-14,Teens,2017,International TV Shows
s5384,TV Show,TV-14,Teens,2017,TV Dramas
s5385,TV Show,TV-14,Teens,2017,International TV Shows
s5385,TV Show,TV-14,Teens,2017,TV Dramas
s5386,Movie,TV-MA,Adults,2017,Comedies
s5386,Movie,TV-MA,Adults,2017,Independent Movies
s5387,TV Show,TV-14,Teens,2017,International TV Shows
s5387,TV Show,TV-14,Teens,2017,TV Action & Adventure
s5387,TV Show,TV-14,Teens,2017,TV Dramas
s5388,Movie,TV-14,Teens,2017,Comedies
s5388,Movie,TV-14,Teens,2017,Dramas
s5388,Movie,TV-14,Teens,2017,International Movies
s5389,TV Show,TV-MA,Adults,2017,International TV Shows
s5389,TV Show,TV-MA,Adults,2017,TV Dramas
s5389,TV Show,TV-MA,Adults,2017,TV Mysteries
s5390,Movie,PG,Teens,2017,Children & Family Movies
s5390,Movie,PG,Teens,2017,Dramas
s5390,Movie,PG,Teens,2017,Sports Movies
s5391,TV Show,TV-14,Teens,2017,Crime TV Shows
s5391,TV Show,TV-14,Teens,2017,International TV Shows
s5391,TV Show,TV-14,Teens,2017,TV Dramas
s5392,Movie,TV-PG,Teens,2017,Dramas
s5392,Movie,TV-PG,Teens,2017,International Movies
s5392,Movie,TV-PG,Teens,2017,Music & Musicals
s5393,TV Show,TV-Y,Kids,2017,Kids' TV
s5393,TV Show,TV-Y,Kids,2017,TV Comedies
s5394,TV Show,TV-14,Teens,2017,International TV Shows
s5394,TV Show,TV-14,Teens,2017,TV Dramas
s5395,Movie,TV-MA,Adults,2017,Stand-Up Comedy
s5396,TV Show,TV-MA,Adults,2017,International TV Shows
s5396,TV Show,TV-MA,Adults,2017,Romantic TV Shows
s5396,TV Show,TV-MA,Adults,2017,TV Dramas
s5397,Movie,TV-14,Teens,2017,Classic Movies
s5397,Movie,TV-14,Teens,2017,Dramas
s5397,Movie,TV-14,Teens,2017,International Movies
s5398,TV Show,TV-Y,Kids,2017,British TV Shows
s5398,TV Show,TV-Y,Kids,2017,Kids' TV
s5399,Movie,TV-MA,Adults,2017,Dramas
s5399,Movie,TV-MA,Adults,2017,Independent Movies
s5399,Movie,TV-MA,Adults,2017,International Movies
s5400,TV Show,TV-14,Teens,2017,International TV Shows
s5400,TV Show,TV-14,Teens,2017,TV Dramas
s5400,TV Show,TV-14,Teens,2017,TV Horror
s5401,Movie,TV-PG,Teens,2017,Comedies
s5401,Movie,TV-PG,Teens,2017,Dramas
s5401,Movie,TV-PG,Teens,2017,International Movies
s5402,TV Show,TV-14,Teens,2017,International TV Shows
s5402,TV Show,TV-14,Teens,2017,Romantic TV Shows
s5402,TV Show,TV-14,Teens,2017,TV Dramas
s5403,Movie,TV-14,Teens,2017,International Movies
s5403,Movie,TV-14,Teens,2017,Thrillers
s5404,TV Show,TV-14,Teens,2017,International TV Shows
s5404,TV Show,TV-14,Teens,2017,Romantic TV Shows
s5404,TV Show,TV-14,Teens,2017,TV Dramas
s5405,TV Show,TV-MA,Adults,2017,Crime TV Shows
s5405,TV Show,TV-MA,Adults,2017,International TV Shows
s5405,TV Show,TV-MA,Adults,2017,TV Dramas
s5406,TV Show,TV-14,Teens,2017,International TV Shows
s5406,TV Show,TV-14,Teens,2017,TV Dramas
s5407,TV Show,TV-14,Teens,2017,Crime TV Shows
s5407,TV Show,TV-14,Teens,2017,International TV Shows
s5407,TV Show,TV-14,Teens,2017,TV Dramas
s5408,TV Show,TV-14,Teens,2017,International TV Shows
s5408,TV Show,TV-14,Teens,2017,TV Dramas
s5409,Movie,TV-14,Teens,2017,Dramas
s5409,Movie,TV-14,Teens,2017,International Movies
s5410,TV Show,TV-14,Teens,2017,International TV Shows
s5410,TV Show,TV-14,Teens,2017,TV Dramas
s5411,TV Show,TV-14,Teens,2017,International TV Shows
s5411,TV Show,TV-14,Teens,2017,Romantic TV Shows
s5411,TV Show,TV-14,Teens,2017,TV Comedies
s5412,Movie,TV-PG,Teens,2017,Children & Family Movies
s5412,Movie,TV-PG,Teens,2017,Comedies
s5413,TV Show,TV-14,Teens,2017,Crime TV Shows
s5413,TV Show,TV-14,Teens,2017,TV Dramas
s5413,TV Show,TV-14,Teens,2017,TV Mysteries
s5414,TV Show,TV-MA,Adults,2017,TV Dramas
s5415,TV Show,TV-Y7,Kids,2017,Anime Series
s5415,TV Show,TV-Y7,Kids,2017,International TV Shows
s5416,Movie,TV-MA,Adults,2017,Action & Adventure
s5416,Movie,TV-MA,Adults,2017,Comedies
s5416,Movie,TV-MA,Adults,2017,Dramas
s5417,Movie,TV-MA,Adults,2017,Stand-Up Comedy
s5418,Movie,TV-MA,Adults,2017,Dramas
s5418,Movie,TV-MA,Adults,2017,LGBTQ Movies
s5419,Movie,TV-14,Teens,2017,Documentaries
s5420,Movie,TV-MA,Adults,2017,Dramas
s5420,Movie,TV-MA,Adults,2017,Thrillers
s5421,Movie,TV-PG,Teens,2017,Dramas
s5421,Movie,TV-PG,Teens,2017,International Movies
s5421,Movie,TV-PG,Teens,2017,Sports Movies
s5422,TV Show,TV-14,Teens,2017,TV Comedies
s5423,TV Show,TV-Y7,Kids,2017,Kids' TV
s5423,TV Show,TV-Y7,Kids,2017,TV Comedies
s5424,Movie,TV-Y7,Kids,2017,Children & Family Movies
s5424,Movie,TV-Y7,Kids,2017,Comedies
s5425,Movie,TV-MA,Adults,2017,Stand-Up Comedy
s5426,TV Show,TV-MA,Adults,2017,Crime TV Shows
s5426,TV Show,TV-MA,Adults,2017,TV Dramas
s5427,Movie,TV-MA,Adults,2017,Documentaries
s5427,Movie,TV-MA,Adults,2017,Sports Movies
s5428,Movie,TV-PG,Teens,2017,Documentaries
s5429,TV Show,TV-Y7,Kids,2017,Kids' TV
s5430,Movie,TV-PG,Teens,2017,Comedies
s5430,Movie,TV-PG,Teens,2017,Dramas
s5430,Movie,TV-PG,Teens,2017,International Movies
s5431,Movie,TV-MA,Adults,2017,Stand-Up Comedy
s5432,Movie,TV-PG,Teens,2017,Documentaries
s5433,Movie,TV-MA,Adults,2017,Stand-Up Comedy
s5434,TV Show,TV-PG,Teens,2017,International TV Shows
s5434,TV Show,TV-PG,Teens,2017,Korean TV Shows
s5434,TV Show,TV-PG,Teens,2017,Romantic TV Shows
s5435,TV Show,TV-PG,Teens,2017,International TV Shows
s5435,TV Show,TV-PG,Teens,2017,Korean TV Shows
s5435,TV Show,TV-PG,Teens,2017,Romantic TV Shows
s5436,TV Show,TV-14,Teens,2017,Crime TV Shows
s5436,TV Show,TV-14,Teens,2017,International TV Shows
s5436,TV Show,TV-14,Teens,2017,Korean TV Shows
s5437,TV Show,TV-PG,Teens,2017,Crime TV Shows
s5437,TV Show,TV-PG,Teens,2017,International TV Shows
s5437,TV Show,TV-PG,Teens,2017,Korean TV Shows
s5438,TV Show,TV-14,Teens,2017,International TV Shows
s5438,TV Show,TV-14,Teens,2017,Romantic TV Shows
s5438,TV Show,TV-14,Teens,2017,TV Dramas
s5439,TV Show,TV-14,Teens,2017,International TV Shows
s5439,TV Show,TV-14,Teens,2017,Korean TV Shows
s5439,TV Show,TV-14,Teens,2017,TV Dramas
s5440,TV Show,TV-MA,Adults,2017,International TV Shows
s5440,TV Show,TV-MA,Adults,2017,Korean TV Shows
s5440,TV Show,TV-MA,Adults,2017,Romantic TV Shows
s5441,Movie,TV-MA,Adults,2017,Dramas
s5441,Movie,TV-MA,Adults,2017,Independent Movies
s5441,Movie,TV-MA,Adults,2017,Thrillers
s5442,Movie,TV-14,Teens,2017,Children & Family Movies
s5442,Movie,TV-14,Teens,2017,Dramas
s5442,Movie,TV-14,Teens,2017,Music & Musicals
s5443,Movie,TV-MA,Adults,2017,Action & Adventure
s5443,Movie,TV-MA,Adults,2017,International Movies
s5444,Movie,R,Adults,2017,Dramas
s5444,Movie,R,Adults,2017,International Movies
s5445,TV Show,TV-MA,Adults,2017,British TV Shows
s5445,TV Show,TV-MA,Adults,2017,International TV Shows
s5445,TV Show,TV-MA,Adults,2017,Romantic TV Shows
s5446,TV Show,TV-MA,Adults,2017,TV Comedies
s5446,TV Show,TV-MA,Adults,2017,TV Dramas
s5447,Movie,TV-MA,Adults,2017,International Movies
s5447,Movie,TV-MA,Adults,2017,Sci-Fi & Fantasy
s5447,Movie,TV-MA,Adults,2017,Thrillers
s5448,Movie,TV-14,Teens,2017,Dramas
s5448,Movie,TV-14,Teens,2017,International Movies
s5448,Movie,TV-14,Teens,2017,Music & Musicals
s5449,Movie,TV-PG,Teens,2017,Documentaries
s5450,Movie,TV-MA,Adults,2017,Comedies
s5450,Movie,TV-MA,Adults,2017,Independent Movies
s5451,Movie,TV-14,Teens,2017,Documentaries
s5452,Movie,TV-PG,Teens,2017,Documentaries
s5453,Movie,TV-MA,Adults,2017,Dramas
s5453,Movie,TV-MA,Adults,2017,Independent Movies
s5453,Movie,TV-MA,Adults,2017,International Movies
s5454,Movie,TV-MA,Adults,2017,Comedies
s5454,Movie,TV-MA,Adults,2017,Dramas
s5454,Movie,TV-MA,Adults,2017,Independent Movies
s5455,Movie,TV-MA,Adults,2017,Comedies
s5455,Movie,TV-MA,Adults,2017,International Movies
s5455,Movie,TV-MA,Adults,2017,Romantic Movies
s5456,Movie,TV-14,Teens,2017,Dramas
s5456,Movie,TV-14,Teens,2017,International Movies
s5456,Movie,TV-14,Teens,2017,Music & Musicals
s5457,Movie,TV-PG,Teens,2017,Documentaries
s5457,Movie,TV-PG,Teens,2017,International Movies
s5457,Movie,TV-PG,Teens,2017,LGBTQ Movies
s5458,TV Show,TV-14,Teens,2017,Crime TV Shows
s5458,TV Show,TV-14,Teens,2017,International TV Shows
s5458,TV Show,TV-14,Teens,2017,TV Dramas
s5459,TV Show,TV-Y7,Kids,2017,Kids' TV
s5459,TV Show,TV-Y7,Kids,2017,Korean TV Shows
s5460,TV Show,TV-MA,Adults,2017,Stand-Up Comedy & Talk Shows
s5461,Movie,TV-14,Teens,2017,Action & Adventure
s5461,Movie,TV-14,Teens,2017,Comedies
s5461,Movie,TV-14,Teens,2017,International Movies
s5462,Movie,TV-PG,Teens,2017,Dramas
s5462,Movie,TV-PG,Teens,2017,International Movies
s5462,Movie,TV-PG,Teens,2017,Romantic Movies
s5463,Movie,TV-14,Teens,2017,Dramas
s5463,Movie,TV-14,Teens,2017,International Movies
s5464,Movie,TV-14,Teens,2017,Dramas
s5464,Movie,TV-14,Teens,2017,International Movies
s5464,Movie,TV-14,Teens,2017,Thrillers
s5465,TV Show,TV-14,Teens,2017,International TV Shows
s5465,TV Show,TV-14,Teens,2017,TV Dramas
s5466,TV Show,TV-14,Teens,2017,International TV Shows
s5466,TV Show,TV-14,Teens,2017,TV Dramas
s5467,Movie,TV-PG,Teens,2017,Documentaries
s5468,Movie,TV-14,Teens,2017,Documentaries
s5469,Movie,TV-MA,Adults,2017,Stand-Up Comedy
s5470,Movie,TV-14,Teens,2017,Action & Adventure
s5470,Movie,TV-14,Teens,2017,Dramas
s5470,Movie,TV-14,Teens,2017,International Movies
s5471,TV Show,TV-MA,Adults,2017,TV Dramas
s5471,TV Show,TV-MA,Adults,2017,TV Mysteries
s5471,TV Show,TV-MA,Adults,2017,TV Thrillers
s5472,Movie,TV-14,Teens,2017,Documentaries
s5473,Movie,TV-14,Teens,2017,Action & Adventure
s5473,Movie,TV-14,Teens,2017,Dramas
s5473,Movie,TV-14,Teens,2017,International Movies
s5474,Movie,TV-MA,Adults,2017,Comedies
s5474,Movie,TV-MA,Adults,2017,Dramas
s5475,Movie,TV-MA,Adults,2017,Action & Adventure
s5475,Movie,TV-MA,Adults,2017,International Movies
s5475,Movie,TV-MA,Adults,2017,Sci-Fi & Fantasy
s5476,Movie,TV-MA,Adults,2017,Stand-Up Comedy
s5477,Movie,TV-14,Teens,2017,Action & Adventure
s5477,Movie,TV-14,Teens,2017,Anime Features
s5477,Movie,TV-14,Teens,2017,International Movies
s5478,TV Show,TV-MA,Adults,2017,Docuseries
s5478,TV Show,TV-MA,Adults,2017,International TV Shows
s5479,Movie,TV-MA,Adults,2017,Documentaries
s5479,Movie,TV-MA,Adults,2017,International Movies
s5479,Movie,TV-MA,Adults,2017,LGBTQ Movies
s5480,TV Show,TV-MA,Adults,2017,Crime TV Shows
s5480,TV Show,TV-MA,Adults,2017,Docuseries
s5480,TV Show,TV-MA,Adults,2017,TV Mysteries
s5481,Movie,TV-MA,Adults,2017,Stand-Up Comedy
s5482,Movie,TV-14,Teens,2017,Comedies
s5482,Movie,TV-14,Teens,2017,International Movies
s5482,Movie,TV-14,Teens,2017,Sci-Fi & Fantasy
s5483,Movie,TV-14,Teens,2017,Comedies
s5483,Movie,TV-14,Teens,2017,Dramas
s5483,Movie,TV-14,Teens,2017,International Movies
s5484,Movie,TV-MA,Adults,2017,Dramas
s5484,Movie,TV-MA,Adults,2017,Independent Movies
s5484,Movie,TV-MA,Adults,2017,Romantic Movies
s5485,Movie,TV-14,Teens,2017,Movies
s5486,Movie,TV-14,Teens,2017,Dramas
s5486,Movie,TV-14,Teens,2017,International Movies
s5486,Movie,TV-14,Teens,2017,Music & Musicals
s5487,Movie,TV-MA,Adults,2017,Dramas
s5487,Movie,TV-MA,Adults,2017,International Movies
s5488,Movie,PG-13,Adults,2017,Comedies
s5489,TV Show,TV-Y7,Kids,2017,Kids' TV
s5489,TV Show,TV-Y7,Kids,2017,TV Action & Adventure
s5489,TV Show,TV-Y7,Kids,2017,TV Comedies
s5490,Movie,TV-MA,Adults,2017,Documentaries
s5491,Movie,TV-MA,Adults,2017,Comedies
s5491,Movie,TV-MA,Adults,2017,Cult Movies
s5491,Movie,TV-MA,Adults,2017,Independent Movies
s5492,Movie,TV-Y7,Kids,2017,Children & Family Movies
s5493,Movie,TV-MA,Adults,2017,Stand-Up Comedy
s5494,Movie,TV-MA,Adults,2017,Comedies
s5495,TV Show,TV-Y,Kids,2017,Kids' TV
s5496,Movie,TV-MA,Adults,2017,Stand-Up Comedy
s5497,Movie,TV-PG,Teens,2017,Children & Family Movies
s5497,Movie,TV-PG,Teens,2017,Documentaries
s5498,Movie,TV-MA,Adults,2017,Stand-Up Comedy
s5499,Movie,TV-MA,Adults,2017,Dramas
s5499,Movie,TV-MA,Adults,2017,Independent Movies
s5499,Movie,TV-MA,Adults,2017,International Movies
s5500,Movie,TV-14,Teens,2017,Dramas
s5500,Movie,TV-14,Teens,2017,International Movies
s5500,Movie,TV-14,Teens,2017,Romantic Movies
s5501,Movie,TV-14,Teens,2017,Comedies
s5501,Movie,TV-14,Teens,2017,Dramas
s5501,Movie,TV-14,Teens,2017,International Movies
s5502,Movie,TV-MA,Adults,2017,Comedies
s5502,Movie,TV-MA,Adults,2017,International Movies
s5503,Movie,TV-MA,Adults,2017,Dramas
s5503,Movie,TV-MA,Adults,2017,International Movies
s5503,Movie,TV-MA,Adults,2017,Thrillers
s5504,Movie,TV-PG,Teens,2017,Documentaries
s5505,Movie,TV-MA,Adults,2017,Dramas
s5505,Movie,TV-MA,Adults,2017,International Movies
s5505,Movie,TV-MA,Adults,2017,Romantic Movies
s5506,Movie,TV-MA,Adults,2017,Dramas
s5506,Movie,TV-MA,Adults,2017,Independent Movies
s5506,Movie,TV-MA,Adults,2017,International Movies
s5507,Movie,TV-MA,Adults,2017,Documentaries
s5507,Movie,TV-MA,Adults,2017,International Movies
s5508,Movie,TV-MA,Adults,2017,Dramas
s5508,Movie,TV-MA,Adults,2017,International Movies
s5509,Movie,TV-14,Teens,2017,Documentaries
s5510,TV Show,TV-14,Teens,2017,International TV Shows
s5510,TV Show,TV-14,Teens,2017,Korean TV Shows
s5510,TV Show,TV-14,Teens,2017,Romantic TV Shows
s5511,TV Show,TV-14,Teens,2017,International TV Shows
s5511,TV Show,TV-14,Teens,2017,Korean TV Shows
s5511,TV Show,TV-14,Teens,2017,TV Dramas
s5512,Movie,TV-MA,Adults,2017,Dramas
s5513,Movie,TV-MA,Adults,2017,Dramas
s5513,Movie,TV-MA,Adults,2017,Thrillers
s5514,TV Show,TV-14,Teens,2017,International TV Shows
s5514,TV Show,TV-14,Teens,2017,Korean TV Shows
s5514,TV Show,TV-14,Teens,2017,Romantic TV Shows
s5515,TV Show,TV-MA,Adults,2017,Crime TV Shows
s5515,TV Show,TV-MA,Adults,2017,International TV Shows
s5515,TV Show,TV-MA,Adults,2017,Spanish-Language TV Shows
s5516,Movie,TV-14,Teens,2017,Comedies
s5516,Movie,TV-14,Teens,2017,Dramas
s5516,Movie,TV-14,Teens,2017,International Movies
s5517,Movie,R,Adults,2017,Dramas
s5517,Movie,R,Adults,2017,International Movies
s5518,Movie,TV-MA,Adults,2017,Comedies
s5518,Movie,TV-MA,Adults,2017,International Movies
s5519,Movie,TV-MA,Adults,2017,Stand-Up Comedy
s5520,TV Show,TV-Y7,Kids,2017,Kids' TV
s5520,TV Show,TV-Y7,Kids,2017,TV Comedies
s5521,TV Show,TV-MA,Adults,2017,TV Comedies
s5522,TV Show,TV-MA,Adults,2017,Docuseries
s5523,Movie,TV-MA,Adults,2017,Action & Adventure
s5523,Movie,TV-MA,Adults,2017,Dramas
s5523,Movie,TV-MA,Adults,2017,Independent Movies
s5524,TV Show,TV-Y7,Kids,2017,Kids' TV
s5524,TV Show,TV-Y7,Kids,2017,TV Comedies
s5525,Movie,TV-MA,Adults,2017,Dramas
s5525,Movie,TV-MA,Adults,2017,Independent Movies
s5525,Movie,TV-MA,Adults,2017,Romantic Movies
s5526,Movie,TV-MA,Adults,2017,Stand-Up Comedy
s5527,Movie,TV-PG,Teens,2017,Children & Family Movies
s5527,Movie,TV-PG,Teens,2017,Music & Musicals
s5528,Movie,TV-14,Teens,2017,Children & Family Movies
s5528,Movie,TV-14,Teens,2017,Music & Musicals
s5529,Movie,TV-14,Teens,2017,Children & Family Movies
s5529,Movie,TV-14,Teens,2017,Music & Musicals
s5530,Movie,TV-MA,Adults,2017,Comedies
s5530,Movie,TV-MA,Adults,2017,Dramas
s5530,Movie,TV-MA,Adults,2017,International Movies
s5531,Movie,TV-14,Teens,2017,Comedies
s5531,Movie,TV-14,Teens,2017,Dramas
s5531,Movie,TV-14,Teens,2017,International Movies
s5532,Movie,TV-14,Teens,2017,Dramas
s5532,Movie,TV-14,Teens,2017,International Movies
s5532,Movie,TV-14,Teens,2017,Romantic Movies
s5533,Movie,TV-MA,Adults,2017,Comedies
s5533,Movie,TV-MA,Adults,2017,Dramas
s5533,Movie,TV-MA,Adults,2017,International Movies
s5534,Movie,TV-14,Teens,2017,Comedies
s5535,Movie,TV-MA,Adults,2017,Comedies
s5535,Movie,TV-MA,Adults,2017,International Movies
s5535,Movie,TV-MA,Adults,2017,LGBTQ Movies
s5536,Movie,R,Adults,2017,Stand-Up Comedy
s5537,Movie,TV-MA,Adults,2017,Comedies
s5538,TV Show,TV-14,Teens,2017,International TV Shows
s5538,TV Show,TV-14,Teens,2017,Korean TV Shows
s5538,TV Show,TV-14,Teens,2017,TV Dramas
s5539,TV Show,TV-MA,Adults,2017,TV Dramas
s5540,Movie,TV-MA,Adults,2017,Dramas
s5540,Movie,TV-MA,Adults,2017,International Movies
s5540,Movie,TV-MA,Adults,2017,Romantic Movies
s5541,Movie,TV-MA,Adults,2017,Comedies
s5541,Movie,TV-MA,Adults,2017,Independent Movies
s5541,Movie,TV-MA,Adults,2017,Romantic Movies
s5542,Movie,,Unknown,2017,Movies
s5543,TV Show,TV-MA,Adults,2017,International TV Shows
s5543,TV Show,TV-MA,Adults,2017,TV Dramas
s5544,Movie,TV-MA,Adults,2017,Comedies
s5544,Movie,TV-MA,Adults,2017,Dramas
s5544,Movie,TV-MA,Adults,2017,International Movies
s5545,Movie,TV-MA,Adults,2017,Dramas
s5546,Movie,TV-14,Teens,2017,Action & Adventure
s5546,Movie,TV-14,Teens,2017,Cult Movies
s5546,Movie,TV-14,Teens,2017,International Movies
s5547,Movie,TV-MA,Adults,2017,Dramas
s5547,Movie,TV-MA,Adults,2017,Independent Movies
s5548,Movie,TV-14,Teens,2017,Dramas
s5548,Movie,TV-14,Teens,2017,International Movies
s5549,Movie,TV-MA,Adults,2017,Documentaries
s5550,Movie,TV-14,Teens,2017,Action & Adventure
s5550,Movie,TV-14,Teens,2017,International Movies
s5550,Movie,TV-14,Teens,2017,Music & Musicals
s5551,Movie,TV-MA,Adults,2017,Dramas
s5551,Movie,TV-MA,Adults,2017,International Movies
s5552,Movie,TV-MA,Adults,2017,Dramas
s5552,Movie,TV-MA,Adults,2017,International Movies
s5553,Movie,TV-MA,Adults,2017,Dramas
s5553,Movie,TV-MA,Adults,2017,International Movies
s5553,Movie,TV-MA,Adults,2017,Thrillers
s5554,Movie,TV-MA,Adults,2017,Stand-Up Comedy
s5555,TV Show,TV-MA,Adults,2017,Docuseries
s5556,TV Show,TV-MA,Adults,2017,British TV Shows
s5556,TV Show,TV-MA,Adults,2017,TV Comedies
s5557,Movie,TV-MA,Adults,2017,Dramas
s5557,Movie,TV-MA,Adults,2017,Independent Movies
s5557,Movie,TV-MA,Adults,2017,Romantic Movies
s5558,Movie,TV-MA,Adults,2017,Stand-Up Comedy
s5559,TV Show,TV-Y7,Kids,2017,British TV Shows
s5559,TV Show,TV-Y7,Kids,2017,Kids' TV
s5560,Movie,TV-MA,Adults,2017,Stand-Up Comedy
s5561,Movie,TV-14,Teens,2017,Documentaries
s5562,Movie,TV-MA,Adults,2017,Dramas
s5563,TV Show,TV-MA,Adults,2017,Stand-Up Comedy & Talk Shows
s5563,TV Show,TV-MA,Adults,2017,TV Comedies
s5564,TV Show,TV-14,Teens,2017,Anime Series
s5564,TV Show,TV-14,Teens,2017,Crime TV Shows
s5564,TV Show,TV-14,Teens,2017,International TV Shows
s5565,Movie,TV-MA,Adults,2017,Documentaries
s5566,Movie,TV-14,Teens,2017,Comedies
s5566,Movie,TV-14,Teens,2017,Dramas
s5566,Movie,TV-14,Teens,2017,Independent Movies
s5567,TV Show,TV-Y,Kids,2017,Kids' TV
s5568,TV Show,TV-MA,Adults,2017,Reality TV
s5569,Movie,TV-MA,Adults,2017,Dramas
s5569,Movie,TV-MA,Adults,2017,International Movies
s5569,Movie,TV-MA,Adults,2017,Thrillers
s5570,TV Show,TV-PG,Teens,2017,International TV Shows
s5570,TV Show,TV-PG,Teens,2017,TV Dramas
s5571,Movie,PG,Teens,2017,Classic Movies
s5571,Movie,PG,Teens,2017,Dramas
s5571,Movie,PG,Teens,2017,Independent Movies
s5572,Movie,R,Adults,2017,Action & Adventure
s5572,Movie,R,Adults,2017,Dramas
s5572,Movie,R,Adults,2017,International Movies
s5573,Movie,TV-MA,Adults,2017,Action & Adventure
s5573,Movie,TV-MA,Adults,2017,Comedies
s5573,Movie,TV-MA,Adults,2017,International Movies
s5574,Movie,TV-PG,Teens,2017,Documentaries
s5574,Movie,TV-PG,Teens,2017,Dramas
s5574,Movie,TV-PG,Teens,2017,International Movies
s5575,Movie,TV-14,Teens,2017,Action & Adventure
s5575,Movie,TV-14,Teens,2017,Comedies
s5575,Movie,TV-14,Teens,2017,Dramas
s5576,TV Show,TV-PG,Teens,2017,Reality TV
s5576,TV Show,TV-PG,Teens,2017,Teen TV Shows
s5577,Movie,TV-MA,Adults,2017,Stand-Up Comedy
s5578,Movie,TV-MA,Adults,2017,Dramas
s5578,Movie,TV-MA,Adults,2017,International Movies
s5578,Movie,TV-MA,Adults,2017,Sports Movies
s5579,TV Show,TV-Y7,Kids,2017,Kids' TV
s5579,TV Show,TV-Y7,Kids,2017,TV Comedies
s5580,Movie,TV-MA,Adults,2017,Dramas
s5580,Movie,TV-MA,Adults,2017,Independent Movies
s5581,TV Show,TV-14,Teens,2017,International TV Shows
s5581,TV Show,TV-14,Teens,2017,Korean TV Shows
s5581,TV Show,TV-14,Teens,2017,Romantic TV Shows
s5582,Movie,TV-PG,Teens,2017,Dramas
s5582,Movie,TV-PG,Teens,2017,International Movies
s5582,Movie,TV-PG,Teens,2017,Romantic Movies
s5583,Movie,TV-MA,Adults,2017,Stand-Up Comedy
s5584,TV Show,TV-14,Teens,2017,International TV Shows
s5584,TV Show,TV-14,Teens,2017,TV Dramas
s5585,Movie,TV-MA,Adults,2017,Dramas
s5585,Movie,TV-MA,Adults,2017,International Movies
s5585,Movie,TV-MA,Adults,2017,Romantic Movies
s5586,TV Show,TV-MA,Adults,2017,International TV Shows
s5586,TV Show,TV-MA,Adults,2017,Korean TV Shows
s5586,TV Show,TV-MA,Adults,2017,TV Action & Adventure
s5587,Movie,TV-MA,Adults,2017,Stand-Up Comedy
s5588,Movie,TV-14,Teens,2017,Action & Adventure
s5588,Movie,TV-14,Teens,2017,International Movies
s5589,Movie,TV-MA,Adults,2017,Dramas
s5589,Movie,TV-MA,Adults,2017,International Movies
s5590,Movie,TV-MA,Adults,2017,Action & Adventure
s5590,Movie,TV-MA,Adults,2017,International Movies
s5591,Movie,TV-MA,Adults,2017,Dramas
s5591,Movie,TV-MA,Adults,2017,Independent Movies
s5591,Movie,TV-MA,Adults,2017,Thrillers
s5592,TV Show,TV-Y7,Kids,2017,Kids' TV
s5593,TV Show,TV-14,Teens,2017,International TV Shows
s5593,TV Show,TV-14,Teens,2017,Korean TV Shows
s5593,TV Show,TV-14,Teens,2017,TV Comedies
s5594,TV Show,TV-PG,Teens,2017,International TV Shows
s5594,TV Show,TV-PG,Teens,2017,Romantic TV Shows
s5594,TV Show,TV-PG,Teens,2017,TV Comedies
s5595,Movie,TV-14,Teens,2017,Stand-Up Comedy
s5596,Movie,TV-MA,Adults,2017,International Movies
s5596,Movie,TV-MA,Adults,2017,Thrillers
s5597,Movie,G,Kids,2017,Children & Family Movies
s5597,Movie,G,Kids,2017,Documentaries
s5598,Movie,G,Kids,2017,Children & Family Movies
s5598,Movie,G,Kids,2017,Music & Musicals
s5599,TV Show,TV-14,Teens,2017,International TV Shows
s5599,TV Show,TV-14,Teens,2017,Korean TV Shows
s5599,TV Show,TV-14,Teens,2017,Romantic TV Shows
s5600,Movie,TV-MA,Adults,2017,Action & Adventure
s5600,Movie,TV-MA,Adults,2017,International Movies
s5601,Movie,TV-MA,Adults,2017,Dramas
s5601,Movie,TV-MA,Adults,2017,Independent Movies
s5601,Movie,TV-MA,Adults,2017,International Movies
s5602,TV Show,TV-14,Teens,2017,International TV Shows
s5602,TV Show,TV-14,Teens,2017,Korean TV Shows
s5602,TV Show,TV-14,Teens,2017,TV Dramas
s5603,Movie,TV-MA,Adults,2017,Documentaries
s5603,Movie,TV-MA,Adults,2017,Music & Musicals
s5604,TV Show,TV-PG,Teens,2017,International TV Shows
s5604,TV Show,TV-PG,Teens,2017,Korean TV Shows
s5604,TV Show,TV-PG,Teens,2017,Romantic TV Shows
s5605,Movie,TV-MA,Adults,2017,International Movies
s5605,Movie,TV-MA,Adults,2017,Thrillers
s5606,Movie,TV-MA,Adults,2017,Dramas
s5606,Movie,TV-MA,Adults,2017,International Movies
s5607,Movie,TV-MA,Adults,2017,Comedies
s5607,Movie,TV-MA,Adults,2017,Independent Movies
s5608,Movie,TV-MA,Adults,2017,Stand-Up Comedy
s5609,TV Show,TV-14,Teens,2017,International TV Shows
s5609,TV Show,TV-14,Teens,2017,Korean TV Shows
s5609,TV Show,TV-14,Teens,2017,TV Dramas
s5610,TV Show,TV-14,Teens,2017,Anime Series
s5610,TV Show,TV-14,Teens,2017,International TV Shows
s5611,Movie,TV-MA,Adults,2017,Comedies
s5611,Movie,TV-MA,Adults,2017,International Movies
s5611,Movie,TV-MA,Adults,2017,Music & Musicals
s5612,Movie,TV-MA,Adults,2017,Stand-Up Comedy
s5613,Movie,TV-MA,Adults,2017,Documentaries
s5613,Movie,TV-MA,Adults,2017,International Movies
s5614,Movie,TV-MA,Adults,2017,Comedies
s5614,Movie,TV-MA,Adults,2017,Music & Musicals
s5614,Movie,TV-MA,Adults,2017,Romantic Movies
s5615,Movie,TV-MA,Adults,2017,Stand-Up Comedy
s5616,Movie,TV-MA,Adults,2017,Dramas
s5617,Movie,TV-PG,Teens,2017,Action & Adventure
s5617,Movie,TV-PG,Teens,2017,Dramas
s5617,Movie,TV-PG,Teens,2017,International Movies
s5618,Movie,TV-14,Teens,2017,Action & Adventure
s5618,Movie,TV-14,Teens,2017,Comedies
s5618,Movie,TV-14,Teens,2017,Dramas
s5619,Movie,TV-14,Teens,2017,Dramas
s5619,Movie,TV-14,Teens,2017,Independent Movies
s5619,Movie,TV-14,Teens,2017,International Movies
s5620,Movie,TV-MA,Adults,2017,Action & Adventure
s5620,Movie,TV-MA,Adults,2017,Comedies
s5620,Movie,TV-MA,Adults,2017,International Movies
s5621,Movie,TV-MA,Adults,2017,Dramas
s5621,Movie,TV-MA,Adults,2017,International Movies
s5621,Movie,TV-MA,Adults,2017,Romantic Movies
s5622,Movie,TV-Y,Kids,2017,Children & Family Movies
s5622,Movie,TV-Y,Kids,2017,Comedies
s5623,Movie,TV-MA,Adults,2017,Stand-Up Comedy
s5624,Movie,TV-MA,Adults,2017,Dramas
s5624,Movie,TV-MA,Adults,2017,International Movies
s5625,Movie,TV-14,Teens,2017,Comedies
s5625,Movie,TV-14,Teens,2017,International Movies
s5626,Movie,TV-MA,Adults,2017,International Movies
s5626,Movie,TV-MA,Adults,2017,Sci-Fi & Fantasy
s5626,Movie,TV-MA,Adults,2017,Thrillers
s5627,Movie,TV-MA,Adults,2017,Dramas
s5627,Movie,TV-MA,Adults,2017,International Movies
s5628,Movie,TV-MA,Adults,2017,Stand-Up Comedy
s5629,Movie,TV-MA,Adults,2017,Stand-Up Comedy
s5630,Movie,TV-14,Teens,2017,Dramas
s5630,Movie,TV-14,Teens,2017,International Movies
s5631,Movie,TV-MA,Adults,2017,Comedies
s5632,Movie,TV-MA,Adults,2017,Stand-Up Comedy
s5633,Movie,TV-MA,Adults,2017,Dramas
s5633,Movie,TV-MA,Adults,2017,International Movies
s5633,Movie,TV-MA,Adults,2017,Music & Musicals
s5634,Movie,TV-PG,Teens,2017,Dramas
s5634,Movie,TV-PG,Teens,2017,International Movies
s5635,Movie,TV-MA,Adults,2017,International Movies
s5635,Movie,TV-MA,Adults,2017,Thrillers
s5636,Movie,TV-MA,Adults,2017,Dramas
s5636,Movie,TV-MA,Adults,2017,International Movies
s5637,Movie,TV-14,Teens,2017,Documentaries
s5637,Movie,TV-14,Teens,2017,International Movies
s5638,Movie,TV-MA,Adults,2017,Horror Movies
s5638,Movie,TV-MA,Adults,2017,Thrillers
s5639,Movie,TV-MA,Adults,2017,Comedies
s5639,Movie,TV-MA,Adults,2017,Dramas
s5639,Movie,TV-MA,Adults,2017,International Movies
s5640,Movie,TV-14,Teens,2017,Stand-Up Comedy
s5641,TV Show,TV-Y,Kids,2017,Kids' TV
s5641,TV Show,TV-Y,Kids,2017,TV Comedies
s5642,Movie,PG-13,Adults,2017,Horror Movies
s5642,Movie,PG-13,Adults,2017,International Movies
s5642,Movie,PG-13,Adults,2017,Thrillers
s5643,Movie,TV-14,Teens,2017,Children & Family Movies
s5643,Movie,TV-14,Teens,2017,Dramas
s5644,Movie,TV-Y7,Kids,2017,Children & Family Movies
s5645,Movie,TV-MA,Adults,2017,Action & Adventure
s5645,Movie,TV-MA,Adults,2017,International Movies
s5646,Movie,PG,Teens,2017,Children & Family Movies
s5646,Movie,PG,Teens,2017,Sci-Fi & Fantasy
s5647,Movie,TV-MA,Adults,2017,Stand-Up Comedy
s5648,Movie,TV-MA,Adults,2017,Dramas
s5648,Movie,TV-MA,Adults,2017,International Movies
s5648,Movie,TV-MA,Adults,2017,Thrillers
s5649,Movie,PG,Teens,2017,Children & Family Movies
s5649,Movie,PG,Teens,2017,Comedies
s5650,Movie,TV-MA,Adults,2017,Dramas
s5650,Movie,TV-MA,Adults,2017,Independent Movies
s5650,Movie,TV-MA,Adults,2017,International Movies
s5651,TV Show,TV-14,Teens,2017,TV Action & Adventure
s5651,TV Show,TV-14,Teens,2017,TV Sci-Fi & Fantasy
s5652,Movie,TV-MA,Adults,2017,Dramas
s5652,Movie,TV-MA,Adults,2017,International Movies
s5653,Movie,TV-MA,Adults,2016,Dramas
s5653,Movie,TV-MA,Adults,2016,Independent Movies
s5653,Movie,TV-MA,Adults,2016,International Movies
s5654,TV Show,TV-14,Teens,2016,International TV Shows
s5654,TV Show,TV-14,Teens,2016,Korean TV Shows
s5654,TV Show,TV-14,Teens,2016,Romantic TV Shows
s5655,TV Show,TV-MA,Adults,2016,Anime Series
s5655,TV Show,TV-MA,Adults,2016,International TV Shows
s5656,TV Show,TV-14,Teens,2016,Reality TV
s5656,TV Show,TV-14,Teens,2016,Teen TV Shows
s5657,Movie,TV-MA,Adults,2016,Dramas
s5657,Movie,TV-MA,Adults,2016,International Movies
s5658,Movie,TV-MA,Adults,2016,Music & Musicals
s5658,Movie,TV-MA,Adults,2016,Stand-Up Comedy
s5659,TV Show,TV-MA,Adults,2016,Crime TV Shows
s5659,TV Show,TV-MA,Adults,2016,TV Dramas
s5659,TV Show,TV-MA,Adults,2016,TV Mysteries
s5660,Movie,TV-Y7,Kids,2016,Movies
s5661,Movie,TV-14,Teens,2016,Stand-Up Comedy
s5662,Movie,TV-MA,Adults,2016,Dramas
s5663,TV Show,TV-MA,Adults,2016,British TV Shows
s5663,TV Show,TV-MA,Adults,2016,International TV Shows
s5663,TV Show,TV-MA,Adults,2016,TV Comedies
s5664,Movie,TV-MA,Adults,2016,Dramas
s5665,Movie,TV-MA,Adults,2016,Comedies
s5665,Movie,TV-MA,Adults,2016,International Movies
s5666,TV Show,TV-PG,Teens,2016,International TV Shows
s5666,TV Show,TV-PG,Teens,2016,Korean TV Shows
s5666,TV Show,TV-PG,Teens,2016,Romantic TV Shows
s5667,Movie,TV-MA,Adults,2016,Documentaries
s5667,Movie,TV-MA,Adults,2016,Sports Movies
s5668,TV Show,TV-14,Teens,2016,International TV Shows
s5668,TV Show,TV-14,Teens,2016,Korean TV Shows
s5668,TV Show,TV-14,Teens,2016,Romantic TV Shows
s5669,TV Show,TV-14,Teens,2016,International TV Shows
s5669,TV Show,TV-14,Teens,2016,Korean TV Shows
s5669,TV Show,TV-14,Teens,2016,TV Dramas
s5670,TV Show,TV-MA,Adults,2016,International TV Shows
s5670,TV Show,TV-MA,Adults,2016,Korean TV Shows
s5670,TV Show,TV-MA,Adults,2016,TV Dramas
s5671,TV Show,TV-14,Teens,2016,International TV Shows
s5671,TV Show,TV-14,Teens,2016,TV Action & Adventure
s5671,TV Show,TV-14,Teens,2016,TV Sci-Fi & Fantasy
s5672,TV Show,TV-14,Teens,2016,International TV Shows
s5672,TV Show,TV-14,Teens,2016,Korean TV Shows
s5672,TV Show,TV-14,Teens,2016,TV Dramas
s5673,TV Show,TV-14,Teens,2016,Anime Series
s5673,TV Show,TV-14,Teens,2016,International TV Shows
s5674,TV Show,TV-14,Teens,2016,International TV Shows
s5674,TV Show,TV-14,Teens,2016,Korean TV Shows
s5674,TV Show,TV-14,Teens,2016,Romantic TV Shows
s5675,TV Show,TV-PG,Teens,2016,British TV Shows
s5675,TV Show,TV-PG,Teens,2016,International TV Shows
s5675,TV Show,TV-PG,Teens,2016,TV Action & Adventure
s5676,TV Show,TV-PG,Teens,2016,International TV Shows
s5676,TV Show,TV-PG,Teens,2016,Korean TV Shows
s5676,TV Show,TV-PG,Teens,2016,Romantic TV Shows
s5677,Movie,TV-PG,Teens,2016,Dramas
s5677,Movie,TV-PG,Teens,2016,Independent Movies
s5677,Movie,TV-PG,Teens,2016,International Movies
s5678,TV Show,TV-MA,Adults,2016,International TV Shows
s5678,TV Show,TV-MA,Adults,2016,TV Dramas
s5679,Movie,TV-MA,Adults,2016,Stand-Up Comedy
s5680,Movie,TV-MA,Adults,2016,Documentaries
s5681,TV Show,TV-MA,Adults,2016,Crime TV Shows
s5681,TV Show,TV-MA,Adults,2016,Docuseries
s5682,Movie,TV-G,Kids,2016,Children & Family Movies
s5682,Movie,TV-G,Kids,2016,Music & Musicals
s5683,Movie,TV-14,Teens,2016,Action & Adventure
s5683,Movie,TV-14,Teens,2016,Sci-Fi & Fantasy
s5684,TV Show,TV-14,Teens,2016,Docuseries
s5684,TV Show,TV-14,Teens,2016,International TV Shows
s5684,TV Show,TV-14,Teens,2016,Reality TV
s5685,TV Show,TV-14,Teens,2016,International TV Shows
s5685,TV Show,TV-14,Teens,2016,Romantic TV Shows
s5685,TV Show,TV-14,Teens,2016,TV Comedies
s5686,Movie,TV-MA,Adults,2016,Comedies
s5686,Movie,TV-MA,Adults,2016,Dramas
s5686,Movie,TV-MA,Adults,2016,Independent Movies
s5687,TV Show,TV-14,Teens,2016,Docuseries
s5687,TV Show,TV-14,Teens,2016,International TV Shows
s5688,Movie,TV-MA,Adults,2016,Dramas
s5688,Movie,TV-MA,Adults,2016,Independent Movies
s5688,Movie,TV-MA,Adults,2016,Romantic Movies
s5689,Movie,TV-14,Teens,2016,Documentaries
s5689,Movie,TV-14,Teens,2016,Sports Movies
s5690,Movie,TV-MA,Adults,2016,Music & Musicals
s5690,Movie,TV-MA,Adults,2016,Stand-Up Comedy
s5691,TV Show,TV-MA,Adults,2016,Classic & Cult TV
s5691,TV Show,TV-MA,Adults,2016,TV Action & Adventure
s5691,TV Show,TV-MA,Adults,2016,TV Horror
s5692,Movie,TV-MA,Adults,2016,Dramas
s5692,Movie,TV-MA,Adults,2016,International Movies
s5692,Movie,TV-MA,Adults,2016,Sports Movies
s5693,TV Show,TV-G,Kids,2016,Kids' TV
s5693,TV Show,TV-G,Kids,2016,TV Comedies
s5693,TV Show,TV-G,Kids,2016,TV Dramas
s5694,Movie,TV-14,Teens,2016,Documentaries
s5695,Movie,TV-MA,Adults,2016,Dramas
s5695,Movie,TV-MA,Adults,2016,Independent Movies
s5696,Movie,TV-PG,Teens,2016,Documentaries
s5696,Movie,TV-PG,Teens,2016,Sports Movies
s5697,Movie,TV-14,Teens,2016,Dramas
s5697,Movie,TV-14,Teens,2016,International Movies
s5698,Movie,TV-PG,Teens,2016,Dramas
s5699,Movie,TV-14,Teens,2016,Comedies
s5699,Movie,TV-14,Teens,2016,International Movies
s5700,TV Show,TV-PG,Teens,2016,International TV Shows
s5700,TV Show,TV-PG,Teens,2016,Romantic TV Shows
s5700,TV Show,TV-PG,Teens,2016,TV Comedies
s5701,TV Show,TV-PG,Teens,2016,International TV Shows
s5701,TV Show,TV-PG,Teens,2016,Romantic TV Shows
s5701,TV Show,TV-PG,Teens,2016,TV Comedies
s5702,Movie,TV-MA,Adults,2016,Dramas
s5702,Movie,TV-MA,Adults,2016,International Movies
s5702,Movie,TV-MA,Adults,2016,Thrillers
s5703,Movie,TV-MA,Adults,2016,Comedies
s5703,Movie,TV-MA,Adults,2016,Dramas
s5703,Movie,TV-MA,Adults,2016,Independent Movies
s5704,TV Show,TV-14,Teens,2016,International TV Shows
s5704,TV Show,TV-14,Teens,2016,Romantic TV Shows
s5704,TV Show,TV-14,Teens,2016,TV Comedies
s5705,Movie,TV-MA,Adults,2016,Stand-Up Comedy
s5706,Movie,TV-14,Teens,2016,Dramas
s5706,Movie,TV-14,Teens,2016,Independent Movies
s5706,Movie,TV-14,Teens,2016,International Movies
s5707,Movie,TV-MA,Adults,2016,Documentaries
s5707,Movie,TV-MA,Adults,2016,International Movies
s5708,TV Show,TV-14,Teens,2016,TV Comedies
s5708,TV Show,TV-14,Teens,2016,TV Dramas
s5708,TV Show,TV-14,Teens,2016,Teen TV Shows
s5709,Movie,TV-MA,Adults,2016,Stand-Up Comedy
s5710,Movie,TV-MA,Adults,2016,Dramas
s5710,Movie,TV-MA,Adults,2016,Thrillers
s5711,Movie,TV-14,Teens,2016,Dramas
s5711,Movie,TV-14,Teens,2016,Independent Movies
s5711,Movie,TV-14,Teens,2016,International Movies
s5712,Movie,TV-MA,Adults,2016,Stand-Up Comedy
s5713,Movie,TV-MA,Adults,2016,Stand-Up Comedy
s5714,Movie,TV-MA,Adults,2016,Stand-Up Comedy
s5715,Movie,TV-MA,Adults,2016,Dramas
s5715,Movie,TV-MA,Adults,2016,Independent Movies
s5715,Movie,TV-MA,Adults,2016,International Movies
s5716,TV Show,TV-MA,Adults,2016,Crime TV Shows
s5716,TV Show,TV-MA,Adults,2016,International TV Shows
s5716,TV Show,TV-MA,Adults,2016,Spanish-Language TV Shows
s5717,TV Show,TV-MA,Adults,2016,British TV Shows
s5717,TV Show,TV-MA,Adults,2016,Crime TV Shows
s5717,TV Show,TV-MA,Adults,2016,International TV Shows
s5718,Movie,TV-MA,Adults,2016,Stand-Up Comedy
s5719,Movie,TV-MA,Adults,2016,Dramas
s5719,Movie,TV-MA,Adults,2016,Independent Movies
s5719,Movie,TV-MA,Adults,2016,International Movies
s5720,Movie,TV-14,Teens,2016,Action & Adventure
s5720,Movie,TV-14,Teens,2016,Comedies
s5721,TV Show,TV-MA,Adults,2016,Docuseries
s5721,TV Show,TV-MA,Adults,2016,International TV Shows
s5722,Movie,TV-MA,Adults,2016,Stand-Up Comedy
s5723,TV Show,TV-MA,Adults,2016,Crime TV Shows
s5723,TV Show,TV-MA,Adults,2016,International TV Shows
s5723,TV Show,TV-MA,Adults,2016,TV Dramas
s5724,TV Show,TV-Y7,Kids,2016,British TV Shows
s5724,TV Show,TV-Y7,Kids,2016,Kids' TV
s5725,Movie,TV-MA,Adults,2016,Stand-Up Comedy
s5726,Movie,TV-14,Teens,2016,Documentaries
s5727,Movie,TV-PG,Teens,2016,Documentaries
s5728,TV Show,TV-14,Teens,2016,International TV Shows
s5728,TV Show,TV-14,Teens,2016,Romantic TV Shows
s5728,TV Show,TV-14,Teens,2016,TV Comedies
s5729,TV Show,TV-14,Teens,2016,International TV Shows
s5729,TV Show,TV-14,Teens,2016,Romantic TV Shows
s5729,TV Show,TV-14,Teens,2016,TV Comedies
s5730,TV Show,TV-14,Teens,2016,International TV Shows
s5730,TV Show,TV-14,Teens,2016,Romantic TV Shows
s5730,TV Show,TV-14,Teens,2016,TV Comedies
s5731,TV Show,TV-MA,Adults,2016,International TV Shows
s5731,TV Show,TV-MA,Adults,2016,Romantic TV Shows
s5731,TV Show,TV-MA,Adults,2016,TV Comedies
s5732,TV Show,TV-14,Teens,2016,International TV Shows
s5732,TV Show,TV-14,Teens,2016,Romantic TV Shows
s5732,TV Show,TV-14,Teens,2016,TV Comedies
s5733,TV Show,TV-14,Teens,2016,International TV Shows
s5733,TV Show,TV-14,Teens,2016,Romantic TV Shows
s5733,TV Show,TV-14,Teens,2016,TV Comedies
s5734,Movie,TV-MA,Adults,2016,Documentaries
s5735,Movie,TV-Y,Kids,2016,Movies
s5736,Movie,TV-MA,Adults,2016,Comedies
s5736,Movie,TV-MA,Adults,2016,International Movies
s5736,Movie,TV-MA,Adults,2016,Romantic Movies
s5737,Movie,G,Kids,2016,Children & Family Movies
s5737,Movie,G,Kids,2016,Comedies
s5738,Movie,TV-14,Teens,2016,Horror Movies
s5738,Movie,TV-14,Teens,2016,International Movies
s5738,Movie,TV-14,Teens,2016,Thrillers
s5739,Movie,TV-PG,Teens,2016,Documentaries
s5740,Movie,TV-14,Teens,2016,Comedies
s5740,Movie,TV-14,Teens,2016,Dramas
s5740,Movie,TV-14,Teens,2016,International Movies
s5741,Movie,TV-MA,Adults,2016,Comedies
s5741,Movie,TV-MA,Adults,2016,International Movies
s5742,TV Show,TV-MA,Adults,2016,International TV Shows
s5742,TV Show,TV-MA,Adults,2016,TV Comedies
s5743,Movie,TV-MA,Adults,2016,Comedies
s5743,Movie,TV-MA,Adults,2016,Dramas
s5743,Movie,TV-MA,Adults,2016,International Movies
s5744,Movie,TV-MA,Adults,2016,Dramas
s5744,Movie,TV-MA,Adults,2016,International Movies
s5745,TV Show,TV-MA,Adults,2016,TV Dramas
s5745,TV Show,TV-MA,Adults,2016,TV Thrillers
s5746,Movie,TV-MA,Adults,2016,Stand-Up Comedy
s5747,Movie,TV-MA,Adults,2016,Comedies
s5747,Movie,TV-MA,Adults,2016,International Movies
s5747,Movie,TV-MA,Adults,2016,Sports Movies
s5748,Movie,TV-MA,Adults,2016,Action & Adventure
s5748,Movie,TV-MA,Adults,2016,Anime Features
s5748,Movie,TV-MA,Adults,2016,International Movies
s5749,Movie,TV-PG,Teens,2016,Action & Adventure
s5749,Movie,TV-PG,Teens,2016,Anime Features
s5749,Movie,TV-PG,Teens,2016,Sci-Fi & Fantasy
s5750,Movie,TV-14,Teens,2016,Action & Adventure
s5750,Movie,TV-14,Teens,2016,Anime Features
s5750,Movie,TV-14,Teens,2016,Sci-Fi & Fantasy
s5751,Movie,TV-14,Teens,2016,Comedies
s5751,Movie,TV-14,Teens,2016,International Movies
s5751,Movie,TV-14,Teens,2016,Music & Musicals
s5752,TV Show,TV-14,Teens,2016,Anime Series
s5752,TV Show,TV-14,Teens,2016,Crime TV Shows
s5752,TV Show,TV-14,Teens,2016,International TV Shows
s5753,TV Show,TV-MA,Adults,2016,Crime TV Shows
s5753,TV Show,TV-MA,Adults,2016,International TV Shows
s5753,TV Show,TV-MA,Adults,2016,TV Dramas
s5754,TV Show,TV-14,Teens,2016,Anime Series
s5754,TV Show,TV-14,Teens,2016,International TV Shows
s5754,TV Show,TV-14,Teens,2016,Romantic TV Shows
s5755,Movie,TV-MA,Adults,2016,Documentaries
s5756,Movie,TV-MA,Adults,2016,Comedies
s5757,Movie,TV-MA,Adults,2016,Music & Musicals
s5758,Movie,TV-MA,Adults,2016,Documentaries
s5759,Movie,TV-MA,Adults,2016,Stand-Up Comedy
s5760,TV Show,TV-Y,Kids,2016,Kids' TV
s5761,Movie,TV-MA,Adults,2016,Action & Adventure
s5761,Movie,TV-MA,Adults,2016,Dramas
s5761,Movie,TV-MA,Adults,2016,International Movies
s5762,Movie,TV-Y7,Kids,2016,Children & Family Movies
s5762,Movie,TV-Y7,Kids,2016,Comedies
s5763,TV Show,TV-PG,Teens,2016,International TV Shows
s5763,TV Show,TV-PG,Teens,2016,Romantic TV Shows
s5763,TV Show,TV-PG,Teens,2016,TV Dramas
s5764,TV Show,TV-14,Teens,2016,International TV Shows
s5764,TV Show,TV-14,Teens,2016,Romantic TV Shows
s5764,TV Show,TV-14,Teens,2016,TV Dramas
s5765,Movie,TV-MA,Adults,2016,Dramas
s5766,Movie,TV-MA,Adults,2016,Dramas
s5766,Movie,TV-MA,Adults,2016,International Movies
s5767,TV Show,TV-14,Teens,2016,International TV Shows
s5767,TV Show,TV-14,Teens,2016,Romantic TV Shows
s5767,TV Show,TV-14,Teens,2016,TV Comedies
s5768,Movie,TV-MA,Adults,2016,Dramas
s5768,Movie,TV-MA,Adults,2016,International Movies
s5769,TV Show,TV-14,Teens,2016,International TV Shows
s5769,TV Show,TV-14,Teens,2016,Romantic TV Shows
s5769,TV Show,TV-14,Teens,2016,TV Comedies
s5770,TV Show,TV-Y,Kids,2016,Kids' TV
s5771,Movie,TV-MA,Adults,2016,Dramas
s5771,Movie,TV-MA,Adults,2016,Independent Movies
s5771,Movie,TV-MA,Adults,2016,International Movies
s5772,TV Show,TV-PG,Teens,2016,International TV Shows
s5772,TV Show,TV-PG,Teens,2016,Romantic TV Shows
s5772,TV Show,TV-PG,Teens,2016,TV Comedies
s5773,Movie,TV-MA,Adults,2016,Comedies
s5773,Movie,TV-MA,Adults,2016,International Movies
s5773,Movie,TV-MA,Adults,2016,Music & Musicals
s5774,Movie,TV-Y7,Kids,2016,Children & Family Movies
s5774,Movie,TV-Y7,Kids,2016,Comedies
s5775,TV Show,TV-MA,Adults,2016,International TV Shows
s5775,TV Show,TV-MA,Adults,2016,TV Comedies
s5775,TV Show,TV-MA,Adults,2016,TV Dramas
s5776,Movie,TV-Y7,Kids,2016,Movies
s5777,Movie,TV-14,Teens,2016,Dramas
s5777,Movie,TV-14,Teens,2016,International Movies
s5778,TV Show,TV-14,Teens,2016,International TV Shows
s5778,TV Show,TV-14,Teens,2016,Romantic TV Shows
s5778,TV Show,TV-14,Teens,2016,TV Dramas
s5779,Movie,TV-MA,Adults,2016,Dramas
s5779,Movie,TV-MA,Adults,2016,Independent Movies
s5779,Movie,TV-MA,Adults,2016,International Movies
s5780,Movie,TV-MA,Adults,2016,Documentaries
s5780,Movie,TV-MA,Adults,2016,Sports Movies
s5781,Movie,TV-MA,Adults,2016,Comedies
s5781,Movie,TV-MA,Adults,2016,International Movies
s5782,TV Show,TV-14,Teens,2016,International TV Shows
s5782,TV Show,TV-14,Teens,2016,Romantic TV Shows
s5782,TV Show,TV-14,Teens,2016,TV Comedies
s5783,Movie,TV-MA,Adults,2016,Documentaries
s5784,Movie,TV-MA,Adults,2016,Documentaries
s5785,Movie,TV-MA,Adults,2016,Stand-Up Comedy
s5786,TV Show,TV-Y,Kids,2016,Kids' TV
s5787,Movie,TV-MA,Adults,2016,Stand-Up Comedy
s5788,Movie,TV-MA,Adults,2016,Stand-Up Comedy
s5789,Movie,TV-MA,Adults,2016,Stand-Up Comedy
s5790,Movie,TV-MA,Adults,2016,Stand-Up Comedy
s5791,Movie,TV-MA,Adults,2016,Stand-Up Comedy
s5792,Movie,TV-MA,Adults,2016,Stand-Up Comedy
s5793,Movie,TV-MA,Adults,2016,International Movies
s5793,Movie,TV-MA,Adults,2016,Sci-Fi & Fantasy
s5793,Movie,TV-MA,Adults,2016,Thrillers
s5794,Movie,TV-MA,Adults,2016,Stand-Up Comedy
s5795,Movie,,Unknown,2016,Movies
s5796,Movie,TV-PG,Teens,2016,Documentaries
s5797,Movie,TV-14,Teens,2016,Documentaries
s5797,Movie,TV-14,Teens,2016,Music & Musicals
s5798,Movie,TV-PG,Teens,2016,Documentaries
s5799,Movie,TV-MA,Adults,2016,Stand-Up Comedy
s5800,TV Show,TV-14,Teens,2016,Docuseries
s5801,TV Show,TV-Y7,Kids,2016,Kids' TV
s5802,TV Show,TV-14,Teens,2016,British TV Shows
s5802,TV Show,TV-14,Teens,2016,Docuseries
s5803,TV Show,TV-MA,Adults,2016,British TV Shows
s5803,TV Show,TV-MA,Adults,2016,TV Horror
s5803,TV Show,TV-MA,Adults,2016,TV Thrillers
s5804,TV Show,TV-MA,Adults,2016,Crime TV Shows
s5804,TV Show,TV-MA,Adults,2016,Docuseries
s5804,TV Show,TV-MA,Adults,2016,Science & Nature TV
s5805,Movie,TV-14,Teens,2016,Documentaries
s5806,TV Show,TV-MA,Adults,2016,International TV Shows
s5806,TV Show,TV-MA,Adults,2016,Romantic TV Shows
s5806,TV Show,TV-MA,Adults,2016,TV Dramas
s5807,TV Show,TV-14,Teens,2016,British TV Shows
s5807,TV Show,TV-14,Teens,2016,Crime TV Shows
s5807,TV Show,TV-14,Teens,2016,Docuseries
s5808,TV Show,TV-Y7,Kids,2016,Anime Series
s5808,TV Show,TV-Y7,Kids,2016,Kids' TV
s5809,Movie,TV-14,Teens,2016,Stand-Up Comedy
s5810,Movie,TV-MA,Adults,2016,Dramas
s5810,Movie,TV-MA,Adults,2016,Music & Musicals
s5811,Movie,TV-MA,Adults,2016,Documentaries
s5811,Movie,TV-MA,Adults,2016,Music & Musicals
s5812,TV Show,TV-14,Teens,2016,British TV Shows
s5812,TV Show,TV-14,Teens,2016,Docuseries
s5813,TV Show,TV-MA,Adults,2016,British TV Shows
s5813,TV Show,TV-MA,Adults,2016,Crime TV Shows
s5813,TV Show,TV-MA,Adults,2016,Docuseries
s5814,Movie,,Unknown,2016,Movies
s5815,Movie,TV-14,Teens,2016,Documentaries
s5816,Movie,TV-14,Teens,2016,Stand-Up Comedy
s5817,Movie,TV-PG,Teens,2016,Stand-Up Comedy
s5818,Movie,TV-14,Teens,2016,Stand-Up Comedy
s5819,Movie,TV-14,Teens,2016,Stand-Up Comedy
s5820,Movie,TV-MA,Adults,2016,Stand-Up Comedy
s5821,Movie,TV-MA,Adults,2016,Stand-Up Comedy
s5822,Movie,TV-MA,Adults,2016,Documentaries
s5823,TV Show,TV-14,Teens,2016,British TV Shows
s5823,TV Show,TV-14,Teens,2016,Crime TV Shows
s5823,TV Show,TV-14,Teens,2016,Docuseries
s5824,TV Show,TV-G,Kids,2016,British TV Shows
s5824,TV Show,TV-G,Kids,2016,Docuseries
s5824,TV Show,TV-G,Kids,2016,Science & Nature TV
s5825,Movie,TV-MA,Adults,2016,Documentaries
s5826,TV Show,TV-MA,Adults,2016,International TV Shows
s5826,TV Show,TV-MA,Adults,2016,Spanish-Language TV Shows
s5826,TV Show,TV-MA,Adults,2016,TV Dramas
s5827,Movie,TV-14,Teens,2016,Documentaries
s5828,TV Show,TV-Y7,Kids,2016,Kids' TV
s5829,Movie,TV-MA,Adults,2016,Dramas
s5829,Movie,TV-MA,Adults,2016,Independent Movies
s5830,TV Show,TV-Y,Kids,2016,Kids' TV
s5831,Movie,TV-MA,Adults,2016,Dramas
s5831,Movie,TV-MA,Adults,2016,Thrillers
s5832,Movie,TV-MA,Adults,2016,Documentaries
s5833,Movie,R,Adults,2016,Action & Adventure
s5834,Movie,TV-MA,Adults,2016,Comedies
s5834,Movie,TV-MA,Adults,2016,Independent Movies
s5834,Movie,TV-MA,Adults,2016,International Movies
s5835,TV Show,TV-14,Teens,2016,Anime Series
s5835,TV Show,TV-14,Teens,2016,International TV Shows
s5836,Movie,TV-MA,Adults,2016,Stand-Up Comedy
s5837,TV Show,TV-MA,Adults,2016,TV Action & Adventure
s5837,TV Show,TV-MA,Adults,2016,TV Dramas
s5838,Movie,TV-MA,Adults,2016,Dramas
s5838,Movie,TV-MA,Adults,2016,Independent Movies
s5838,Movie,TV-MA,Adults,2016,International Movies
s5839,TV Show,TV-Y,Kids,2016,Kids' TV
s5840,Movie,TV-MA,Adults,2016,Stand-Up Comedy
s5841,Movie,TV-MA,Adults,2016,Comedies
s5841,Movie,TV-MA,Adults,2016,Dramas
s5841,Movie,TV-MA,Adults,2016,Independent Movies
s5842,Movie,PG-13,Adults,2016,Action & Adventure
s5842,Movie,PG-13,Adults,2016,Dramas
s5842,Movie,PG-13,Adults,2016,International Movies
s5843,Movie,TV-MA,Adults,2016,Music & Musicals
s5843,Movie,TV-MA,Adults,2016,Stand-Up Comedy
s5844,TV Show,TV-MA,Adults,2016,International TV Shows
s5844,TV Show,TV-MA,Adults,2016,TV Dramas
s5845,TV Show,TV-PG,Teens,2016,Docuseries
s5845,TV Show,TV-PG,Teens,2016,International TV Shows
s5845,TV Show,TV-PG,Teens,2016,Science & Nature TV
s5846,TV Show,TV-PG,Teens,2016,Docuseries
s5846,TV Show,TV-PG,Teens,2016,International TV Shows
s5846,TV Show,TV-PG,Teens,2016,Science & Nature TV
s5847,Movie,TV-MA,Adults,2016,Action & Adventure
s5847,Movie,TV-MA,Adults,2016,Comedies
s5848,Movie,TV-MA,Adults,2016,Stand-Up Comedy
s5849,Movie,TV-MA,Adults,2016,Comedies
s5850,Movie,TV-MA,Adults,2016,Documentaries
s5850,Movie,TV-MA,Adults,2016,Sports Movies
s5851,Movie,TV-MA,Adults,2016,Stand-Up Comedy
s5852,Movie,TV-MA,Adults,2016,Dramas
s5852,Movie,TV-MA,Adults,2016,International Movies
s5853,Movie,R,Adults,2016,Horror Movies
s5853,Movie,R,Adults,2016,Thrillers
s5854,TV Show,TV-MA,Adults,2016,Anime Series
s5854,TV Show,TV-MA,Adults,2016,International TV Shows
s5855,Movie,TV-MA,Adults,2016,Documentaries
s5855,Movie,TV-MA,Adults,2016,Music & Musicals
s5856,TV Show,TV-Y,Kids,2016,Kids' TV
s5857,TV Show,TV-14,Teens,2016,International TV Shows
s5857,TV Show,TV-14,Teens,2016,Reality TV
s5858,Movie,TV-PG,Teens,2016,Children & Family Movies
s5858,Movie,TV-PG,Teens,2016,Comedies
s5859,Movie,R,Adults,2016,Comedies
s5859,Movie,R,Adults,2016,Horror Movies
s5860,Movie,TV-MA,Adults,2016,Stand-Up Comedy
s5861,Movie,TV-14,Teens,2016,Documentaries
s5861,Movie,TV-14,Teens,2016,International Movies
s5862,Movie,TV-PG,Teens,2016,Children & Family Movies
s5862,Movie,TV-PG,Teens,2016,Comedies
s5862,Movie,TV-PG,Teens,2016,Cult Movies
s5863,TV Show,TV-MA,Adults,2016,TV Comedies
s5864,TV Show,TV-14,Teens,2016,Anime Series
s5864,TV Show,TV-14,Teens,2016,International TV Shows
s5864,TV Show,TV-14,Teens,2016,Romantic TV Shows
s5865,Movie,PG-13,Adults,2016,Action & Adventure
s5865,Movie,PG-13,Adults,2016,Romantic Movies
s5866,Movie,PG,Teens,2016,Children & Family Movies
s5866,Movie,PG,Teens,2016,Sci-Fi & Fantasy
s5867,TV Show,TV-14,Teens,2016,Docuseries
s5868,TV Show,TV-Y,Kids,2016,Kids' TV
s5869,Movie,TV-MA,Adults,2016,Stand-Up Comedy
s5870,TV Show,TV-Y7,Kids,2016,Kids' TV
s5871,TV Show,TV-Y,Kids,2016,Kids' TV
s5872,TV Show,TV-MA,Adults,2016,Docuseries
s5872,TV Show,TV-MA,Adults,2016,Science & Nature TV
s5873,Movie,TV-MA,Adults,2016,Stand-Up Comedy
s5874,Movie,R,Adults,2016,Action & Adventure
s5874,Movie,R,Adults,2016,Dramas
s5874,Movie,R,Adults,2016,International Movies
s5875,Movie,R,Adults,2016,Action & Adventure
s5875,Movie,R,Adults,2016,International Movies
s5876,Movie,TV-MA,Adults,2016,Stand-Up Comedy
s5877,Movie,TV-MA,Adults,2015,Movies
s5878,TV Show,TV-Y,Kids,2015,Kids' TV
s5878,TV Show,TV-Y,Kids,2015,TV Comedies
s5879,Movie,TV-MA,Adults,2015,Stand-Up Comedy
s5880,Movie,TV-14,Teens,2015,Action & Adventure
s5880,Movie,TV-14,Teens,2015,Comedies
s5881,Movie,TV-MA,Adults,2015,Comedies
s5881,Movie,TV-MA,Adults,2015,International Movies
s5882,Movie,TV-14,Teens,2015,Comedies
s5882,Movie,TV-14,Teens,2015,Music & Musicals
s5883,TV Show,TV-PG,Teens,2015,International TV Shows
s5883,TV Show,TV-PG,Teens,2015,TV Dramas
s5884,Movie,TV-MA,Adults,2015,Comedies
s5884,Movie,TV-MA,Adults,2015,Dramas
s5884,Movie,TV-MA,Adults,2015,LGBTQ Movies
s5885,Movie,TV-MA,Adults,2015,Stand-Up Comedy
s5886,TV Show,TV-MA,Adults,2015,TV Comedies
s5887,Movie,TV-MA,Adults,2015,Comedies
s5887,Movie,TV-MA,Adults,2015,Dramas
s5887,Movie,TV-MA,Adults,2015,Independent Movies
s5888,Movie,TV-Y,Kids,2015,Children & Family Movies
s5889,TV Show,TV-MA,Adults,2015,TV Horror
s5889,TV Show,TV-MA,Adults,2015,TV Mysteries
s5889,TV Show,TV-MA,Adults,2015,TV Thrillers
s5890,Movie,R,Adults,2015,Comedies
s5890,Movie,R,Adults,2015,Independent Movies
s5891,Movie,TV-MA,Adults,2015,Stand-Up Comedy
s5892,Movie,TV-MA,Adults,2015,Dramas
s5892,Movie,TV-MA,Adults,2015,Independent Movies
s5893,Movie,TV-MA,Adults,2015,Dramas
s5893,Movie,TV-MA,Adults,2015,Independent Movies
s5893,Movie,TV-MA,Adults,2015,Sci-Fi & Fantasy
s5894,Movie,TV-MA,Adults,2015,Documentaries
s5894,Movie,TV-MA,Adults,2015,International Movies
s5895,Movie,TV-14,Teens,2015,Stand-Up Comedy
s5896,TV Show,TV-PG,Teens,2015,Kids' TV
s5897,Movie,TV-14,Teens,2015,Documentaries
s5897,Movie,TV-14,Teens,2015,Music & Musicals
s5898,Movie,TV-PG,Teens,2015,Documentaries
s5899,Movie,TV-MA,Adults,2015,Dramas
s5899,Movie,TV-MA,Adults,2015,Independent Movies
s5899,Movie,TV-MA,Adults,2015,Romantic Movies
s5900,Movie,TV-MA,Adults,2015,Stand-Up Comedy
s5901,TV Show,TV-MA,Adults,2015,TV Comedies
s5902,Movie,TV-14,Teens,2015,Documentaries
s5902,Movie,TV-14,Teens,2015,Stand-Up Comedy
s5903,TV Show,TV-Y7,Kids,2015,Kids' TV
s5904,Movie,R,Adults,2015,Horror Movies
s5904,Movie,R,Adults,2015,Independent Movies
s5904,Movie,R,Adults,2015,Thrillers
s5905,Movie,TV-MA,Adults,2015,Stand-Up Comedy
s5906,Movie,TV-MA,Adults,2015,Stand-Up Comedy
s5907,Movie,TV-14,Teens,2015,Documentaries
s5907,Movie,TV-14,Teens,2015,Music & Musicals
s5908,Movie,TV-MA,Adults,2015,Dramas
s5908,Movie,TV-MA,Adults,2015,Independent Movies
s5908,Movie,TV-MA,Adults,2015,Sci-Fi & Fantasy
s5909,TV Show,TV-Y,Kids,2015,British TV Shows
s5909,TV Show,TV-Y,Kids,2015,Kids' TV
s5909,TV Show,TV-Y,Kids,2015,TV Comedies
s5910,Movie,TV-MA,Adults,2015,Comedies
s5910,Movie,TV-MA,Adults,2015,Dramas
s5910,Movie,TV-MA,Adults,2015,International Movies
s5911,Movie,TV-MA,Adults,2015,Documentaries
s5912,Movie,TV-MA,Adults,2015,Stand-Up Comedy
s5913,Movie,TV-14,Teens,2015,Documentaries
s5913,Movie,TV-14,Teens,2015,Music & Musicals
s5914,Movie,TV-MA,Adults,2015,Stand-Up Comedy
s5915,TV Show,TV-Y,Kids,2015,Kids' TV
s5916,Movie,TV-MA,Adults,2015,Stand-Up Comedy
s5917,Movie,TV-MA,Adults,2015,Documentaries
s5918,Movie,TV-MA,Adults,2015,Stand-Up Comedy
s5919,Movie,TV-14,Teens,2015,Documentaries
s5920,Movie,TV-MA,Adults,2015,Stand-Up Comedy
s5921,Movie,TV-MA,Adults,2014,Movies
s5922,Movie,TV-MA,Adults,2014,Stand-Up Comedy
s5923,TV Show,TV-MA,Adults,2014,Crime TV Shows
s5923,TV Show,TV-MA,Adults,2014,TV Comedies
s5923,TV Show,TV-MA,Adults,2014,TV Dramas
s5924,TV Show,TV-G,Kids,2014,Kids' TV
s5924,TV Show,TV-G,Kids,2014,TV Thrillers
s5925,Movie,TV-MA,Adults,2014,Stand-Up Comedy
s5926,Movie,TV-MA,Adults,2014,Documentaries
s5926,Movie,TV-MA,Adults,2014,International Movies
s5927,Movie,TV-MA,Adults,2014,Documentaries
s5928,Movie,TV-MA,Adults,2014,Stand-Up Comedy
s5929,Movie,TV-MA,Adults,2014,Stand-Up Comedy
s5930,Movie,TV-14,Teens,2014,Documentaries
s5931,Movie,TV-PG,Teens,2014,Documentaries
s5932,Movie,TV-MA,Adults,2014,Documentaries
s5932,Movie,TV-MA,Adults,2014,Sports Movies
s5933,Movie,TV-14,Teens,2014,Documentaries
s5934,TV Show,TV-MA,Adults,2014,TV Dramas
s5935,Movie,TV-PG,Teens,2014,Documentaries
s5936,Movie,TV-MA,Adults,2014,Documentaries
s5936,Movie,TV-MA,Adults,2014,International Movies
s5937,Movie,TV-G,Kids,2013,Children & Family Movies
s5937,Movie,TV-G,Kids,2013,Comedies
s5937,Movie,TV-G,Kids,2013,Music & Musicals
s5938,Movie,PG,Teens,2013,Children & Family Movies
s5938,Movie,PG,Teens,2013,Documentaries
s5938,Movie,PG,Teens,2013,Sports Movies
s5939,Movie,TV-MA,Adults,2013,Stand-Up Comedy
s5940,TV Show,TV-14,Teens,2013,TV Dramas
s5940,TV Show,TV-14,Teens,2013,TV Mysteries
s5940,TV Show,TV-14,Teens,2013,TV Sci-Fi & Fantasy
s5941,TV Show,TV-MA,Adults,2013,Crime TV Shows
s5941,TV Show,TV-MA,Adults,2013,TV Dramas
s5941,TV Show,TV-MA,Adults,2013,TV Thrillers
s5942,Movie,PG,Teens,2012,Documentaries
s5943,Movie,TV-14,Teens,2011,Dramas
s5944,Movie,TV-MA,Adults,2011,Dramas
s5945,Movie,TV-14,Teens,2011,Dramas
s5946,Movie,TV-14,Teens,2011,Dramas
s5947,Movie,TV-PG,Teens,2011,Dramas
s5947,Movie,TV-PG,Teens,2011,Sports Movies
s5948,Movie,TV-PG,Teens,2011,Dramas
s5949,Movie,TV-PG,Teens,2011,Dramas
s5950,Movie,TV-MA,Adults,2011,Dramas
s5951,Movie,TV-PG,Teens,2011,Dramas
s5951,Movie,TV-PG,Teens,2011,Sports Movies
s5952,Movie,TV-14,Teens,2011,Dramas
s5953,Movie,TV-14,Teens,2011,Dramas
s5953,Movie,TV-14,Teens,2011,Thrillers
s5954,Movie,TV-PG,Teens,2011,Children & Family Movies
s5954,Movie,TV-PG,Teens,2011,Dramas
s5954,Movie,TV-PG,Teens,2011,Faith & Spirituality
s5955,Movie,TV-MA,Adults,2011,Dramas
s5955,Movie,TV-MA,Adults,2011,International Movies
s5956,Movie,TV-MA,Adults,2009,Horror Movies
s5957,Movie,TV-MA,Adults,2009,Dramas
s5957,Movie,TV-MA,Adults,2009,International Movies
s5958,Movie,TV-MA,Adults,2008,Dramas
s5958,Movie,TV-MA,Adults,2008,Independent Movies
s5958,Movie,TV-MA,Adults,2008,Thrillers
s5959,Movie,PG-13,Adults,2017,Action & Adventure
s5959,Movie,PG-13,Adults,2017,Independent Movies
s5959,Movie,PG-13,Adults,2017,Sci-Fi & Fantasy
s5960,Movie,PG-13,Adults,2020,Dramas
s5961,Movie,R,Adults,2019,Dramas
s5962,Movie,TV-14,Teens,2019,Horror Movies
s5962,Movie,TV-14,Teens,2019,International Movies
s5963,Movie,TV-MA,Adults,2017,Horror Movies
s5963,Movie,TV-MA,Adults,2017,International Movies
s5963,Movie,TV-MA,Adults,2017,Thrillers
s5964,Movie,TV-14,Teens,2019,Dramas
s5964,Movie,TV-14,Teens,2019,International Movies
s5964,Movie,TV-14,Teens,2019,Thrillers
s5965,TV Show,TV-14,Teens,2019,International TV Shows
s5965,TV Show,TV-14,Teens,2019,TV Dramas
s5966,Movie,R,Adults,2018,Dramas
s5966,Movie,R,Adults,2018,Thrillers
s5967,Movie,TV-14,Teens,2019,Comedies
s5967,Movie,TV-14,Teens,2019,Dramas
s5967,Movie,TV-14,Teens,2019,Independent Movies
s5968,Movie,TV-PG,Teens,2018,Sports Movies
s5969,Movie,TV-14,Teens,2018,Action & Adventure
s5969,Movie,TV-14,Teens,2018,Dramas
s5969,Movie,TV-14,Teens,2018,International Movies
s5970,Movie,TV-14,Teens,2018,Dramas
s5970,Movie,TV-14,Teens,2018,International Movies
s5971,Movie,TV-14,Teens,2018,Dramas
s5971,Movie,TV-14,Teens,2018,International Movies
s5972,Movie,NR,Unrated,2016,Documentaries
s5973,Movie,TV-14,Teens,2020,Documentaries
s5973,Movie,TV-14,Teens,2020,International Movies
s5974,Movie,TV-14,Teens,2019,Comedies
s5974,Movie,TV-14,Teens,2019,Romantic Movies
s5975,TV Show,TV-14,Teens,2019,International TV Shows
s5975,TV Show,TV-14,Teens,2019,Romantic TV Shows
s5975,TV Show,TV-14,Teens,2019,TV Comedies
s5976,Movie,TV-MA,Adults,2018,Horror Movies
s5976,Movie,TV-MA,Adults,2018,International Movies
s5977,Movie,TV-MA,Adults,2017,Comedies
s5977,Movie,TV-MA,Adults,2017,International Movies
s5978,Movie,PG-13,Adults,2018,Action & Adventure
s5978,Movie,PG-13,Adults,2018,Sci-Fi & Fantasy
s5979,TV Show,TV-MA,Adults,2017,Crime TV Shows
s5979,TV Show,TV-MA,Adults,2017,International TV Shows
s5979,TV Show,TV-MA,Adults,2017,TV Dramas
s5980,Movie,TV-PG,Teens,2017,Dramas
s5980,Movie,TV-PG,Teens,2017,Romantic Movies
s5981,Movie,TV-14,Teens,2017,Dramas
s5981,Movie,TV-14,Teens,2017,Romantic Movies
s5981,Movie,TV-14,Teens,2017,Sports Movies
s5982,Movie,PG-13,Adults,2019,Action & Adventure
s5983,Movie,TV-MA,Adults,2018,Documentaries
s5983,Movie,TV-MA,Adults,2018,International Movies
s5984,Movie,TV-14,Teens,2018,Documentaries
s5985,TV Show,TV-14,Teens,2019,British TV Shows
s5985,TV Show,TV-14,Teens,2019,International TV Shows
s5985,TV Show,TV-14,Teens,2019,Reality TV
s5986,Movie,TV-MA,Adults,2019,Dramas
s5986,Movie,TV-MA,Adults,2019,Independent Movies
s5986,Movie,TV-MA,Adults,2019,Sports Movies
s5987,TV Show,TV-14,Teens,2017,International TV Shows
s5987,TV Show,TV-14,Teens,2017,Korean TV Shows
s5987,TV Show,TV-14,Teens,2017,Romantic TV Shows
s5988,Movie,NR,Unrated,2016,Horror Movies
s5988,Movie,NR,Unrated,2016,Independent Movies
s5988,Movie,NR,Unrated,2016,Thrillers
s5989,Movie,R,Adults,2019,Horror Movies
s5989,Movie,R,Adults,2019,Thrillers
s5990,Movie,,Unknown,2017,Movies
s5991,Movie,R,Adults,2019,Action & Adventure
s5991,Movie,R,Adults,2019,International Movies
s5992,Movie,TV-MA,Adults,2018,Horror Movies
s5992,Movie,TV-MA,Adults,2018,Thrillers
s5993,Movie,PG-13,Adults,2019,Action & Adventure
s5994,Movie,PG-13,Adults,2021,Comedies
s5995,Movie,TV-MA,Adults,2020,Horror Movies
s5995,Movie,TV-MA,Adults,2020,Independent Movies
s5995,Movie,TV-MA,Adults,2020,Thrillers
s5996,Movie,TV-MA,Adults,2019,Horror Movies
s5996,Movie,TV-MA,Adults,2019,Independent Movies
s5997,Movie,PG-13,Adults,2018,Documentaries
s5997,Movie,PG-13,Adults,2018,Music & Musicals
s5998,Movie,TV-PG,Teens,2017,International Movies
s5998,Movie,TV-PG,Teens,2017,Music & Musicals
s5999,Movie,TV-14,Teens,2018,Sci-Fi & Fantasy
s6000,Movie,R,Adults,2019,Dramas
s6000,Movie,R,Adults,2019,Independent Movies
s6001,Movie,R,Adults,2019,Comedies
s6002,TV Show,TV-14,Teens,2018,International TV Shows
s6002,TV Show,TV-14,Teens,2018,TV Dramas
s6003,Movie,TV-MA,Adults,2018,Action & Adventure
s6003,Movie,TV-MA,Adults,2018,Independent Movies
s6003,Movie,TV-MA,Adults,2018,Sci-Fi & Fantasy
s6004,Movie,R,Adults,2018,Action & Adventure
s6005,Movie,TV-MA,Adults,2018,Action & Adventure
s6005,Movie,TV-MA,Adults,2018,Comedies
s6005,Movie,TV-MA,Adults,2018,International Movies
s6006,Movie,TV-MA,Adults,2018,Documentaries
s6007,Movie,PG-13,Adults,2020,Comedies
s6007,Movie,PG-13,Adults,2020,Dramas
s6008,Movie,TV-MA,Adults,2019,Dramas
s6008,Movie,TV-MA,Adults,2019,International Movies
s6008,Movie,TV-MA,Adults,2019,Thrillers
s6009,Movie,PG-13,Adults,2017,Dramas
s6009,Movie,PG-13,Adults,2017,LGBTQ Movies
s6010,Movie,TV-PG,Teens,2019,Dramas
s6010,Movie,TV-PG,Teens,2019,International Movies
s6010,Movie,TV-PG,Teens,2019,Sports Movies
s6011,Movie,TV-PG,Teens,2019,Documentaries
s6011,Movie,TV-PG,Teens,2019,Faith & Spirituality
s6012,Movie,TV-14,Teens,2019,Comedies
s6012,Movie,TV-14,Teens,2019,International Movies
s6013,Movie,R,Adults,2021,Action & Adventure
s6013,Movie,R,Adults,2021,Comedies
s6014,Movie,TV-14,Teens,2019,Dramas
s6014,Movie,TV-14,Teens,2019,International Movies
s6015,Movie,TV-MA,Adults,2018,Documentaries
s6016,Movie,NR,Unrated,2016,Comedies
s6016,Movie,NR,Unrated,2016,LGBTQ Movies
s6017,Movie,TV-MA,Adults,2019,Action & Adventure
s6017,Movie,TV-MA,Adults,2019,Comedies
s6017,Movie,TV-MA,Adults,2019,International Movies
s6018,Movie,R,Adults,2017,Comedies
s6018,Movie,R,Adults,2017,Dramas
s6018,Movie,R,Adults,2017,Romantic Movies
s6019,Movie,PG-13,Adults,2020,Comedies
s6019,Movie,PG-13,Adults,2020,Romantic Movies
s6020,Movie,R,Adults,2019,Comedies
s6020,Movie,R,Adults,2019,Dramas
s6020,Movie,R,Adults,2019,Independent Movies
s6021,Movie,TV-14,Teens,2018,Dramas
s6021,Movie,TV-14,Teens,2018,International Movies
s6022,Movie,R,Adults,2018,Action & Adventure
s6022,Movie,R,Adults,2018,Dramas
s6022,Movie,R,Adults,2018,International Movies
s6023,Movie,TV-MA,Adults,2017,Horror Movies
s6023,Movie,TV-MA,Adults,2017,International Movies
s6023,Movie,TV-MA,Adults,2017,Thrillers
s6024,Movie,R,Adults,2019,Comedies
s6024,Movie,R,Adults,2019,Independent Movies
s6024,Movie,R,Adults,2019,Thrillers
s6025,TV Show,TV-14,Teens,2019,TV Shows
s6026,Movie,TV-PG,Teens,2019,Comedies
s6026,Movie,TV-PG,Teens,2019,International Movies
s6026,Movie,TV-PG,Teens,2019,Music & Musicals
s6027,TV Show,TV-PG,Teens,2017,British TV Shows
s6027,TV Show,TV-PG,Teens,2017,Docuseries
s6027,TV Show,TV-PG,Teens,2017,Science & Nature TV
s6028,Movie,R,Adults,2020,Comedies
s6029,Movie,TV-14,Teens,2018,Dramas
s6029,Movie,TV-14,Teens,2018,Independent Movies
s6029,Movie,TV-14,Teens,2018,International Movies
s6030,Movie,PG,Teens,2018,Dramas
s6030,Movie,PG,Teens,2018,Sci-Fi & Fantasy
s6031,Movie,PG,Teens,2020,Action & Adventure
s6031,Movie,PG,Teens,2020,Classic Movies
s6031,Movie,PG,Teens,2020,Dramas
s6032,Movie,R,Adults,2020,Classic Movies
s6032,Movie,R,Adults,2020,Cult Movies
s6032,Movie,R,Adults,2020,Dramas
s6033,Movie,R,Adults,2018,Dramas
s6033,Movie,R,Adults,2018,Romantic Movies
s6034,Movie,TV-PG,Teens,2016,Documentaries
s6034,Movie,TV-PG,Teens,2016,International Movies
s6035,Movie,R,Adults,2019,Dramas
s6036,Movie,TV-14,Teens,2017,Action & Adventure
s6036,Movie,TV-14,Teens,2017,International Movies
s6036,Movie,TV-14,Teens,2017,Sci-Fi & Fantasy
s6037,Movie,R,Adults,2018,Comedies
s6037,Movie,R,Adults,2018,Independent Movies
s6038,TV Show,TV-14,Teens,2017,International TV Shows
s6038,TV Show,TV-14,Teens,2017,Romantic TV Shows
s6038,TV Show,TV-14,Teens,2017,TV Dramas
s6039,Movie,TV-MA,Adults,2017,Documentaries
s6040,Movie,R,Adults,2020,Comedies
s6040,Movie,R,Adults,2020,Horror Movies
s6041,Movie,TV-14,Teens,2019,Horror Movies
s6041,Movie,TV-14,Teens,2019,Independent Movies
s6042,Movie,TV-G,Kids,2019,Children & Family Movies
s6042,Movie,TV-G,Kids,2019,Comedies
s6042,Movie,TV-G,Kids,2019,Romantic Movies
s6043,Movie,R,Adults,2017,Thrillers
s6044,Movie,TV-MA,Adults,2018,Documentaries
s6045,TV Show,TV-14,Teens,2019,Crime TV Shows
s6045,TV Show,TV-14,Teens,2019,International TV Shows
s6045,TV Show,TV-14,Teens,2019,Korean TV Shows
s6046,Movie,TV-MA,Adults,2019,Comedies
s6046,Movie,TV-MA,Adults,2019,International Movies
s6047,Movie,R,Adults,2018,Dramas
s6047,Movie,R,Adults,2018,Thrillers
s6048,Movie,PG-13,Adults,2017,Documentaries
s6049,Movie,TV-14,Teens,2018,Documentaries
s6049,Movie,TV-14,Teens,2018,International Movies
s6050,Movie,PG-13,Adults,2019,Comedies
s6050,Movie,PG-13,Adults,2019,Cult Movies
s6051,Movie,TV-MA,Adults,2016,Dramas
s6051,Movie,TV-MA,Adults,2016,International Movies
s6052,Movie,TV-MA,Adults,2017,Dramas
s6052,Movie,TV-MA,Adults,2017,Thrillers
s6053,Movie,R,Adults,2019,Dramas
s6053,Movie,R,Adults,2019,Independent Movies
s6053,Movie,R,Adults,2019,Romantic Movies
s6054,Movie,TV-PG,Teens,2020,Children & Family Movies
s6054,Movie,TV-PG,Teens,2020,Dramas
s6054,Movie,TV-PG,Teens,2020,Romantic Movies
s6055,Movie,NR,Unrated,2013,Stand-Up Comedy
s6056,Movie,TV-MA,Adults,2017,International Movies
s6056,Movie,TV-MA,Adults,2017,Thrillers
s6057,Movie,PG-13,Adults,2019,Dramas
s6057,Movie,PG-13,Adults,2019,International Movies
s6058,Movie,R,Adults,2018,Comedies
s6058,Movie,R,Adults,2018,Independent Movies
s6059,Movie,TV-PG,Teens,2017,Dramas
s6059,Movie,TV-PG,Teens,2017,Independent Movies
s6060,Movie,PG-13,Adults,2019,Dramas
s6060,Movie,PG-13,Adults,2019,International Movies
s6061,Movie,R,Adults,2020,Comedies
s6061,Movie,R,Adults,2020,Romantic Movies
s6062,Movie,PG-13,Adults,2020,Comedies
s6063,Movie,PG,Teens,2020,Dramas
s6063,Movie,PG,Teens,2020,Romantic Movies
s6064,Movie,TV-MA,Adults,2018,Action & Adventure
s6064,Movie,TV-MA,Adults,2018,Dramas
s6064,Movie,TV-MA,Adults,2018,International Movies
s6065,Movie,TV-14,Teens,2018,Documentaries
s6066,Movie,PG,Teens,2018,Children & Family Movies
s6067,TV Show,TV-MA,Adults,,British TV Shows
s6067,TV Show,TV-MA,Adults,,TV Comedies
s6067,TV Show,TV-MA,Adults,,TV Dramas
s6068,TV Show,TV-14,Teens,2017,TV Dramas
s6069,Movie,TV-MA,Adults,2020,Horror Movies
s6070,Movie,PG,Teens,2019,Action & Adventure
s6070,Movie,PG,Teens,2019,Children & Family Movies
s6070,Movie,PG,Teens,2019,Independent Movies
s6071,Movie,TV-MA,Adults,2018,Dramas
s6071,Movie,TV-MA,Adults,2018,International Movies
s6071,Movie,TV-MA,Adults,2018,Romantic Movies
s6072,Movie,TV-MA,Adults,2018,Comedies
s6072,Movie,TV-MA,Adults,2018,International Movies
s6073,Movie,TV-PG,Teens,2018,Comedies
s6073,Movie,TV-PG,Teens,2018,Dramas
s6073,Movie,TV-PG,Teens,2018,International Movies
s6074,Movie,TV-14,Teens,2019,Dramas
s6074,Movie,TV-14,Teens,2019,International Movies
s6075,Movie,TV-14,Teens,2017,Dramas
s6075,Movie,TV-14,Teens,2017,International Movies
s6076,Movie,TV-14,Teens,2018,Comedies
s6076,Movie,TV-14,Teens,2018,Dramas
s6076,Movie,TV-14,Teens,2018,International Movies
s6077,Movie,TV-PG,Teens,2017,Comedies
s6077,Movie,TV-PG,Teens,2017,Dramas
s6077,Movie,TV-PG,Teens,2017,International Movies
s6078,Movie,TV-MA,Adults,2019,Action & Adventure
s6078,Movie,TV-MA,Adults,2019,Dramas
s6078,Movie,TV-MA,Adults,2019,International Movies
s6079,Movie,TV-14,Teens,2018,Comedies
s6079,Movie,TV-14,Teens,2018,International Movies
s6079,Movie,TV-14,Teens,2018,Sci-Fi & Fantasy
s6080,TV Show,TV-PG,Teens,2017,International TV Shows
s6080,TV Show,TV-PG,Teens,2017,Korean TV Shows
s6080,TV Show,TV-PG,Teens,2017,Stand-Up Comedy & Talk Shows
s6081,Movie,TV-Y7,Kids,2016,Children & Family Movies
s6081,Movie,TV-Y7,Kids,2016,Comedies
s6082,Movie,PG-13,Adults,2019,Comedies
s6082,Movie,PG-13,Adults,2019,Dramas
s6082,Movie,PG-13,Adults,2019,International Movies
s6083,Movie,TV-MA,Adults,2016,Dramas
s6083,Movie,TV-MA,Adults,2016,International Movies
s6084,Movie,TV-MA,Adults,2017,Comedies
s6084,Movie,TV-MA,Adults,2017,Dramas
s6084,Movie,TV-MA,Adults,2017,International Movies
s6085,Movie,TV-MA,Adults,2019,Dramas
s6085,Movie,TV-MA,Adults,2019,Sports Movies
s6086,Movie,PG-13,Adults,2019,Dramas
s6086,Movie,PG-13,Adults,2019,Music & Musicals
s6086,Movie,PG-13,Adults,2019,Romantic Movies
s6087,Movie,R,Adults,2020,Action & Adventure
s6088,Movie,NR,Unrated,2018,Action & Adventure
s6088,Movie,NR,Unrated,2018,International Movies
s6089,Movie,R,Adults,2020,Action & Adventure
s6090,TV Show,TV-14,Teens,2018,TV Comedies
s6091,Movie,TV-14,Teens,2020,Action & Adventure
s6091,Movie,TV-14,Teens,2020,Documentaries
s6091,Movie,TV-14,Teens,2020,International Movies
s6092,Movie,R,Adults,2019,Dramas
s6092,Movie,R,Adults,2019,Independent Movies
s6092,Movie,R,Adults,2019,International Movies
s6093,Movie,TV-14,Teens,2019,Horror Movies
s6093,Movie,TV-14,Teens,2019,Independent Movies
s6093,Movie,TV-14,Teens,2019,International Movies
s6094,Movie,NR,Unrated,2018,Comedies
s6095,TV Show,TV-PG,Teens,2016,British TV Shows
s6095,TV Show,TV-PG,Teens,2016,Docuseries
s6095,TV Show,TV-PG,Teens,2016,International TV Shows
s6096,Movie,NR,Unrated,2019,Documentaries
s6097,Movie,TV-MA,Adults,2018,Documentaries
s6098,Movie,TV-MA,Adults,2020,Dramas
s6098,Movie,TV-MA,Adults,2020,Independent Movies
s6099,Movie,R,Adults,2018,Action & Adventure
s6099,Movie,R,Adults,2018,Horror Movies
s6100,Movie,TV-MA,Adults,2019,Dramas
s6101,TV Show,TV-MA,Adults,2019,British TV Shows
s6101,TV Show,TV-MA,Adults,2019,Reality TV
s6101,TV Show,TV-MA,Adults,2019,Romantic TV Shows
s6102,TV Show,TV-MA,Adults,2017,International TV Shows
s6102,TV Show,TV-MA,Adults,2017,Romantic TV Shows
s6102,TV Show,TV-MA,Adults,2017,TV Dramas
s6103,TV Show,TV-14,Teens,2017,Crime TV Shows
s6103,TV Show,TV-14,Teens,2017,International TV Shows
s6103,TV Show,TV-14,Teens,2017,TV Action & Adventure
s6104,Movie,TV-14,Teens,2019,Dramas
s6104,Movie,TV-14,Teens,2019,International Movies
s6104,Movie,TV-14,Teens,2019,Romantic Movies
s6105,Movie,R,Adults,2018,Documentaries
s6106,TV Show,TV-PG,Teens,2019,British TV Shows
s6106,TV Show,TV-PG,Teens,2019,Docuseries
s6106,TV Show,TV-PG,Teens,2019,International TV Shows
s6107,Movie,TV-14,Teens,2017,Dramas
s6107,Movie,TV-14,Teens,2017,Independent Movies
s6107,Movie,TV-14,Teens,2017,International Movies
s6108,Movie,TV-14,Teens,2018,International Movies
s6108,Movie,TV-14,Teens,2018,Music & Musicals
s6108,Movie,TV-14,Teens,2018,Romantic Movies
s6109,Movie,TV-MA,Adults,2019,Comedies
s6109,Movie,TV-MA,Adults,2019,International Movies
s6110,Movie,TV-PG,Teens,2017,Children & Family Movies
s6111,Movie,TV-MA,Adults,2018,Documentaries
s6111,Movie,TV-MA,Adults,2018,International Movies
s6111,Movie,TV-MA,Adults,2018,Music & Musicals
s6112,Movie,PG,Teens,2019,Classic Movies
s6112,Movie,PG,Teens,2019,Comedies
s6112,Movie,PG,Teens,2019,Dramas
s6113,Movie,TV-PG,Teens,2018,Documentaries
s6114,Movie,PG,Teens,2018,Children & Family Movies
s6114,Movie,PG,Teens,2018,Comedies
s6114,Movie,PG,Teens,2018,Sci-Fi & Fantasy
s6115,Movie,TV-14,Teens,2017,Documentaries
s6116,Movie,R,Adults,2019,Comedies
s6116,Movie,R,Adults,2019,Dramas
s6116,Movie,R,Adults,2019,Independent Movies
s6117,Movie,G,Kids,2020,Children & Family Movies
s6118,Movie,TV-MA,Adults,2019,International Movies
s6118,Movie,TV-MA,Adults,2019,Thrillers
s6119,Movie,TV-G,Kids,2017,Children & Family Movies
s6119,Movie,TV-G,Kids,2017,Independent Movies
s6120,Movie,TV-MA,Adults,2019,Horror Movies
s6120,Movie,TV-MA,Adults,2019,Thrillers
s6121,Movie,R,Adults,2018,Horror Movies
s6122,Movie,R,Adults,2019,Action & Adventure
s6123,Movie,R,Adults,2019,Dramas
s6124,Movie,R,Adults,2019,Thrillers
s6125,Movie,TV-G,Kids,2019,Children & Family Movies
s6126,Movie,TV-Y7,Kids,2020,Children & Family Movies
s6127,TV Show,TV-Y,Kids,2020,Kids' TV
s6128,Movie,TV-G,Kids,2018,Documentaries
s6129,Movie,TV-14,Teens,2020,Comedies
s6129,Movie,TV-14,Teens,2020,Romantic Movies
s6130,Movie,TV-MA,Adults,2017,Comedies
s6130,Movie,TV-MA,Adults,2017,Dramas
s6130,Movie,TV-MA,Adults,2017,International Movies
s6131,Movie,TV-14,Teens,2019,Action & Adventure
s6131,Movie,TV-14,Teens,2019,Classic Movies
s6131,Movie,TV-14,Teens,2019,Comedies
s6132,Movie,TV-14,Teens,2019,Dramas
s6132,Movie,TV-14,Teens,2019,International Movies
s6133,TV Show,TV-14,Teens,2019,Docuseries
s6134,Movie,TV-MA,Adults,2017,Documentaries
s6135,Movie,R,Adults,2020,Action & Adventure
s6136,Movie,R,Adults,2020,Dramas
s6137,Movie,TV-14,Teens,2018,Documentaries
s6138,TV Show,TV-MA,Adults,2017,Crime TV Shows
s6138,TV Show,TV-MA,Adults,2017,TV Dramas
s6139,Movie,TV-MA,Adults,2017,Documentaries
s6140,TV Show,TV-PG,Teens,2019,Docuseries
s6141,Movie,TV-14,Teens,2019,Documentaries
s6142,Movie,TV-MA,Adults,2019,Thrillers
s6143,Movie,R,Adults,2019,Action & Adventure
s6143,Movie,R,Adults,2019,Dramas
s6144,Movie,R,Adults,2019,Dramas
s6145,Movie,R,Adults,2019,Dramas
s6145,Movie,R,Adults,2019,Independent Movies
s6146,Movie,TV-MA,Adults,2019,Documentaries
s6146,Movie,TV-MA,Adults,2019,Sports Movies
s6147,TV Show,TV-14,Teens,2016,TV Dramas
s6147,TV Show,TV-14,Teens,2016,TV Thrillers
s6148,Movie,R,Adults,2019,Comedies
s6148,Movie,R,Adults,2019,Cult Movies
s6148,Movie,R,Adults,2019,Dramas
s6149,Movie,TV-MA,Adults,2019,Dramas
s6150,Movie,R,Adults,2018,Documentaries
s6150,Movie,R,Adults,2018,International Movies
s6150,Movie,R,Adults,2018,Music & Musicals
s6151,Movie,TV-PG,Teens,2017,Documentaries
s6151,Movie,TV-PG,Teens,2017,International Movies
s6152,Movie,G,Kids,2018,Children & Family Movies
s6153,Movie,G,Kids,2018,Children & Family Movies
s6154,Movie,G,Kids,2018,Children & Family Movies
s6155,Movie,G,Kids,2018,Children & Family Movies
s6156,Movie,TV-14,Teens,2019,Dramas
s6156,Movie,TV-14,Teens,2019,International Movies
s6157,TV Show,TV-14,Teens,2017,International TV Shows
s6157,TV Show,TV-14,Teens,2017,Romantic TV Shows
s6157,TV Show,TV-14,Teens,2017,TV Dramas
s6158,Movie,TV-PG,Teens,2019,Dramas
s6158,Movie,TV-PG,Teens,2019,Faith & Spirituality
s6159,Movie,TV-MA,Adults,2019,Comedies
s6159,Movie,TV-MA,Adults,2019,Dramas
s6159,Movie,TV-MA,Adults,2019,International Movies
s6160,Movie,TV-MA,Adults,2017,Dramas
s6160,Movie,TV-MA,Adults,2017,Independent Movies
s6160,Movie,TV-MA,Adults,2017,International Movies
s6161,Movie,TV-MA,Adults,2019,Comedies
s6161,Movie,TV-MA,Adults,2019,Dramas
s6161,Movie,TV-MA,Adults,2019,LGBTQ Movies
s6162,TV Show,TV-14,Teens,2019,Docuseries
s6162,TV Show,TV-14,Teens,2019,Science & Nature TV
s6163,Movie,R,Adults,2018,Dramas
s6163,Movie,R,Adults,2018,Independent Movies
s6164,Movie,R,Adults,2020,Dramas
s6164,Movie,R,Adults,2020,Romantic Movies
s6165,Movie,PG-13,Adults,2019,Comedies
s6166,Movie,TV-MA,Adults,2017,Dramas
s6166,Movie,TV-MA,Adults,2017,Independent Movies
s6166,Movie,TV-MA,Adults,2017,International Movies
s6167,TV Show,TV-14,Teens,2018,International TV Shows
s6167,TV Show,TV-14,Teens,2018,TV Horror
s6167,TV Show,TV-14,Teens,2018,TV Thrillers
s6168,TV Show,TV-14,Teens,2018,International TV Shows
s6168,TV Show,TV-14,Teens,2018,TV Horror
s6168,TV Show,TV-14,Teens,2018,TV Mysteries
s6169,Movie,TV-14,Teens,2017,Dramas
s6169,Movie,TV-14,Teens,2017,International Movies
s6169,Movie,TV-14,Teens,2017,Thrillers
s6170,Movie,TV-PG,Teens,2017,Children & Family Movies
s6171,Movie,TV-PG,Teens,2017,Dramas
s6171,Movie,TV-PG,Teens,2017,Independent Movies
s6171,Movie,TV-PG,Teens,2017,International Movies
s6172,Movie,PG-13,Adults,2019,Action & Adventure
s6172,Movie,PG-13,Adults,2019,Comedies
s6172,Movie,PG-13,Adults,2019,Sci-Fi & Fantasy
s6173,Movie,TV-MA,Adults,2019,Comedies
s6173,Movie,TV-MA,Adults,2019,International Movies
s6174,Movie,TV-Y7,Kids,2019,Children & Family Movies
s6175,TV Show,TV-PG,Teens,,Docuseries
s6176,Movie,TV-MA,Adults,2019,Action & Adventure
s6176,Movie,TV-MA,Adults,2019,Horror Movies
s6177,Movie,TV-14,Teens,2019,Dramas
s6177,Movie,TV-14,Teens,2019,Independent Movies
s6177,Movie,TV-14,Teens,2019,International Movies
s6178,TV Show,TV-Y7,Kids,2018,Anime Series
s6178,TV Show,TV-Y7,Kids,2018,Kids' TV
s6179,Movie,TV-MA,Adults,2019,Documentaries
s6180,Movie,NR,Unrated,2016,Documentaries
s6181,Movie,PG-13,Adults,2019,Horror Movies
s6181,Movie,PG-13,Adults,2019,Sci-Fi & Fantasy
s6181,Movie,PG-13,Adults,2019,Thrillers
s6182,Movie,PG,Teens,2017,Action & Adventure
s6182,Movie,PG,Teens,2017,Comedies
s6182,Movie,PG,Teens,2017,International Movies
s6183,Movie,TV-14,Teens,2017,Dramas
s6183,Movie,TV-14,Teens,2017,Independent Movies
s6184,Movie,TV-14,Teens,2019,Comedies
s6184,Movie,TV-14,Teens,2019,Dramas
s6184,Movie,TV-14,Teens,2019,International Movies
s6185,Movie,TV-14,Teens,2018,Comedies
s6185,Movie,TV-14,Teens,2018,Dramas
s6185,Movie,TV-14,Teens,2018,International Movies
s6186,Movie,PG-13,Adults,2019,Comedies
s6186,Movie,PG-13,Adults,2019,Romantic Movies
s6187,Movie,PG,Teens,2020,Children & Family Movies
s6187,Movie,PG,Teens,2020,Comedies
s6188,Movie,R,Adults,2018,Horror Movies
s6188,Movie,R,Adults,2018,Thrillers
s6189,Movie,PG-13,Adults,2020,Comedies
s6189,Movie,PG-13,Adults,2020,Romantic Movies
s6190,Movie,TV-MA,Adults,2019,Horror Movies
s6190,Movie,TV-MA,Adults,2019,Sci-Fi & Fantasy
s6190,Movie,TV-MA,Adults,2019,Thrillers
s6191,Movie,NR,Unrated,2018,Action & Adventure
s6191,Movie,NR,Unrated,2018,Dramas
s6191,Movie,NR,Unrated,2018,International Movies
s6192,Movie,TV-MA,Adults,2016,Documentaries
s6192,Movie,TV-MA,Adults,2016,Sports Movies
s6193,Movie,TV-14,Teens,2018,Dramas
s6193,Movie,TV-14,Teens,2018,Sci-Fi & Fantasy
s6194,Movie,TV-14,Teens,2018,Comedies
s6194,Movie,TV-14,Teens,2018,International Movies
s6194,Movie,TV-14,Teens,2018,Romantic Movies
s6195,TV Show,TV-Y7,Kids,2017,Crime TV Shows
s6195,TV Show,TV-Y7,Kids,2017,Kids' TV
s6195,TV Show,TV-Y7,Kids,2017,TV Comedies
s6196,Movie,TV-14,Teens,2016,Documentaries
s6196,Movie,TV-14,Teens,2016,International Movies
s6197,Movie,TV-14,Teens,2018,Comedies
s6197,Movie,TV-14,Teens,2018,Independent Movies
s6197,Movie,TV-14,Teens,2018,International Movies
s6198,Movie,TV-PG,Teens,2019,Documentaries
s6199,TV Show,TV-MA,Adults,2017,Docuseries
s6199,TV Show,TV-MA,Adults,2017,International TV Shows
s6199,TV Show,TV-MA,Adults,2017,Reality TV
s6200,Movie,R,Adults,2017,International Movies
s6200,Movie,R,Adults,2017,Sci-Fi & Fantasy
s6200,Movie,R,Adults,2017,Thrillers
s6201,Movie,PG-13,Adults,2018,Action & Adventure
s6201,Movie,PG-13,Adults,2018,Sci-Fi & Fantasy
s6202,Movie,TV-MA,Adults,2018,Documentaries
s6202,Movie,TV-MA,Adults,2018,International Movies
s6202,Movie,TV-MA,Adults,2018,Music & Musicals
s6203,Movie,TV-14,Teens,2019,Dramas
s6203,Movie,TV-14,Teens,2019,International Movies
s6203,Movie,TV-14,Teens,2019,Sports Movies
s6204,Movie,TV-14,Teens,2018,Dramas
s6204,Movie,TV-14,Teens,2018,Independent Movies
s6204,Movie,TV-14,Teens,2018,International Movies
s6205,Movie,TV-14,Teens,2018,Dramas
s6205,Movie,TV-14,Teens,2018,International Movies
s6206,Movie,R,Adults,2019,Dramas
s6206,Movie,R,Adults,2019,Independent Movies
s6207,Movie,TV-MA,Adults,2018,Documentaries
s6207,Movie,TV-MA,Adults,2018,International Movies
s6208,Movie,NR,Unrated,2017,Comedies
s6208,Movie,NR,Unrated,2017,Dramas
s6208,Movie,NR,Unrated,2017,International Movies
s6209,Movie,NR,Unrated,2017,Horror Movies
s6209,Movie,NR,Unrated,2017,Independent Movies
s6209,Movie,NR,Unrated,2017,Thrillers
s6210,Movie,TV-MA,Adults,2019,Dramas
s6210,Movie,TV-MA,Adults,2019,Independent Movies
s6210,Movie,TV-MA,Adults,2019,Thrillers
s6211,Movie,R,Adults,2018,Dramas
s6211,Movie,R,Adults,2018,Thrillers
s6212,Movie,R,Adults,2019,Action & Adventure
s6212,Movie,R,Adults,2019,Comedies
s6213,Movie,R,Adults,2019,Action & Adventure
s6213,Movie,R,Adults,2019,Comedies
s6214,TV Show,TV-MA,Adults,2018,British TV Shows
s6214,TV Show,TV-MA,Adults,2018,TV Comedies
s6215,Movie,TV-MA,Adults,2018,Thrillers
s6216,Movie,TV-MA,Adults,2017,Documentaries
s6216,Movie,TV-MA,Adults,2017,Music & Musicals
s6217,TV Show,TV-14,Teens,2017,International TV Shows
s6217,TV Show,TV-14,Teens,2017,TV Dramas
s6218,Movie,TV-14,Teens,2018,Dramas
s6218,Movie,TV-14,Teens,2018,International Movies
s6219,Movie,TV-14,Teens,2020,Dramas
s6220,TV Show,TV-MA,Adults,2017,International TV Shows
s6220,TV Show,TV-MA,Adults,2017,Spanish-Language TV Shows
s6220,TV Show,TV-MA,Adults,2017,TV Dramas
s6221,Movie,G,Kids,2018,Children & Family Movies
s6221,Movie,G,Kids,2018,Dramas
s6222,Movie,G,Kids,2018,Children & Family Movies
s6223,Movie,G,Kids,2018,Children & Family Movies
s6224,Movie,TV-MA,Adults,2018,International Movies
s6224,Movie,TV-MA,Adults,2018,Romantic Movies
s6225,Movie,TV-14,Teens,2017,Comedies
s6225,Movie,TV-14,Teens,2017,International Movies
s6225,Movie,TV-14,Teens,2017,Romantic Movies
s6226,Movie,R,Adults,2019,Comedies
s6226,Movie,R,Adults,2019,Dramas
s6226,Movie,R,Adults,2019,Independent Movies
s6227,Movie,NR,Unrated,2016,Action & Adventure
s6227,Movie,NR,Unrated,2016,Comedies
s6227,Movie,NR,Unrated,2016,Independent Movies
s6228,Movie,TV-MA,Adults,2018,Action & Adventure
s6228,Movie,TV-MA,Adults,2018,International Movies
s6229,TV Show,TV-MA,Adults,2018,International TV Shows
s6229,TV Show,TV-MA,Adults,2018,Romantic TV Shows
s6229,TV Show,TV-MA,Adults,2018,TV Comedies
s6230,Movie,TV-MA,Adults,2018,Dramas
s6230,Movie,TV-MA,Adults,2018,International Movies
s6231,Movie,TV-14,Teens,2018,Comedies
s6231,Movie,TV-14,Teens,2018,International Movies
s6231,Movie,TV-14,Teens,2018,Romantic Movies
s6232,Movie,TV-MA,Adults,2018,Documentaries
s6232,Movie,TV-MA,Adults,2018,International Movies
s6232,Movie,TV-MA,Adults,2018,Sports Movies
s6233,Movie,TV-14,Teens,2019,Dramas
s6233,Movie,TV-14,Teens,2019,International Movies
s6234,Movie,TV-MA,Adults,2017,Documentaries
s6234,Movie,TV-MA,Adults,2017,International Movies
s6235,Movie,TV-Y,Kids,2017,Children & Family Movies
s6236,Movie,TV-Y,Kids,2017,Children & Family Movies
s6237,Movie,TV-Y,Kids,2017,Children & Family Movies
s6238,Movie,TV-Y,Kids,2017,Children & Family Movies
s6239,Movie,TV-Y,Kids,2017,Children & Family Movies
s6240,Movie,TV-Y7,Kids,2017,Children & Family Movies
s6241,Movie,TV-Y,Kids,2017,Children & Family Movies
s6242,Movie,TV-Y,Kids,2017,Children & Family Movies
s6243,Movie,TV-Y,Kids,2017,Children & Family Movies
s6244,Movie,TV-Y,Kids,2017,Children & Family Movies
s6245,Movie,PG-13,Adults,2018,Action & Adventure
s6245,Movie,PG-13,Adults,2018,Comedies
s6246,Movie,TV-14,Teens,2018,Comedies
s6246,Movie,TV-14,Teens,2018,International Movies
s6247,Movie,TV-PG,Teens,2018,Action & Adventure
s6247,Movie,TV-PG,Teens,2018,International Movies
s6247,Movie,TV-PG,Teens,2018,Music & Musicals
s6248,Movie,R,Adults,2018,Comedies
s6248,Movie,R,Adults,2018,Sports Movies
s6249,Movie,R,Adults,2020,Classic Movies
s6249,Movie,R,Adults,2020,Thrillers
s6250,TV Show,TV-Y,Kids,2017,Kids' TV
s6251,TV Show,TV-MA,Adults,2018,Crime TV Shows
s6251,TV Show,TV-MA,Adults,2018,TV Dramas
s6251,TV Show,TV-MA,Adults,2018,TV Horror
s6252,Movie,PG-13,Adults,2019,Documentaries
s6252,Movie,PG-13,Adults,2019,Music & Musicals
s6253,TV Show,TV-14,Teens,2015,Crime TV Shows
s6253,TV Show,TV-14,Teens,2015,TV Comedies
s6253,TV Show,TV-14,Teens,2015,TV Dramas
s6254,TV Show,TV-PG,Teens,2016,British TV Shows
s6254,TV Show,TV-PG,Teens,2016,Docuseries
s6254,TV Show,TV-PG,Teens,2016,Reality TV
s6255,Movie,TV-PG,Teens,2019,Classic Movies
s6255,Movie,TV-PG,Teens,2019,Comedies
s6255,Movie,TV-PG,Teens,2019,Dramas
s6256,Movie,TV-14,Teens,2019,Dramas
s6256,Movie,TV-14,Teens,2019,Independent Movies
s6256,Movie,TV-14,Teens,2019,International Movies
s6257,Movie,TV-MA,Adults,2017,Documentaries
s6258,Movie,PG,Teens,2019,Comedies
s6258,Movie,PG,Teens,2019,Dramas
s6258,Movie,PG,Teens,2019,Romantic Movies
s6259,TV Show,TV-Y,Kids,2018,Kids' TV
s6260,Movie,TV-G,Kids,2017,Documentaries
s6260,Movie,TV-G,Kids,2017,International Movies
s6261,Movie,PG-13,Adults,2018,Comedies
s6261,Movie,PG-13,Adults,2018,International Movies
s6262,Movie,TV-G,Kids,2017,Children & Family Movies
s6262,Movie,TV-G,Kids,2017,Documentaries
s6262,Movie,TV-G,Kids,2017,International Movies
s6263,TV Show,TV-PG,Teens,2019,Docuseries
s6264,TV Show,TV-14,Teens,2017,International TV Shows
s6264,TV Show,TV-14,Teens,2017,Korean TV Shows
s6264,TV Show,TV-14,Teens,2017,Romantic TV Shows
s6265,TV Show,TV-14,Teens,2016,Crime TV Shows
s6265,TV Show,TV-14,Teens,2016,Romantic TV Shows
s6265,TV Show,TV-14,Teens,2016,TV Dramas
s6266,TV Show,TV-MA,Adults,2019,International TV Shows
s6266,TV Show,TV-MA,Adults,2019,Romantic TV Shows
s6266,TV Show,TV-MA,Adults,2019,TV Comedies
s6267,Movie,PG-13,Adults,2019,Comedies
s6267,Movie,PG-13,Adults,2019,Cult Movies
s6268,Movie,PG-13,Adults,2019,Comedies
s6269,Movie,TV-14,Teens,2018,Comedies
s6269,Movie,TV-14,Teens,2018,Dramas
s6269,Movie,TV-14,Teens,2018,International Movies
s6270,Movie,TV-14,Teens,2019,Comedies
s6270,Movie,TV-14,Teens,2019,International Movies
s6271,Movie,PG-13,Adults,2019,Dramas
s6271,Movie,PG-13,Adults,2019,Romantic Movies
s6272,Movie,PG,Teens,2019,Children & Family Movies
s6272,Movie,PG,Teens,2019,Comedies
s6273,Movie,PG,Teens,2018,Documentaries
s6274,Movie,TV-14,Teens,2017,Documentaries
s6274,Movie,TV-14,Teens,2017,International Movies
s6275,Movie,TV-MA,Adults,2018,Documentaries
s6275,Movie,TV-MA,Adults,2018,LGBTQ Movies
s6275,Movie,TV-MA,Adults,2018,Music & Musicals
s6276,TV Show,TV-MA,Adults,2018,International TV Shows
s6276,TV Show,TV-MA,Adults,2018,Romantic TV Shows
s6276,TV Show,TV-MA,Adults,2018,TV Dramas
s6277,TV Show,TV-MA,Adults,2017,Crime TV Shows
s6277,TV Show,TV-MA,Adults,2017,International TV Shows
s6277,TV Show,TV-MA,Adults,2017,TV Dramas
s6278,Movie,TV-MA,Adults,2017,Dramas
s6278,Movie,TV-MA,Adults,2017,International Movies
s6278,Movie,TV-MA,Adults,2017,Romantic Movies
s6279,Movie,TV-14,Teens,2016,Documentaries
s6279,Movie,TV-14,Teens,2016,International Movies
s6279,Movie,TV-14,Teens,2016,Sports Movies
s6280,TV Show,TV-14,Teens,2017,Romantic TV Shows
s6280,TV Show,TV-14,Teens,2017,TV Dramas
s6281,Movie,TV-MA,Adults,2017,Dramas
s6281,Movie,TV-MA,Adults,2017,Independent Movies
s6281,Movie,TV-MA,Adults,2017,International Movies
s6282,TV Show,TV-Y7,Kids,2018,Kids' TV
s6283,Movie,TV-MA,Adults,2019,Independent Movies
s6283,Movie,TV-MA,Adults,2019,Thrillers
s6284,Movie,PG,Teens,2018,Children & Family Movies
s6284,Movie,PG,Teens,2018,Dramas
s6285,Movie,TV-G,Kids,2018,Children & Family Movies
s6286,Movie,TV-14,Teens,2017,Comedies
s6286,Movie,TV-14,Teens,2017,International Movies
s6286,Movie,TV-14,Teens,2017,Sports Movies
s6287,Movie,R,Adults,2019,Dramas
s6287,Movie,R,Adults,2019,International Movies
s6287,Movie,R,Adults,2019,Romantic Movies
s6288,Movie,TV-14,Teens,2019,Comedies
s6288,Movie,TV-14,Teens,2019,International Movies
s6289,Movie,TV-PG,Teens,2017,Documentaries
s6290,Movie,TV-PG,Teens,2019,Dramas
s6290,Movie,TV-PG,Teens,2019,International Movies
s6290,Movie,TV-PG,Teens,2019,Romantic Movies
s6291,Movie,TV-14,Teens,2019,Comedies
s6291,Movie,TV-14,Teens,2019,International Movies
s6291,Movie,TV-14,Teens,2019,Romantic Movies
s6292,TV Show,TV-Y7,Kids,2017,Anime Series
s6292,TV Show,TV-Y7,Kids,2017,Kids' TV
s6293,Movie,TV-14,Teens,2017,Documentaries
s6293,Movie,TV-14,Teens,2017,International Movies
s6293,Movie,TV-14,Teens,2017,Sports Movies
s6294,Movie,TV-14,Teens,2018,Dramas
s6294,Movie,TV-14,Teens,2018,Independent Movies
s6294,Movie,TV-14,Teens,2018,International Movies
s6295,TV Show,TV-PG,Teens,2018,International TV Shows
s6295,TV Show,TV-PG,Teens,2018,TV Comedies
s6296,TV Show,TV-14,Teens,2017,International TV Shows
s6296,TV Show,TV-14,Teens,2017,Romantic TV Shows
s6296,TV Show,TV-14,Teens,2017,TV Dramas
s6297,Movie,TV-14,Teens,2019,Comedies
s6297,Movie,TV-14,Teens,2019,International Movies
s6297,Movie,TV-14,Teens,2019,Romantic Movies
s6298,Movie,TV-Y,Kids,2019,Children & Family Movies
s6299,Movie,TV-14,Teens,2017,Dramas
s6299,Movie,TV-14,Teens,2017,International Movies
s6299,Movie,TV-14,Teens,2017,Thrillers
s6300,Movie,TV-MA,Adults,2019,Horror Movies
s6300,Movie,TV-MA,Adults,2019,International Movies
s6300,Movie,TV-MA,Adults,2019,Thrillers
s6301,Movie,TV-14,Teens,2017,Dramas
s6301,Movie,TV-14,Teens,2017,Independent Movies
s6301,Movie,TV-14,Teens,2017,International Movies
s6302,TV Show,TV-G,Kids,2016,Kids' TV
s6302,TV Show,TV-G,Kids,2016,TV Comedies
s6303,Movie,TV-MA,Adults,2018,Comedies
s6304,Movie,PG-13,Adults,2020,Comedies
s6305,TV Show,TV-G,Kids,2019,British TV Shows
s6305,TV Show,TV-G,Kids,2019,International TV Shows
s6305,TV Show,TV-G,Kids,2019,Reality TV
s6306,Movie,PG,Teens,2020,Children & Family Movies
s6306,Movie,PG,Teens,2020,Comedies
s6307,Movie,R,Adults,2019,Action & Adventure
s6308,Movie,TV-MA,Adults,2018,Documentaries
s6309,Movie,PG,Teens,2017,Children & Family Movies
s6309,Movie,PG,Teens,2017,Comedies
s6310,Movie,R,Adults,2019,Documentaries
s6310,Movie,R,Adults,2019,Music & Musicals
s6311,Movie,NR,Unrated,2017,Stand-Up Comedy
s6312,Movie,R,Adults,2019,Dramas
s6312,Movie,R,Adults,2019,Independent Movies
s6312,Movie,R,Adults,2019,International Movies
s6313,Movie,TV-PG,Teens,2019,Documentaries
s6313,Movie,TV-PG,Teens,2019,Faith & Spirituality
s6314,Movie,TV-MA,Adults,2018,Dramas
s6314,Movie,TV-MA,Adults,2018,International Movies
s6315,Movie,TV-14,Teens,2018,Dramas
s6315,Movie,TV-14,Teens,2018,International Movies
s6315,Movie,TV-14,Teens,2018,LGBTQ Movies
s6316,Movie,TV-MA,Adults,2018,Comedies
s6316,Movie,TV-MA,Adults,2018,Independent Movies
s6316,Movie,TV-MA,Adults,2018,International Movies
s6317,Movie,R,Adults,2018,Comedies
s6317,Movie,R,Adults,2018,Dramas
s6317,Movie,R,Adults,2018,Independent Movies
s6318,Movie,TV-14,Teens,2017,Action & Adventure
s6318,Movie,TV-14,Teens,2017,Comedies
s6318,Movie,TV-14,Teens,2017,International Movies
s6319,TV Show,TV-MA,Adults,2016,International TV Shows
s6319,TV Show,TV-MA,Adults,2016,TV Dramas
s6319,TV Show,TV-MA,Adults,2016,TV Horror
s6320,TV Show,TV-MA,Adults,2019,Crime TV Shows
s6320,TV Show,TV-MA,Adults,2019,International TV Shows
s6320,TV Show,TV-MA,Adults,2019,TV Dramas
s6321,Movie,TV-14,Teens,2020,Comedies
s6321,Movie,TV-14,Teens,2020,Dramas
s6321,Movie,TV-14,Teens,2020,International Movies
s6322,Movie,TV-MA,Adults,2019,Dramas
s6323,Movie,R,Adults,2019,Action & Adventure
s6323,Movie,R,Adults,2019,Dramas
s6324,TV Show,TV-14,Teens,2018,Crime TV Shows
s6324,TV Show,TV-14,Teens,2018,International TV Shows
s6324,TV Show,TV-14,Teens,2018,TV Dramas
s6325,Movie,TV-PG,Teens,2016,Documentaries
s6325,Movie,TV-PG,Teens,2016,International Movies
s6326,Movie,PG-13,Adults,2018,Action & Adventure
s6326,Movie,PG-13,Adults,2018,Sci-Fi & Fantasy
s6327,Movie,TV-MA,Adults,2017,Action & Adventure
s6328,Movie,R,Adults,2019,Dramas
s6328,Movie,R,Adults,2019,Independent Movies
s6329,Movie,TV-MA,Adults,2017,Dramas
s6329,Movie,TV-MA,Adults,2017,International Movies
s6329,Movie,TV-MA,Adults,2017,Thrillers
s6330,Movie,PG-13,Adults,2020,Documentaries
s6331,Movie,PG-13,Adults,2017,Thrillers
s6332,Movie,R,Adults,2020,Dramas
s6332,Movie,R,Adults,2020,Independent Movies
s6332,Movie,R,Adults,2020,Music & Musicals
s6333,Movie,R,Adults,2020,Dramas
s6333,Movie,R,Adults,2020,Sports Movies
s6334,Movie,PG,Teens,2017,Children & Family Movies
s6335,Movie,TV-MA,Adults,2018,Comedies
s6335,Movie,TV-MA,Adults,2018,Independent Movies
s6335,Movie,TV-MA,Adults,2018,International Movies
s6336,TV Show,TV-14,Teens,2018,International TV Shows
s6336,TV Show,TV-14,Teens,2018,TV Dramas
s6336,TV Show,TV-14,Teens,2018,TV Sci-Fi & Fantasy
s6337,Movie,R,Adults,2020,Action & Adventure
s6337,Movie,R,Adults,2020,International Movies
s6338,Movie,R,Adults,2019,Dramas
s6339,Movie,NC-17,Adults,2016,Dramas
s6339,Movie,NC-17,Adults,2016,Independent Movies
s6339,Movie,NC-17,Adults,2016,International Movies
s6340,Movie,PG-13,Adults,2019,Comedies
s6340,Movie,PG-13,Adults,2019,Dramas
s6340,Movie,PG-13,Adults,2019,Independent Movies
s6341,Movie,R,Adults,2016,Comedies
s6342,TV Show,TV-G,Kids,2018,British TV Shows
s6342,TV Show,TV-G,Kids,2018,Docuseries
s6342,TV Show,TV-G,Kids,2018,Science & Nature TV
s6343,Movie,R,Adults,2019,Independent Movies
s6343,Movie,R,Adults,2019,Thrillers
s6344,Movie,PG-13,Adults,2021,Action & Adventure
s6344,Movie,PG-13,Adults,2021,Comedies
s6345,Movie,R,Adults,2018,Dramas
s6345,Movie,R,Adults,2018,Independent Movies
s6345,Movie,R,Adults,2018,Romantic Movies
s6346,Movie,TV-MA,Adults,2017,Documentaries
s6347,Movie,TV-MA,Adults,2019,Documentaries
s6348,TV Show,TV-G,Kids,2016,TV Shows
s6349,Movie,TV-G,Kids,2015,Children & Family Movies
s6350,Movie,TV-MA,Adults,2018,Documentaries
s6351,Movie,TV-14,Teens,2019,Classic Movies
s6351,Movie,TV-14,Teens,2019,Dramas
s6351,Movie,TV-14,Teens,2019,International Movies
s6352,Movie,TV-14,Teens,2018,Documentaries
s6352,Movie,TV-14,Teens,2018,International Movies
s6352,Movie,TV-14,Teens,2018,Sports Movies
s6353,Movie,TV-14,Teens,2017,Documentaries
s6354,Movie,TV-14,Teens,2017,Dramas
s6354,Movie,TV-14,Teens,2017,Independent Movies
s6354,Movie,TV-14,Teens,2017,Sci-Fi & Fantasy
s6355,Movie,PG,Teens,2018,Children & Family Movies
s6355,Movie,PG,Teens,2018,Comedies
s6356,Movie,TV-14,Teens,2018,Documentaries
s6357,Movie,TV-MA,Adults,2016,Comedies
s6357,Movie,TV-MA,Adults,2016,International Movies
s6358,TV Show,TV-PG,Teens,2019,Reality TV
s6359,Movie,R,Adults,2021,Action & Adventure
s6359,Movie,R,Adults,2021,Classic Movies
s6359,Movie,R,Adults,2021,Dramas
s6360,Movie,TV-MA,Adults,2018,Action & Adventure
s6360,Movie,TV-MA,Adults,2018,Dramas
s6360,Movie,TV-MA,Adults,2018,International Movies
s6361,TV Show,TV-PG,Teens,2019,Reality TV
s6362,TV Show,TV-14,Teens,2017,British TV Shows
s6362,TV Show,TV-14,Teens,2017,TV Comedies
s6363,Movie,TV-MA,Adults,2017,Documentaries
s6363,Movie,TV-MA,Adults,2017,Sports Movies
s6364,Movie,TV-14,Teens,2017,Documentaries
s6364,Movie,TV-14,Teens,2017,International Movies
s6365,TV Show,TV-MA,Adults,2019,British TV Shows
s6365,TV Show,TV-MA,Adults,2019,Docuseries
s6365,TV Show,TV-MA,Adults,2019,International TV Shows
s6366,Movie,TV-MA,Adults,2020,Dramas
s6366,Movie,TV-MA,Adults,2020,Independent Movies
s6366,Movie,TV-MA,Adults,2020,Thrillers
s6367,Movie,PG,Teens,2017,Children & Family Movies
s6368,Movie,TV-MA,Adults,2019,Comedies
s6368,Movie,TV-MA,Adults,2019,Romantic Movies
s6369,TV Show,TV-G,Kids,2019,Docuseries
s6369,TV Show,TV-G,Kids,2019,Science & Nature TV
s6370,Movie,TV-MA,Adults,2019,Dramas
s6370,Movie,TV-MA,Adults,2019,Romantic Movies
s6370,Movie,TV-MA,Adults,2019,Sports Movies
s6371,Movie,PG,Teens,2020,Children & Family Movies
s6371,Movie,PG,Teens,2020,Comedies
s6372,TV Show,TV-14,Teens,2018,Crime TV Shows
s6372,TV Show,TV-14,Teens,2018,Docuseries
s6373,Movie,TV-MA,Adults,2017,Comedies
s6373,Movie,TV-MA,Adults,2017,Independent Movies
s6374,TV Show,TV-PG,Teens,2020,Reality TV
s6375,Movie,TV-MA,Adults,2017,Documentaries
s6375,Movie,TV-MA,Adults,2017,International Movies
s6375,Movie,TV-MA,Adults,2017,LGBTQ Movies
s6376,Movie,TV-MA,Adults,2018,Dramas
s6376,Movie,TV-MA,Adults,2018,Sports Movies
s6377,Movie,R,Adults,2018,Independent Movies
s6377,Movie,R,Adults,2018,Thrillers
s6378,Movie,PG-13,Adults,2017,Comedies
s6379,TV Show,TV-14,Teens,2019,International TV Shows
s6379,TV Show,TV-14,Teens,2019,Reality TV
s6380,Movie,R,Adults,2018,Dramas
s6380,Movie,R,Adults,2018,Thrillers
s6381,Movie,TV-MA,Adults,2018,Action & Adventure
s6381,Movie,TV-MA,Adults,2018,International Movies
s6382,TV Show,TV-14,Teens,2016,TV Comedies
s6383,Movie,TV-PG,Teens,2017,Children & Family Movies
s6383,Movie,TV-PG,Teens,2017,Comedies
s6384,Movie,TV-PG,Teens,2017,Children & Family Movies
s6384,Movie,TV-PG,Teens,2017,Comedies
s6385,Movie,TV-PG,Teens,2017,Children & Family Movies
s6385,Movie,TV-PG,Teens,2017,Comedies
s6386,TV Show,TV-PG,Teens,2018,International TV Shows
s6386,TV Show,TV-PG,Teens,2018,TV Dramas
s6387,Movie,TV-MA,Adults,2019,Action & Adventure
s6387,Movie,TV-MA,Adults,2019,International Movies
s6388,Movie,TV-G,Kids,2018,Documentaries
s6388,Movie,TV-G,Kids,2018,International Movies
s6389,Movie,TV-MA,Adults,2019,Independent Movies
s6389,Movie,TV-MA,Adults,2019,Thrillers
s6390,TV Show,TV-PG,Teens,2018,Kids' TV
s6391,Movie,PG-13,Adults,2019,Dramas
s6391,Movie,PG-13,Adults,2019,Romantic Movies
s6392,Movie,TV-MA,Adults,2017,Documentaries
s6393,Movie,TV-MA,Adults,2019,Dramas
s6393,Movie,TV-MA,Adults,2019,Independent Movies
s6393,Movie,TV-MA,Adults,2019,International Movies
s6394,TV Show,TV-MA,Adults,2019,British TV Shows
s6394,TV Show,TV-MA,Adults,2019,TV Comedies
s6395,Movie,TV-MA,Adults,2017,Action & Adventure
s6395,Movie,TV-MA,Adults,2017,Independent Movies
s6396,Movie,TV-14,Teens,2019,Classic Movies
s6396,Movie,TV-14,Teens,2019,Dramas
s6396,Movie,TV-14,Teens,2019,Romantic Movies
s6397,Movie,R,Adults,2017,Dramas
s6397,Movie,R,Adults,2017,Independent Movies
s6397,Movie,R,Adults,2017,International Movies
s6398,Movie,R,Adults,2019,Horror Movies
s6398,Movie,R,Adults,2019,Thrillers
s6399,TV Show,TV-PG,Teens,2018,British TV Shows
s6399,TV Show,TV-PG,Teens,2018,International TV Shows
s6399,TV Show,TV-PG,Teens,2018,Reality TV
s6400,Movie,TV-14,Teens,2018,Dramas
s6400,Movie,TV-14,Teens,2018,International Movies
s6400,Movie,TV-14,Teens,2018,Sports Movies
s6401,Movie,TV-MA,Adults,2017,Comedies
s6401,Movie,TV-MA,Adults,2017,International Movies
s6401,Movie,TV-MA,Adults,2017,Romantic Movies
s6402,TV Show,TV-MA,Adults,2019,International TV Shows
s6402,TV Show,TV-MA,Adults,2019,Korean TV Shows
s6402,TV Show,TV-MA,Adults,2019,Romantic TV Shows
s6403,Movie,TV-MA,Adults,2019,Comedies
s6403,Movie,TV-MA,Adults,2019,Dramas
s6403,Movie,TV-MA,Adults,2019,International Movies
s6404,Movie,TV-14,Teens,2017,Dramas
s6404,Movie,TV-14,Teens,2017,International Movies
s6405,TV Show,TV-Y,Kids,2018,Kids' TV
s6406,Movie,TV-Y,Kids,2018,Children & Family Movies
s6407,Movie,TV-Y,Kids,2018,Children & Family Movies
s6408,TV Show,TV-14,Teens,2016,International TV Shows
s6408,TV Show,TV-14,Teens,2016,Spanish-Language TV Shows
s6408,TV Show,TV-14,Teens,2016,TV Dramas
s6409,TV Show,TV-14,Teens,2017,Crime TV Shows
s6409,TV Show,TV-14,Teens,2017,Romantic TV Shows
s6409,TV Show,TV-14,Teens,2017,Spanish-Language TV Shows
s6410,Movie,TV-MA,Adults,2017,Comedies
s6410,Movie,TV-MA,Adults,2017,Dramas
s6411,Movie,TV-G,Kids,2018,Children & Family Movies
s6411,Movie,TV-G,Kids,2018,Comedies
s6411,Movie,TV-G,Kids,2018,Dramas
s6412,TV Show,TV-MA,Adults,2019,Docuseries
s6413,Movie,R,Adults,2017,Dramas
s6413,Movie,R,Adults,2017,Independent Movies
s6414,TV Show,TV-14,Teens,2017,International TV Shows
s6414,TV Show,TV-14,Teens,2017,Korean TV Shows
s6414,TV Show,TV-14,Teens,2017,Romantic TV Shows
s6415,Movie,PG-13,Adults,2021,Comedies
s6415,Movie,PG-13,Adults,2021,Romantic Movies
s6416,Movie,R,Adults,2019,Cult Movies
s6416,Movie,R,Adults,2019,Horror Movies
s6417,TV Show,TV-MA,Adults,2016,Crime TV Shows
s6417,TV Show,TV-MA,Adults,2016,International TV Shows
s6417,TV Show,TV-MA,Adults,2016,TV Dramas
s6418,Movie,TV-14,Teens,2020,Documentaries
s6419,Movie,TV-PG,Teens,2018,Comedies
s6419,Movie,TV-PG,Teens,2018,Dramas
s6419,Movie,TV-PG,Teens,2018,International Movies
s6420,Movie,TV-MA,Adults,2018,Dramas
s6420,Movie,TV-MA,Adults,2018,International Movies
s6421,TV Show,TV-Y,Kids,2019,Kids' TV
s6422,Movie,TV-14,Teens,2019,Dramas
s6422,Movie,TV-14,Teens,2019,International Movies
s6423,Movie,R,Adults,2020,Dramas
s6423,Movie,R,Adults,2020,LGBTQ Movies
s6423,Movie,R,Adults,2020,Romantic Movies
s6424,Movie,R,Adults,2019,Classic Movies
s6424,Movie,R,Adults,2019,Cult Movies
s6424,Movie,R,Adults,2019,Horror Movies
s6425,Movie,PG-13,Adults,2019,Horror Movies
s6425,Movie,PG-13,Adults,2019,Sci-Fi & Fantasy
s6425,Movie,PG-13,Adults,2019,Thrillers
s6426,Movie,R,Adults,2012,Comedies
s6427,TV Show,TV-14,Teens,2019,Anime Series
s6427,TV Show,TV-14,Teens,2019,Crime TV Shows
s6427,TV Show,TV-14,Teens,2019,TV Thrillers
s6428,Movie,PG-13,Adults,2020,Action & Adventure
s6429,Movie,TV-MA,Adults,2018,Action & Adventure
s6429,Movie,TV-MA,Adults,2018,Dramas
s6429,Movie,TV-MA,Adults,2018,International Movies
s6430,Movie,TV-MA,Adults,2018,Action & Adventure
s6430,Movie,TV-MA,Adults,2018,Dramas
s6430,Movie,TV-MA,Adults,2018,International Movies
s6431,TV Show,TV-MA,Adults,2018,International TV Shows
s6431,TV Show,TV-MA,Adults,2018,Romantic TV Shows
s6431,TV Show,TV-MA,Adults,2018,TV Comedies
s6432,Movie,NR,Unrated,2019,Classic Movies
s6432,Movie,NR,Unrated,2019,Dramas
s6433,Movie,TV-14,Teens,2016,Documentaries
s6434,Movie,PG,Teens,2019,Children & Family Movies
s6434,Movie,PG,Teens,2019,Comedies
s6435,Movie,TV-PG,Teens,2019,Documentaries
s6435,Movie,TV-PG,Teens,2019,International Movies
s6436,Movie,TV-MA,Adults,2017,Action & Adventure
s6436,Movie,TV-MA,Adults,2017,International Movies
s6436,Movie,TV-MA,Adults,2017,Thrillers
s6437,Movie,TV-PG,Teens,2017,Documentaries
s6437,Movie,TV-PG,Teens,2017,International Movies
s6438,Movie,PG-13,Adults,2020,Dramas
s6439,Movie,TV-PG,Teens,2018,Dramas
s6439,Movie,TV-PG,Teens,2018,Faith & Spirituality
s6439,Movie,TV-PG,Teens,2018,International Movies
s6440,Movie,TV-14,Teens,2018,Comedies
s6440,Movie,TV-14,Teens,2018,Dramas
s6440,Movie,TV-14,Teens,2018,International Movies
s6441,Movie,TV-14,Teens,2019,Comedies
s6441,Movie,TV-14,Teens,2019,International Movies
s6441,Movie,TV-14,Teens,2019,Romantic Movies
s6442,Movie,TV-14,Teens,2018,Comedies
s6442,Movie,TV-14,Teens,2018,Dramas
s6442,Movie,TV-14,Teens,2018,International Movies
s6443,Movie,TV-G,Kids,2017,Documentaries
s6443,Movie,TV-G,Kids,2017,International Movies
s6444,Movie,PG,Teens,2020,Dramas
s6445,Movie,TV-14,Teens,2019,Dramas
s6445,Movie,TV-14,Teens,2019,International Movies
s6445,Movie,TV-14,Teens,2019,Romantic Movies
s6446,Movie,PG-13,Adults,2018,Dramas
s6447,Movie,PG,Teens,2020,Children & Family Movies
s6447,Movie,PG,Teens,2020,Comedies
s6448,Movie,PG-13,Adults,2019,Action & Adventure
s6448,Movie,PG-13,Adults,2019,Comedies
s6449,Movie,G,Kids,2019,Children & Family Movies
s6449,Movie,G,Kids,2019,Classic Movies
s6450,Movie,TV-PG,Teens,2017,Comedies
s6450,Movie,TV-PG,Teens,2017,International Movies
s6450,Movie,TV-PG,Teens,2017,Music & Musicals
s6451,Movie,R,Adults,2020,Comedies
s6451,Movie,R,Adults,2020,Cult Movies
s6451,Movie,R,Adults,2020,Dramas
s6452,TV Show,TV-PG,Teens,2017,Docuseries
s6452,TV Show,TV-PG,Teens,2017,Reality TV
s6452,TV Show,TV-PG,Teens,2017,Science & Nature TV
s6453,Movie,TV-MA,Adults,2018,Action & Adventure
s6453,Movie,TV-MA,Adults,2018,Dramas
s6453,Movie,TV-MA,Adults,2018,International Movies
s6454,Movie,TV-PG,Teens,2017,Documentaries
s6454,Movie,TV-PG,Teens,2017,Music & Musicals
s6455,Movie,TV-14,Teens,2017,Dramas
s6455,Movie,TV-14,Teens,2017,Independent Movies
s6455,Movie,TV-14,Teens,2017,International Movies
s6456,TV Show,TV-14,Teens,2017,International TV Shows
s6456,TV Show,TV-14,Teens,2017,Reality TV
s6457,TV Show,TV-PG,Teens,2017,Classic & Cult TV
s6457,TV Show,TV-PG,Teens,2017,TV Comedies
s6458,TV Show,TV-PG,Teens,2017,International TV Shows
s6458,TV Show,TV-PG,Teens,2017,Korean TV Shows
s6458,TV Show,TV-PG,Teens,2017,Reality TV
s6459,Movie,R,Adults,2018,Horror Movies
s6459,Movie,R,Adults,2018,Thrillers
s6460,TV Show,TV-14,Teens,2016,British TV Shows
s6460,TV Show,TV-14,Teens,2016,TV Comedies
s6461,TV Show,TV-MA,Adults,2017,British TV Shows
s6461,TV Show,TV-MA,Adults,2017,International TV Shows
s6461,TV Show,TV-MA,Adults,2017,Romantic TV Shows
s6462,Movie,TV-Y7,Kids,2019,Movies
s6463,Movie,TV-Y7,Kids,2019,Children & Family Movies
s6464,Movie,TV-Y7,Kids,2019,Movies
s6465,Movie,TV-Y7,Kids,2019,Children & Family Movies
s6466,Movie,TV-14,Teens,2018,Comedies
s6466,Movie,TV-14,Teens,2018,International Movies
s6467,Movie,G,Kids,2016,Children & Family Movies
s6467,Movie,G,Kids,2016,Comedies
s6468,Movie,TV-MA,Adults,2019,Comedies
s6468,Movie,TV-MA,Adults,2019,Dramas
s6468,Movie,TV-MA,Adults,2019,International Movies
s6469,Movie,R,Adults,2019,Cult Movies
s6469,Movie,R,Adults,2019,Horror Movies
s6470,TV Show,TV-G,Kids,2016,TV Shows
s6471,Movie,TV-MA,Adults,2018,Action & Adventure
s6471,Movie,TV-MA,Adults,2018,International Movies
s6472,Movie,TV-MA,Adults,2017,Stand-Up Comedy
s6473,Movie,NR,Unrated,2018,Dramas
s6473,Movie,NR,Unrated,2018,Independent Movies
s6473,Movie,NR,Unrated,2018,International Movies
s6474,Movie,G,Kids,2020,Children & Family Movies
s6474,Movie,G,Kids,2020,Classic Movies
s6474,Movie,G,Kids,2020,Comedies
s6475,Movie,R,Adults,2020,Independent Movies
s6475,Movie,R,Adults,2020,Thrillers
s6476,Movie,TV-MA,Adults,2017,Documentaries
s6476,Movie,TV-MA,Adults,2017,Music & Musicals
s6477,Movie,PG,Teens,2019,Comedies
s6477,Movie,PG,Teens,2019,Faith & Spirituality
s6477,Movie,PG,Teens,2019,Romantic Movies
s6478,TV Show,TV-MA,Adults,2018,Docuseries
s6479,Movie,TV-PG,Teens,2019,Comedies
s6479,Movie,TV-PG,Teens,2019,Romantic Movies
s6480,Movie,TV-G,Kids,2019,Children & Family Movies
s6480,Movie,TV-G,Kids,2019,Dramas
s6480,Movie,TV-G,Kids,2019,Romantic Movies
s6481,Movie,PG,Teens,2019,Children & Family Movies
s6481,Movie,PG,Teens,2019,Comedies
s6482,Movie,PG,Teens,2019,Children & Family Movies
s6482,Movie,PG,Teens,2019,Comedies
s6482,Movie,PG,Teens,2019,Dramas
s6483,Movie,R,Adults,2018,Dramas
s6483,Movie,R,Adults,2018,International Movies
s6483,Movie,R,Adults,2018,Thrillers
s6484,TV Show,TV-Y7,Kids,2017,Kids' TV
s6485,Movie,TV-14,Teens,2019,Comedies
s6485,Movie,TV-14,Teens,2019,International Movies
s6486,Movie,TV-PG,Teens,2019,Classic Movies
s6486,Movie,TV-PG,Teens,2019,Comedies
s6486,Movie,TV-PG,Teens,2019,International Movies
s6487,Movie,PG-13,Adults,2018,Action & Adventure
s6487,Movie,PG-13,Adults,2018,Horror Movies
s6487,Movie,PG-13,Adults,2018,Sci-Fi & Fantasy
s6488,TV Show,TV-PG,Teens,2017,British TV Shows
s6488,TV Show,TV-PG,Teens,2017,Docuseries
s6488,TV Show,TV-PG,Teens,2017,Science & Nature TV
s6489,Movie,R,Adults,2020,Dramas
s6489,Movie,R,Adults,2020,Independent Movies
s6489,Movie,R,Adults,2020,International Movies
s6490,Movie,TV-MA,Adults,2017,Dramas
s6490,Movie,TV-MA,Adults,2017,International Movies
s6490,Movie,TV-MA,Adults,2017,Thrillers
s6491,TV Show,TV-14,Teens,2018,British TV Shows
s6491,TV Show,TV-14,Teens,2018,Docuseries
s6492,Movie,TV-MA,Adults,2019,Documentaries
s6492,Movie,TV-MA,Adults,2019,Music & Musicals
s6493,Movie,PG-13,Adults,2019,Action & Adventure
s6493,Movie,PG-13,Adults,2019,Sci-Fi & Fantasy
s6494,Movie,TV-PG,Teens,2018,Dramas
s6495,Movie,TV-MA,Adults,2018,Comedies
s6496,TV Show,TV-PG,Teens,2017,Docuseries
s6496,TV Show,TV-PG,Teens,2017,International TV Shows
s6497,Movie,PG,Teens,2019,Action & Adventure
s6497,Movie,PG,Teens,2019,Classic Movies
s6498,Movie,PG-13,Adults,2020,Comedies
s6498,Movie,PG-13,Adults,2020,Sci-Fi & Fantasy
s6499,TV Show,TV-14,Teens,2017,British TV Shows
s6499,TV Show,TV-14,Teens,2017,Crime TV Shows
s6499,TV Show,TV-14,Teens,2017,Docuseries
s6500,Movie,TV-MA,Adults,2019,Documentaries
s6500,Movie,TV-MA,Adults,2019,Music & Musicals
s6501,Movie,R,Adults,2017,Dramas
s6501,Movie,R,Adults,2017,Thrillers
s6502,Movie,R,Adults,2017,Action & Adventure
s6502,Movie,R,Adults,2017,Cult Movies
s6502,Movie,R,Adults,2017,Dramas
s6503,Movie,R,Adults,2017,Dramas
s6503,Movie,R,Adults,2017,International Movies
s6504,Movie,PG-13,Adults,2020,Action & Adventure
s6504,Movie,PG-13,Adults,2020,Horror Movies
s6504,Movie,PG-13,Adults,2020,Sci-Fi & Fantasy
s6505,TV Show,TV-MA,Adults,2019,International TV Shows
s6505,TV Show,TV-MA,Adults,2019,Romantic TV Shows
s6505,TV Show,TV-MA,Adults,2019,TV Dramas
s6506,TV Show,TV-MA,Adults,2018,International TV Shows
s6506,TV Show,TV-MA,Adults,2018,Romantic TV Shows
s6506,TV Show,TV-MA,Adults,2018,TV Dramas
s6507,TV Show,TV-MA,Adults,2019,International TV Shows
s6507,TV Show,TV-MA,Adults,2019,Romantic TV Shows
s6507,TV Show,TV-MA,Adults,2019,TV Comedies
s6508,TV Show,TV-MA,Adults,2018,International TV Shows
s6508,TV Show,TV-MA,Adults,2018,Romantic TV Shows
s6508,TV Show,TV-MA,Adults,2018,TV Dramas
s6509,TV Show,TV-MA,Adults,2018,International TV Shows
s6509,TV Show,TV-MA,Adults,2018,Romantic TV Shows
s6509,TV Show,TV-MA,Adults,2018,TV Comedies
s6510,TV Show,TV-MA,Adults,2018,International TV Shows
s6510,TV Show,TV-MA,Adults,2018,Romantic TV Shows
s6510,TV Show,TV-MA,Adults,2018,TV Dramas
s6511,Movie,PG-13,Adults,2020,Dramas
s6511,Movie,PG-13,Adults,2020,Sports Movies
s6512,Movie,PG-13,Adults,2019,Action & Adventure
s6512,Movie,PG-13,Adults,2019,Comedies
s6513,Movie,TV-PG,Teens,2017,Comedies
s6513,Movie,TV-PG,Teens,2017,Independent Movies
s6513,Movie,TV-PG,Teens,2017,International Movies
s6514,TV Show,TV-14,Teens,2019,Crime TV Shows
s6514,TV Show,TV-14,Teens,2019,Docuseries
s6515,TV Show,TV-MA,Adults,2020,Crime TV Shows
s6515,TV Show,TV-MA,Adults,2020,Docuseries
s6516,Movie,TV-14,Teens,2017,Comedies
s6516,Movie,TV-14,Teens,2017,Dramas
s6516,Movie,TV-14,Teens,2017,Independent Movies
s6517,Movie,R,Adults,2018,Dramas
s6517,Movie,R,Adults,2018,Independent Movies
s6517,Movie,R,Adults,2018,International Movies
s6518,Movie,TV-14,Teens,2018,Dramas
s6518,Movie,TV-14,Teens,2018,International Movies
s6519,Movie,R,Adults,2019,Dramas
s6519,Movie,R,Adults,2019,Thrillers
s6520,TV Show,TV-14,Teens,2016,Stand-Up Comedy & Talk Shows
s6520,TV Show,TV-14,Teens,2016,TV Comedies
s6521,TV Show,TV-14,Teens,2018,International TV Shows
s6521,TV Show,TV-14,Teens,2018,TV Comedies
s6522,Movie,TV-PG,Teens,2017,Documentaries
s6523,Movie,TV-MA,Adults,2018,Action & Adventure
s6523,Movie,TV-MA,Adults,2018,Dramas
s6523,Movie,TV-MA,Adults,2018,International Movies
s6524,Movie,TV-MA,Adults,2018,Dramas
s6524,Movie,TV-MA,Adults,2018,Thrillers
s6525,TV Show,TV-14,Teens,2018,Docuseries
s6525,TV Show,TV-14,Teens,2018,TV Comedies
s6526,Movie,TV-MA,Adults,2017,Documentaries
s6526,Movie,TV-MA,Adults,2017,International Movies
s6526,Movie,TV-MA,Adults,2017,Sports Movies
s6527,Movie,R,Adults,2018,Dramas
s6527,Movie,R,Adults,2018,Independent Movies
s6527,Movie,R,Adults,2018,LGBTQ Movies
s6528,Movie,TV-MA,Adults,2018,Horror Movies
s6528,Movie,TV-MA,Adults,2018,International Movies
s6528,Movie,TV-MA,Adults,2018,Thrillers
s6529,Movie,R,Adults,2018,Documentaries
s6529,Movie,R,Adults,2018,Sports Movies
s6530,Movie,TV-MA,Adults,2019,Dramas
s6530,Movie,TV-MA,Adults,2019,International Movies
s6530,Movie,TV-MA,Adults,2019,Thrillers
s6531,Movie,TV-14,Teens,2019,Action & Adventure
s6531,Movie,TV-14,Teens,2019,Dramas
s6531,Movie,TV-14,Teens,2019,Independent Movies
s6532,Movie,TV-14,Teens,2019,Dramas
s6532,Movie,TV-14,Teens,2019,International Movies
s6533,TV Show,TV-MA,Adults,2018,Reality TV
s6534,Movie,TV-14,Teens,2021,Classic Movies
s6534,Movie,TV-14,Teens,2021,Dramas
s6535,Movie,PG,Teens,2017,Children & Family Movies
s6535,Movie,PG,Teens,2017,Comedies
s6536,Movie,TV-MA,Adults,2017,Documentaries
s6536,Movie,TV-MA,Adults,2017,International Movies
s6537,Movie,PG,Teens,2017,Children & Family Movies
s6538,Movie,TV-14,Teens,2018,Dramas
s6538,Movie,TV-14,Teens,2018,Thrillers
s6539,TV Show,TV-MA,Adults,2019,Crime TV Shows
s6539,TV Show,TV-MA,Adults,2019,Docuseries
s6539,TV Show,TV-MA,Adults,2019,International TV Shows
s6540,Movie,TV-G,Kids,2016,Documentaries
s6540,Movie,TV-G,Kids,2016,Faith & Spirituality
s6540,Movie,TV-G,Kids,2016,Music & Musicals
s6541,Movie,R,Adults,2019,Dramas
s6541,Movie,R,Adults,2019,Independent Movies
s6542,Movie,TV-MA,Adults,2019,Comedies
s6542,Movie,TV-MA,Adults,2019,Dramas
s6542,Movie,TV-MA,Adults,2019,Independent Movies
s6543,TV Show,TV-MA,Adults,2019,Crime TV Shows
s6543,TV Show,TV-MA,Adults,2019,International TV Shows
s6543,TV Show,TV-MA,Adults,2019,TV Action & Adventure
s6544,Movie,PG-13,Adults,2019,Action & Adventure
s6544,Movie,PG-13,Adults,2019,International Movies
s6544,Movie,PG-13,Adults,2019,Romantic Movies
s6545,Movie,R,Adults,2017,Horror Movies
s6546,Movie,R,Adults,2018,Documentaries
s6547,Movie,TV-14,Teens,2018,Action & Adventure
s6547,Movie,TV-14,Teens,2018,Dramas
s6547,Movie,TV-14,Teens,2018,International Movies
s6548,Movie,TV-MA,Adults,2019,Horror Movies
s6548,Movie,TV-MA,Adults,2019,International Movies
s6549,Movie,PG,Teens,2018,Dramas
s6550,TV Show,TV-PG,Teens,2018,British TV Shows
s6550,TV Show,TV-PG,Teens,2018,Classic & Cult TV
s6550,TV Show,TV-PG,Teens,2018,TV Comedies
s6551,Movie,PG,Teens,2019,Children & Family Movies
s6551,Movie,PG,Teens,2019,Comedies
s6552,Movie,TV-MA,Adults,2019,Dramas
s6552,Movie,TV-MA,Adults,2019,Independent Movies
s6552,Movie,TV-MA,Adults,2019,LGBTQ Movies
s6553,Movie,NR,Unrated,2016,Action & Adventure
s6553,Movie,NR,Unrated,2016,Horror Movies
s6553,Movie,NR,Unrated,2016,International Movies
s6554,Movie,TV-14,Teens,2018,Dramas
s6554,Movie,TV-14,Teens,2018,International Movies
s6555,Movie,TV-MA,Adults,2018,Dramas
s6555,Movie,TV-MA,Adults,2018,Independent Movies
s6555,Movie,TV-MA,Adults,2018,International Movies
s6556,Movie,R,Adults,2018,Dramas
s6556,Movie,R,Adults,2018,Independent Movies
s6556,Movie,R,Adults,2018,LGBTQ Movies
s6557,TV Show,TV-PG,Teens,2017,International TV Shows
s6557,TV Show,TV-PG,Teens,2017,Romantic TV Shows
s6557,TV Show,TV-PG,Teens,2017,TV Dramas
s6558,Movie,TV-PG,Teens,2018,Dramas
s6558,Movie,TV-PG,Teens,2018,International Movies
s6559,Movie,TV-MA,Adults,2017,Dramas
s6559,Movie,TV-MA,Adults,2017,Independent Movies
s6559,Movie,TV-MA,Adults,2017,International Movies
s6560,TV Show,TV-MA,Adults,2018,Crime TV Shows
s6560,TV Show,TV-MA,Adults,2018,International TV Shows
s6560,TV Show,TV-MA,Adults,2018,Spanish-Language TV Shows
s6561,TV Show,TV-MA,Adults,2019,British TV Shows
s6561,TV Show,TV-MA,Adults,2019,Docuseries
s6562,Movie,TV-MA,Adults,2017,Documentaries
s6562,Movie,TV-MA,Adults,2017,Music & Musicals
s6563,Movie,PG-13,Adults,2019,Action & Adventure
s6564,Movie,TV-PG,Teens,2018,Dramas
s6564,Movie,TV-PG,Teens,2018,Independent Movies
s6564,Movie,TV-PG,Teens,2018,Romantic Movies
s6565,Movie,TV-MA,Adults,2017,Dramas
s6565,Movie,TV-MA,Adults,2017,International Movies
s6565,Movie,TV-MA,Adults,2017,Thrillers
s6566,Movie,R,Adults,2019,Dramas
s6566,Movie,R,Adults,2019,Thrillers
s6567,Movie,R,Adults,2018,Dramas
s6567,Movie,R,Adults,2018,International Movies
s6567,Movie,R,Adults,2018,Thrillers
s6568,Movie,TV-MA,Adults,2019,Horror Movies
s6568,Movie,TV-MA,Adults,2019,International Movies
s6568,Movie,TV-MA,Adults,2019,Thrillers
s6569,TV Show,TV-MA,Adults,2018,International TV Shows
s6569,TV Show,TV-MA,Adults,2018,TV Horror
s6569,TV Show,TV-MA,Adults,2018,TV Thrillers
s6570,Movie,TV-14,Teens,2017,Dramas
s6570,Movie,TV-14,Teens,2017,International Movies
s6571,Movie,NR,Unrated,2017,Classic Movies
s6571,Movie,NR,Unrated,2017,Dramas
s6571,Movie,NR,Unrated,2017,Independent Movies
s6572,TV Show,TV-MA,Adults,2018,Crime TV Shows
s6572,TV Show,TV-MA,Adults,2018,International TV Shows
s6572,TV Show,TV-MA,Adults,2018,TV Dramas
s6573,TV Show,TV-MA,Adults,2018,International TV Shows
s6573,TV Show,TV-MA,Adults,2018,TV Dramas
s6574,Movie,TV-MA,Adults,2018,Dramas
s6574,Movie,TV-MA,Adults,2018,Independent Movies
s6575,Movie,TV-PG,Teens,2019,Comedies
s6575,Movie,TV-PG,Teens,2019,International Movies
s6576,Movie,R,Adults,2018,Documentaries
s6577,Movie,TV-MA,Adults,2019,Comedies
s6578,Movie,TV-14,Teens,2019,Independent Movies
s6578,Movie,TV-14,Teens,2019,International Movies
s6578,Movie,TV-14,Teens,2019,Thrillers
s6579,Movie,TV-14,Teens,2019,Dramas
s6579,Movie,TV-14,Teens,2019,Thrillers
s6580,Movie,PG-13,Adults,2020,Comedies
s6580,Movie,PG-13,Adults,2020,Dramas
s6580,Movie,PG-13,Adults,2020,Independent Movies
s6581,Movie,TV-14,Teens,2019,Comedies
s6581,Movie,TV-14,Teens,2019,Dramas
s6581,Movie,TV-14,Teens,2019,Independent Movies
s6582,Movie,TV-Y7-FV,Kids,2016,Children & Family Movies
s6582,Movie,TV-Y7-FV,Kids,2016,Comedies
s6583,Movie,TV-PG,Teens,2019,Comedies
s6583,Movie,TV-PG,Teens,2019,Romantic Movies
s6584,Movie,R,Adults,2020,Comedies
s6585,Movie,R,Adults,2019,Horror Movies
s6586,Movie,TV-MA,Adults,2018,International Movies
s6586,Movie,TV-MA,Adults,2018,Sports Movies
s6587,TV Show,TV-MA,Adults,2018,Crime TV Shows
s6587,TV Show,TV-MA,Adults,2018,Docuseries
s6588,TV Show,TV-MA,Adults,2017,Crime TV Shows
s6588,TV Show,TV-MA,Adults,2017,International TV Shows
s6588,TV Show,TV-MA,Adults,2017,TV Dramas
s6589,Movie,TV-MA,Adults,2020,International Movies
s6589,Movie,TV-MA,Adults,2020,Thrillers
s6590,Movie,TV-14,Teens,2017,Documentaries
s6591,Movie,R,Adults,2018,Horror Movies
s6591,Movie,R,Adults,2018,Thrillers
s6592,Movie,NR,Unrated,2016,Documentaries
s6592,Movie,NR,Unrated,2016,International Movies
s6593,Movie,R,Adults,2020,Action & Adventure
s6594,Movie,R,Adults,2017,Stand-Up Comedy
s6595,Movie,TV-MA,Adults,2020,Dramas
s6595,Movie,TV-MA,Adults,2020,Thrillers
s6596,Movie,TV-MA,Adults,2018,Horror Movies
s6596,Movie,TV-MA,Adults,2018,Thrillers
s6597,Movie,TV-14,Teens,2019,Action & Adventure
s6597,Movie,TV-14,Teens,2019,International Movies
s6598,Movie,R,Adults,2017,Thrillers
s6599,Movie,TV-14,Teens,2019,Thrillers
s6600,Movie,TV-MA,Adults,2017,Dramas
s6600,Movie,TV-MA,Adults,2017,International Movies
s6601,Movie,TV-MA,Adults,2020,Horror Movies
s6601,Movie,TV-MA,Adults,2020,Sci-Fi & Fantasy
s6601,Movie,TV-MA,Adults,2020,Thrillers
s6602,TV Show,TV-PG,Teens,2018,International TV Shows
s6603,Movie,TV-PG,Teens,2018,Dramas
s6603,Movie,TV-PG,Teens,2018,International Movies
s6604,TV Show,TV-MA,Adults,2018,Crime TV Shows
s6604,TV Show,TV-MA,Adults,2018,TV Dramas
s6604,TV Show,TV-MA,Adults,2018,TV Mysteries
s6605,Movie,TV-14,Teens,2019,Action & Adventure
s6605,Movie,TV-14,Teens,2019,Comedies
s6605,Movie,TV-14,Teens,2019,International Movies
s6606,Movie,TV-14,Teens,2019,Action & Adventure
s6606,Movie,TV-14,Teens,2019,International Movies
s6606,Movie,TV-14,Teens,2019,Sci-Fi & Fantasy
s6607,Movie,TV-PG,Teens,2017,Documentaries
s6608,Movie,TV-PG,Teens,2017,Documentaries
s6608,Movie,TV-PG,Teens,2017,International Movies
s6609,Movie,NR,Unrated,2016,Dramas
s6609,Movie,NR,Unrated,2016,International Movies
s6610,Movie,PG-13,Adults,2019,Action & Adventure
s6611,Movie,TV-14,Teens,2018,Dramas
s6611,Movie,TV-14,Teens,2018,International Movies
s6611,Movie,TV-14,Teens,2018,Music & Musicals
s6612,TV Show,TV-MA,Adults,2008,Stand-Up Comedy & Talk Shows
s6613,Movie,PG-13,Adults,2020,Comedies
s6614,TV Show,TV-G,Kids,2017,Docuseries
s6614,TV Show,TV-G,Kids,2017,Science & Nature TV
s6615,Movie,TV-14,Teens,2018,Action & Adventure
s6615,Movie,TV-14,Teens,2018,International Movies
s6616,Movie,TV-MA,Adults,2017,Documentaries
s6617,Movie,TV-14,Teens,2018,Thrillers
s6618,Movie,R,Adults,2019,Action & Adventure
s6618,Movie,R,Adults,2019,International Movies
s6618,Movie,R,Adults,2019,Sci-Fi & Fantasy
s6619,TV Show,TV-MA,Adults,2019,British TV Shows
s6619,TV Show,TV-MA,Adults,2019,Reality TV
s6620,Movie,PG-13,Adults,2019,Classic Movies
s6620,Movie,PG-13,Adults,2019,Dramas
s6620,Movie,PG-13,Adults,2019,Romantic Movies
s6621,Movie,TV-MA,Adults,2016,Dramas
s6621,Movie,TV-MA,Adults,2016,Thrillers
s6622,Movie,TV-PG,Teens,2019,Children & Family Movies
s6623,Movie,PG,Teens,2019,Children & Family Movies
s6623,Movie,PG,Teens,2019,Dramas
s6624,Movie,R,Adults,2019,International Movies
s6624,Movie,R,Adults,2019,Thrillers
s6625,Movie,TV-14,Teens,2018,Comedies
s6625,Movie,TV-14,Teens,2018,Independent Movies
s6626,Movie,PG-13,Adults,2020,Comedies
s6627,Movie,R,Adults,2019,Horror Movies
s6628,Movie,TV-MA,Adults,2020,Action & Adventure
s6628,Movie,TV-MA,Adults,2020,Documentaries
s6628,Movie,TV-MA,Adults,2020,International Movies
s6629,Movie,TV-MA,Adults,2020,Action & Adventure
s6629,Movie,TV-MA,Adults,2020,Documentaries
s6629,Movie,TV-MA,Adults,2020,International Movies
s6630,Movie,TV-14,Teens,2020,Action & Adventure
s6630,Movie,TV-14,Teens,2020,Documentaries
s6630,Movie,TV-14,Teens,2020,International Movies
s6631,Movie,R,Adults,2019,Horror Movies
s6631,Movie,R,Adults,2019,International Movies
s6632,Movie,TV-MA,Adults,2017,Documentaries
s6632,Movie,TV-MA,Adults,2017,International Movies
s6633,Movie,R,Adults,2017,Comedies
s6633,Movie,R,Adults,2017,Dramas
s6633,Movie,R,Adults,2017,Independent Movies
s6634,Movie,R,Adults,2020,Dramas
s6634,Movie,R,Adults,2020,Thrillers
s6635,Movie,R,Adults,2020,Action & Adventure
s6635,Movie,R,Adults,2020,Horror Movies
s6635,Movie,R,Adults,2020,Sci-Fi & Fantasy
s6636,TV Show,TV-14,Teens,2019,Reality TV
s6636,TV Show,TV-14,Teens,2019,Science & Nature TV
s6637,Movie,TV-14,Teens,2018,Action & Adventure
s6637,Movie,TV-14,Teens,2018,Comedies
s6637,Movie,TV-14,Teens,2018,International Movies
s6638,Movie,PG-13,Adults,2019,Dramas
s6638,Movie,PG-13,Adults,2019,Faith & Spirituality
s6639,Movie,TV-PG,Teens,2018,Documentaries
s6640,Movie,PG,Teens,2019,Children & Family Movies
s6640,Movie,PG,Teens,2019,Comedies
s6641,Movie,PG,Teens,2019,Children & Family Movies
s6641,Movie,PG,Teens,2019,Comedies
s6642,Movie,PG-13,Adults,2020,Action & Adventure
s6642,Movie,PG-13,Adults,2020,Sci-Fi & Fantasy
s6643,Movie,PG-13,Adults,2020,Action & Adventure
s6643,Movie,PG-13,Adults,2020,Sci-Fi & Fantasy
s6644,Movie,PG,Teens,2020,Action & Adventure
s6644,Movie,PG,Teens,2020,Sci-Fi & Fantasy
s6645,Movie,PG-13,Adults,2017,Action & Adventure
s6645,Movie,PG-13,Adults,2017,Sci-Fi & Fantasy
s6646,Movie,TV-Y,Kids,2019,Children & Family Movies
s6647,TV Show,TV-14,Teens,2016,Romantic TV Shows
s6647,TV Show,TV-14,Teens,2016,TV Comedies
s6647,TV Show,TV-14,Teens,2016,TV Dramas
s6648,Movie,TV-G,Kids,2018,Documentaries
s6649,Movie,TV-MA,Adults,2017,Documentaries
s6649,Movie,TV-MA,Adults,2017,International Movies
s6649,Movie,TV-MA,Adults,2017,LGBTQ Movies
s6650,Movie,TV-PG,Teens,2018,Documentaries
s6650,Movie,TV-PG,Teens,2018,International Movies
s6651,Movie,TV-PG,Teens,2019,Dramas
s6652,TV Show,TV-MA,Adults,2019,Crime TV Shows
s6652,TV Show,TV-MA,Adults,2019,Docuseries
s6653,TV Show,TV-14,Teens,2017,Crime TV Shows
s6653,TV Show,TV-14,Teens,2017,International TV Shows
s6653,TV Show,TV-14,Teens,2017,Spanish-Language TV Shows
s6654,Movie,TV-14,Teens,2016,Dramas
s6654,Movie,TV-14,Teens,2016,Independent Movies
s6654,Movie,TV-14,Teens,2016,International Movies
s6655,Movie,TV-14,Teens,2018,Action & Adventure
s6655,Movie,TV-14,Teens,2018,Dramas
s6655,Movie,TV-14,Teens,2018,International Movies
s6656,Movie,PG-13,Adults,2019,Comedies
s6657,Movie,TV-14,Teens,2019,Documentaries
s6658,Movie,PG,Teens,2019,Children & Family Movies
s6658,Movie,PG,Teens,2019,Sci-Fi & Fantasy
s6659,TV Show,TV-Y,Kids,2020,Kids' TV
s6660,TV Show,TV-PG,Teens,2017,British TV Shows
s6660,TV Show,TV-PG,Teens,2017,Docuseries
s6660,TV Show,TV-PG,Teens,2017,Science & Nature TV
s6661,TV Show,TV-14,Teens,2018,British TV Shows
s6661,TV Show,TV-14,Teens,2018,Docuseries
s6661,TV Show,TV-14,Teens,2018,Science & Nature TV
s6662,Movie,PG,Teens,2020,Dramas
s6663,Movie,PG-13,Adults,2020,Comedies
s6663,Movie,PG-13,Adults,2020,Romantic Movies
s6664,TV Show,TV-MA,Adults,2016,International TV Shows
s6664,TV Show,TV-MA,Adults,2016,Romantic TV Shows
s6664,TV Show,TV-MA,Adults,2016,TV Comedies
s6665,Movie,PG-13,Adults,2019,Dramas
s6665,Movie,PG-13,Adults,2019,Romantic Movies
s6666,Movie,TV-MA,Adults,2018,Stand-Up Comedy
s6667,Movie,TV-14,Teens,2018,Dramas
s6667,Movie,TV-14,Teens,2018,International Movies
s6667,Movie,TV-14,Teens,2018,Romantic Movies
s6668,Movie,TV-14,Teens,2017,Dramas
s6668,Movie,TV-14,Teens,2017,International Movies
s6669,Movie,TV-PG,Teens,2018,Dramas
s6669,Movie,TV-PG,Teens,2018,Independent Movies
s6669,Movie,TV-PG,Teens,2018,International Movies
s6670,Movie,TV-MA,Adults,2019,Dramas
s6670,Movie,TV-MA,Adults,2019,International Movies
s6670,Movie,TV-MA,Adults,2019,Thrillers
s6671,Movie,R,Adults,2018,Action & Adventure
s6672,TV Show,NR,Unrated,2017,International TV Shows
s6672,TV Show,NR,Unrated,2017,Romantic TV Shows
s6672,TV Show,NR,Unrated,2017,Spanish-Language TV Shows
s6673,TV Show,TV-MA,Adults,2018,Crime TV Shows
s6673,TV Show,TV-MA,Adults,2018,International TV Shows
s6673,TV Show,TV-MA,Adults,2018,Spanish-Language TV Shows
s6674,TV Show,TV-MA,Adults,2018,Crime TV Shows
s6674,TV Show,TV-MA,Adults,2018,International TV Shows
s6674,TV Show,TV-MA,Adults,2018,Spanish-Language TV Shows
s6675,TV Show,TV-PG,Teens,2017,Classic & Cult TV
s6675,TV Show,TV-PG,Teens,2017,Kids' TV
s6675,TV Show,TV-PG,Teens,2017,Spanish-Language TV Shows
s6676,Movie,TV-14,Teens,2017,Documentaries
s6676,Movie,TV-14,Teens,2017,International Movies
s6677,TV Show,TV-14,Teens,2017,Romantic TV Shows
s6677,TV Show,TV-14,Teens,2017,Spanish-Language TV Shows
s6677,TV Show,TV-14,Teens,2017,TV Dramas
s6678,Movie,TV-14,Teens,2017,Documentaries
s6678,Movie,TV-14,Teens,2017,International Movies
s6679,TV Show,TV-MA,Adults,2018,International TV Shows
s6679,TV Show,TV-MA,Adults,2018,Spanish-Language TV Shows
s6679,TV Show,TV-MA,Adults,2018,TV Comedies
s6680,Movie,TV-PG,Teens,2017,Children & Family Movies
s6680,Movie,TV-PG,Teens,2017,Documentaries
s6680,Movie,TV-PG,Teens,2017,International Movies
s6681,Movie,TV-MA,Adults,2018,International Movies
s6681,Movie,TV-MA,Adults,2018,Sci-Fi & Fantasy
s6682,Movie,TV-G,Kids,2017,Documentaries
s6683,Movie,R,Adults,2020,Dramas
s6683,Movie,R,Adults,2020,Sci-Fi & Fantasy
s6684,Movie,TV-14,Teens,2017,Documentaries
s6684,Movie,TV-14,Teens,2017,International Movies
s6685,Movie,TV-MA,Adults,2018,Documentaries
s6685,Movie,TV-MA,Adults,2018,International Movies
s6686,Movie,TV-PG,Teens,2017,Documentaries
s6686,Movie,TV-PG,Teens,2017,International Movies
s6687,Movie,TV-PG,Teens,2016,Documentaries
s6688,Movie,TV-MA,Adults,2018,Horror Movies
s6688,Movie,TV-MA,Adults,2018,Thrillers
s6689,Movie,TV-PG,Teens,2018,Dramas
s6689,Movie,TV-PG,Teens,2018,International Movies
s6690,Movie,TV-MA,Adults,2018,Dramas
s6690,Movie,TV-MA,Adults,2018,International Movies
s6690,Movie,TV-MA,Adults,2018,Music & Musicals
s6691,TV Show,TV-PG,Teens,2018,Reality TV
s6692,Movie,TV-14,Teens,2018,Documentaries
s6692,Movie,TV-14,Teens,2018,International Movies
s6693,Movie,PG-13,Adults,2020,Comedies
s6693,Movie,PG-13,Adults,2020,Romantic Movies
s6694,TV Show,TV-MA,Adults,2018,International TV Shows
s6694,TV Show,TV-MA,Adults,2018,Spanish-Language TV Shows
s6694,TV Show,TV-MA,Adults,2018,TV Comedies
s6695,Movie,TV-14,Teens,2019,Dramas
s6695,Movie,TV-14,Teens,2019,Independent Movies
s6695,Movie,TV-14,Teens,2019,International Movies
s6696,TV Show,TV-14,Teens,2019,British TV Shows
s6696,TV Show,TV-14,Teens,2019,Crime TV Shows
s6696,TV Show,TV-14,Teens,2019,Docuseries
s6697,Movie,R,Adults,2019,Action & Adventure
s6698,TV Show,TV-MA,Adults,2018,Crime TV Shows
s6698,TV Show,TV-MA,Adults,2018,Spanish-Language TV Shows
s6698,TV Show,TV-MA,Adults,2018,TV Dramas
s6699,Movie,R,Adults,2018,Independent Movies
s6699,Movie,R,Adults,2018,Thrillers
s6700,Movie,TV-14,Teens,2017,Documentaries
s6701,Movie,TV-MA,Adults,2018,Dramas
s6701,Movie,TV-MA,Adults,2018,Independent Movies
s6701,Movie,TV-MA,Adults,2018,Romantic Movies
s6702,Movie,R,Adults,2021,Action & Adventure
s6702,Movie,R,Adults,2021,Classic Movies
s6703,Movie,PG-13,Adults,2018,Dramas
s6703,Movie,PG-13,Adults,2018,Romantic Movies
s6703,Movie,PG-13,Adults,2018,Sci-Fi & Fantasy
s6704,Movie,R,Adults,2019,Action & Adventure
s6704,Movie,R,Adults,2019,Dramas
s6704,Movie,R,Adults,2019,Sci-Fi & Fantasy
s6705,Movie,TV-MA,Adults,2019,Comedies
s6705,Movie,TV-MA,Adults,2019,Dramas
s6705,Movie,TV-MA,Adults,2019,Independent Movies
s6706,Movie,NR,Unrated,2018,Comedies
s6706,Movie,NR,Unrated,2018,Cult Movies
s6706,Movie,NR,Unrated,2018,International Movies
s6707,Movie,TV-14,Teens,2017,Dramas
s6707,Movie,TV-14,Teens,2017,International Movies
s6707,Movie,TV-14,Teens,2017,Romantic Movies
s6708,Movie,TV-14,Teens,2018,International Movies
s6708,Movie,TV-14,Teens,2018,Music & Musicals
s6708,Movie,TV-14,Teens,2018,Thrillers
s6709,Movie,R,Adults,2019,Dramas
s6709,Movie,R,Adults,2019,International Movies
s6709,Movie,R,Adults,2019,LGBTQ Movies
s6710,TV Show,TV-PG,Teens,2019,International TV Shows
s6711,Movie,PG,Teens,2019,Children & Family Movies
s6711,Movie,PG,Teens,2019,Comedies
s6711,Movie,PG,Teens,2019,Faith & Spirituality
s6712,Movie,R,Adults,2020,Horror Movies
s6712,Movie,R,Adults,2020,Sci-Fi & Fantasy
s6713,Movie,TV-MA,Adults,2020,Dramas
s6713,Movie,TV-MA,Adults,2020,Independent Movies
s6713,Movie,TV-MA,Adults,2020,Thrillers
s6714,Movie,R,Adults,2019,Dramas
s6714,Movie,R,Adults,2019,International Movies
s6714,Movie,R,Adults,2019,Thrillers
s6715,TV Show,TV-PG,Teens,2017,British TV Shows
s6715,TV Show,TV-PG,Teens,2017,Docuseries
s6715,TV Show,TV-PG,Teens,2017,International TV Shows
s6716,Movie,PG-13,Adults,2019,Comedies
s6716,Movie,PG-13,Adults,2019,Sci-Fi & Fantasy
s6717,Movie,R,Adults,2018,Dramas
s6717,Movie,R,Adults,2018,Independent Movies
s6717,Movie,R,Adults,2018,International Movies
s6718,TV Show,TV-14,Teens,2017,International TV Shows
s6718,TV Show,TV-14,Teens,2017,Romantic TV Shows
s6718,TV Show,TV-14,Teens,2017,TV Comedies
s6719,TV Show,TV-14,Teens,2017,International TV Shows
s6719,TV Show,TV-14,Teens,2017,TV Dramas
s6720,Movie,R,Adults,2019,Action & Adventure
s6721,Movie,TV-MA,Adults,2016,Documentaries
s6721,Movie,TV-MA,Adults,2016,International Movies
s6722,Movie,NR,Unrated,2019,Comedies
s6722,Movie,NR,Unrated,2019,Romantic Movies
s6723,Movie,R,Adults,2019,Action & Adventure
s6724,Movie,TV-14,Teens,2019,Action & Adventure
s6724,Movie,TV-14,Teens,2019,Dramas
s6724,Movie,TV-14,Teens,2019,Independent Movies
s6725,TV Show,TV-MA,Adults,2017,British TV Shows
s6725,TV Show,TV-MA,Adults,2017,TV Comedies
s6726,Movie,TV-MA,Adults,2017,Comedies
s6726,Movie,TV-MA,Adults,2017,International Movies
s6727,Movie,TV-PG,Teens,2017,Comedies
s6727,Movie,TV-PG,Teens,2017,International Movies
s6727,Movie,TV-PG,Teens,2017,Romantic Movies
s6728,Movie,TV-PG,Teens,2017,Comedies
s6728,Movie,TV-PG,Teens,2017,International Movies
s6729,TV Show,TV-14,Teens,2016,Crime TV Shows
s6729,TV Show,TV-14,Teens,2016,International TV Shows
s6729,TV Show,TV-14,Teens,2016,TV Dramas
s6730,Movie,TV-MA,Adults,2018,Comedies
s6730,Movie,TV-MA,Adults,2018,Romantic Movies
s6731,Movie,TV-MA,Adults,2018,Dramas
s6731,Movie,TV-MA,Adults,2018,Independent Movies
s6732,TV Show,TV-MA,Adults,2017,Anime Series
s6732,TV Show,TV-MA,Adults,2017,International TV Shows
s6733,TV Show,TV-G,Kids,2019,British TV Shows
s6733,TV Show,TV-G,Kids,2019,Crime TV Shows
s6733,TV Show,TV-G,Kids,2019,Docuseries
s6734,Movie,TV-14,Teens,2018,Action & Adventure
s6734,Movie,TV-14,Teens,2018,Dramas
s6734,Movie,TV-14,Teens,2018,International Movies
s6735,Movie,TV-14,Teens,2020,Comedies
s6736,Movie,R,Adults,2019,Thrillers
s6737,Movie,TV-MA,Adults,2019,Dramas
s6737,Movie,TV-MA,Adults,2019,Independent Movies
s6737,Movie,TV-MA,Adults,2019,International Movies
s6738,Movie,TV-14,Teens,2016,Documentaries
s6738,Movie,TV-14,Teens,2016,International Movies
s6739,Movie,TV-14,Teens,2019,Thrillers
s6740,Movie,NR,Unrated,2018,Dramas
s6740,Movie,NR,Unrated,2018,Independent Movies
s6740,Movie,NR,Unrated,2018,International Movies
s6741,Movie,TV-MA,Adults,2019,Comedies
s6741,Movie,TV-MA,Adults,2019,International Movies
s6742,TV Show,TV-MA,Adults,2018,Crime TV Shows
s6742,TV Show,TV-MA,Adults,2018,International TV Shows
s6742,TV Show,TV-MA,Adults,2018,TV Action & Adventure
s6743,TV Show,TV-14,Teens,2018,British TV Shows
s6743,TV Show,TV-14,Teens,2018,Crime TV Shows
s6743,TV Show,TV-14,Teens,2018,TV Dramas
s6744,Movie,R,Adults,2019,Comedies
s6744,Movie,R,Adults,2019,Cult Movies
s6744,Movie,R,Adults,2019,Dramas
s6745,TV Show,TV-MA,Adults,2017,International TV Shows
s6745,TV Show,TV-MA,Adults,2017,TV Horror
s6745,TV Show,TV-MA,Adults,2017,TV Thrillers
s6746,Movie,TV-MA,Adults,2017,Documentaries
s6747,Movie,G,Kids,2020,Classic Movies
s6747,Movie,G,Kids,2020,Dramas
s6747,Movie,G,Kids,2020,Music & Musicals
s6748,Movie,NR,Unrated,2015,Dramas
s6748,Movie,NR,Unrated,2015,International Movies
s6749,Movie,TV-Y7,Kids,2016,Children & Family Movies
s6749,Movie,TV-Y7,Kids,2016,Comedies
s6750,Movie,TV-PG,Teens,2016,Documentaries
s6751,TV Show,TV-14,Teens,2017,Crime TV Shows
s6751,TV Show,TV-14,Teens,2017,International TV Shows
s6751,TV Show,TV-14,Teens,2017,TV Action & Adventure
s6752,Movie,TV-MA,Adults,2018,Documentaries
s6753,Movie,TV-PG,Teens,2018,Dramas
s6753,Movie,TV-PG,Teens,2018,International Movies
s6754,Movie,R,Adults,2020,Cult Movies
s6754,Movie,R,Adults,2020,Horror Movies
s6754,Movie,R,Adults,2020,Thrillers
s6755,Movie,R,Adults,2020,Horror Movies
s6755,Movie,R,Adults,2020,Thrillers
s6756,Movie,R,Adults,2020,Horror Movies
s6757,Movie,TV-14,Teens,2017,Documentaries
s6757,Movie,TV-14,Teens,2017,International Movies
s6758,Movie,TV-MA,Adults,2019,Dramas
s6758,Movie,TV-MA,Adults,2019,Independent Movies
s6758,Movie,TV-MA,Adults,2019,International Movies
s6759,Movie,TV-14,Teens,2019,Comedies
s6759,Movie,TV-14,Teens,2019,Romantic Movies
s6760,Movie,R,Adults,2019,Action & Adventure
s6761,Movie,TV-MA,Adults,2017,Horror Movies
s6761,Movie,TV-MA,Adults,2017,International Movies
s6762,Movie,TV-14,Teens,2018,Documentaries
s6762,Movie,TV-14,Teens,2018,Sports Movies
s6763,Movie,NR,Unrated,2018,Documentaries
s6764,TV Show,TV-14,Teens,2018,International TV Shows
s6764,TV Show,TV-14,Teens,2018,Reality TV
s6765,Movie,TV-14,Teens,2020,Documentaries
s6765,Movie,TV-14,Teens,2020,International Movies
s6765,Movie,TV-14,Teens,2020,Sports Movies
s6766,Movie,R,Adults,2019,Action & Adventure
s6766,Movie,R,Adults,2019,International Movies
s6767,TV Show,TV-G,Kids,2018,Reality TV
s6768,Movie,PG-13,Adults,2017,Dramas
s6769,Movie,TV-14,Teens,2019,Comedies
s6769,Movie,TV-14,Teens,2019,International Movies
s6770,Movie,TV-MA,Adults,2018,Dramas
s6770,Movie,TV-MA,Adults,2018,Independent Movies
s6770,Movie,TV-MA,Adults,2018,Music & Musicals
s6771,TV Show,TV-Y7,Kids,2019,Kids' TV
s6771,TV Show,TV-Y7,Kids,2019,Korean TV Shows
s6772,Movie,TV-MA,Adults,2018,Action & Adventure
s6772,Movie,TV-MA,Adults,2018,International Movies
s6773,Movie,TV-MA,Adults,2018,Documentaries
s6773,Movie,TV-MA,Adults,2018,International Movies
s6774,TV Show,TV-PG,Teens,2017,Docuseries
s6774,TV Show,TV-PG,Teens,2017,Science & Nature TV
s6775,TV Show,TV-14,Teens,2017,International TV Shows
s6775,TV Show,TV-14,Teens,2017,TV Dramas
s6776,Movie,PG,Teens,2017,Documentaries
s6776,Movie,PG,Teens,2017,Faith & Spirituality
s6776,Movie,PG,Teens,2017,International Movies
s6777,Movie,R,Adults,2020,Dramas
s6778,Movie,TV-PG,Teens,2016,Documentaries
s6779,Movie,R,Adults,2019,Dramas
s6779,Movie,R,Adults,2019,International Movies
s6780,Movie,TV-MA,Adults,2019,Comedies
s6781,Movie,TV-MA,Adults,2019,Documentaries
s6782,Movie,G,Kids,2018,Children & Family Movies
s6783,TV Show,TV-14,Teens,2018,Reality TV
s6784,Movie,TV-14,Teens,2017,Documentaries
s6784,Movie,TV-14,Teens,2017,International Movies
s6784,Movie,TV-14,Teens,2017,LGBTQ Movies
s6785,Movie,G,Kids,2019,Action & Adventure
s6785,Movie,G,Kids,2019,Classic Movies
s6785,Movie,G,Kids,2019,Sci-Fi & Fantasy
s6786,TV Show,TV-PG,Teens,2017,British TV Shows
s6786,TV Show,TV-PG,Teens,2017,Docuseries
s6786,TV Show,TV-PG,Teens,2017,Science & Nature TV
s6787,Movie,TV-MA,Adults,2018,Documentaries
s6787,Movie,TV-MA,Adults,2018,International Movies
s6787,Movie,TV-MA,Adults,2018,Sports Movies
s6788,Movie,TV-MA,Adults,2017,Documentaries
s6788,Movie,TV-MA,Adults,2017,International Movies
s6788,Movie,TV-MA,Adults,2017,Sports Movies
s6789,TV Show,TV-MA,Adults,2017,International TV Shows
s6789,TV Show,TV-MA,Adults,2017,TV Dramas
s6790,Movie,PG,Teens,2019,Documentaries
s6791,Movie,PG-13,Adults,2021,Comedies
s6791,Movie,PG-13,Adults,2021,Romantic Movies
s6792,TV Show,TV-MA,Adults,2016,Crime TV Shows
s6792,TV Show,TV-MA,Adults,2016,International TV Shows
s6792,TV Show,TV-MA,Adults,2016,Spanish-Language TV Shows
s6793,Movie,R,Adults,2019,Classic Movies
s6793,Movie,R,Adults,2019,Comedies
s6793,Movie,R,Adults,2019,International Movies
s6794,Movie,R,Adults,2019,Dramas
s6794,Movie,R,Adults,2019,Thrillers
s6795,Movie,R,Adults,2017,Comedies
s6795,Movie,R,Adults,2017,Dramas
s6795,Movie,R,Adults,2017,Independent Movies
s6796,TV Show,TV-PG,Teens,,Classic & Cult TV
s6796,TV Show,TV-PG,Teens,,TV Comedies
s6797,Movie,TV-MA,Adults,2020,Comedies
s6797,Movie,TV-MA,Adults,2020,Dramas
s6797,Movie,TV-MA,Adults,2020,Independent Movies
s6798,Movie,PG,Teens,2021,Children & Family Movies
s6798,Movie,PG,Teens,2021,Comedies
s6799,Movie,PG,Teens,2020,Children & Family Movies
s6799,Movie,PG,Teens,2020,Dramas
s6800,Movie,R,Adults,2017,Documentaries
s6801,Movie,TV-MA,Adults,2019,Comedies
s6801,Movie,TV-MA,Adults,2019,International Movies
s6802,Movie,TV-MA,Adults,2016,Dramas
s6802,Movie,TV-MA,Adults,2016,Independent Movies
s6803,Movie,TV-PG,Teens,2020,Dramas
s6803,Movie,TV-PG,Teens,2020,Faith & Spirituality
s6804,TV Show,TV-PG,Teens,2018,Docuseries
s6804,TV Show,TV-PG,Teens,2018,Reality TV
s6805,Movie,R,Adults,2020,Horror Movies
s6806,Movie,R,Adults,2018,Horror Movies
s6806,Movie,R,Adults,2018,International Movies
s6807,TV Show,TV-14,Teens,,Classic & Cult TV
s6807,TV Show,TV-14,Teens,,TV Comedies
s6808,Movie,TV-14,Teens,2019,Children & Family Movies
s6808,Movie,TV-14,Teens,2019,Comedies
s6808,Movie,TV-14,Teens,2019,Dramas
s6809,Movie,R,Adults,2020,Action & Adventure
s6809,Movie,R,Adults,2020,International Movies
s6810,Movie,PG,Teens,2018,Documentaries
s6810,Movie,PG,Teens,2018,International Movies
s6810,Movie,PG,Teens,2018,Sports Movies
s6811,TV Show,TV-PG,Teens,2016,British TV Shows
s6811,TV Show,TV-PG,Teens,2016,Docuseries
s6811,TV Show,TV-PG,Teens,2016,International TV Shows
s6812,Movie,TV-PG,Teens,2016,Movies
s6813,Movie,TV-PG,Teens,2016,Movies
s6814,Movie,R,Adults,2019,Dramas
s6814,Movie,R,Adults,2019,Independent Movies
s6815,Movie,TV-PG,Teens,2016,Children & Family Movies
s6815,Movie,TV-PG,Teens,2016,Dramas
s6815,Movie,TV-PG,Teens,2016,Sports Movies
s6816,Movie,TV-MA,Adults,2018,Documentaries
s6817,Movie,TV-MA,Adults,2019,Action & Adventure
s6817,Movie,TV-MA,Adults,2019,Dramas
s6817,Movie,TV-MA,Adults,2019,International Movies
s6818,Movie,TV-MA,Adults,2019,Dramas
s6818,Movie,TV-MA,Adults,2019,Thrillers
s6819,Movie,PG,Teens,2019,Children & Family Movies
s6819,Movie,PG,Teens,2019,Comedies
s6820,Movie,TV-MA,Adults,2018,Dramas
s6820,Movie,TV-MA,Adults,2018,Independent Movies
s6820,Movie,TV-MA,Adults,2018,International Movies
s6821,TV Show,TV-14,Teens,2018,International TV Shows
s6821,TV Show,TV-14,Teens,2018,TV Dramas
s6822,Movie,TV-14,Teens,2017,Dramas
s6822,Movie,TV-14,Teens,2017,International Movies
s6823,TV Show,TV-PG,Teens,2016,TV Action & Adventure
s6823,TV Show,TV-PG,Teens,2016,TV Comedies
s6824,Movie,TV-PG,Teens,2018,Dramas
s6824,Movie,TV-PG,Teens,2018,International Movies
s6824,Movie,TV-PG,Teens,2018,Romantic Movies
s6825,TV Show,TV-MA,Adults,2016,International TV Shows
s6825,TV Show,TV-MA,Adults,2016,TV Comedies
s6825,TV Show,TV-MA,Adults,2016,TV Dramas
s6826,TV Show,TV-PG,Teens,2017,International TV Shows
s6826,TV Show,TV-PG,Teens,2017,Stand-Up Comedy & Talk Shows
s6826,TV Show,TV-PG,Teens,2017,TV Comedies
s6827,Movie,R,Adults,2019,Dramas
s6828,TV Show,,Unknown,2016,Anime Series
s6828,TV Show,,Unknown,2016,International TV Shows
s6829,Movie,TV-PG,Teens,2018,Children & Family Movies
s6829,Movie,TV-PG,Teens,2018,Dramas
s6829,Movie,TV-PG,Teens,2018,Sports Movies
s6830,Movie,TV-PG,Teens,2018,Children & Family Movies
s6830,Movie,TV-PG,Teens,2018,Dramas
s6830,Movie,TV-PG,Teens,2018,Sports Movies
s6831,Movie,TV-MA,Adults,2018,Horror Movies
s6831,Movie,TV-MA,Adults,2018,Thrillers
s6832,Movie,TV-MA,Adults,2017,Dramas
s6832,Movie,TV-MA,Adults,2017,International Movies
s6833,Movie,TV-PG,Teens,2018,Dramas
s6834,Movie,TV-PG,Teens,2018,Documentaries
s6834,Movie,TV-PG,Teens,2018,LGBTQ Movies
s6835,TV Show,TV-PG,Teens,2017,British TV Shows
s6835,TV Show,TV-PG,Teens,2017,Docuseries
s6835,TV Show,TV-PG,Teens,2017,International TV Shows
s6836,TV Show,TV-PG,Teens,2017,British TV Shows
s6836,TV Show,TV-PG,Teens,2017,Docuseries
s6836,TV Show,TV-PG,Teens,2017,International TV Shows
s6837,TV Show,TV-MA,Adults,2016,Crime TV Shows
s6837,TV Show,TV-MA,Adults,2016,International TV Shows
s6837,TV Show,TV-MA,Adults,2016,Romantic TV Shows
s6838,Movie,PG,Teens,2016,Children & Family Movies
s6838,Movie,PG,Teens,2016,Comedies
s6839,TV Show,TV-Y,Kids,2017,Kids' TV
s6839,TV Show,TV-Y,Kids,2017,TV Comedies
s6840,Movie,R,Adults,2020,Comedies
s6840,Movie,R,Adults,2020,Music & Musicals
s6841,Movie,PG,Teens,2014,Children & Family Movies
s6841,Movie,PG,Teens,2014,Comedies
s6842,TV Show,TV-MA,Adults,2018,Crime TV Shows
s6842,TV Show,TV-MA,Adults,2018,TV Comedies
s6842,TV Show,TV-MA,Adults,2018,TV Dramas
s6843,Movie,PG-13,Adults,2019,Action & Adventure
s6843,Movie,PG-13,Adults,2019,Comedies
s6844,Movie,PG-13,Adults,2019,Comedies
s6844,Movie,PG-13,Adults,2019,Romantic Movies
s6845,Movie,TV-14,Teens,2019,Action & Adventure
s6845,Movie,TV-14,Teens,2019,Dramas
s6845,Movie,TV-14,Teens,2019,International Movies
s6846,Movie,TV-MA,Adults,2017,Horror Movies
s6847,Movie,TV-MA,Adults,2019,Action & Adventure
s6847,Movie,TV-MA,Adults,2019,Anime Features
s6847,Movie,TV-MA,Adults,2019,International Movies
s6848,Movie,PG-13,Adults,2020,Action & Adventure
s6848,Movie,PG-13,Adults,2020,Sci-Fi & Fantasy
s6849,Movie,TV-MA,Adults,2019,Action & Adventure
s6849,Movie,TV-MA,Adults,2019,Anime Features
s6849,Movie,TV-MA,Adults,2019,International Movies
s6850,TV Show,TV-14,Teens,2019,Reality TV
s6851,Movie,TV-14,Teens,2019,Action & Adventure
s6851,Movie,TV-14,Teens,2019,Anime Features
s6851,Movie,TV-14,Teens,2019,International Movies
s6852,Movie,TV-MA,Adults,2019,Action & Adventure
s6852,Movie,TV-MA,Adults,2019,Dramas
s6852,Movie,TV-MA,Adults,2019,International Movies
s6853,Movie,TV-14,Teens,2018,Dramas
s6853,Movie,TV-14,Teens,2018,International Movies
s6854,Movie,G,Kids,2019,Classic Movies
s6854,Movie,G,Kids,2019,Comedies
s6854,Movie,G,Kids,2019,Music & Musicals
s6855,Movie,PG-13,Adults,2018,Dramas
s6855,Movie,PG-13,Adults,2018,Independent Movies
s6856,Movie,TV-14,Teens,2019,Comedies
s6856,Movie,TV-14,Teens,2019,International Movies
s6857,Movie,NR,Unrated,2017,Documentaries
s6857,Movie,NR,Unrated,2017,Sports Movies
s6858,TV Show,TV-14,Teens,2017,International TV Shows
s6858,TV Show,TV-14,Teens,2017,TV Dramas
s6859,Movie,PG,Teens,2019,Children & Family Movies
s6859,Movie,PG,Teens,2019,Dramas
s6859,Movie,PG,Teens,2019,Faith & Spirituality
s6860,Movie,TV-PG,Teens,2018,Documentaries
s6861,Movie,NR,Unrated,2017,Action & Adventure
s6861,Movie,NR,Unrated,2017,International Movies
s6862,Movie,PG,Teens,2020,Dramas
s6862,Movie,PG,Teens,2020,Faith & Spirituality
s6863,Movie,PG,Teens,2018,Dramas
s6863,Movie,PG,Teens,2018,Faith & Spirituality
s6864,Movie,TV-MA,Adults,2018,Dramas
s6864,Movie,TV-MA,Adults,2018,Independent Movies
s6864,Movie,TV-MA,Adults,2018,International Movies
s6865,Movie,TV-PG,Teens,2019,Classic Movies
s6865,Movie,TV-PG,Teens,2019,Comedies
s6865,Movie,TV-PG,Teens,2019,International Movies
s6866,Movie,TV-Y,Kids,2017,International Movies
s6866,Movie,TV-Y,Kids,2017,Sci-Fi & Fantasy
s6867,Movie,PG-13,Adults,2019,Action & Adventure
s6868,Movie,TV-MA,Adults,2020,Dramas
s6869,TV Show,TV-Y,Kids,2018,Kids' TV
s6870,Movie,R,Adults,2018,Thrillers
s6871,Movie,TV-14,Teens,2019,Comedies
s6871,Movie,TV-14,Teens,2019,International Movies
s6872,TV Show,TV-MA,Adults,2017,Crime TV Shows
s6872,TV Show,TV-MA,Adults,2017,International TV Shows
s6872,TV Show,TV-MA,Adults,2017,TV Dramas
s6873,Movie,R,Adults,2019,Independent Movies
s6874,TV Show,TV-14,Teens,2017,International TV Shows
s6874,TV Show,TV-14,Teens,2017,TV Dramas
s6874,TV Show,TV-14,Teens,2017,TV Thrillers
s6875,Movie,R,Adults,2017,Comedies
s6875,Movie,R,Adults,2017,Independent Movies
s6876,Movie,R,Adults,2017,Dramas
s6877,Movie,TV-MA,Adults,2020,Comedies
s6877,Movie,TV-MA,Adults,2020,Dramas
s6877,Movie,TV-MA,Adults,2020,Independent Movies
s6878,Movie,TV-MA,Adults,2019,Dramas
s6878,Movie,TV-MA,Adults,2019,International Movies
s6879,Movie,PG,Teens,2019,Dramas
s6880,Movie,R,Adults,2017,Action & Adventure
s6880,Movie,R,Adults,2017,Thrillers
s6881,Movie,R,Adults,2021,Classic Movies
s6881,Movie,R,Adults,2021,Dramas
s6882,Movie,TV-MA,Adults,2018,Dramas
s6882,Movie,TV-MA,Adults,2018,Independent Movies
s6883,Movie,R,Adults,2017,Comedies
s6883,Movie,R,Adults,2017,Sports Movies
s6884,Movie,PG,Teens,2019,Children & Family Movies
s6884,Movie,PG,Teens,2019,Comedies
s6885,Movie,R,Adults,2019,Comedies
s6885,Movie,R,Adults,2019,Dramas
s6885,Movie,R,Adults,2019,International Movies
s6886,TV Show,TV-14,Teens,2013,TV Dramas
s6886,TV Show,TV-14,Teens,2013,Teen TV Shows
s6887,Movie,R,Adults,2021,Horror Movies
s6887,Movie,R,Adults,2021,Thrillers
s6888,Movie,TV-14,Teens,2017,Dramas
s6888,Movie,TV-14,Teens,2017,Independent Movies
s6888,Movie,TV-14,Teens,2017,International Movies
s6889,Movie,R,Adults,2020,Dramas
s6890,TV Show,TV-14,Teens,2019,British TV Shows
s6890,TV Show,TV-14,Teens,2019,International TV Shows
s6890,TV Show,TV-14,Teens,2019,Reality TV
s6891,TV Show,TV-PG,Teens,2017,International TV Shows
s6891,TV Show,TV-PG,Teens,2017,Romantic TV Shows
s6891,TV Show,TV-PG,Teens,2017,Spanish-Language TV Shows
s6892,Movie,TV-MA,Adults,2018,Comedies
s6892,Movie,TV-MA,Adults,2018,International Movies
s6892,Movie,TV-MA,Adults,2018,Music & Musicals
s6893,Movie,TV-MA,Adults,2019,Comedies
s6893,Movie,TV-MA,Adults,2019,Independent Movies
s6894,Movie,PG,Teens,2019,Classic Movies
s6894,Movie,PG,Teens,2019,Comedies
s6894,Movie,PG,Teens,2019,Music & Musicals
s6895,TV Show,TV-PG,Teens,2018,British TV Shows
s6895,TV Show,TV-PG,Teens,2018,International TV Shows
s6895,TV Show,TV-PG,Teens,2018,Reality TV
s6896,TV Show,TV-PG,Teens,2017,Docuseries
s6896,TV Show,TV-PG,Teens,2017,Science & Nature TV
s6897,Movie,R,Adults,2018,Horror Movies
s6897,Movie,R,Adults,2018,Thrillers
s6898,Movie,TV-MA,Adults,2018,Comedies
s6898,Movie,TV-MA,Adults,2018,Independent Movies
s6898,Movie,TV-MA,Adults,2018,International Movies
s6899,Movie,TV-MA,Adults,2018,Documentaries
s6900,Movie,TV-PG,Teens,2017,Documentaries
s6900,Movie,TV-PG,Teens,2017,LGBTQ Movies
s6901,Movie,TV-PG,Teens,2017,Documentaries
s6901,Movie,TV-PG,Teens,2017,International Movies
s6901,Movie,TV-PG,Teens,2017,Sports Movies
s6902,TV Show,TV-14,Teens,,Anime Series
s6902,TV Show,TV-14,Teens,,Crime TV Shows
s6903,Movie,TV-G,Kids,2019,Documentaries
s6903,Movie,TV-G,Kids,2019,International Movies
s6904,Movie,TV-MA,Adults,2018,Comedies
s6904,Movie,TV-MA,Adults,2018,International Movies
s6905,Movie,TV-MA,Adults,2017,Comedies
s6905,Movie,TV-MA,Adults,2017,International Movies
s6906,Movie,TV-14,Teens,2017,Comedies
s6906,Movie,TV-14,Teens,2017,International Movies
s6907,TV Show,TV-MA,Adults,2018,International TV Shows
s6907,TV Show,TV-MA,Adults,2018,TV Comedies
s6908,Movie,TV-14,Teens,2018,Comedies
s6908,Movie,TV-14,Teens,2018,Dramas
s6908,Movie,TV-14,Teens,2018,International Movies
s6909,Movie,TV-14,Teens,2018,Comedies
s6909,Movie,TV-14,Teens,2018,International Movies
s6909,Movie,TV-14,Teens,2018,Romantic Movies
s6910,Movie,PG,Teens,2020,Children & Family Movies
s6910,Movie,PG,Teens,2020,Comedies
s6910,Movie,PG,Teens,2020,Music & Musicals
s6911,Movie,PG-13,Adults,2017,Action & Adventure
s6911,Movie,PG-13,Adults,2017,Anime Features
s6911,Movie,PG-13,Adults,2017,Sci-Fi & Fantasy
s6912,Movie,TV-14,Teens,2016,Action & Adventure
s6912,Movie,TV-14,Teens,2016,Sci-Fi & Fantasy
s6913,Movie,TV-14,Teens,2018,Dramas
s6913,Movie,TV-14,Teens,2018,International Movies
s6913,Movie,TV-14,Teens,2018,Music & Musicals
s6914,Movie,R,Adults,2019,Action & Adventure
s6914,Movie,R,Adults,2019,Dramas
s6915,Movie,TV-14,Teens,2019,Comedies
s6915,Movie,TV-14,Teens,2019,International Movies
s6916,Movie,R,Adults,2020,Thrillers
s6917,Movie,TV-14,Teens,2018,Documentaries
s6918,TV Show,TV-MA,Adults,2020,TV Horror
s6918,TV Show,TV-MA,Adults,2020,TV Mysteries
s6918,TV Show,TV-MA,Adults,2020,TV Thrillers
s6919,Movie,TV-G,Kids,2018,International Movies
s6919,Movie,TV-G,Kids,2018,Music & Musicals
s6920,TV Show,TV-14,Teens,2017,International TV Shows
s6920,TV Show,TV-14,Teens,2017,Romantic TV Shows
s6920,TV Show,TV-14,Teens,2017,TV Comedies
s6921,Movie,TV-MA,Adults,2018,Horror Movies
s6921,Movie,TV-MA,Adults,2018,Independent Movies
s6922,Movie,NR,Unrated,2017,Comedies
s6922,Movie,NR,Unrated,2017,International Movies
s6922,Movie,NR,Unrated,2017,Romantic Movies
s6923,TV Show,TV-MA,Adults,2016,British TV Shows
s6923,TV Show,TV-MA,Adults,2016,Crime TV Shows
s6923,TV Show,TV-MA,Adults,2016,International TV Shows
s6924,TV Show,TV-MA,Adults,2016,TV Comedies
s6924,TV Show,TV-MA,Adults,2016,TV Dramas
s6925,Movie,TV-MA,Adults,2017,Dramas
s6925,Movie,TV-MA,Adults,2017,Independent Movies
s6926,Movie,R,Adults,2020,Action & Adventure
s6926,Movie,R,Adults,2020,International Movies
s6926,Movie,R,Adults,2020,Sci-Fi & Fantasy
s6927,Movie,TV-14,Teens,2019,Documentaries
s6927,Movie,TV-14,Teens,2019,Sports Movies
s6928,Movie,R,Adults,2019,Comedies
s6928,Movie,R,Adults,2019,Cult Movies
s6929,Movie,R,Adults,2020,Comedies
s6929,Movie,R,Adults,2020,Cult Movies
s6930,Movie,TV-14,Teens,2018,Documentaries
s6931,TV Show,TV-14,Teens,2019,British TV Shows
s6931,TV Show,TV-14,Teens,2019,Crime TV Shows
s6931,TV Show,TV-14,Teens,2019,Docuseries
s6932,Movie,TV-G,Kids,2018,Children & Family Movies
s6932,Movie,TV-G,Kids,2018,Comedies
s6933,TV Show,TV-Y7,Kids,2017,Kids' TV
s6933,TV Show,TV-Y7,Kids,2017,TV Comedies
s6934,Movie,TV-PG,Teens,2017,Documentaries
s6934,Movie,TV-PG,Teens,2017,Sports Movies
s6935,Movie,NR,Unrated,2017,Documentaries
s6936,TV Show,TV-PG,Teens,2015,TV Comedies
s6936,TV Show,TV-PG,Teens,2015,TV Dramas
s6937,Movie,TV-PG,Teens,2018,Action & Adventure
s6937,Movie,TV-PG,Teens,2018,Comedies
s6937,Movie,TV-PG,Teens,2018,Dramas
s6938,TV Show,TV-14,Teens,2017,International TV Shows
s6938,TV Show,TV-14,Teens,2017,Romantic TV Shows
s6938,TV Show,TV-14,Teens,2017,TV Dramas
s6939,Movie,TV-MA,Adults,2018,Documentaries
s6939,Movie,TV-MA,Adults,2018,Horror Movies
s6940,Movie,TV-MA,Adults,2019,Horror Movies
s6940,Movie,TV-MA,Adults,2019,Independent Movies
s6941,Movie,TV-MA,Adults,2019,Documentaries
s6941,Movie,TV-MA,Adults,2019,International Movies
s6942,TV Show,TV-14,Teens,2015,Classic & Cult TV
s6942,TV Show,TV-14,Teens,2015,TV Horror
s6942,TV Show,TV-14,Teens,2015,TV Mysteries
s6943,Movie,TV-MA,Adults,2017,Horror Movies
s6943,Movie,TV-MA,Adults,2017,Thrillers
s6944,Movie,R,Adults,2020,Action & Adventure
s6945,Movie,PG-13,Adults,2018,Documentaries
s6946,Movie,R,Adults,2019,Horror Movies
s6946,Movie,R,Adults,2019,Thrillers
s6947,Movie,TV-MA,Adults,2019,Horror Movies
s6947,Movie,TV-MA,Adults,2019,Independent Movies
s6948,Movie,TV-MA,Adults,2018,Dramas
s6948,Movie,TV-MA,Adults,2018,Independent Movies
s6948,Movie,TV-MA,Adults,2018,LGBTQ Movies
s6949,Movie,TV-14,Teens,2019,Documentaries
s6950,Movie,PG-13,Adults,2019,Comedies
s6950,Movie,PG-13,Adults,2019,Romantic Movies
s6951,Movie,TV-MA,Adults,2018,Thrillers
s6952,TV Show,TV-MA,Adults,2018,International TV Shows
s6952,TV Show,TV-MA,Adults,2018,Reality TV
s6953,Movie,PG,Teens,2019,Children & Family Movies
s6954,TV Show,TV-MA,Adults,2018,TV Horror
s6954,TV Show,TV-MA,Adults,2018,TV Mysteries
s6954,TV Show,TV-MA,Adults,2018,TV Sci-Fi & Fantasy
s6955,Movie,R,Adults,2018,Action & Adventure
s6955,Movie,R,Adults,2018,Comedies
s6955,Movie,R,Adults,2018,Independent Movies
s6956,TV Show,TV-14,Teens,2016,Crime TV Shows
s6956,TV Show,TV-14,Teens,2016,TV Action & Adventure
s6957,Movie,R,Adults,2019,Dramas
s6957,Movie,R,Adults,2019,Independent Movies
s6958,Movie,PG-13,Adults,2018,Action & Adventure
s6958,Movie,PG-13,Adults,2018,Cult Movies
s6958,Movie,PG-13,Adults,2018,Sci-Fi & Fantasy
s6959,Movie,R,Adults,2018,Dramas
s6959,Movie,R,Adults,2018,Romantic Movies
s6959,Movie,R,Adults,2018,Sci-Fi & Fantasy
s6960,Movie,TV-14,Teens,2019,Dramas
s6961,Movie,TV-14,Teens,2019,Action & Adventure
s6961,Movie,TV-14,Teens,2019,Comedies
s6961,Movie,TV-14,Teens,2019,Dramas
s6962,Movie,TV-MA,Adults,2017,Horror Movies
s6963,Movie,TV-MA,Adults,2018,Action & Adventure
s6963,Movie,TV-MA,Adults,2018,International Movies
s6964,TV Show,TV-MA,Adults,2019,International TV Shows
s6964,TV Show,TV-MA,Adults,2019,TV Dramas
s6965,Movie,TV-MA,Adults,2020,Action & Adventure
s6966,TV Show,TV-Y7,Kids,2017,International TV Shows
s6966,TV Show,TV-Y7,Kids,2017,Korean TV Shows
s6966,TV Show,TV-Y7,Kids,2017,Reality TV
s6967,Movie,TV-14,Teens,2018,Horror Movies
s6967,Movie,TV-14,Teens,2018,International Movies
s6967,Movie,TV-14,Teens,2018,Thrillers
s6968,Movie,TV-14,Teens,2017,International Movies
s6968,Movie,TV-14,Teens,2017,Thrillers
s6969,Movie,TV-14,Teens,2017,Documentaries
s6969,Movie,TV-14,Teens,2017,International Movies
s6969,Movie,TV-14,Teens,2017,Music & Musicals
s6970,TV Show,TV-PG,Teens,2019,Reality TV
s6971,TV Show,TV-PG,Teens,2016,TV Dramas
s6972,TV Show,TV-14,Teens,2017,British TV Shows
s6972,TV Show,TV-14,Teens,2017,Crime TV Shows
s6972,TV Show,TV-14,Teens,2017,International TV Shows
s6973,Movie,TV-PG,Teens,2017,Documentaries
s6974,Movie,TV-MA,Adults,2017,Horror Movies
s6974,Movie,TV-MA,Adults,2017,International Movies
s6974,Movie,TV-MA,Adults,2017,Thrillers
s6975,TV Show,TV-MA,Adults,2017,Crime TV Shows
s6975,TV Show,TV-MA,Adults,2017,International TV Shows
s6975,TV Show,TV-MA,Adults,2017,Spanish-Language TV Shows
s6976,Movie,TV-14,Teens,2018,Dramas
s6976,Movie,TV-14,Teens,2018,International Movies
s6977,TV Show,TV-PG,Teens,2019,British TV Shows
s6977,TV Show,TV-PG,Teens,2019,Docuseries
s6978,Movie,PG-13,Adults,2020,Comedies
s6978,Movie,PG-13,Adults,2020,Romantic Movies
s6979,Movie,TV-PG,Teens,2016,Documentaries
s6979,Movie,TV-PG,Teens,2016,Sports Movies
s6980,Movie,TV-14,Teens,2017,Documentaries
s6980,Movie,TV-14,Teens,2017,International Movies
s6981,Movie,TV-PG,Teens,2017,Dramas
s6981,Movie,TV-PG,Teens,2017,International Movies
s6981,Movie,TV-PG,Teens,2017,Romantic Movies
s6982,TV Show,TV-Y,Kids,2017,Kids' TV
s6983,Movie,TV-MA,Adults,2017,Comedies
s6983,Movie,TV-MA,Adults,2017,Dramas
s6983,Movie,TV-MA,Adults,2017,International Movies
s6984,Movie,TV-MA,Adults,2016,Dramas
s6984,Movie,TV-MA,Adults,2016,International Movies
s6984,Movie,TV-MA,Adults,2016,LGBTQ Movies
s6985,Movie,TV-MA,Adults,2016,Comedies
s6985,Movie,TV-MA,Adults,2016,Horror Movies
s6986,Movie,NR,Unrated,2016,Documentaries
s6987,Movie,TV-14,Teens,2018,Comedies
s6987,Movie,TV-14,Teens,2018,Faith & Spirituality
s6987,Movie,TV-14,Teens,2018,International Movies
s6988,Movie,TV-MA,Adults,2018,Comedies
s6988,Movie,TV-MA,Adults,2018,Faith & Spirituality
s6988,Movie,TV-MA,Adults,2018,International Movies
s6989,Movie,TV-14,Teens,2018,Dramas
s6989,Movie,TV-14,Teens,2018,International Movies
s6990,Movie,TV-PG,Teens,2019,Dramas
s6990,Movie,TV-PG,Teens,2019,Independent Movies
s6990,Movie,TV-PG,Teens,2019,International Movies
s6991,Movie,PG-13,Adults,2019,Dramas
s6991,Movie,PG-13,Adults,2019,Romantic Movies
s6992,Movie,PG-13,Adults,2018,Dramas
s6993,Movie,PG,Teens,2018,Children & Family Movies
s6993,Movie,PG,Teens,2018,Comedies
s6994,Movie,TV-14,Teens,2018,Children & Family Movies
s6994,Movie,TV-14,Teens,2018,Comedies
s6994,Movie,TV-14,Teens,2018,Dramas
s6995,Movie,PG,Teens,2018,Dramas
s6996,Movie,TV-14,Teens,2019,Documentaries
s6996,Movie,TV-14,Teens,2019,International Movies
s6996,Movie,TV-14,Teens,2019,Sports Movies
s6997,TV Show,TV-MA,Adults,2018,International TV Shows
s6997,TV Show,TV-MA,Adults,2018,Romantic TV Shows
s6997,TV Show,TV-MA,Adults,2018,TV Dramas
s6998,Movie,R,Adults,2019,Dramas
s6998,Movie,R,Adults,2019,Horror Movies
s6998,Movie,R,Adults,2019,Sci-Fi & Fantasy
s6999,TV Show,TV-14,Teens,2019,British TV Shows
s6999,TV Show,TV-14,Teens,2019,Docuseries
s6999,TV Show,TV-14,Teens,2019,International TV Shows
s7000,Movie,TV-14,Teens,2019,Horror Movies
s7000,Movie,TV-14,Teens,2019,International Movies
s7001,Movie,TV-14,Teens,2017,Documentaries
s7001,Movie,TV-14,Teens,2017,International Movies
s7002,Movie,TV-PG,Teens,2018,Documentaries
s7002,Movie,TV-PG,Teens,2018,International Movies
s7003,Movie,R,Adults,2018,Dramas
s7004,Movie,NR,Unrated,2016,Comedies
s7005,Movie,TV-MA,Adults,2017,Comedies
s7005,Movie,TV-MA,Adults,2017,Independent Movies
s7006,Movie,PG-13,Adults,2019,Comedies
s7006,Movie,PG-13,Adults,2019,Sports Movies
s7007,TV Show,TV-14,Teens,2017,Crime TV Shows
s7007,TV Show,TV-14,Teens,2017,International TV Shows
s7007,TV Show,TV-14,Teens,2017,TV Dramas
s7008,Movie,TV-MA,Adults,2019,Classic Movies
s7008,Movie,TV-MA,Adults,2019,Dramas
s7008,Movie,TV-MA,Adults,2019,International Movies
s7009,Movie,PG,Teens,2019,Children & Family Movies
s7009,Movie,PG,Teens,2019,Comedies
s7010,Movie,PG-13,Adults,2020,Horror Movies
s7010,Movie,PG-13,Adults,2020,Thrillers
s7011,Movie,TV-14,Teens,2018,Documentaries
s7012,Movie,TV-14,Teens,2017,Comedies
s7012,Movie,TV-14,Teens,2017,Independent Movies
s7012,Movie,TV-14,Teens,2017,International Movies
s7013,Movie,TV-PG,Teens,2018,Documentaries
s7013,Movie,TV-PG,Teens,2018,Music & Musicals
s7014,Movie,PG,Teens,2017,Children & Family Movies
s7014,Movie,PG,Teens,2017,Comedies
s7015,Movie,PG-13,Adults,2019,Comedies
s7016,Movie,R,Adults,2019,Comedies
s7017,Movie,NR,Unrated,2016,Documentaries
s7017,Movie,NR,Unrated,2016,International Movies
s7018,TV Show,TV-MA,Adults,2018,British TV Shows
s7018,TV Show,TV-MA,Adults,2018,International TV Shows
s7018,TV Show,TV-MA,Adults,2018,Reality TV
s7019,Movie,PG-13,Adults,2018,Dramas
s7019,Movie,PG-13,Adults,2018,Romantic Movies
s7020,Movie,TV-PG,Teens,2016,Documentaries
s7021,Movie,TV-14,Teens,2018,Dramas
s7021,Movie,TV-14,Teens,2018,International Movies
s7022,Movie,PG-13,Adults,2020,Action & Adventure
s7022,Movie,PG-13,Adults,2020,Sci-Fi & Fantasy
s7023,Movie,TV-G,Kids,2018,Dramas
s7023,Movie,TV-G,Kids,2018,International Movies
s7023,Movie,TV-G,Kids,2018,Music & Musicals
s7024,Movie,TV-PG,Teens,2017,International Movies
s7024,Movie,TV-PG,Teens,2017,Music & Musicals
s7024,Movie,TV-PG,Teens,2017,Romantic Movies
s7025,TV Show,TV-PG,Teens,2016,International TV Shows
s7025,TV Show,TV-PG,Teens,2016,Romantic TV Shows
s7025,TV Show,TV-PG,Teens,2016,TV Dramas
s7026,Movie,TV-MA,Adults,2018,Horror Movies
s7026,Movie,TV-MA,Adults,2018,Independent Movies
s7026,Movie,TV-MA,Adults,2018,International Movies
s7027,Movie,R,Adults,2020,Action & Adventure
s7028,Movie,R,Adults,2019,Action & Adventure
s7028,Movie,R,Adults,2019,Independent Movies
s7029,TV Show,TV-14,Teens,2019,British TV Shows
s7029,TV Show,TV-14,Teens,2019,Docuseries
s7030,TV Show,TV-Y7,Kids,2018,Kids' TV
s7031,Movie,TV-MA,Adults,2017,Comedies
s7031,Movie,TV-MA,Adults,2017,Independent Movies
s7031,Movie,TV-MA,Adults,2017,LGBTQ Movies
s7032,Movie,TV-MA,Adults,2018,Comedies
s7032,Movie,TV-MA,Adults,2018,Independent Movies
s7032,Movie,TV-MA,Adults,2018,LGBTQ Movies
s7033,Movie,R,Adults,2019,Dramas
s7033,Movie,R,Adults,2019,Independent Movies
s7033,Movie,R,Adults,2019,Music & Musicals
s7034,TV Show,TV-14,Teens,2018,International TV Shows
s7034,TV Show,TV-14,Teens,2018,Korean TV Shows
s7034,TV Show,TV-14,Teens,2018,Reality TV
s7035,Movie,TV-MA,Adults,2017,Horror Movies
s7035,Movie,TV-MA,Adults,2017,International Movies
s7035,Movie,TV-MA,Adults,2017,Thrillers
s7036,Movie,TV-MA,Adults,2019,Dramas
s7036,Movie,TV-MA,Adults,2019,Independent Movies
s7036,Movie,TV-MA,Adults,2019,International Movies
s7037,Movie,PG,Teens,2017,Documentaries
s7037,Movie,PG,Teens,2017,Sports Movies
s7038,Movie,TV-14,Teens,2017,Documentaries
s7039,Movie,TV-14,Teens,2019,Documentaries
s7040,TV Show,TV-14,Teens,2017,International TV Shows
s7040,TV Show,TV-14,Teens,2017,Spanish-Language TV Shows
s7040,TV Show,TV-14,Teens,2017,TV Comedies
s7041,Movie,TV-14,Teens,2017,Comedies
s7041,Movie,TV-14,Teens,2017,Dramas
s7041,Movie,TV-14,Teens,2017,International Movies
s7042,Movie,NR,Unrated,2017,Documentaries
s7042,Movie,NR,Unrated,2017,International Movies
s7043,Movie,R,Adults,2018,Action & Adventure
s7044,Movie,R,Adults,2019,Action & Adventure
s7044,Movie,R,Adults,2019,Dramas
s7045,Movie,PG-13,Adults,2019,Comedies
s7046,Movie,TV-14,Teens,2019,Children & Family Movies
s7046,Movie,TV-14,Teens,2019,Documentaries
s7047,Movie,TV-14,Teens,2018,Comedies
s7047,Movie,TV-14,Teens,2018,International Movies
s7047,Movie,TV-14,Teens,2018,Romantic Movies
s7048,Movie,R,Adults,2019,Dramas
s7048,Movie,R,Adults,2019,Independent Movies
s7049,Movie,PG-13,Adults,2019,Comedies
s7049,Movie,PG-13,Adults,2019,Dramas
s7049,Movie,PG-13,Adults,2019,Independent Movies
s7050,Movie,PG,Teens,2017,Dramas
s7050,Movie,PG,Teens,2017,Faith & Spirituality
s7050,Movie,PG,Teens,2017,Romantic Movies
s7051,TV Show,TV-MA,Adults,2019,TV Comedies
s7052,Movie,TV-MA,Adults,2017,Documentaries
s7052,Movie,TV-MA,Adults,2017,International Movies
s7052,Movie,TV-MA,Adults,2017,Sports Movies
s7053,Movie,R,Adults,2018,Action & Adventure
s7053,Movie,R,Adults,2018,International Movies
s7053,Movie,R,Adults,2018,Sci-Fi & Fantasy
s7054,Movie,TV-14,Teens,2018,Comedies
s7054,Movie,TV-14,Teens,2018,International Movies
s7054,Movie,TV-14,Teens,2018,Romantic Movies
s7055,TV Show,TV-PG,Teens,2018,Reality TV
s7055,TV Show,TV-PG,Teens,2018,TV Comedies
s7056,Movie,PG,Teens,2019,Children & Family Movies
s7057,Movie,NR,Unrated,2013,Stand-Up Comedy
s7058,Movie,PG,Teens,2019,Children & Family Movies
s7058,Movie,PG,Teens,2019,Comedies
s7058,Movie,PG,Teens,2019,Sci-Fi & Fantasy
s7059,Movie,UR,Unrated,2019,Dramas
s7059,Movie,UR,Unrated,2019,International Movies
s7059,Movie,UR,Unrated,2019,Romantic Movies
s7060,TV Show,TV-14,Teens,2017,International TV Shows
s7060,TV Show,TV-14,Teens,2017,Romantic TV Shows
s7060,TV Show,TV-14,Teens,2017,TV Comedies
s7061,Movie,R,Adults,2018,Action & Adventure
s7061,Movie,R,Adults,2018,Dramas
s7062,Movie,PG-13,Adults,2018,Horror Movies
s7062,Movie,PG-13,Adults,2018,International Movies
s7062,Movie,PG-13,Adults,2018,Thrillers
s7063,Movie,TV-14,Teens,2017,Dramas
s7063,Movie,TV-14,Teens,2017,International Movies
s7063,Movie,TV-14,Teens,2017,Romantic Movies
s7064,Movie,TV-MA,Adults,2018,Action & Adventure
s7064,Movie,TV-MA,Adults,2018,Sci-Fi & Fantasy
s7065,Movie,TV-MA,Adults,2017,Dramas
s7065,Movie,TV-MA,Adults,2017,International Movies
s7065,Movie,TV-MA,Adults,2017,Romantic Movies
s7066,Movie,R,Adults,2018,Thrillers
s7067,Movie,TV-MA,Adults,2017,Documentaries
s7068,Movie,PG,Teens,2019,Children & Family Movies
s7068,Movie,PG,Teens,2019,Comedies
s7069,Movie,NR,Unrated,2017,Dramas
s7069,Movie,NR,Unrated,2017,Independent Movies
s7069,Movie,NR,Unrated,2017,International Movies
s7070,TV Show,TV-PG,Teens,2017,British TV Shows
s7070,TV Show,TV-PG,Teens,2017,Docuseries
s7070,TV Show,TV-PG,Teens,2017,Science & Nature TV
s7071,Movie,PG-13,Adults,2019,Action & Adventure
s7071,Movie,PG-13,Adults,2019,Children & Family Movies
s7071,Movie,PG-13,Adults,2019,Sci-Fi & Fantasy
s7072,Movie,PG-13,Adults,2019,Action & Adventure
s7072,Movie,PG-13,Adults,2019,Children & Family Movies
s7072,Movie,PG-13,Adults,2019,Classic Movies
s7073,Movie,PG,Teens,2019,Action & Adventure
s7073,Movie,PG,Teens,2019,Children & Family Movies
s7073,Movie,PG,Teens,2019,Classic Movies
s7074,Movie,PG,Teens,2019,Action & Adventure
s7074,Movie,PG,Teens,2019,Children & Family Movies
s7074,Movie,PG,Teens,2019,Classic Movies
s7075,Movie,TV-MA,Adults,2017,Dramas
s7075,Movie,TV-MA,Adults,2017,Thrillers
s7076,Movie,PG,Teens,2018,Documentaries
s7077,Movie,TV-PG,Teens,2018,Documentaries
s7077,Movie,TV-PG,Teens,2018,International Movies
s7078,Movie,R,Adults,2019,Action & Adventure
s7079,Movie,PG,Teens,2019,Action & Adventure
s7079,Movie,PG,Teens,2019,Children & Family Movies
s7079,Movie,PG,Teens,2019,Sci-Fi & Fantasy
s7080,Movie,TV-14,Teens,2018,Action & Adventure
s7080,Movie,TV-14,Teens,2018,Dramas
s7080,Movie,TV-14,Teens,2018,International Movies
s7081,TV Show,TV-MA,Adults,2018,British TV Shows
s7081,TV Show,TV-MA,Adults,2018,Docuseries
s7081,TV Show,TV-MA,Adults,2018,International TV Shows
s7082,TV Show,TV-14,Teens,2019,Crime TV Shows
s7082,TV Show,TV-14,Teens,2019,Docuseries
s7083,TV Show,TV-14,Teens,2019,Docuseries
s7083,TV Show,TV-14,Teens,2019,International TV Shows
s7084,TV Show,TV-MA,Adults,2018,Reality TV
s7085,Movie,PG-13,Adults,2020,Comedies
s7085,Movie,PG-13,Adults,2020,Dramas
s7085,Movie,PG-13,Adults,2020,International Movies
s7086,TV Show,TV-MA,Adults,2017,Crime TV Shows
s7086,TV Show,TV-MA,Adults,2017,TV Dramas
s7087,Movie,TV-14,Teens,2016,Comedies
s7088,Movie,R,Adults,2018,Dramas
s7088,Movie,R,Adults,2018,International Movies
s7088,Movie,R,Adults,2018,Sci-Fi & Fantasy
s7089,Movie,TV-PG,Teens,2017,Action & Adventure
s7089,Movie,TV-PG,Teens,2017,Anime Features
s7089,Movie,TV-PG,Teens,2017,International Movies
s7090,Movie,TV-14,Teens,2017,Action & Adventure
s7090,Movie,TV-14,Teens,2017,Anime Features
s7090,Movie,TV-14,Teens,2017,International Movies
s7091,Movie,TV-14,Teens,2017,Action & Adventure
s7091,Movie,TV-14,Teens,2017,Anime Features
s7091,Movie,TV-14,Teens,2017,International Movies
s7092,Movie,PG-13,Adults,2019,Dramas
s7092,Movie,PG-13,Adults,2019,Sports Movies
s7093,Movie,TV-PG,Teens,2019,Documentaries
s7094,Movie,TV-MA,Adults,2018,Dramas
s7094,Movie,TV-MA,Adults,2018,Independent Movies
s7094,Movie,TV-MA,Adults,2018,International Movies
s7095,Movie,TV-Y7,Kids,2018,Dramas
s7095,Movie,TV-Y7,Kids,2018,Independent Movies
s7095,Movie,TV-Y7,Kids,2018,International Movies
s7096,Movie,TV-14,Teens,2018,Comedies
s7096,Movie,TV-14,Teens,2018,Dramas
s7096,Movie,TV-14,Teens,2018,International Movies
s7097,Movie,TV-14,Teens,2019,Documentaries
s7097,Movie,TV-14,Teens,2019,Sports Movies
s7098,Movie,PG,Teens,2014,Children & Family Movies
s7098,Movie,PG,Teens,2014,Sci-Fi & Fantasy
s7099,TV Show,TV-Y7,Kids,2020,Kids' TV
s7100,Movie,TV-14,Teens,2018,Dramas
s7100,Movie,TV-14,Teens,2018,International Movies
s7100,Movie,TV-14,Teens,2018,Romantic Movies
s7101,TV Show,TV-PG,Teens,2017,Docuseries
s7101,TV Show,TV-PG,Teens,2017,International TV Shows
s7101,TV Show,TV-PG,Teens,2017,Science & Nature TV
s7102,TV Show,TV-MA,Adults,2018,International TV Shows
s7102,TV Show,TV-MA,Adults,2018,Korean TV Shows
s7102,TV Show,TV-MA,Adults,2018,Stand-Up Comedy & Talk Shows
s7103,Movie,TV-MA,Adults,2018,Dramas
s7103,Movie,TV-MA,Adults,2018,International Movies
s7103,Movie,TV-MA,Adults,2018,Music & Musicals
s7104,Movie,PG,Teens,2019,Children & Family Movies
s7104,Movie,PG,Teens,2019,Comedies
s7105,Movie,TV-14,Teens,2019,Comedies
s7105,Movie,TV-14,Teens,2019,International Movies
s7105,Movie,TV-14,Teens,2019,Music & Musicals
s7106,Movie,TV-MA,Adults,2016,Comedies
s7106,Movie,TV-MA,Adults,2016,International Movies
s7106,Movie,TV-MA,Adults,2016,Romantic Movies
s7107,Movie,TV-14,Teens,2019,Comedies
s7107,Movie,TV-14,Teens,2019,International Movies
s7107,Movie,TV-14,Teens,2019,Music & Musicals
s7108,Movie,NR,Unrated,2016,Documentaries
s7108,Movie,NR,Unrated,2016,Sports Movies
s7109,Movie,TV-Y7,Kids,2018,Children & Family Movies
s7110,Movie,TV-14,Teens,2019,Dramas
s7110,Movie,TV-14,Teens,2019,International Movies
s7110,Movie,TV-14,Teens,2019,Romantic Movies
s7111,Movie,PG,Teens,2017,Children & Family Movies
s7111,Movie,PG,Teens,2017,Music & Musicals
s7112,Movie,TV-MA,Adults,2019,Documentaries
s7112,Movie,TV-MA,Adults,2019,Sports Movies
s7113,TV Show,TV-MA,Adults,2013,Crime TV Shows
s7113,TV Show,TV-MA,Adults,2013,International TV Shows
s7113,TV Show,TV-MA,Adults,2013,TV Dramas
s7114,Movie,R,Adults,2019,Dramas
s7114,Movie,R,Adults,2019,Thrillers
s7115,Movie,TV-14,Teens,2018,Comedies
s7115,Movie,TV-14,Teens,2018,Dramas
s7115,Movie,TV-14,Teens,2018,International Movies
s7116,Movie,TV-14,Teens,2019,Dramas
s7116,Movie,TV-14,Teens,2019,International Movies
s7117,Movie,TV-Y,Kids,2017,Movies
s7118,Movie,TV-14,Teens,2017,Dramas
s7118,Movie,TV-14,Teens,2017,Independent Movies
s7118,Movie,TV-14,Teens,2017,International Movies
s7119,Movie,TV-14,Teens,2018,Dramas
s7119,Movie,TV-14,Teens,2018,Independent Movies
s7119,Movie,TV-14,Teens,2018,International Movies
s7120,Movie,TV-14,Teens,2017,Comedies
s7120,Movie,TV-14,Teens,2017,Dramas
s7120,Movie,TV-14,Teens,2017,International Movies
s7121,TV Show,TV-G,Kids,2017,International TV Shows
s7121,TV Show,TV-G,Kids,2017,Stand-Up Comedy & Talk Shows
s7122,Movie,R,Adults,2019,Comedies
s7122,Movie,R,Adults,2019,Cult Movies
s7123,Movie,TV-MA,Adults,2019,Dramas
s7123,Movie,TV-MA,Adults,2019,International Movies
s7123,Movie,TV-MA,Adults,2019,Romantic Movies
s7124,TV Show,TV-G,Kids,2020,Reality TV
s7125,Movie,PG-13,Adults,2016,Documentaries
s7126,TV Show,TV-14,Teens,2017,Classic & Cult TV
s7126,TV Show,TV-14,Teens,2017,TV Action & Adventure
s7126,TV Show,TV-14,Teens,2017,TV Dramas
s7127,Movie,R,Adults,2019,Dramas
s7127,Movie,R,Adults,2019,Music & Musicals
s7128,Movie,TV-14,Teens,2019,Documentaries
s7128,Movie,TV-14,Teens,2019,Faith & Spirituality
s7129,Movie,TV-MA,Adults,2018,Documentaries
s7129,Movie,TV-MA,Adults,2018,LGBTQ Movies
s7130,TV Show,TV-14,Teens,2017,International TV Shows
s7130,TV Show,TV-14,Teens,2017,TV Dramas
s7131,Movie,R,Adults,2019,Documentaries
s7131,Movie,R,Adults,2019,Music & Musicals
s7132,TV Show,TV-Y7,Kids,2019,Kids' TV
s7133,Movie,PG,Teens,2019,Documentaries
s7134,Movie,TV-14,Teens,2019,Action & Adventure
s7134,Movie,TV-14,Teens,2019,Dramas
s7134,Movie,TV-14,Teens,2019,International Movies
s7135,Movie,TV-14,Teens,2017,Documentaries
s7135,Movie,TV-14,Teens,2017,International Movies
s7135,Movie,TV-14,Teens,2017,Music & Musicals
s7136,Movie,TV-14,Teens,2016,Documentaries
s7136,Movie,TV-14,Teens,2016,International Movies
s7137,Movie,PG-13,Adults,2019,Action & Adventure
s7137,Movie,PG-13,Adults,2019,Sci-Fi & Fantasy
s7138,Movie,TV-MA,Adults,2019,International Movies
s7138,Movie,TV-MA,Adults,2019,Thrillers
s7139,Movie,TV-MA,Adults,2018,Documentaries
s7139,Movie,TV-MA,Adults,2018,Music & Musicals
s7140,Movie,TV-MA,Adults,2019,Dramas
s7140,Movie,TV-MA,Adults,2019,Independent Movies
s7140,Movie,TV-MA,Adults,2019,Sci-Fi & Fantasy
s7141,TV Show,TV-14,Teens,2016,British TV Shows
s7141,TV Show,TV-14,Teens,2016,TV Dramas
s7141,TV Show,TV-14,Teens,2016,TV Sci-Fi & Fantasy
s7142,Movie,TV-MA,Adults,2018,Action & Adventure
s7142,Movie,TV-MA,Adults,2018,International Movies
s7143,TV Show,TV-MA,Adults,2017,International TV Shows
s7143,TV Show,TV-MA,Adults,2017,Spanish-Language TV Shows
s7143,TV Show,TV-MA,Adults,2017,TV Dramas
s7144,TV Show,TV-14,Teens,2017,International TV Shows
s7144,TV Show,TV-14,Teens,2017,Spanish-Language TV Shows
s7144,TV Show,TV-14,Teens,2017,TV Dramas
s7145,Movie,TV-14,Teens,2019,Comedies
s7145,Movie,TV-14,Teens,2019,International Movies
s7145,Movie,TV-14,Teens,2019,Romantic Movies
s7146,Movie,PG,Teens,2019,Children & Family Movies
s7146,Movie,PG,Teens,2019,Comedies
s7147,Movie,TV-14,Teens,2018,Documentaries
s7148,Movie,PG-13,Adults,2021,Comedies
s7148,Movie,PG-13,Adults,2021,Dramas
s7149,TV Show,TV-Y,Kids,2015,Kids' TV
s7150,Movie,PG-13,Adults,2020,Comedies
s7150,Movie,PG-13,Adults,2020,Romantic Movies
s7151,Movie,R,Adults,2019,Comedies
s7151,Movie,R,Adults,2019,Dramas
s7151,Movie,R,Adults,2019,Independent Movies
s7152,Movie,PG-13,Adults,2019,Action & Adventure
s7152,Movie,PG-13,Adults,2019,Sci-Fi & Fantasy
s7153,Movie,PG-13,Adults,2019,Comedies
s7153,Movie,PG-13,Adults,2019,Romantic Movies
s7154,Movie,TV-14,Teens,2018,Action & Adventure
s7154,Movie,TV-14,Teens,2018,Comedies
s7154,Movie,TV-14,Teens,2018,International Movies
s7155,Movie,G,Kids,2018,Documentaries
s7155,Movie,G,Kids,2018,Music & Musicals
s7156,TV Show,TV-MA,Adults,2016,Anime Series
s7156,TV Show,TV-MA,Adults,2016,Crime TV Shows
s7156,TV Show,TV-MA,Adults,2016,International TV Shows
s7157,Movie,PG-13,Adults,2019,Action & Adventure
s7157,Movie,PG-13,Adults,2019,Dramas
s7158,TV Show,TV-14,Teens,2016,Crime TV Shows
s7158,TV Show,TV-14,Teens,2016,International TV Shows
s7158,TV Show,TV-14,Teens,2016,TV Action & Adventure
s7159,Movie,TV-14,Teens,2017,Dramas
s7159,Movie,TV-14,Teens,2017,International Movies
s7160,Movie,TV-PG,Teens,2018,Dramas
s7160,Movie,TV-PG,Teens,2018,International Movies
s7160,Movie,TV-PG,Teens,2018,Romantic Movies
s7161,Movie,TV-14,Teens,2019,Action & Adventure
s7161,Movie,TV-14,Teens,2019,Dramas
s7161,Movie,TV-14,Teens,2019,International Movies
s7162,Movie,TV-PG,Teens,2018,Dramas
s7162,Movie,TV-PG,Teens,2018,International Movies
s7163,Movie,TV-MA,Adults,2017,Action & Adventure
s7163,Movie,TV-MA,Adults,2017,Dramas
s7163,Movie,TV-MA,Adults,2017,International Movies
s7164,Movie,TV-14,Teens,2017,Dramas
s7164,Movie,TV-14,Teens,2017,International Movies
s7164,Movie,TV-14,Teens,2017,Romantic Movies
s7165,Movie,PG,Teens,2017,Children & Family Movies
s7165,Movie,PG,Teens,2017,Dramas
s7166,Movie,TV-14,Teens,2017,Dramas
s7166,Movie,TV-14,Teens,2017,International Movies
s7166,Movie,TV-14,Teens,2017,Music & Musicals
s7167,Movie,TV-MA,Adults,2018,Thrillers
s7168,Movie,TV-14,Teens,2018,Dramas
s7168,Movie,TV-14,Teens,2018,Independent Movies
s7168,Movie,TV-14,Teens,2018,International Movies
s7169,Movie,TV-14,Teens,2018,Horror Movies
s7169,Movie,TV-14,Teens,2018,International Movies
s7169,Movie,TV-14,Teens,2018,Thrillers
s7170,Movie,TV-14,Teens,2017,International Movies
s7170,Movie,TV-14,Teens,2017,Music & Musicals
s7170,Movie,TV-14,Teens,2017,Romantic Movies
s7171,Movie,PG-13,Adults,2020,Comedies
s7171,Movie,PG-13,Adults,2020,Romantic Movies
s7172,Movie,TV-PG,Teens,2019,Comedies
s7172,Movie,TV-PG,Teens,2019,Dramas
s7172,Movie,TV-PG,Teens,2019,Independent Movies
s7173,Movie,NR,Unrated,2018,Stand-Up Comedy
s7174,Movie,TV-14,Teens,2018,Dramas
s7174,Movie,TV-14,Teens,2018,International Movies
s7175,Movie,TV-14,Teens,2018,Comedies
s7175,Movie,TV-14,Teens,2018,Dramas
s7175,Movie,TV-14,Teens,2018,International Movies
s7176,TV Show,TV-14,Teens,2017,Docuseries
s7177,TV Show,TV-PG,Teens,2017,Docuseries
s7178,TV Show,TV-PG,Teens,2017,Docuseries
s7179,Movie,R,Adults,2018,Stand-Up Comedy
s7180,Movie,R,Adults,2018,Stand-Up Comedy
s7181,Movie,TV-MA,Adults,2018,Stand-Up Comedy
s7182,Movie,TV-MA,Adults,2019,Documentaries
s7182,Movie,TV-MA,Adults,2019,LGBTQ Movies
s7183,TV Show,TV-14,Teens,2019,Crime TV Shows
s7183,TV Show,TV-14,Teens,2019,International TV Shows
s7183,TV Show,TV-14,Teens,2019,Romantic TV Shows
s7184,Movie,TV-14,Teens,2018,Action & Adventure
s7184,Movie,TV-14,Teens,2018,Dramas
s7184,Movie,TV-14,Teens,2018,International Movies
s7185,TV Show,TV-14,Teens,2018,Crime TV Shows
s7185,TV Show,TV-14,Teens,2018,International TV Shows
s7185,TV Show,TV-14,Teens,2018,TV Comedies
s7186,TV Show,TV-14,Teens,2017,International TV Shows
s7186,TV Show,TV-14,Teens,2017,TV Dramas
s7187,Movie,TV-14,Teens,2018,Comedies
s7187,Movie,TV-14,Teens,2018,Dramas
s7187,Movie,TV-14,Teens,2018,International Movies
s7188,TV Show,TV-14,Teens,2018,Crime TV Shows
s7188,TV Show,TV-14,Teens,2018,International TV Shows
s7188,TV Show,TV-14,Teens,2018,TV Dramas
s7189,Movie,TV-PG,Teens,2019,Classic Movies
s7189,Movie,TV-PG,Teens,2019,Comedies
s7189,Movie,TV-PG,Teens,2019,Dramas
s7190,Movie,TV-14,Teens,2018,Comedies
s7190,Movie,TV-14,Teens,2018,International Movies
s7190,Movie,TV-14,Teens,2018,Music & Musicals
s7191,Movie,TV-14,Teens,2019,Dramas
s7191,Movie,TV-14,Teens,2019,Independent Movies
s7191,Movie,TV-14,Teens,2019,International Movies
s7192,Movie,R,Adults,2018,Action & Adventure
s7193,Movie,TV-MA,Adults,2016,Action & Adventure
s7194,Movie,R,Adults,2019,Comedies
s7194,Movie,R,Adults,2019,Independent Movies
s7194,Movie,R,Adults,2019,Romantic Movies
s7195,Movie,TV-14,Teens,2019,Dramas
s7195,Movie,TV-14,Teens,2019,International Movies
s7195,Movie,TV-14,Teens,2019,Sports Movies
s7196,Movie,R,Adults,2017,Action & Adventure
s7196,Movie,R,Adults,2017,Dramas
s7196,Movie,R,Adults,2017,International Movies
s7197,TV Show,TV-Y,Kids,,Kids' TV
s7198,Movie,R,Adults,2020,Action & Adventure
s7199,Movie,R,Adults,2020,Action & Adventure
s7200,Movie,TV-MA,Adults,2017,Action & Adventure
s7200,Movie,TV-MA,Adults,2017,Independent Movies
s7200,Movie,TV-MA,Adults,2017,Sci-Fi & Fantasy
s7201,Movie,TV-14,Teens,2019,Documentaries
s7201,Movie,TV-14,Teens,2019,International Movies
s7202,Movie,TV-MA,Adults,2017,Action & Adventure
s7203,Movie,R,Adults,2020,Action & Adventure
s7203,Movie,R,Adults,2020,Dramas
s7203,Movie,R,Adults,2020,Independent Movies
s7204,Movie,PG-13,Adults,2020,Comedies
s7204,Movie,PG-13,Adults,2020,Cult Movies
s7204,Movie,PG-13,Adults,2020,Horror Movies
s7205,Movie,PG-13,Adults,2021,Action & Adventure
s7205,Movie,PG-13,Adults,2021,Comedies
s7205,Movie,PG-13,Adults,2021,Romantic Movies
s7206,Movie,TV-MA,Adults,2018,Action & Adventure
s7206,Movie,TV-MA,Adults,2018,Dramas
s7206,Movie,TV-MA,Adults,2018,International Movies
s7207,Movie,R,Adults,2019,Dramas
s7207,Movie,R,Adults,2019,Independent Movies
s7207,Movie,R,Adults,2019,Thrillers
s7208,Movie,NR,Unrated,2016,Dramas
s7208,Movie,NR,Unrated,2016,Independent Movies
s7209,Movie,PG-13,Adults,2019,Action & Adventure
s7209,Movie,PG-13,Adults,2019,Comedies
s7210,TV Show,TV-PG,Teens,2018,British TV Shows
s7210,TV Show,TV-PG,Teens,2018,Docuseries
s7210,TV Show,TV-PG,Teens,2018,Science & Nature TV
s7211,Movie,PG-13,Adults,2020,Comedies
s7211,Movie,PG-13,Adults,2020,Cult Movies
s7211,Movie,PG-13,Adults,2020,Sports Movies
s7212,Movie,R,Adults,2018,Dramas
s7213,Movie,TV-PG,Teens,2017,Comedies
s7213,Movie,TV-PG,Teens,2017,International Movies
s7214,Movie,R,Adults,2020,Thrillers
s7215,TV Show,TV-14,Teens,2019,International TV Shows
s7215,TV Show,TV-14,Teens,2019,Romantic TV Shows
s7215,TV Show,TV-14,Teens,2019,TV Dramas
s7216,TV Show,TV-14,Teens,2019,British TV Shows
s7216,TV Show,TV-14,Teens,2019,International TV Shows
s7216,TV Show,TV-14,Teens,2019,Reality TV
s7217,Movie,TV-14,Teens,2017,Comedies
s7217,Movie,TV-14,Teens,2017,Horror Movies
s7217,Movie,TV-14,Teens,2017,International Movies
s7218,TV Show,TV-MA,Adults,2019,Anime Series
s7218,TV Show,TV-MA,Adults,2019,International TV Shows
s7219,Movie,R,Adults,2020,Horror Movies
s7219,Movie,R,Adults,2020,Thrillers
s7220,Movie,TV-14,Teens,2017,Classic Movies
s7220,Movie,TV-14,Teens,2017,Documentaries
s7221,Movie,PG-13,Adults,2019,Sci-Fi & Fantasy
s7221,Movie,PG-13,Adults,2019,Thrillers
s7222,Movie,TV-G,Kids,2017,Documentaries
s7223,TV Show,TV-PG,Teens,2018,Docuseries
s7223,TV Show,TV-PG,Teens,2018,International TV Shows
s7224,Movie,PG-13,Adults,2019,Action & Adventure
s7224,Movie,PG-13,Adults,2019,Dramas
s7224,Movie,PG-13,Adults,2019,International Movies
s7225,Movie,TV-14,Teens,2019,International Movies
s7225,Movie,TV-14,Teens,2019,Romantic Movies
s7226,Movie,TV-MA,Adults,2017,Comedies
s7226,Movie,TV-MA,Adults,2017,International Movies
s7226,Movie,TV-MA,Adults,2017,Thrillers
s7227,Movie,TV-Y7,Kids,2017,Children & Family Movies
s7228,Movie,TV-Y7,Kids,2017,Children & Family Movies
s7229,Movie,TV-Y,Kids,2017,Children & Family Movies
s7230,Movie,TV-Y7,Kids,2017,Children & Family Movies
s7231,Movie,TV-Y7,Kids,2017,Children & Family Movies
s7232,Movie,TV-Y7,Kids,2017,Children & Family Movies
s7233,Movie,TV-Y7,Kids,2017,Children & Family Movies
s7234,Movie,TV-Y7,Kids,2017,Children & Family Movies
s7235,Movie,R,Adults,2018,Dramas
s7235,Movie,R,Adults,2018,Independent Movies
s7236,TV Show,TV-Y7,Kids,2019,Kids' TV
s7237,Movie,NR,Unrated,2015,Horror Movies
s7238,Movie,R,Adults,2019,Comedies
s7238,Movie,R,Adults,2019,Dramas
s7239,Movie,TV-MA,Adults,2019,Dramas
s7239,Movie,TV-MA,Adults,2019,Independent Movies
s7239,Movie,TV-MA,Adults,2019,International Movies
s7240,Movie,R,Adults,2020,Action & Adventure
s7240,Movie,R,Adults,2020,Comedies
s7240,Movie,R,Adults,2020,Cult Movies
s7241,Movie,TV-Y7,Kids,2018,Children & Family Movies
s7241,Movie,TV-Y7,Kids,2018,Comedies
s7242,Movie,TV-PG,Teens,2012,Children & Family Movies
s7242,Movie,TV-PG,Teens,2012,Comedies
s7243,Movie,TV-PG,Teens,2017,Action & Adventure
s7243,Movie,TV-PG,Teens,2017,Comedies
s7243,Movie,TV-PG,Teens,2017,International Movies
s7244,Movie,TV-14,Teens,2018,Dramas
s7244,Movie,TV-14,Teens,2018,International Movies
s7244,Movie,TV-14,Teens,2018,Romantic Movies
s7245,Movie,R,Adults,2019,Documentaries
s7245,Movie,R,Adults,2019,Music & Musicals
s7246,TV Show,TV-14,Teens,2016,International TV Shows
s7246,TV Show,TV-14,Teens,2016,Romantic TV Shows
s7246,TV Show,TV-14,Teens,2016,TV Dramas
s7247,Movie,TV-MA,Adults,2017,Comedies
s7247,Movie,TV-MA,Adults,2017,Dramas
s7247,Movie,TV-MA,Adults,2017,International Movies
s7248,Movie,TV-PG,Teens,2018,Dramas
s7248,Movie,TV-PG,Teens,2018,International Movies
s7248,Movie,TV-PG,Teens,2018,Romantic Movies
s7249,Movie,TV-MA,Adults,2018,Music & Musicals
s7250,Movie,TV-PG,Teens,2018,International Movies
s7250,Movie,TV-PG,Teens,2018,Romantic Movies
s7251,Movie,TV-MA,Adults,2017,Comedies
s7251,Movie,TV-MA,Adults,2017,International Movies
s7252,Movie,R,Adults,2018,Documentaries
s7253,Movie,PG-13,Adults,2020,Classic Movies
s7253,Movie,PG-13,Adults,2020,Dramas
s7253,Movie,PG-13,Adults,2020,Music & Musicals
s7254,Movie,TV-MA,Adults,2017,Comedies
s7254,Movie,TV-MA,Adults,2017,International Movies
s7255,TV Show,TV-14,Teens,,International TV Shows
s7255,TV Show,TV-14,Teens,,Spanish-Language TV Shows
s7255,TV Show,TV-14,Teens,,TV Comedies
s7256,TV Show,TV-14,Teens,2017,International TV Shows
s7256,TV Show,TV-14,Teens,2017,TV Dramas
s7257,TV Show,TV-MA,Adults,2018,Crime TV Shows
s7257,TV Show,TV-MA,Adults,2018,International TV Shows
s7257,TV Show,TV-MA,Adults,2018,Spanish-Language TV Shows
s7258,TV Show,TV-PG,Teens,2019,Classic & Cult TV
s7258,TV Show,TV-PG,Teens,2019,Crime TV Shows
s7258,TV Show,TV-PG,Teens,2019,International TV Shows
s7259,TV Show,TV-14,Teens,2019,Crime TV Shows
s7259,TV Show,TV-14,Teens,2019,International TV Shows
s7259,TV Show,TV-14,Teens,2019,Spanish-Language TV Shows
s7260,Movie,TV-14,Teens,2018,Dramas
s7260,Movie,TV-14,Teens,2018,International Movies
s7260,Movie,TV-14,Teens,2018,Thrillers
s7261,Movie,TV-MA,Adults,2018,Horror Movies
s7261,Movie,TV-MA,Adults,2018,International Movies
s7262,Movie,R,Adults,2017,Action & Adventure
s7263,Movie,PG-13,Adults,2019,Sci-Fi & Fantasy
s7263,Movie,PG-13,Adults,2019,Thrillers
s7264,Movie,NC-17,Adults,2019,Comedies
s7264,Movie,NC-17,Adults,2019,Independent Movies
s7265,TV Show,TV-14,Teens,2018,International TV Shows
s7265,TV Show,TV-14,Teens,2018,Spanish-Language TV Shows
s7265,TV Show,TV-14,Teens,2018,TV Dramas
s7266,Movie,TV-MA,Adults,2018,Dramas
s7266,Movie,TV-MA,Adults,2018,International Movies
s7267,TV Show,TV-14,Teens,2017,British TV Shows
s7267,TV Show,TV-14,Teens,2017,International TV Shows
s7267,TV Show,TV-14,Teens,2017,TV Dramas
s7268,Movie,TV-14,Teens,2017,Action & Adventure
s7269,TV Show,TV-14,Teens,2017,Crime TV Shows
s7269,TV Show,TV-14,Teens,2017,International TV Shows
s7269,TV Show,TV-14,Teens,2017,Korean TV Shows
s7270,Movie,TV-MA,Adults,2020,Dramas
s7270,Movie,TV-MA,Adults,2020,Independent Movies
s7270,Movie,TV-MA,Adults,2020,LGBTQ Movies
s7271,Movie,R,Adults,2019,Action & Adventure
s7272,Movie,R,Adults,2019,Dramas
s7272,Movie,R,Adults,2019,Independent Movies
s7272,Movie,R,Adults,2019,Romantic Movies
s7273,Movie,TV-14,Teens,2018,Documentaries
s7273,Movie,TV-14,Teens,2018,International Movies
s7273,Movie,TV-14,Teens,2018,Sports Movies
s7274,Movie,TV-PG,Teens,2019,Documentaries
s7274,Movie,TV-PG,Teens,2019,International Movies
s7275,Movie,PG,Teens,2019,Comedies
s7275,Movie,PG,Teens,2019,Romantic Movies
s7276,Movie,TV-Y,Kids,2020,Children & Family Movies
s7277,Movie,TV-Y,Kids,2020,Movies
s7278,Movie,TV-Y,Kids,2020,Movies
s7279,Movie,TV-Y,Kids,2020,Children & Family Movies
s7280,TV Show,TV-Y,Kids,2020,British TV Shows
s7280,TV Show,TV-Y,Kids,2020,Kids' TV
s7281,Movie,TV-MA,Adults,2018,Comedies
s7281,Movie,TV-MA,Adults,2018,Horror Movies
s7281,Movie,TV-MA,Adults,2018,International Movies
s7282,Movie,PG-13,Adults,2018,Action & Adventure
s7282,Movie,PG-13,Adults,2018,Faith & Spirituality
s7282,Movie,PG-13,Adults,2018,Sci-Fi & Fantasy
s7283,Movie,PG,Teens,2020,Children & Family Movies
s7284,Movie,TV-MA,Adults,2018,Action & Adventure
s7284,Movie,TV-MA,Adults,2018,International Movies
s7284,Movie,TV-MA,Adults,2018,Sci-Fi & Fantasy
s7285,Movie,TV-14,Teens,2018,Action & Adventure
s7285,Movie,TV-14,Teens,2018,Cult Movies
s7285,Movie,TV-14,Teens,2018,International Movies
s7286,TV Show,TV-PG,Teens,2019,Docuseries
s7287,Movie,R,Adults,2019,Action & Adventure
s7287,Movie,R,Adults,2019,Horror Movies
s7287,Movie,R,Adults,2019,Sci-Fi & Fantasy
s7288,TV Show,TV-G,Kids,2019,Kids' TV
s7289,TV Show,TV-Y,Kids,2019,Kids' TV
s7290,Movie,TV-G,Kids,2018,Documentaries
s7290,Movie,TV-G,Kids,2018,International Movies
s7291,Movie,TV-Y7-FV,Kids,2019,Action & Adventure
s7291,Movie,TV-Y7-FV,Kids,2019,Children & Family Movies
s7292,TV Show,TV-Y,Kids,2018,Kids' TV
s7293,Movie,TV-Y7-FV,Kids,2015,Children & Family Movies
s7293,Movie,TV-Y7-FV,Kids,2015,Comedies
s7294,Movie,TV-MA,Adults,2017,Documentaries
s7294,Movie,TV-MA,Adults,2017,International Movies
s7294,Movie,TV-MA,Adults,2017,Sports Movies
s7295,Movie,TV-PG,Teens,2017,Classic Movies
s7295,Movie,TV-PG,Teens,2017,Documentaries
s7296,TV Show,TV-MA,Adults,2017,International TV Shows
s7296,TV Show,TV-MA,Adults,2017,Romantic TV Shows
s7296,TV Show,TV-MA,Adults,2017,TV Comedies
s7297,Movie,TV-14,Teens,2019,Comedies
s7297,Movie,TV-14,Teens,2019,LGBTQ Movies
s7298,TV Show,TV-PG,Teens,2019,Reality TV
s7299,Movie,R,Adults,2018,Comedies
s7299,Movie,R,Adults,2018,Horror Movies
s7299,Movie,R,Adults,2018,Independent Movies
s7300,Movie,TV-PG,Teens,2019,Documentaries
s7300,Movie,TV-PG,Teens,2019,LGBTQ Movies
s7301,TV Show,TV-G,Kids,2015,British TV Shows
s7301,TV Show,TV-G,Kids,2015,Docuseries
s7301,TV Show,TV-G,Kids,2015,Science & Nature TV
s7302,TV Show,TV-14,Teens,2016,British TV Shows
s7302,TV Show,TV-14,Teens,2016,Docuseries
s7302,TV Show,TV-14,Teens,2016,Science & Nature TV
s7303,Movie,TV-MA,Adults,2019,Horror Movies
s7303,Movie,TV-MA,Adults,2019,Independent Movies
s7303,Movie,TV-MA,Adults,2019,Thrillers
s7304,Movie,TV-14,Teens,2018,Action & Adventure
s7304,Movie,TV-14,Teens,2018,International Movies
s7305,Movie,TV-PG,Teens,2019,Dramas
s7305,Movie,TV-PG,Teens,2019,Faith & Spirituality
s7306,Movie,R,Adults,2019,Classic Movies
s7306,Movie,R,Adults,2019,Dramas
s7306,Movie,R,Adults,2019,International Movies
s7307,Movie,R,Adults,2016,Dramas
s7307,Movie,R,Adults,2016,Thrillers
s7308,TV Show,TV-MA,Adults,2019,British TV Shows
s7308,TV Show,TV-MA,Adults,2019,TV Comedies
s7309,Movie,PG-13,Adults,2018,Dramas
s7310,Movie,TV-14,Teens,2019,Action & Adventure
s7310,Movie,TV-14,Teens,2019,International Movies
s7311,Movie,TV-14,Teens,2019,Documentaries
s7311,Movie,TV-14,Teens,2019,Music & Musicals
s7312,Movie,TV-14,Teens,2018,Action & Adventure
s7312,Movie,TV-14,Teens,2018,International Movies
s7312,Movie,TV-14,Teens,2018,Romantic Movies
s7313,TV Show,,Unknown,2018,Kids' TV
s7313,TV Show,,Unknown,2018,TV Comedies
s7314,Movie,TV-Y7,Kids,2018,Children & Family Movies
s7314,Movie,TV-Y7,Kids,2018,Comedies
s7315,Movie,TV-Y7,Kids,2018,Children & Family Movies
s7315,Movie,TV-Y7,Kids,2018,Comedies
s7316,Movie,PG,Teens,2017,Dramas
s7316,Movie,PG,Teens,2017,Independent Movies
s7317,Movie,PG-13,Adults,2020,Comedies
s7318,Movie,TV-Y7-FV,Kids,2018,Children & Family Movies
s7318,Movie,TV-Y7-FV,Kids,2018,Comedies
s7319,Movie,TV-Y7,Kids,2019,Children & Family Movies
s7319,Movie,TV-Y7,Kids,2019,Comedies
s7320,Movie,TV-Y7,Kids,2019,Children & Family Movies
s7320,Movie,TV-Y7,Kids,2019,Comedies
s7321,Movie,NR,Unrated,2017,Comedies
s7321,Movie,NR,Unrated,2017,Dramas
s7321,Movie,NR,Unrated,2017,Independent Movies
s7322,TV Show,TV-G,Kids,2017,Kids' TV
s7322,TV Show,TV-G,Kids,2017,TV Comedies
s7323,Movie,TV-14,Teens,2016,Thrillers
s7324,Movie,PG-13,Adults,2016,Documentaries
s7325,TV Show,TV-14,Teens,2019,Crime TV Shows
s7325,TV Show,TV-14,Teens,2019,Docuseries
s7325,TV Show,TV-14,Teens,2019,International TV Shows
s7326,TV Show,TV-14,Teens,2017,Crime TV Shows
s7326,TV Show,TV-14,Teens,2017,International TV Shows
s7326,TV Show,TV-14,Teens,2017,Romantic TV Shows
s7327,Movie,R,Adults,2019,Action & Adventure
s7327,Movie,R,Adults,2019,Comedies
s7327,Movie,R,Adults,2019,Independent Movies
s7328,Movie,R,Adults,2018,Dramas
s7328,Movie,R,Adults,2018,Independent Movies
s7329,Movie,PG-13,Adults,2020,Action & Adventure
s7329,Movie,PG-13,Adults,2020,International Movies
s7329,Movie,PG-13,Adults,2020,Sci-Fi & Fantasy
s7330,Movie,TV-MA,Adults,2017,Dramas
s7330,Movie,TV-MA,Adults,2017,Independent Movies
s7330,Movie,TV-MA,Adults,2017,International Movies
s7331,Movie,PG,Teens,2019,Action & Adventure
s7331,Movie,PG,Teens,2019,Classic Movies
s7331,Movie,PG,Teens,2019,Cult Movies
s7332,TV Show,TV-Y,Kids,2018,Kids' TV
s7333,Movie,R,Adults,2019,Classic Movies
s7333,Movie,R,Adults,2019,Dramas
s7333,Movie,R,Adults,2019,Romantic Movies
s7334,TV Show,TV-MA,Adults,2017,British TV Shows
s7334,TV Show,TV-MA,Adults,2017,Crime TV Shows
s7334,TV Show,TV-MA,Adults,2017,International TV Shows
s7335,Movie,TV-14,Teens,2017,Documentaries
s7335,Movie,TV-14,Teens,2017,International Movies
s7335,Movie,TV-14,Teens,2017,Music & Musicals
s7336,Movie,TV-14,Teens,2018,Action & Adventure
s7336,Movie,TV-14,Teens,2018,Comedies
s7336,Movie,TV-14,Teens,2018,International Movies
s7337,Movie,NR,Unrated,2016,Comedies
s7337,Movie,NR,Unrated,2016,International Movies
s7338,Movie,TV-14,Teens,2017,Dramas
s7338,Movie,TV-14,Teens,2017,International Movies
s7338,Movie,TV-14,Teens,2017,Sports Movies
s7339,TV Show,TV-MA,Adults,2018,International TV Shows
s7339,TV Show,TV-MA,Adults,2018,Spanish-Language TV Shows
s7339,TV Show,TV-MA,Adults,2018,TV Comedies
s7340,Movie,TV-14,Teens,2017,Documentaries
s7340,Movie,TV-14,Teens,2017,International Movies
s7341,TV Show,TV-14,Teens,2018,Crime TV Shows
s7341,TV Show,TV-14,Teens,2018,Docuseries
s7341,TV Show,TV-14,Teens,2018,International TV Shows
s7342,Movie,TV-14,Teens,2017,Documentaries
s7342,Movie,TV-14,Teens,2017,Sports Movies
s7343,TV Show,TV-14,Teens,2016,TV Dramas
s7343,TV Show,TV-14,Teens,2016,TV Horror
s7343,TV Show,TV-14,Teens,2016,TV Mysteries
s7344,TV Show,TV-MA,Adults,2016,International TV Shows
s7344,TV Show,TV-MA,Adults,2016,Romantic TV Shows
s7344,TV Show,TV-MA,Adults,2016,TV Comedies
s7345,Movie,TV-MA,Adults,2020,Comedies
s7345,Movie,TV-MA,Adults,2020,Romantic Movies
s7346,Movie,TV-MA,Adults,2018,Comedies
s7346,Movie,TV-MA,Adults,2018,Dramas
s7346,Movie,TV-MA,Adults,2018,International Movies
s7347,Movie,TV-14,Teens,2018,Comedies
s7347,Movie,TV-14,Teens,2018,International Movies
s7347,Movie,TV-14,Teens,2018,Romantic Movies
s7348,Movie,TV-14,Teens,2018,Action & Adventure
s7348,Movie,TV-14,Teens,2018,Comedies
s7348,Movie,TV-14,Teens,2018,International Movies
s7349,TV Show,TV-PG,Teens,2018,International TV Shows
s7349,TV Show,TV-PG,Teens,2018,Korean TV Shows
s7349,TV Show,TV-PG,Teens,2018,Romantic TV Shows
s7350,TV Show,TV-MA,Adults,2018,International TV Shows
s7350,TV Show,TV-MA,Adults,2018,TV Comedies
s7350,TV Show,TV-MA,Adults,2018,TV Dramas
s7351,Movie,TV-MA,Adults,2019,Dramas
s7351,Movie,TV-MA,Adults,2019,Thrillers
s7352,Movie,TV-14,Teens,2019,Comedies
s7352,Movie,TV-14,Teens,2019,International Movies
s7352,Movie,TV-14,Teens,2019,Romantic Movies
s7353,Movie,TV-14,Teens,2019,Comedies
s7353,Movie,TV-14,Teens,2019,International Movies
s7353,Movie,TV-14,Teens,2019,Romantic Movies
s7354,TV Show,TV-G,Kids,2019,British TV Shows
s7354,TV Show,TV-G,Kids,2019,International TV Shows
s7354,TV Show,TV-G,Kids,2019,Reality TV
s7355,Movie,R,Adults,2019,Comedies
s7355,Movie,R,Adults,2019,International Movies
s7355,Movie,R,Adults,2019,Romantic Movies
s7356,Movie,TV-MA,Adults,2017,Documentaries
s7357,Movie,TV-MA,Adults,2018,Dramas
s7357,Movie,TV-MA,Adults,2018,Independent Movies
s7357,Movie,TV-MA,Adults,2018,LGBTQ Movies
s7358,Movie,TV-14,Teens,2018,Dramas
s7358,Movie,TV-14,Teens,2018,International Movies
s7359,Movie,TV-PG,Teens,2018,Documentaries
s7359,Movie,TV-PG,Teens,2018,International Movies
s7359,Movie,TV-PG,Teens,2018,Sports Movies
s7360,TV Show,TV-PG,Teens,2016,International TV Shows
s7360,TV Show,TV-PG,Teens,2016,Romantic TV Shows
s7360,TV Show,TV-PG,Teens,2016,TV Comedies
s7361,Movie,TV-14,Teens,2017,Dramas
s7361,Movie,TV-14,Teens,2017,International Movies
s7361,Movie,TV-14,Teens,2017,Romantic Movies
s7362,Movie,TV-14,Teens,2019,Horror Movies
s7362,Movie,TV-14,Teens,2019,International Movies
s7362,Movie,TV-14,Teens,2019,Thrillers
s7363,Movie,TV-MA,Adults,2016,Comedies
s7363,Movie,TV-MA,Adults,2016,International Movies
s7363,Movie,TV-MA,Adults,2016,Sports Movies
s7364,Movie,TV-14,Teens,2018,International Movies
s7364,Movie,TV-14,Teens,2018,Thrillers
s7365,Movie,TV-PG,Teens,2018,Dramas
s7365,Movie,TV-PG,Teens,2018,International Movies
s7366,Movie,R,Adults,2016,Comedies
s7367,Movie,TV-MA,Adults,2017,Horror Movies
s7367,Movie,TV-MA,Adults,2017,International Movies
s7368,Movie,R,Adults,2020,Action & Adventure
s7368,Movie,R,Adults,2020,Classic Movies
s7368,Movie,R,Adults,2020,Cult Movies
s7369,TV Show,TV-14,Teens,2015,TV Dramas
s7370,Movie,PG-13,Adults,2019,Comedies
s7371,Movie,NR,Unrated,2010,Cult Movies
s7371,Movie,NR,Unrated,2010,Horror Movies
s7372,Movie,TV-MA,Adults,2018,Dramas
s7372,Movie,TV-MA,Adults,2018,International Movies
s7373,Movie,TV-14,Teens,2017,Dramas
s7373,Movie,TV-14,Teens,2017,Independent Movies
s7373,Movie,TV-14,Teens,2017,International Movies
s7374,Movie,TV-MA,Adults,2018,Documentaries
s7375,Movie,TV-MA,Adults,2017,International Movies
s7375,Movie,TV-MA,Adults,2017,Thrillers
s7376,TV Show,TV-Y7,Kids,2019,Kids' TV
s7376,TV Show,TV-Y7,Kids,2019,TV Comedies
s7377,TV Show,TV-14,Teens,2016,Anime Series
s7377,TV Show,TV-14,Teens,2016,International TV Shows
s7378,Movie,TV-Y,Kids,2015,Children & Family Movies
s7379,Movie,TV-14,Teens,2020,Action & Adventure
s7379,Movie,TV-14,Teens,2020,Documentaries
s7379,Movie,TV-14,Teens,2020,International Movies
s7380,Movie,TV-PG,Teens,2017,Children & Family Movies
s7380,Movie,TV-PG,Teens,2017,Documentaries
s7380,Movie,TV-PG,Teens,2017,International Movies
s7381,Movie,TV-14,Teens,2018,Action & Adventure
s7381,Movie,TV-14,Teens,2018,Dramas
s7381,Movie,TV-14,Teens,2018,International Movies
s7382,TV Show,TV-14,Teens,2017,International TV Shows
s7382,TV Show,TV-14,Teens,2017,TV Action & Adventure
s7382,TV Show,TV-14,Teens,2017,TV Sci-Fi & Fantasy
s7383,TV Show,TV-14,Teens,2017,International TV Shows
s7383,TV Show,TV-14,Teens,2017,TV Action & Adventure
s7383,TV Show,TV-14,Teens,2017,TV Sci-Fi & Fantasy
s7384,TV Show,TV-14,Teens,2018,International TV Shows
s7384,TV Show,TV-14,Teens,2018,TV Comedies
s7385,Movie,TV-PG,Teens,2018,Comedies
s7385,Movie,TV-PG,Teens,2018,International Movies
s7386,TV Show,TV-14,Teens,2016,International TV Shows
s7386,TV Show,TV-14,Teens,2016,Romantic TV Shows
s7386,TV Show,TV-14,Teens,2016,TV Dramas
s7387,Movie,TV-14,Teens,2019,Comedies
s7387,Movie,TV-14,Teens,2019,International Movies
s7387,Movie,TV-14,Teens,2019,Music & Musicals
s7388,Movie,TV-PG,Teens,2018,Dramas
s7388,Movie,TV-PG,Teens,2018,International Movies
s7388,Movie,TV-PG,Teens,2018,Music & Musicals
s7389,Movie,TV-PG,Teens,2018,Dramas
s7389,Movie,TV-PG,Teens,2018,International Movies
s7390,Movie,TV-MA,Adults,2019,Horror Movies
s7391,Movie,R,Adults,2018,Action & Adventure
s7391,Movie,R,Adults,2018,Dramas
s7392,Movie,R,Adults,2018,Comedies
s7392,Movie,R,Adults,2018,International Movies
s7392,Movie,R,Adults,2018,Romantic Movies
s7393,TV Show,TV-PG,Teens,2018,International TV Shows
s7393,TV Show,TV-PG,Teens,2018,Reality TV
s7393,TV Show,TV-PG,Teens,2018,TV Action & Adventure
s7394,Movie,TV-MA,Adults,2020,Dramas
s7394,Movie,TV-MA,Adults,2020,Independent Movies
s7394,Movie,TV-MA,Adults,2020,International Movies
s7395,Movie,TV-14,Teens,2018,Dramas
s7395,Movie,TV-14,Teens,2018,International Movies
s7395,Movie,TV-14,Teens,2018,Romantic Movies
s7396,Movie,PG-13,Adults,2017,Dramas
s7396,Movie,PG-13,Adults,2017,Independent Movies
s7397,Movie,TV-14,Teens,2018,Dramas
s7397,Movie,TV-14,Teens,2018,Independent Movies
s7398,Movie,TV-14,Teens,2017,Comedies
s7398,Movie,TV-14,Teens,2017,Independent Movies
s7398,Movie,TV-14,Teens,2017,Romantic Movies
s7399,Movie,TV-MA,Adults,2018,Documentaries
s7399,Movie,TV-MA,Adults,2018,International Movies
s7400,Movie,PG-13,Adults,2020,Comedies
s7400,Movie,PG-13,Adults,2020,Dramas
s7400,Movie,PG-13,Adults,2020,International Movies
s7401,Movie,TV-MA,Adults,2017,Dramas
s7401,Movie,TV-MA,Adults,2017,Independent Movies
s7401,Movie,TV-MA,Adults,2017,International Movies
s7402,Movie,TV-14,Teens,2017,Dramas
s7402,Movie,TV-14,Teens,2017,Independent Movies
s7402,Movie,TV-14,Teens,2017,International Movies
s7403,Movie,TV-MA,Adults,2019,Horror Movies
s7403,Movie,TV-MA,Adults,2019,Thrillers
s7404,Movie,R,Adults,2020,Action & Adventure
s7405,TV Show,TV-14,Teens,2018,Docuseries
s7406,Movie,TV-14,Teens,2016,Movies
s7407,TV Show,TV-MA,Adults,,TV Comedies
s7408,Movie,TV-MA,Adults,2017,Dramas
s7408,Movie,TV-MA,Adults,2017,Independent Movies
s7408,Movie,TV-MA,Adults,2017,International Movies
s7409,TV Show,TV-14,Teens,2020,Reality TV
s7409,TV Show,TV-14,Teens,2020,Romantic TV Shows
s7410,TV Show,TV-PG,Teens,2019,Docuseries
s7410,TV Show,TV-PG,Teens,2019,Science & Nature TV
s7410,TV Show,TV-PG,Teens,2019,TV Dramas
s7411,Movie,R,Adults,2018,Action & Adventure
s7411,Movie,R,Adults,2018,International Movies
s7412,Movie,R,Adults,2019,Stand-Up Comedy
s7413,Movie,TV-PG,Teens,2018,Documentaries
s7413,Movie,TV-PG,Teens,2018,Faith & Spirituality
s7414,Movie,TV-14,Teens,2018,Documentaries
s7414,Movie,TV-14,Teens,2018,International Movies
s7415,Movie,TV-PG,Teens,2015,Documentaries
s7415,Movie,TV-PG,Teens,2015,Sports Movies
s7416,Movie,PG,Teens,2014,Action & Adventure
s7416,Movie,PG,Teens,2014,Sci-Fi & Fantasy
s7417,Movie,PG,Teens,2018,Anime Features
s7417,Movie,PG,Teens,2018,Children & Family Movies
s7418,Movie,PG,Teens,2019,Children & Family Movies
s7418,Movie,PG,Teens,2019,Music & Musicals
s7419,TV Show,TV-14,Teens,2019,British TV Shows
s7419,TV Show,TV-14,Teens,2019,International TV Shows
s7419,TV Show,TV-14,Teens,2019,Reality TV
s7420,Movie,TV-14,Teens,2019,Dramas
s7420,Movie,TV-14,Teens,2019,Independent Movies
s7420,Movie,TV-14,Teens,2019,International Movies
s7421,Movie,NR,Unrated,2018,Action & Adventure
s7421,Movie,NR,Unrated,2018,International Movies
s7422,Movie,TV-MA,Adults,2018,Dramas
s7422,Movie,TV-MA,Adults,2018,Independent Movies
s7422,Movie,TV-MA,Adults,2018,International Movies
s7423,Movie,TV-14,Teens,2018,Comedies
s7423,Movie,TV-14,Teens,2018,Dramas
s7423,Movie,TV-14,Teens,2018,International Movies
s7424,Movie,TV-14,Teens,2017,Dramas
s7424,Movie,TV-14,Teens,2017,Independent Movies
s7425,Movie,TV-MA,Adults,2018,Dramas
s7425,Movie,TV-MA,Adults,2018,International Movies
s7426,Movie,TV-14,Teens,2019,Comedies
s7426,Movie,TV-14,Teens,2019,International Movies
s7426,Movie,TV-14,Teens,2019,Music & Musicals
s7427,Movie,TV-PG,Teens,2017,Documentaries
s7428,Movie,TV-PG,Teens,2018,Documentaries
s7429,Movie,TV-PG,Teens,2018,Comedies
s7429,Movie,TV-PG,Teens,2018,International Movies
s7429,Movie,TV-PG,Teens,2018,Romantic Movies
s7430,Movie,TV-MA,Adults,2017,Comedies
s7430,Movie,TV-MA,Adults,2017,Dramas
s7430,Movie,TV-MA,Adults,2017,International Movies
s7431,Movie,R,Adults,2019,Dramas
s7431,Movie,R,Adults,2019,Independent Movies
s7431,Movie,R,Adults,2019,Thrillers
s7432,Movie,R,Adults,2019,Classic Movies
s7432,Movie,R,Adults,2019,Dramas
s7432,Movie,R,Adults,2019,Independent Movies
s7433,Movie,TV-PG,Teens,2018,Dramas
s7434,Movie,TV-MA,Adults,2019,Horror Movies
s7434,Movie,TV-MA,Adults,2019,International Movies
s7434,Movie,TV-MA,Adults,2019,Thrillers
s7435,Movie,TV-14,Teens,2017,Documentaries
s7436,TV Show,TV-G,Kids,2019,British TV Shows
s7436,TV Show,TV-G,Kids,2019,Docuseries
s7436,TV Show,TV-G,Kids,2019,International TV Shows
s7437,TV Show,TV-PG,Teens,2019,Reality TV
s7438,Movie,TV-PG,Teens,2018,Dramas
s7438,Movie,TV-PG,Teens,2018,International Movies
s7438,Movie,TV-PG,Teens,2018,Romantic Movies
s7439,TV Show,TV-14,Teens,2019,International TV Shows
s7439,TV Show,TV-14,Teens,2019,Romantic TV Shows
s7439,TV Show,TV-14,Teens,2019,TV Comedies
s7440,Movie,R,Adults,2018,Comedies
s7440,Movie,R,Adults,2018,Dramas
s7440,Movie,R,Adults,2018,Independent Movies
s7441,Movie,TV-MA,Adults,2018,Dramas
s7441,Movie,TV-MA,Adults,2018,International Movies
s7441,Movie,TV-MA,Adults,2018,Thrillers
s7442,Movie,TV-14,Teens,2019,Documentaries
s7443,Movie,PG-13,Adults,2019,Action & Adventure
s7443,Movie,PG-13,Adults,2019,Comedies
s7443,Movie,PG-13,Adults,2019,Sci-Fi & Fantasy
s7444,Movie,PG-13,Adults,2019,Action & Adventure
s7444,Movie,PG-13,Adults,2019,Comedies
s7444,Movie,PG-13,Adults,2019,Sci-Fi & Fantasy
s7445,Movie,TV-MA,Adults,2017,Dramas
s7445,Movie,TV-MA,Adults,2017,Independent Movies
s7446,Movie,R,Adults,2019,Action & Adventure
s7446,Movie,R,Adults,2019,Dramas
s7446,Movie,R,Adults,2019,International Movies
s7447,TV Show,TV-14,Teens,2018,International TV Shows
s7447,TV Show,TV-14,Teens,2018,TV Dramas
s7448,TV Show,TV-MA,Adults,2016,International TV Shows
s7448,TV Show,TV-MA,Adults,2016,TV Dramas
s7448,TV Show,TV-MA,Adults,2016,Teen TV Shows
s7449,Movie,TV-MA,Adults,2019,Comedies
s7449,Movie,TV-MA,Adults,2019,International Movies
s7450,TV Show,TV-PG,Teens,2017,International TV Shows
s7450,TV Show,TV-PG,Teens,2017,Reality TV
s7450,TV Show,TV-PG,Teens,2017,Spanish-Language TV Shows
s7451,Movie,TV-14,Teens,2018,Comedies
s7451,Movie,TV-14,Teens,2018,International Movies
s7451,Movie,TV-14,Teens,2018,Sci-Fi & Fantasy
s7452,Movie,R,Adults,2019,Action & Adventure
s7452,Movie,R,Adults,2019,Dramas
s7452,Movie,R,Adults,2019,International Movies
s7453,Movie,PG,Teens,2019,Children & Family Movies
s7453,Movie,PG,Teens,2019,Comedies
s7454,TV Show,TV-14,Teens,2019,International TV Shows
s7454,TV Show,TV-14,Teens,2019,Stand-Up Comedy & Talk Shows
s7454,TV Show,TV-14,Teens,2019,TV Comedies
s7455,Movie,PG-13,Adults,2020,Action & Adventure
s7455,Movie,PG-13,Adults,2020,Sci-Fi & Fantasy
s7456,TV Show,TV-Y7,Kids,2016,Kids' TV
s7457,Movie,R,Adults,2017,Dramas
s7457,Movie,R,Adults,2017,Independent Movies
s7457,Movie,R,Adults,2017,LGBTQ Movies
s7458,TV Show,TV-G,Kids,2018,Kids' TV
s7459,Movie,TV-14,Teens,2018,Dramas
s7459,Movie,TV-14,Teens,2018,International Movies
s7460,TV Show,TV-PG,Teens,2018,Reality TV
s7461,Movie,PG,Teens,2018,Children & Family Movies
s7461,Movie,PG,Teens,2018,Dramas
s7461,Movie,PG,Teens,2018,Sports Movies
s7462,Movie,PG,Teens,2020,Children & Family Movies
s7462,Movie,PG,Teens,2020,Comedies
s7463,Movie,TV-MA,Adults,2017,Dramas
s7463,Movie,TV-MA,Adults,2017,International Movies
s7463,Movie,TV-MA,Adults,2017,Music & Musicals
s7464,TV Show,TV-14,Teens,2018,Crime TV Shows
s7464,TV Show,TV-14,Teens,2018,International TV Shows
s7464,TV Show,TV-14,Teens,2018,Spanish-Language TV Shows
s7465,Movie,PG-13,Adults,2017,Anime Features
s7466,Movie,PG-13,Adults,2015,Dramas
s7466,Movie,PG-13,Adults,2015,International Movies
s7467,Movie,TV-14,Teens,2017,Romantic Movies
s7468,Movie,NR,Unrated,2017,Documentaries
s7469,TV Show,TV-MA,Adults,2016,International TV Shows
s7469,TV Show,TV-MA,Adults,2016,Romantic TV Shows
s7469,TV Show,TV-MA,Adults,2016,TV Comedies
s7470,Movie,TV-MA,Adults,2017,Documentaries
s7470,Movie,TV-MA,Adults,2017,Music & Musicals
s7471,Movie,NR,Unrated,2016,Dramas
s7471,Movie,NR,Unrated,2016,Independent Movies
s7472,Movie,TV-14,Teens,2017,Documentaries
s7473,Movie,TV-MA,Adults,2019,Action & Adventure
s7473,Movie,TV-MA,Adults,2019,Dramas
s7474,Movie,TV-PG,Teens,2017,Comedies
s7474,Movie,TV-PG,Teens,2017,International Movies
s7474,Movie,TV-PG,Teens,2017,Romantic Movies
s7475,Movie,R,Adults,2018,Dramas
s7475,Movie,R,Adults,2018,Independent Movies
s7476,Movie,TV-MA,Adults,2017,Dramas
s7476,Movie,TV-MA,Adults,2017,Independent Movies
s7476,Movie,TV-MA,Adults,2017,International Movies
s7477,Movie,TV-MA,Adults,2018,Action & Adventure
s7477,Movie,TV-MA,Adults,2018,Horror Movies
s7477,Movie,TV-MA,Adults,2018,Independent Movies
s7478,Movie,R,Adults,2018,Dramas
s7478,Movie,R,Adults,2018,Independent Movies
s7478,Movie,R,Adults,2018,Thrillers
s7479,Movie,TV-14,Teens,2019,Dramas
s7479,Movie,TV-14,Teens,2019,International Movies
s7480,Movie,R,Adults,2020,Dramas
s7481,TV Show,TV-14,Teens,2017,International TV Shows
s7481,TV Show,TV-14,Teens,2017,Korean TV Shows
s7481,TV Show,TV-14,Teens,2017,Romantic TV Shows
s7482,Movie,PG-13,Adults,2019,Dramas
s7483,Movie,R,Adults,2017,Thrillers
s7484,TV Show,TV-PG,Teens,2019,British TV Shows
s7484,TV Show,TV-PG,Teens,2019,International TV Shows
s7484,TV Show,TV-PG,Teens,2019,Reality TV
s7485,Movie,R,Adults,2019,Action & Adventure
s7485,Movie,R,Adults,2019,Comedies
s7486,TV Show,TV-PG,Teens,2017,British TV Shows
s7486,TV Show,TV-PG,Teens,2017,Docuseries
s7486,TV Show,TV-PG,Teens,2017,Science & Nature TV
s7487,Movie,PG,Teens,2016,Children & Family Movies
s7487,Movie,PG,Teens,2016,Comedies
s7488,Movie,TV-MA,Adults,2019,Comedies
s7488,Movie,TV-MA,Adults,2019,International Movies
s7489,Movie,PG,Teens,2018,Children & Family Movies
s7490,Movie,TV-Y7,Kids,2018,Children & Family Movies
s7491,Movie,TV-Y7,Kids,2015,Children & Family Movies
s7491,Movie,TV-Y7,Kids,2015,Music & Musicals
s7492,Movie,TV-Y7,Kids,2018,Children & Family Movies
s7493,Movie,TV-Y7,Kids,2018,Children & Family Movies
s7494,Movie,TV-Y7,Kids,2018,Children & Family Movies
s7495,Movie,TV-Y7,Kids,2018,Children & Family Movies
s7496,Movie,TV-Y7,Kids,2018,Children & Family Movies
s7497,Movie,TV-Y7,Kids,2018,Children & Family Movies
s7498,Movie,TV-Y7,Kids,2017,Children & Family Movies
s7499,Movie,TV-Y7,Kids,2018,Children & Family Movies
s7500,Movie,TV-Y7,Kids,2017,Children & Family Movies
s7501,Movie,TV-G,Kids,2015,Children & Family Movies
s7502,Movie,TV-Y7,Kids,2018,Children & Family Movies
s7503,TV Show,TV-Y,Kids,2020,Kids' TV
s7504,Movie,PG-13,Adults,2020,Comedies
s7504,Movie,PG-13,Adults,2020,Romantic Movies
s7505,TV Show,TV-G,Kids,2019,British TV Shows
s7505,TV Show,TV-G,Kids,2019,Docuseries
s7505,TV Show,TV-G,Kids,2019,International TV Shows
s7506,TV Show,TV-G,Kids,2019,British TV Shows
s7506,TV Show,TV-G,Kids,2019,Docuseries
s7506,TV Show,TV-G,Kids,2019,International TV Shows
s7507,Movie,R,Adults,2020,Dramas
s7507,Movie,R,Adults,2020,Independent Movies
s7507,Movie,R,Adults,2020,Sci-Fi & Fantasy
s7508,Movie,R,Adults,2019,Dramas
s7508,Movie,R,Adults,2019,Independent Movies
s7508,Movie,R,Adults,2019,LGBTQ Movies
s7509,Movie,R,Adults,2017,Action & Adventure
s7509,Movie,R,Adults,2017,Comedies
s7509,Movie,R,Adults,2017,International Movies
s7510,Movie,TV-14,Teens,2017,Dramas
s7510,Movie,TV-14,Teens,2017,Independent Movies
s7510,Movie,TV-14,Teens,2017,International Movies
s7511,Movie,R,Adults,2018,Dramas
s7511,Movie,R,Adults,2018,Independent Movies
s7511,Movie,R,Adults,2018,International Movies
s7512,Movie,TV-MA,Adults,2018,Documentaries
s7513,Movie,TV-14,Teens,2018,Dramas
s7513,Movie,TV-14,Teens,2018,International Movies
s7514,Movie,TV-Y7-FV,Kids,2017,Children & Family Movies
s7514,Movie,TV-Y7-FV,Kids,2017,Comedies
s7515,Movie,PG,Teens,2018,Action & Adventure
s7515,Movie,PG,Teens,2018,Documentaries
s7515,Movie,PG,Teens,2018,International Movies
s7516,Movie,R,Adults,2019,Comedies
s7517,Movie,PG-13,Adults,2018,Dramas
s7518,Movie,PG-13,Adults,2020,Comedies
s7518,Movie,PG-13,Adults,2020,Romantic Movies
s7519,Movie,TV-14,Teens,2017,Documentaries
s7519,Movie,TV-14,Teens,2017,International Movies
s7520,Movie,TV-14,Teens,2018,Comedies
s7520,Movie,TV-14,Teens,2018,Dramas
s7520,Movie,TV-14,Teens,2018,International Movies
s7521,Movie,PG-13,Adults,2019,Comedies
s7522,TV Show,TV-G,Kids,2019,Kids' TV
s7522,TV Show,TV-G,Kids,2019,TV Comedies
s7523,Movie,TV-14,Teens,2019,Comedies
s7523,Movie,TV-14,Teens,2019,International Movies
s7524,Movie,PG-13,Adults,2021,Dramas
s7524,Movie,PG-13,Adults,2021,Independent Movies
s7525,Movie,TV-PG,Teens,2019,Comedies
s7525,Movie,TV-PG,Teens,2019,International Movies
s7525,Movie,TV-PG,Teens,2019,Romantic Movies
s7526,Movie,PG,Teens,2018,Children & Family Movies
s7527,Movie,PG,Teens,2020,Children & Family Movies
s7527,Movie,PG,Teens,2020,Comedies
s7528,Movie,NR,Unrated,2018,Comedies
s7528,Movie,NR,Unrated,2018,Cult Movies
s7528,Movie,NR,Unrated,2018,Horror Movies
s7529,TV Show,TV-MA,Adults,2018,Crime TV Shows
s7529,TV Show,TV-MA,Adults,2018,Docuseries
s7530,TV Show,TV-PG,Teens,2017,Kids' TV
s7530,TV Show,TV-PG,Teens,2017,TV Comedies
s7531,Movie,TV-PG,Teens,2019,Action & Adventure
s7531,Movie,TV-PG,Teens,2019,Classic Movies
s7531,Movie,TV-PG,Teens,2019,Dramas
s7532,Movie,TV-PG,Teens,2018,Children & Family Movies
s7532,Movie,TV-PG,Teens,2018,Comedies
s7533,Movie,TV-PG,Teens,2018,Dramas
s7533,Movie,TV-PG,Teens,2018,Independent Movies
s7533,Movie,TV-PG,Teens,2018,International Movies
s7534,Movie,TV-14,Teens,2018,Dramas
s7534,Movie,TV-14,Teens,2018,Faith & Spirituality
s7535,Movie,TV-14,Teens,2019,Comedies
s7535,Movie,TV-14,Teens,2019,International Movies
s7536,Movie,PG-13,Adults,2018,Comedies
s7536,Movie,PG-13,Adults,2018,Independent Movies
s7537,Movie,TV-MA,Adults,2017,Comedies
s7537,Movie,TV-MA,Adults,2017,Romantic Movies
s7538,Movie,,Unknown,2017,Dramas
s7539,TV Show,TV-PG,Teens,2019,British TV Shows
s7539,TV Show,TV-PG,Teens,2019,International TV Shows
s7539,TV Show,TV-PG,Teens,2019,Reality TV
s7540,Movie,PG-13,Adults,2017,Comedies
s7540,Movie,PG-13,Adults,2017,Dramas
s7540,Movie,PG-13,Adults,2017,International Movies
s7541,TV Show,TV-14,Teens,2017,International TV Shows
s7541,TV Show,TV-14,Teens,2017,Stand-Up Comedy & Talk Shows
s7542,Movie,TV-Y,Kids,2015,Children & Family Movies
s7542,Movie,TV-Y,Kids,2015,Comedies
s7543,Movie,TV-Y,Kids,2014,Children & Family Movies
s7543,Movie,TV-Y,Kids,2014,Comedies
s7544,Movie,TV-14,Teens,2019,Comedies
s7544,Movie,TV-14,Teens,2019,Dramas
s7544,Movie,TV-14,Teens,2019,International Movies
s7545,Movie,TV-14,Teens,2018,Action & Adventure
s7545,Movie,TV-14,Teens,2018,Comedies
s7545,Movie,TV-14,Teens,2018,International Movies
s7546,Movie,TV-MA,Adults,2017,Documentaries
s7547,Movie,PG-13,Adults,2019,Dramas
s7548,TV Show,TV-MA,Adults,2019,British TV Shows
s7548,TV Show,TV-MA,Adults,2019,Docuseries
s7549,Movie,TV-MA,Adults,2018,Action & Adventure
s7549,Movie,TV-MA,Adults,2018,Dramas
s7549,Movie,TV-MA,Adults,2018,International Movies
s7550,Movie,R,Adults,2019,Dramas
s7550,Movie,R,Adults,2019,Romantic Movies
s7551,Movie,TV-14,Teens,2019,Comedies
s7551,Movie,TV-14,Teens,2019,International Movies
s7552,TV Show,TV-14,Teens,2018,TV Comedies
s7552,TV Show,TV-14,Teens,2018,TV Sci-Fi & Fantasy
s7553,Movie,TV-PG,Teens,2018,Horror Movies
s7553,Movie,TV-PG,Teens,2018,International Movies
s7554,Movie,PG,Teens,2019,Comedies
s7554,Movie,PG,Teens,2019,Sports Movies
s7555,Movie,TV-PG,Teens,2017,Documentaries
s7555,Movie,TV-PG,Teens,2017,International Movies
s7556,Movie,TV-MA,Adults,2018,Horror Movies
s7557,Movie,TV-PG,Teens,2020,Documentaries
s7558,Movie,TV-14,Teens,2019,Action & Adventure
s7558,Movie,TV-14,Teens,2019,Comedies
s7558,Movie,TV-14,Teens,2019,International Movies
s7559,Movie,NR,Unrated,2017,Dramas
s7559,Movie,NR,Unrated,2017,Independent Movies
s7560,Movie,TV-14,Teens,2017,Action & Adventure
s7560,Movie,TV-14,Teens,2017,Anime Features
s7560,Movie,TV-14,Teens,2017,International Movies
s7561,Movie,TV-MA,Adults,2017,Stand-Up Comedy
s7562,Movie,TV-MA,Adults,2017,Documentaries
s7563,Movie,PG-13,Adults,2019,Action & Adventure
s7563,Movie,PG-13,Adults,2019,Comedies
s7563,Movie,PG-13,Adults,2019,Independent Movies
s7564,Movie,TV-G,Kids,2018,Documentaries
s7565,Movie,PG,Teens,2018,Action & Adventure
s7565,Movie,PG,Teens,2018,Children & Family Movies
s7566,Movie,TV-14,Teens,2018,Dramas
s7566,Movie,TV-14,Teens,2018,International Movies
s7567,Movie,R,Adults,2016,Comedies
s7568,Movie,R,Adults,2016,Dramas
s7568,Movie,R,Adults,2016,Independent Movies
s7569,TV Show,TV-PG,Teens,2018,Docuseries
s7569,TV Show,TV-PG,Teens,2018,Science & Nature TV
s7570,TV Show,TV-G,Kids,2017,Docuseries
s7570,TV Show,TV-G,Kids,2017,Science & Nature TV
s7571,Movie,TV-G,Kids,2017,Documentaries
s7572,TV Show,TV-PG,Teens,2015,British TV Shows
s7572,TV Show,TV-PG,Teens,2015,Docuseries
s7572,TV Show,TV-PG,Teens,2015,Science & Nature TV
s7573,TV Show,TV-PG,Teens,2015,British TV Shows
s7573,TV Show,TV-PG,Teens,2015,Docuseries
s7573,TV Show,TV-PG,Teens,2015,Science & Nature TV
s7574,TV Show,TV-PG,Teens,2017,British TV Shows
s7574,TV Show,TV-PG,Teens,2017,Docuseries
s7574,TV Show,TV-PG,Teens,2017,Science & Nature TV
s7575,TV Show,TV-PG,Teens,2019,British TV Shows
s7575,TV Show,TV-PG,Teens,2019,Docuseries
s7575,TV Show,TV-PG,Teens,2019,Science & Nature TV
s7576,Movie,TV-MA,Adults,2017,Classic Movies
s7576,Movie,TV-MA,Adults,2017,Documentaries
s7577,TV Show,TV-PG,Teens,2017,Docuseries
s7578,Movie,R,Adults,2017,Dramas
s7578,Movie,R,Adults,2017,International Movies
s7579,Movie,TV-PG,Teens,2019,Dramas
s7579,Movie,TV-PG,Teens,2019,Faith & Spirituality
s7580,Movie,PG,Teens,2020,Children & Family Movies
s7580,Movie,PG,Teens,2020,Comedies
s7581,Movie,NR,Unrated,2017,Documentaries
s7582,Movie,PG-13,Adults,2019,Action & Adventure
s7582,Movie,PG-13,Adults,2019,Sci-Fi & Fantasy
s7583,Movie,TV-14,Teens,2018,Action & Adventure
s7583,Movie,TV-14,Teens,2018,Dramas
s7583,Movie,TV-14,Teens,2018,International Movies
s7584,Movie,TV-MA,Adults,2020,Dramas
s7584,Movie,TV-MA,Adults,2020,Independent Movies
s7585,Movie,R,Adults,2019,Dramas
s7585,Movie,R,Adults,2019,Independent Movies
s7585,Movie,R,Adults,2019,Thrillers
s7586,Movie,R,Adults,2020,Dramas
s7586,Movie,R,Adults,2020,Independent Movies
s7586,Movie,R,Adults,2020,Thrillers
s7587,TV Show,TV-MA,Adults,2019,British TV Shows
s7587,TV Show,TV-MA,Adults,2019,International TV Shows
s7587,TV Show,TV-MA,Adults,2019,Reality TV
s7588,Movie,PG-13,Adults,2019,Dramas
s7588,Movie,PG-13,Adults,2019,Romantic Movies
s7589,TV Show,TV-Y7,Kids,2018,Anime Series
s7589,TV Show,TV-Y7,Kids,2018,Kids' TV
s7590,TV Show,TV-G,Kids,2016,Kids' TV
s7590,TV Show,TV-G,Kids,2016,TV Comedies
s7591,Movie,TV-PG,Teens,2018,Comedies
s7591,Movie,TV-PG,Teens,2018,International Movies
s7592,Movie,TV-MA,Adults,2018,Comedies
s7592,Movie,TV-MA,Adults,2018,Dramas
s7592,Movie,TV-MA,Adults,2018,International Movies
s7593,Movie,PG,Teens,2019,Comedies
s7593,Movie,PG,Teens,2019,Romantic Movies
s7594,TV Show,R,Adults,2016,International TV Shows
s7594,TV Show,R,Adults,2016,TV Dramas
s7594,TV Show,R,Adults,2016,TV Thrillers
s7595,Movie,TV-Y7,Kids,2020,Children & Family Movies
s7596,Movie,TV-PG,Teens,2020,Children & Family Movies
s7597,Movie,TV-PG,Teens,2019,Children & Family Movies
s7597,Movie,TV-PG,Teens,2019,Comedies
s7598,TV Show,NR,Unrated,2017,British TV Shows
s7598,TV Show,NR,Unrated,2017,Romantic TV Shows
s7598,TV Show,NR,Unrated,2017,TV Dramas
s7599,Movie,TV-14,Teens,2018,Documentaries
s7600,Movie,TV-G,Kids,2019,Children & Family Movies
s7600,Movie,TV-G,Kids,2019,Documentaries
s7601,Movie,TV-G,Kids,2019,Documentaries
s7602,Movie,TV-PG,Teens,2019,Documentaries
s7603,Movie,TV-PG,Teens,2019,Documentaries
s7604,Movie,TV-PG,Teens,2019,Documentaries
s7605,Movie,TV-G,Kids,2019,Documentaries
s7606,Movie,TV-14,Teens,2019,Documentaries
s7607,Movie,TV-G,Kids,2019,Documentaries
s7608,Movie,TV-PG,Teens,2019,Documentaries
s7609,Movie,TV-PG,Teens,2019,Documentaries
s7610,Movie,TV-14,Teens,2019,Documentaries
s7611,Movie,TV-PG,Teens,2019,Documentaries
s7612,Movie,TV-PG,Teens,2019,Documentaries
s7613,Movie,TV-PG,Teens,2019,Documentaries
s7614,Movie,TV-PG,Teens,2019,Documentaries
s7615,Movie,TV-G,Kids,2019,Documentaries
s7616,Movie,TV-PG,Teens,2019,Documentaries
s7617,Movie,TV-PG,Teens,2019,Documentaries
s7618,Movie,TV-PG,Teens,2019,Documentaries
s7619,Movie,TV-G,Kids,2019,Movies
s7620,Movie,PG-13,Adults,2020,Dramas
s7620,Movie,PG-13,Adults,2020,Thrillers
s7621,Movie,PG-13,Adults,2019,Dramas
s7622,Movie,TV-MA,Adults,2018,Documentaries
s7622,Movie,TV-MA,Adults,2018,Music & Musicals
s7623,Movie,R,Adults,2018,Dramas
s7624,TV Show,TV-MA,Adults,2016,Crime TV Shows
s7624,TV Show,TV-MA,Adults,2016,International TV Shows
s7624,TV Show,TV-MA,Adults,2016,TV Dramas
s7625,TV Show,TV-MA,Adults,2018,Docuseries
s7625,TV Show,TV-MA,Adults,2018,International TV Shows
s7625,TV Show,TV-MA,Adults,2018,Spanish-Language TV Shows
s7626,Movie,TV-PG,Teens,2017,Documentaries
s7626,Movie,TV-PG,Teens,2017,International Movies
s7627,Movie,TV-MA,Adults,2018,Documentaries
s7627,Movie,TV-MA,Adults,2018,International Movies
s7627,Movie,TV-MA,Adults,2018,Music & Musicals
s7628,TV Show,TV-MA,Adults,2016,Anime Series
s7628,TV Show,TV-MA,Adults,2016,Crime TV Shows
s7629,TV Show,TV-MA,Adults,2015,TV Comedies
s7629,TV Show,TV-MA,Adults,2015,TV Dramas
s7630,TV Show,TV-14,Teens,2017,British TV Shows
s7630,TV Show,TV-14,Teens,2017,Crime TV Shows
s7630,TV Show,TV-14,Teens,2017,Docuseries
s7631,Movie,NR,Unrated,2018,Dramas
s7631,Movie,NR,Unrated,2018,Independent Movies
s7631,Movie,NR,Unrated,2018,International Movies
s7632,Movie,TV-MA,Adults,2018,Dramas
s7632,Movie,TV-MA,Adults,2018,Independent Movies
s7632,Movie,TV-MA,Adults,2018,International Movies
s7633,TV Show,TV-MA,Adults,2018,International TV Shows
s7633,TV Show,TV-MA,Adults,2018,Romantic TV Shows
s7633,TV Show,TV-MA,Adults,2018,TV Dramas
s7634,Movie,R,Adults,2018,Documentaries
s7634,Movie,R,Adults,2018,International Movies
s7634,Movie,R,Adults,2018,Music & Musicals
s7635,Movie,R,Adults,2018,Comedies
s7635,Movie,R,Adults,2018,Dramas
s7635,Movie,R,Adults,2018,Independent Movies
s7636,Movie,G,Kids,2019,Documentaries
s7636,Movie,G,Kids,2019,International Movies
s7637,Movie,R,Adults,2019,Action & Adventure
s7637,Movie,R,Adults,2019,Sci-Fi & Fantasy
s7638,Movie,TV-PG,Teens,2019,Action & Adventure
s7638,Movie,TV-PG,Teens,2019,Classic Movies
s7638,Movie,TV-PG,Teens,2019,Comedies
s7639,Movie,PG-13,Adults,2019,Action & Adventure
s7639,Movie,PG-13,Adults,2019,Comedies
s7640,Movie,PG-13,Adults,2019,Action & Adventure
s7640,Movie,PG-13,Adults,2019,Comedies
s7641,TV Show,TV-14,Teens,2018,Crime TV Shows
s7641,TV Show,TV-14,Teens,2018,International TV Shows
s7641,TV Show,TV-14,Teens,2018,TV Dramas
s7642,Movie,TV-MA,Adults,2016,Comedies
s7642,Movie,TV-MA,Adults,2016,International Movies
s7643,Movie,R,Adults,2017,Action & Adventure
s7644,Movie,TV-MA,Adults,2018,Comedies
s7644,Movie,TV-MA,Adults,2018,Horror Movies
s7644,Movie,TV-MA,Adults,2018,International Movies
s7645,Movie,TV-MA,Adults,2018,Comedies
s7645,Movie,TV-MA,Adults,2018,Horror Movies
s7645,Movie,TV-MA,Adults,2018,International Movies
s7646,Movie,TV-MA,Adults,2018,Comedies
s7646,Movie,TV-MA,Adults,2018,Horror Movies
s7646,Movie,TV-MA,Adults,2018,International Movies
s7647,TV Show,TV-Y7-FV,Kids,2015,Kids' TV
s7647,TV Show,TV-Y7-FV,Kids,2015,TV Action & Adventure
s7647,TV Show,TV-Y7-FV,Kids,2015,TV Sci-Fi & Fantasy
s7648,Movie,TV-14,Teens,2017,Documentaries
s7649,TV Show,TV-PG,Teens,2016,Docuseries
s7650,TV Show,TV-Y,Kids,2018,Kids' TV
s7651,Movie,TV-MA,Adults,2019,Comedies
s7651,Movie,TV-MA,Adults,2019,International Movies
s7651,Movie,TV-MA,Adults,2019,Romantic Movies
s7652,Movie,TV-14,Teens,2018,Action & Adventure
s7652,Movie,TV-14,Teens,2018,International Movies
s7653,Movie,TV-14,Teens,2018,Documentaries
s7653,Movie,TV-14,Teens,2018,Faith & Spirituality
s7654,Movie,TV-14,Teens,2018,Dramas
s7654,Movie,TV-14,Teens,2018,International Movies
s7655,Movie,TV-14,Teens,2018,Documentaries
s7655,Movie,TV-14,Teens,2018,Music & Musicals
s7656,Movie,TV-PG,Teens,2018,Documentaries
s7656,Movie,TV-PG,Teens,2018,Music & Musicals
s7657,Movie,TV-MA,Adults,2018,Documentaries
s7657,Movie,TV-MA,Adults,2018,Music & Musicals
s7658,Movie,TV-PG,Teens,2018,Documentaries
s7658,Movie,TV-PG,Teens,2018,Music & Musicals
s7659,Movie,TV-MA,Adults,2020,Dramas
s7659,Movie,TV-MA,Adults,2020,International Movies
s7660,Movie,PG-13,Adults,2019,Action & Adventure
s7660,Movie,PG-13,Adults,2019,Classic Movies
s7660,Movie,PG-13,Adults,2019,International Movies
s7661,Movie,TV-PG,Teens,2018,Dramas
s7661,Movie,TV-PG,Teens,2018,International Movies
s7661,Movie,TV-PG,Teens,2018,Romantic Movies
s7662,Movie,PG,Teens,2019,Documentaries
s7662,Movie,PG,Teens,2019,Music & Musicals
s7663,Movie,TV-G,Kids,2017,Documentaries
s7663,Movie,TV-G,Kids,2017,International Movies
s7663,Movie,TV-G,Kids,2017,Music & Musicals
s7664,Movie,TV-MA,Adults,2019,Dramas
s7665,Movie,TV-MA,Adults,2018,Documentaries
s7666,Movie,TV-MA,Adults,2017,Dramas
s7666,Movie,TV-MA,Adults,2017,International Movies
s7666,Movie,TV-MA,Adults,2017,Music & Musicals
s7667,TV Show,TV-PG,Teens,2019,Docuseries
s7667,TV Show,TV-PG,Teens,2019,Science & Nature TV
s7668,Movie,R,Adults,2018,Cult Movies
s7668,Movie,R,Adults,2018,Independent Movies
s7668,Movie,R,Adults,2018,Thrillers
s7669,Movie,TV-MA,Adults,2018,Documentaries
s7669,Movie,TV-MA,Adults,2018,International Movies
s7670,Movie,PG,Teens,2019,Children & Family Movies
s7670,Movie,PG,Teens,2019,Comedies
s7671,Movie,NR,Unrated,2018,Action & Adventure
s7671,Movie,NR,Unrated,2018,Dramas
s7671,Movie,NR,Unrated,2018,International Movies
s7672,TV Show,TV-14,Teens,2019,British TV Shows
s7672,TV Show,TV-14,Teens,2019,Reality TV
s7673,Movie,TV-MA,Adults,2017,Action & Adventure
s7673,Movie,TV-MA,Adults,2017,International Movies
s7674,Movie,TV-MA,Adults,2020,Documentaries
s7675,TV Show,TV-PG,Teens,2020,British TV Shows
s7675,TV Show,TV-PG,Teens,2020,Kids' TV
s7675,TV Show,TV-PG,Teens,2020,TV Comedies
s7676,TV Show,TV-PG,Teens,2016,International TV Shows
s7676,TV Show,TV-PG,Teens,2016,Korean TV Shows
s7676,TV Show,TV-PG,Teens,2016,Romantic TV Shows
s7677,Movie,TV-MA,Adults,2018,Action & Adventure
s7677,Movie,TV-MA,Adults,2018,International Movies
s7678,Movie,TV-MA,Adults,2017,Comedies
s7678,Movie,TV-MA,Adults,2017,Dramas
s7678,Movie,TV-MA,Adults,2017,Independent Movies
s7679,Movie,TV-MA,Adults,2018,Action & Adventure
s7679,Movie,TV-MA,Adults,2018,International Movies
s7680,TV Show,TV-PG,Teens,2018,Docuseries
s7681,Movie,TV-14,Teens,2018,Comedies
s7681,Movie,TV-14,Teens,2018,Dramas
s7681,Movie,TV-14,Teens,2018,International Movies
s7682,Movie,TV-MA,Adults,2017,Dramas
s7682,Movie,TV-MA,Adults,2017,Independent Movies
s7682,Movie,TV-MA,Adults,2017,International Movies
s7683,Movie,TV-PG,Teens,2017,Dramas
s7683,Movie,TV-PG,Teens,2017,International Movies
s7684,Movie,TV-MA,Adults,2019,Documentaries
s7684,Movie,TV-MA,Adults,2019,International Movies
s7685,Movie,PG-13,Adults,2020,Horror Movies
s7685,Movie,PG-13,Adults,2020,Thrillers
s7686,Movie,TV-PG,Teens,2018,Comedies
s7686,Movie,TV-PG,Teens,2018,Dramas
s7686,Movie,TV-PG,Teens,2018,International Movies
s7687,Movie,TV-MA,Adults,2019,Action & Adventure
s7688,Movie,TV-MA,Adults,2019,Horror Movies
s7688,Movie,TV-MA,Adults,2019,International Movies
s7689,Movie,TV-14,Teens,2018,Comedies
s7689,Movie,TV-14,Teens,2018,Independent Movies
s7689,Movie,TV-14,Teens,2018,International Movies
s7690,TV Show,TV-Y,Kids,2017,Kids' TV
s7690,TV Show,TV-Y,Kids,2017,TV Comedies
s7691,Movie,PG-13,Adults,2019,Dramas
s7691,Movie,PG-13,Adults,2019,Romantic Movies
s7692,Movie,TV-14,Teens,2018,Dramas
s7692,Movie,TV-14,Teens,2018,International Movies
s7693,Movie,NR,Unrated,2018,Documentaries
s7693,Movie,NR,Unrated,2018,International Movies
s7694,TV Show,TV-14,Teens,2016,Crime TV Shows
s7694,TV Show,TV-14,Teens,2016,TV Comedies
s7695,Movie,TV-MA,Adults,2018,Action & Adventure
s7695,Movie,TV-MA,Adults,2018,International Movies
s7696,Movie,R,Adults,2019,Action & Adventure
s7696,Movie,R,Adults,2019,Dramas
s7697,Movie,R,Adults,2018,Dramas
s7698,Movie,TV-PG,Teens,2018,Dramas
s7698,Movie,TV-PG,Teens,2018,International Movies
s7699,TV Show,TV-Y,Kids,2020,Kids' TV
s7700,Movie,TV-14,Teens,2016,Documentaries
s7700,Movie,TV-14,Teens,2016,International Movies
s7700,Movie,TV-14,Teens,2016,Sports Movies
s7701,Movie,TV-MA,Adults,2016,Dramas
s7701,Movie,TV-MA,Adults,2016,International Movies
s7701,Movie,TV-MA,Adults,2016,Romantic Movies
s7702,Movie,R,Adults,2019,Thrillers
s7703,Movie,TV-PG,Teens,2017,Comedies
s7703,Movie,TV-PG,Teens,2017,Dramas
s7703,Movie,TV-PG,Teens,2017,International Movies
s7704,Movie,TV-MA,Adults,2019,Dramas
s7704,Movie,TV-MA,Adults,2019,Independent Movies
s7704,Movie,TV-MA,Adults,2019,Romantic Movies
s7705,Movie,R,Adults,2020,Horror Movies
s7705,Movie,R,Adults,2020,Thrillers
s7706,TV Show,TV-14,Teens,2017,Docuseries
s7707,Movie,TV-14,Teens,2018,Dramas
s7707,Movie,TV-14,Teens,2018,International Movies
s7707,Movie,TV-14,Teens,2018,Romantic Movies
s7708,Movie,TV-PG,Teens,2018,Dramas
s7708,Movie,TV-PG,Teens,2018,Independent Movies
s7708,Movie,TV-PG,Teens,2018,International Movies
s7709,Movie,R,Adults,2017,Classic Movies
s7709,Movie,R,Adults,2017,Cult Movies
s7709,Movie,R,Adults,2017,Documentaries
s7710,TV Show,TV-14,Teens,2016,TV Comedies
s7711,TV Show,TV-14,Teens,2017,International TV Shows
s7711,TV Show,TV-14,Teens,2017,Romantic TV Shows
s7711,TV Show,TV-14,Teens,2017,Spanish-Language TV Shows
s7712,Movie,R,Adults,2021,Action & Adventure
s7713,Movie,TV-PG,Teens,2017,Dramas
s7713,Movie,TV-PG,Teens,2017,International Movies
s7713,Movie,TV-PG,Teens,2017,Sports Movies
s7714,Movie,TV-14,Teens,2018,Documentaries
s7715,Movie,R,Adults,2020,Action & Adventure
s7716,Movie,TV-MA,Adults,2017,Comedies
s7716,Movie,TV-MA,Adults,2017,International Movies
s7716,Movie,TV-MA,Adults,2017,Romantic Movies
s7717,Movie,PG,Teens,2020,Action & Adventure
s7717,Movie,PG,Teens,2020,Comedies
s7718,Movie,TV-14,Teens,2018,Dramas
s7718,Movie,TV-14,Teens,2018,International Movies
s7719,TV Show,TV-14,Teens,2019,Reality TV
s7720,Movie,TV-14,Teens,2018,Comedies
s7720,Movie,TV-14,Teens,2018,International Movies
s7721,Movie,TV-MA,Adults,2018,Comedies
s7721,Movie,TV-MA,Adults,2018,Horror Movies
s7721,Movie,TV-MA,Adults,2018,International Movies
s7722,TV Show,TV-PG,Teens,2014,Classic & Cult TV
s7722,TV Show,TV-PG,Teens,2014,Kids' TV
s7722,TV Show,TV-PG,Teens,2014,TV Comedies
s7723,Movie,TV-PG,Teens,2014,Movies
s7724,Movie,TV-MA,Adults,2017,Dramas
s7724,Movie,TV-MA,Adults,2017,International Movies
s7725,Movie,PG,Teens,2019,Children & Family Movies
s7725,Movie,PG,Teens,2019,Comedies
s7725,Movie,PG,Teens,2019,Romantic Movies
s7726,TV Show,TV-MA,Adults,2016,TV Dramas
s7726,TV Show,TV-MA,Adults,2016,TV Horror
s7726,TV Show,TV-MA,Adults,2016,TV Mysteries
s7727,Movie,TV-MA,Adults,2017,Dramas
s7727,Movie,TV-MA,Adults,2017,LGBTQ Movies
s7728,Movie,TV-MA,Adults,2019,Documentaries
s7729,Movie,R,Adults,2019,Thrillers
s7730,TV Show,TV-14,Teens,2016,Crime TV Shows
s7730,TV Show,TV-14,Teens,2016,TV Action & Adventure
s7730,TV Show,TV-14,Teens,2016,TV Dramas
s7731,Movie,R,Adults,2019,Dramas
s7731,Movie,R,Adults,2019,International Movies
s7731,Movie,R,Adults,2019,Thrillers
s7732,Movie,TV-MA,Adults,2017,Documentaries
s7733,Movie,PG,Teens,2018,Children & Family Movies
s7733,Movie,PG,Teens,2018,Comedies
s7734,Movie,TV-MA,Adults,2019,Dramas
s7734,Movie,TV-MA,Adults,2019,International Movies
s7734,Movie,TV-MA,Adults,2019,Thrillers
s7735,Movie,PG,Teens,2017,Action & Adventure
s7735,Movie,PG,Teens,2017,Dramas
s7735,Movie,PG,Teens,2017,International Movies
s7736,Movie,PG-13,Adults,2019,Classic Movies
s7736,Movie,PG-13,Adults,2019,Dramas
s7736,Movie,PG-13,Adults,2019,LGBTQ Movies
s7737,Movie,TV-14,Teens,2018,International Movies
s7737,Movie,TV-14,Teens,2018,Romantic Movies
s7738,Movie,TV-MA,Adults,2018,Horror Movies
s7738,Movie,TV-MA,Adults,2018,International Movies
s7739,Movie,TV-14,Teens,2019,Comedies
s7739,Movie,TV-14,Teens,2019,International Movies
s7739,Movie,TV-14,Teens,2019,Romantic Movies
s7740,Movie,TV-14,Teens,2019,Dramas
s7740,Movie,TV-14,Teens,2019,Independent Movies
s7740,Movie,TV-14,Teens,2019,International Movies
s7741,Movie,TV-PG,Teens,2020,Children & Family Movies
s7741,Movie,TV-PG,Teens,2020,Documentaries
s7742,Movie,TV-MA,Adults,2019,Romantic Movies
s7743,Movie,TV-PG,Teens,2018,Dramas
s7743,Movie,TV-PG,Teens,2018,Independent Movies
s7743,Movie,TV-PG,Teens,2018,International Movies
s7744,TV Show,TV-14,Teens,2017,TV Shows
s7745,Movie,TV-MA,Adults,2018,Dramas
s7745,Movie,TV-MA,Adults,2018,International Movies
s7745,Movie,TV-MA,Adults,2018,Music & Musicals
s7746,Movie,TV-MA,Adults,2018,Dramas
s7746,Movie,TV-MA,Adults,2018,International Movies
s7747,Movie,TV-MA,Adults,2019,Dramas
s7747,Movie,TV-MA,Adults,2019,Independent Movies
s7747,Movie,TV-MA,Adults,2019,International Movies
s7748,TV Show,TV-G,Kids,2017,British TV Shows
s7748,TV Show,TV-G,Kids,2017,Docuseries
s7748,TV Show,TV-G,Kids,2017,Science & Nature TV
s7749,TV Show,TV-PG,Teens,2015,British TV Shows
s7749,TV Show,TV-PG,Teens,2015,Docuseries
s7749,TV Show,TV-PG,Teens,2015,International TV Shows
s7750,Movie,TV-14,Teens,2020,Action & Adventure
s7750,Movie,TV-14,Teens,2020,Sci-Fi & Fantasy
s7751,Movie,TV-MA,Adults,2018,Dramas
s7751,Movie,TV-MA,Adults,2018,International Movies
s7752,Movie,R,Adults,2020,Action & Adventure
s7752,Movie,R,Adults,2020,Classic Movies
s7752,Movie,R,Adults,2020,Dramas
s7753,Movie,TV-14,Teens,2017,Dramas
s7754,Movie,TV-MA,Adults,2019,Documentaries
s7754,Movie,TV-MA,Adults,2019,International Movies
s7755,Movie,PG,Teens,2019,Documentaries
s7755,Movie,PG,Teens,2019,Faith & Spirituality
s7755,Movie,PG,Teens,2019,International Movies
s7756,Movie,PG,Teens,2019,Action & Adventure
s7756,Movie,PG,Teens,2019,Children & Family Movies
s7756,Movie,PG,Teens,2019,Comedies
s7757,TV Show,TV-14,Teens,2019,TV Comedies
s7758,Movie,TV-MA,Adults,2018,Dramas
s7758,Movie,TV-MA,Adults,2018,Independent Movies
s7758,Movie,TV-MA,Adults,2018,Romantic Movies
s7759,Movie,TV-MA,Adults,2019,Dramas
s7759,Movie,TV-MA,Adults,2019,Independent Movies
s7759,Movie,TV-MA,Adults,2019,LGBTQ Movies
s7760,TV Show,TV-14,Teens,2018,Crime TV Shows
s7760,TV Show,TV-14,Teens,2018,International TV Shows
s7760,TV Show,TV-14,Teens,2018,TV Dramas
s7761,TV Show,TV-Y7,Kids,2017,Kids' TV
s7761,TV Show,TV-Y7,Kids,2017,Korean TV Shows
s7762,TV Show,TV-Y7,Kids,2015,Kids' TV
s7763,TV Show,TV-Y7,Kids,2016,Kids' TV
s7764,TV Show,TV-Y7,Kids,2016,Kids' TV
s7765,TV Show,TV-Y7,Kids,2016,Kids' TV
s7766,TV Show,TV-Y7,Kids,2016,Kids' TV
s7767,TV Show,TV-Y7,Kids,2016,Kids' TV
s7768,TV Show,TV-Y7,Kids,2016,Kids' TV
s7769,TV Show,TV-Y7,Kids,2016,Kids' TV
s7770,TV Show,TV-Y7,Kids,2016,Kids' TV
s7771,TV Show,TV-Y7,Kids,2016,Kids' TV
s7772,TV Show,TV-Y7,Kids,2016,Kids' TV
s7773,TV Show,TV-Y7,Kids,2016,Kids' TV
s7774,TV Show,TV-Y7,Kids,2016,Kids' TV
s7775,Movie,TV-Y7,Kids,2016,Movies
s7776,Movie,TV-Y7,Kids,2016,Children & Family Movies
s7777,Movie,TV-Y7,Kids,2016,Movies
s7778,TV Show,TV-Y7,Kids,2016,Kids' TV
s7779,Movie,TV-Y7,Kids,2016,Movies
s7780,TV Show,TV-Y7,Kids,2016,Kids' TV
s7781,Movie,TV-Y7,Kids,2016,Children & Family Movies
s7781,Movie,TV-Y7,Kids,2016,Sci-Fi & Fantasy
s7782,Movie,TV-Y7,Kids,2016,Movies
s7783,TV Show,TV-Y7,Kids,2016,Kids' TV
s7784,TV Show,TV-Y7,Kids,2016,Kids' TV
s7785,TV Show,TV-Y7,Kids,2016,Kids' TV
s7786,TV Show,TV-Y7,Kids,2016,Kids' TV
s7787,TV Show,TV-Y7,Kids,2016,Kids' TV
s7788,Movie,TV-Y7,Kids,2016,Children & Family Movies
s7789,Movie,TV-Y7,Kids,2016,Children & Family Movies
s7790,Movie,TV-MA,Adults,2017,Dramas
s7790,Movie,TV-MA,Adults,2017,Independent Movies
s7790,Movie,TV-MA,Adults,2017,International Movies
s7791,Movie,TV-14,Teens,2017,Classic Movies
s7791,Movie,TV-14,Teens,2017,Documentaries
s7792,Movie,TV-14,Teens,2018,International Movies
s7792,Movie,TV-14,Teens,2018,Romantic Movies
s7793,Movie,NR,Unrated,2016,Documentaries
s7794,Movie,R,Adults,2019,Dramas
s7794,Movie,R,Adults,2019,Thrillers
s7795,Movie,TV-14,Teens,2018,Comedies
s7795,Movie,TV-14,Teens,2018,International Movies
s7795,Movie,TV-14,Teens,2018,Romantic Movies
s7796,TV Show,TV-Y,Kids,2020,Kids' TV
s7796,TV Show,TV-Y,Kids,2020,TV Comedies
s7797,Movie,TV-MA,Adults,2018,Dramas
s7797,Movie,TV-MA,Adults,2018,Independent Movies
s7797,Movie,TV-MA,Adults,2018,LGBTQ Movies
s7798,Movie,TV-MA,Adults,2019,Comedies
s7798,Movie,TV-MA,Adults,2019,Romantic Movies
s7799,TV Show,TV-PG,Teens,2017,Crime TV Shows
s7799,TV Show,TV-PG,Teens,2017,Docuseries
s7800,Movie,TV-MA,Adults,2019,Documentaries
s7801,TV Show,TV-MA,Adults,2018,International TV Shows
s7801,TV Show,TV-MA,Adults,2018,Spanish-Language TV Shows
s7801,TV Show,TV-MA,Adults,2018,TV Comedies
s7802,Movie,TV-14,Teens,2018,Action & Adventure
s7802,Movie,TV-14,Teens,2018,Dramas
s7802,Movie,TV-14,Teens,2018,International Movies
s7803,Movie,R,Adults,2019,Classic Movies
s7803,Movie,R,Adults,2019,Cult Movies
s7803,Movie,R,Adults,2019,Dramas
s7804,Movie,TV-14,Teens,2017,Dramas
s7804,Movie,TV-14,Teens,2017,International Movies
s7805,Movie,R,Adults,2017,Action & Adventure
s7806,Movie,TV-14,Teens,2017,Comedies
s7806,Movie,TV-14,Teens,2017,Dramas
s7806,Movie,TV-14,Teens,2017,International Movies
s7807,TV Show,TV-14,Teens,2017,International TV Shows
s7807,TV Show,TV-14,Teens,2017,Romantic TV Shows
s7807,TV Show,TV-14,Teens,2017,TV Dramas
s7808,Movie,TV-MA,Adults,2020,Documentaries
s7808,Movie,TV-MA,Adults,2020,Sports Movies
s7809,TV Show,TV-MA,Adults,2016,International TV Shows
s7809,TV Show,TV-MA,Adults,2016,Romantic TV Shows
s7809,TV Show,TV-MA,Adults,2016,Spanish-Language TV Shows
s7810,Movie,PG-13,Adults,2020,Action & Adventure
s7811,TV Show,TV-MA,Adults,2016,International TV Shows
s7811,TV Show,TV-MA,Adults,2016,Romantic TV Shows
s7811,TV Show,TV-MA,Adults,2016,TV Comedies
s7812,Movie,PG-13,Adults,2019,Dramas
s7813,TV Show,TV-MA,Adults,2018,International TV Shows
s7813,TV Show,TV-MA,Adults,2018,Stand-Up Comedy & Talk Shows
s7813,TV Show,TV-MA,Adults,2018,TV Comedies
s7814,TV Show,TV-14,Teens,2018,Stand-Up Comedy & Talk Shows
s7814,TV Show,TV-14,Teens,2018,TV Comedies
s7815,Movie,PG,Teens,2018,Children & Family Movies
s7815,Movie,PG,Teens,2018,Comedies
s7816,TV Show,TV-14,Teens,2017,International TV Shows
s7816,TV Show,TV-14,Teens,2017,Romantic TV Shows
s7816,TV Show,TV-14,Teens,2017,TV Dramas
s7817,Movie,PG,Teens,2019,Children & Family Movies
s7818,Movie,R,Adults,2019,Dramas
s7818,Movie,R,Adults,2019,Independent Movies
s7819,Movie,TV-MA,Adults,2017,Documentaries
s7819,Movie,TV-MA,Adults,2017,International Movies
s7819,Movie,TV-MA,Adults,2017,Sports Movies
s7820,Movie,TV-PG,Teens,2017,Dramas
s7820,Movie,TV-PG,Teens,2017,International Movies
s7821,Movie,R,Adults,2019,Classic Movies
s7821,Movie,R,Adults,2019,Dramas
s7821,Movie,R,Adults,2019,Sports Movies
s7822,Movie,TV-14,Teens,2018,Dramas
s7822,Movie,TV-14,Teens,2018,International Movies
s7823,Movie,NR,Unrated,2016,Documentaries
s7824,Movie,TV-14,Teens,2017,Action & Adventure
s7824,Movie,TV-14,Teens,2017,Comedies
s7824,Movie,TV-14,Teens,2017,International Movies
s7825,Movie,TV-14,Teens,2017,Dramas
s7825,Movie,TV-14,Teens,2017,International Movies
s7825,Movie,TV-14,Teens,2017,Romantic Movies
s7826,Movie,TV-PG,Teens,2019,Comedies
s7826,Movie,TV-PG,Teens,2019,Dramas
s7826,Movie,TV-PG,Teens,2019,Independent Movies
s7827,Movie,PG,Teens,2019,Children & Family Movies
s7827,Movie,PG,Teens,2019,Comedies
s7828,Movie,TV-14,Teens,2019,Classic Movies
s7828,Movie,TV-14,Teens,2019,Dramas
s7828,Movie,TV-14,Teens,2019,International Movies
s7829,TV Show,TV-14,Teens,2018,International TV Shows
s7829,TV Show,TV-14,Teens,2018,TV Dramas
s7830,Movie,TV-PG,Teens,2019,Dramas
s7830,Movie,TV-PG,Teens,2019,International Movies
s7831,Movie,TV-14,Teens,2019,Comedies
s7831,Movie,TV-14,Teens,2019,Dramas
s7831,Movie,TV-14,Teens,2019,International Movies
s7832,Movie,TV-MA,Adults,2019,Action & Adventure
s7832,Movie,TV-MA,Adults,2019,Horror Movies
s7832,Movie,TV-MA,Adults,2019,International Movies
s7833,Movie,TV-MA,Adults,2018,Horror Movies
s7833,Movie,TV-MA,Adults,2018,International Movies
s7833,Movie,TV-MA,Adults,2018,Thrillers
s7834,Movie,TV-14,Teens,2018,Dramas
s7834,Movie,TV-14,Teens,2018,International Movies
s7834,Movie,TV-14,Teens,2018,Music & Musicals
s7835,Movie,NR,Unrated,2016,Documentaries
s7836,TV Show,TV-14,Teens,2017,International TV Shows
s7836,TV Show,TV-14,Teens,2017,Romantic TV Shows
s7836,TV Show,TV-14,Teens,2017,TV Dramas
s7837,Movie,TV-14,Teens,2019,Dramas
s7837,Movie,TV-14,Teens,2019,International Movies
s7838,Movie,TV-PG,Teens,2017,Comedies
s7838,Movie,TV-PG,Teens,2017,International Movies
s7838,Movie,TV-PG,Teens,2017,Romantic Movies
s7839,TV Show,TV-MA,Adults,2018,International TV Shows
s7839,TV Show,TV-MA,Adults,2018,Romantic TV Shows
s7839,TV Show,TV-MA,Adults,2018,TV Dramas
s7840,Movie,PG-13,Adults,2019,Classic Movies
s7840,Movie,PG-13,Adults,2019,Dramas
s7841,TV Show,TV-14,Teens,2017,International TV Shows
s7841,TV Show,TV-14,Teens,2017,Romantic TV Shows
s7841,TV Show,TV-14,Teens,2017,Spanish-Language TV Shows
s7842,Movie,TV-MA,Adults,2019,Dramas
s7843,TV Show,TV-MA,Adults,2017,Crime TV Shows
s7843,TV Show,TV-MA,Adults,2017,TV Dramas
s7843,TV Show,TV-MA,Adults,2017,TV Mysteries
s7844,Movie,TV-MA,Adults,2017,Horror Movies
s7845,Movie,PG-13,Adults,2019,Action & Adventure
s7845,Movie,PG-13,Adults,2019,Cult Movies
s7846,Movie,TV-14,Teens,2018,Dramas
s7846,Movie,TV-14,Teens,2018,International Movies
s7847,Movie,TV-PG,Teens,2018,Documentaries
s7847,Movie,TV-PG,Teens,2018,International Movies
s7848,TV Show,NR,Unrated,,TV Action & Adventure
s7848,TV Show,NR,Unrated,,TV Comedies
s7848,TV Show,NR,Unrated,,TV Sci-Fi & Fantasy
s7849,Movie,TV-PG,Teens,2017,Documentaries
s7850,Movie,TV-MA,Adults,2019,Action & Adventure
s7850,Movie,TV-MA,Adults,2019,Dramas
s7850,Movie,TV-MA,Adults,2019,International Movies
s7851,TV Show,TV-MA,Adults,2017,British TV Shows
s7851,TV Show,TV-MA,Adults,2017,Docuseries
s7851,TV Show,TV-MA,Adults,2017,International TV Shows
s7852,Movie,R,Adults,2016,Documentaries
s7852,Movie,R,Adults,2016,Music & Musicals
s7853,Movie,TV-PG,Teens,2017,Action & Adventure
s7853,Movie,TV-PG,Teens,2017,Comedies
s7853,Movie,TV-PG,Teens,2017,International Movies
s7854,Movie,R,Adults,2018,Action & Adventure
s7854,Movie,R,Adults,2018,Dramas
s7855,Movie,PG-13,Adults,2020,Dramas
s7855,Movie,PG-13,Adults,2020,Romantic Movies
s7856,Movie,PG-13,Adults,2020,Dramas
s7856,Movie,PG-13,Adults,2020,Sci-Fi & Fantasy
s7857,TV Show,TV-14,Teens,2020,Crime TV Shows
s7857,TV Show,TV-14,Teens,2020,TV Comedies
s7857,TV Show,TV-14,Teens,2020,TV Dramas
s7858,Movie,R,Adults,2020,Action & Adventure
s7858,Movie,R,Adults,2020,Horror Movies
s7858,Movie,R,Adults,2020,Sci-Fi & Fantasy
s7859,Movie,TV-MA,Adults,2018,Documentaries
s7859,Movie,TV-MA,Adults,2018,Music & Musicals
s7860,Movie,TV-MA,Adults,2017,Documentaries
s7861,Movie,R,Adults,2018,Action & Adventure
s7861,Movie,R,Adults,2018,Comedies
s7861,Movie,R,Adults,2018,International Movies
s7862,Movie,NR,Unrated,2017,Dramas
s7862,Movie,NR,Unrated,2017,International Movies
s7863,TV Show,TV-MA,Adults,2019,Crime TV Shows
s7863,TV Show,TV-MA,Adults,2019,International TV Shows
s7863,TV Show,TV-MA,Adults,2019,TV Dramas
s7864,Movie,R,Adults,2018,Action & Adventure
s7864,Movie,R,Adults,2018,Dramas
s7864,Movie,R,Adults,2018,Independent Movies
s7865,TV Show,TV-PG,Teens,2018,British TV Shows
s7865,TV Show,TV-PG,Teens,2018,Kids' TV
s7866,Movie,R,Adults,2019,Dramas
s7866,Movie,R,Adults,2019,Romantic Movies
s7867,Movie,NR,Unrated,2016,Dramas
s7867,Movie,NR,Unrated,2016,Independent Movies
s7867,Movie,NR,Unrated,2016,International Movies
s7868,TV Show,TV-MA,Adults,2019,International TV Shows
s7868,TV Show,TV-MA,Adults,2019,Reality TV
s7868,TV Show,TV-MA,Adults,2019,Spanish-Language TV Shows
s7869,Movie,R,Adults,2019,Dramas
s7869,Movie,R,Adults,2019,Thrillers
s7870,Movie,TV-14,Teens,2018,Dramas
s7870,Movie,TV-14,Teens,2018,International Movies
s7871,TV Show,TV-MA,Adults,2017,British TV Shows
s7871,TV Show,TV-MA,Adults,2017,Crime TV Shows
s7871,TV Show,TV-MA,Adults,2017,TV Dramas
s7872,Movie,TV-MA,Adults,2017,Horror Movies
s7872,Movie,TV-MA,Adults,2017,International Movies
s7873,TV Show,TV-14,Teens,2018,International TV Shows
s7873,TV Show,TV-14,Teens,2018,Romantic TV Shows
s7873,TV Show,TV-14,Teens,2018,TV Comedies
s7874,Movie,TV-MA,Adults,2017,Dramas
s7874,Movie,TV-MA,Adults,2017,Independent Movies
s7874,Movie,TV-MA,Adults,2017,International Movies
s7875,Movie,TV-14,Teens,2019,Dramas
s7875,Movie,TV-14,Teens,2019,Independent Movies
s7875,Movie,TV-14,Teens,2019,International Movies
s7876,Movie,TV-14,Teens,2016,Dramas
s7876,Movie,TV-14,Teens,2016,International Movies
s7877,Movie,TV-14,Teens,2018,Documentaries
s7877,Movie,TV-14,Teens,2018,International Movies
s7878,Movie,TV-14,Teens,2019,Action & Adventure
s7878,Movie,TV-14,Teens,2019,Independent Movies
s7878,Movie,TV-14,Teens,2019,International Movies
s7879,TV Show,TV-MA,Adults,2016,Anime Series
s7880,Movie,PG,Teens,2019,Action & Adventure
s7880,Movie,PG,Teens,2019,Classic Movies
s7880,Movie,PG,Teens,2019,Dramas
s7881,Movie,PG,Teens,2019,Dramas
s7881,Movie,PG,Teens,2019,Sports Movies
s7882,Movie,PG,Teens,2019,Dramas
s7882,Movie,PG,Teens,2019,Sports Movies
s7883,Movie,PG,Teens,2019,Dramas
s7883,Movie,PG,Teens,2019,Sports Movies
s7884,Movie,PG-13,Adults,2019,Dramas
s7884,Movie,PG-13,Adults,2019,Sports Movies
s7885,Movie,R,Adults,2017,Action & Adventure
s7885,Movie,R,Adults,2017,Sci-Fi & Fantasy
s7886,Movie,TV-MA,Adults,2019,Dramas
s7886,Movie,TV-MA,Adults,2019,International Movies
s7887,Movie,TV-MA,Adults,2019,Documentaries
s7888,Movie,TV-MA,Adults,2017,Documentaries
s7889,Movie,TV-14,Teens,2017,Action & Adventure
s7889,Movie,TV-14,Teens,2017,Comedies
s7889,Movie,TV-14,Teens,2017,Music & Musicals
s7890,Movie,R,Adults,2018,Dramas
s7890,Movie,R,Adults,2018,Independent Movies
s7891,Movie,TV-MA,Adults,2019,Comedies
s7891,Movie,TV-MA,Adults,2019,Independent Movies
s7892,Movie,TV-Y7,Kids,2019,Children & Family Movies
s7892,Movie,TV-Y7,Kids,2019,Independent Movies
s7893,TV Show,TV-14,Teens,2019,International TV Shows
s7893,TV Show,TV-14,Teens,2019,Romantic TV Shows
s7893,TV Show,TV-14,Teens,2019,Teen TV Shows
s7894,Movie,TV-PG,Teens,2017,Documentaries
s7894,Movie,TV-PG,Teens,2017,International Movies
s7894,Movie,TV-PG,Teens,2017,Music & Musicals
s7895,Movie,R,Adults,2019,Classic Movies
s7895,Movie,R,Adults,2019,Horror Movies
s7895,Movie,R,Adults,2019,Thrillers
s7896,Movie,R,Adults,2019,Dramas
s7897,TV Show,TV-PG,Teens,2017,TV Comedies
s7897,TV Show,TV-PG,Teens,2017,TV Dramas
s7898,TV Show,TV-PG,Teens,2017,International TV Shows
s7898,TV Show,TV-PG,Teens,2017,Romantic TV Shows
s7898,TV Show,TV-PG,Teens,2017,Spanish-Language TV Shows
s7899,Movie,TV-MA,Adults,2018,Dramas
s7899,Movie,TV-MA,Adults,2018,Independent Movies
s7899,Movie,TV-MA,Adults,2018,International Movies
s7900,Movie,TV-MA,Adults,2017,Action & Adventure
s7900,Movie,TV-MA,Adults,2017,Independent Movies
s7901,Movie,R,Adults,2019,Action & Adventure
s7901,Movie,R,Adults,2019,Comedies
s7901,Movie,R,Adults,2019,International Movies
s7902,Movie,PG-13,Adults,2019,Comedies
s7902,Movie,PG-13,Adults,2019,Romantic Movies
s7903,Movie,TV-14,Teens,2018,Action & Adventure
s7903,Movie,TV-14,Teens,2018,International Movies
s7903,Movie,TV-14,Teens,2018,Music & Musicals
s7904,Movie,PG,Teens,2020,Comedies
s7904,Movie,PG,Teens,2020,Romantic Movies
s7905,Movie,TV-14,Teens,2019,Dramas
s7905,Movie,TV-14,Teens,2019,Romantic Movies
s7906,Movie,TV-14,Teens,2019,Thrillers
s7907,TV Show,TV-14,Teens,2020,Anime Series
s7907,TV Show,TV-14,Teens,2020,International TV Shows
s7908,Movie,PG,Teens,2015,Children & Family Movies
s7908,Movie,PG,Teens,2015,Comedies
s7908,Movie,PG,Teens,2015,Sports Movies
s7909,TV Show,NR,Unrated,2013,Docuseries
s7909,TV Show,NR,Unrated,2013,Stand-Up Comedy & Talk Shows
s7910,Movie,NR,Unrated,2013,Stand-Up Comedy
s7911,Movie,TV-14,Teens,2017,Dramas
s7911,Movie,TV-14,Teens,2017,International Movies
s7912,Movie,TV-MA,Adults,2017,Documentaries
s7912,Movie,TV-MA,Adults,2017,International Movies
s7913,Movie,PG-13,Adults,2021,Action & Adventure
s7914,Movie,TV-14,Teens,2019,Dramas
s7914,Movie,TV-14,Teens,2019,Independent Movies
s7914,Movie,TV-14,Teens,2019,International Movies
s7915,Movie,TV-MA,Adults,2017,Documentaries
s7915,Movie,TV-MA,Adults,2017,International Movies
s7916,Movie,TV-MA,Adults,2017,Dramas
s7916,Movie,TV-MA,Adults,2017,International Movies
s7916,Movie,TV-MA,Adults,2017,Romantic Movies
s7917,Movie,TV-14,Teens,2017,Comedies
s7917,Movie,TV-14,Teens,2017,Sci-Fi & Fantasy
s7918,Movie,TV-14,Teens,2019,Dramas
s7918,Movie,TV-14,Teens,2019,International Movies
s7918,Movie,TV-14,Teens,2019,Romantic Movies
s7919,TV Show,TV-PG,Teens,2016,International TV Shows
s7919,TV Show,TV-PG,Teens,2016,Romantic TV Shows
s7919,TV Show,TV-PG,Teens,2016,TV Dramas
s7920,Movie,TV-MA,Adults,2017,Documentaries
s7920,Movie,TV-MA,Adults,2017,International Movies
s7921,Movie,R,Adults,2020,Comedies
s7921,Movie,R,Adults,2020,Independent Movies
s7921,Movie,R,Adults,2020,Romantic Movies
s7922,Movie,TV-MA,Adults,2017,Dramas
s7922,Movie,TV-MA,Adults,2017,International Movies
s7923,Movie,TV-14,Teens,2018,Dramas
s7923,Movie,TV-14,Teens,2018,International Movies
s7923,Movie,TV-14,Teens,2018,Romantic Movies
s7924,Movie,TV-PG,Teens,2018,Dramas
s7924,Movie,TV-PG,Teens,2018,International Movies
s7924,Movie,TV-PG,Teens,2018,Music & Musicals
s7925,Movie,TV-14,Teens,2019,Dramas
s7925,Movie,TV-14,Teens,2019,International Movies
s7926,Movie,TV-MA,Adults,2018,Dramas
s7926,Movie,TV-MA,Adults,2018,International Movies
s7927,Movie,TV-PG,Teens,2018,Dramas
s7927,Movie,TV-PG,Teens,2018,International Movies
s7928,Movie,TV-14,Teens,2019,Comedies
s7928,Movie,TV-14,Teens,2019,International Movies
s7929,Movie,PG-13,Adults,2018,Action & Adventure
s7929,Movie,PG-13,Adults,2018,Dramas
s7929,Movie,PG-13,Adults,2018,Faith & Spirituality
s7930,Movie,TV-Y,Kids,2019,Children & Family Movies
s7931,Movie,TV-14,Teens,2017,Classic Movies
s7931,Movie,TV-14,Teens,2017,Documentaries
s7932,Movie,TV-14,Teens,2018,Comedies
s7932,Movie,TV-14,Teens,2018,Dramas
s7932,Movie,TV-14,Teens,2018,International Movies
s7933,Movie,TV-14,Teens,2019,Classic Movies
s7933,Movie,TV-14,Teens,2019,Dramas
s7933,Movie,TV-14,Teens,2019,International Movies
s7934,Movie,TV-PG,Teens,2017,Children & Family Movies
s7934,Movie,TV-PG,Teens,2017,Comedies
s7935,Movie,TV-G,Kids,2015,Children & Family Movies
s7936,Movie,PG-13,Adults,2019,Dramas
s7936,Movie,PG-13,Adults,2019,International Movies
s7937,Movie,TV-14,Teens,2017,Comedies
s7937,Movie,TV-14,Teens,2017,International Movies
s7937,Movie,TV-14,Teens,2017,Music & Musicals
s7938,Movie,TV-PG,Teens,2017,Action & Adventure
s7938,Movie,TV-PG,Teens,2017,Comedies
s7938,Movie,TV-PG,Teens,2017,International Movies
s7939,Movie,TV-14,Teens,2018,Dramas
s7939,Movie,TV-14,Teens,2018,International Movies
s7940,Movie,TV-14,Teens,2018,Dramas
s7940,Movie,TV-14,Teens,2018,International Movies
s7941,Movie,TV-14,Teens,2019,Dramas
s7941,Movie,TV-14,Teens,2019,Faith & Spirituality
s7941,Movie,TV-14,Teens,2019,International Movies
s7942,Movie,TV-MA,Adults,2019,Documentaries
s7942,Movie,TV-MA,Adults,2019,Music & Musicals
s7943,TV Show,TV-PG,Teens,2017,Docuseries
s7943,TV Show,TV-PG,Teens,2017,International TV Shows
s7944,Movie,TV-14,Teens,2018,Dramas
s7944,Movie,TV-14,Teens,2018,International Movies
s7944,Movie,TV-14,Teens,2018,Music & Musicals
s7945,Movie,TV-14,Teens,2019,Comedies
s7945,Movie,TV-14,Teens,2019,Cult Movies
s7945,Movie,TV-14,Teens,2019,Dramas
s7946,Movie,TV-MA,Adults,2020,Dramas
s7946,Movie,TV-MA,Adults,2020,LGBTQ Movies
s7947,Movie,TV-MA,Adults,2017,Action & Adventure
s7947,Movie,TV-MA,Adults,2017,Independent Movies
s7948,Movie,TV-MA,Adults,2019,Comedies
s7948,Movie,TV-MA,Adults,2019,International Movies
s7948,Movie,TV-MA,Adults,2019,Romantic Movies
s7949,TV Show,TV-G,Kids,2018,Reality TV
s7950,Movie,PG-13,Adults,2019,Comedies
s7950,Movie,PG-13,Adults,2019,Dramas
s7951,Movie,R,Adults,2020,Dramas
s7952,Movie,R,Adults,2018,Comedies
s7952,Movie,R,Adults,2018,Dramas
s7952,Movie,R,Adults,2018,Independent Movies
s7953,Movie,PG,Teens,2020,Children & Family Movies
s7954,TV Show,TV-14,Teens,2018,Crime TV Shows
s7954,TV Show,TV-14,Teens,2018,TV Dramas
s7955,Movie,TV-PG,Teens,2020,Classic Movies
s7955,Movie,TV-PG,Teens,2020,Comedies
s7955,Movie,TV-PG,Teens,2020,Independent Movies
s7956,Movie,R,Adults,2020,Comedies
s7956,Movie,R,Adults,2020,Horror Movies
s7957,Movie,PG-13,Adults,2020,Comedies
s7957,Movie,PG-13,Adults,2020,Horror Movies
s7958,Movie,R,Adults,2018,Classic Movies
s7958,Movie,R,Adults,2018,Dramas
s7959,Movie,R,Adults,2020,Comedies
s7959,Movie,R,Adults,2020,Dramas
s7960,Movie,TV-PG,Teens,2019,Children & Family Movies
s7961,Movie,PG-13,Adults,2018,Action & Adventure
s7961,Movie,PG-13,Adults,2018,Comedies
s7961,Movie,PG-13,Adults,2018,Cult Movies
s7962,Movie,R,Adults,2019,Horror Movies
s7963,Movie,R,Adults,2019,Horror Movies
s7964,Movie,TV-MA,Adults,2020,Action & Adventure
s7965,Movie,PG,Teens,2020,Children & Family Movies
s7965,Movie,PG,Teens,2020,Classic Movies
s7965,Movie,PG,Teens,2020,Dramas
s7966,Movie,PG-13,Adults,2019,Documentaries
s7966,Movie,PG-13,Adults,2019,International Movies
s7966,Movie,PG-13,Adults,2019,Music & Musicals
s7967,Movie,PG-13,Adults,2019,Action & Adventure
s7967,Movie,PG-13,Adults,2019,Sci-Fi & Fantasy
s7968,Movie,TV-PG,Teens,2018,Dramas
s7968,Movie,TV-PG,Teens,2018,International Movies
s7968,Movie,TV-PG,Teens,2018,Music & Musicals
s7969,TV Show,TV-14,Teens,2017,International TV Shows
s7969,TV Show,TV-14,Teens,2017,Korean TV Shows
s7969,TV Show,TV-14,Teens,2017,Romantic TV Shows
s7970,Movie,PG-13,Adults,2018,Dramas
s7970,Movie,PG-13,Adults,2018,Thrillers
s7971,Movie,TV-PG,Teens,2017,Documentaries
s7971,Movie,TV-PG,Teens,2017,International Movies
s7972,Movie,TV-PG,Teens,2017,Documentaries
s7972,Movie,TV-PG,Teens,2017,International Movies
s7973,Movie,TV-PG,Teens,2017,Documentaries
s7973,Movie,TV-PG,Teens,2017,International Movies
s7974,Movie,TV-PG,Teens,2017,Documentaries
s7974,Movie,TV-PG,Teens,2017,International Movies
s7975,Movie,TV-PG,Teens,2017,Documentaries
s7975,Movie,TV-PG,Teens,2017,International Movies
s7976,Movie,TV-14,Teens,2017,Documentaries
s7977,Movie,TV-PG,Teens,2017,Documentaries
s7978,Movie,TV-PG,Teens,2017,Documentaries
s7979,Movie,TV-PG,Teens,2017,Documentaries
s7979,Movie,TV-PG,Teens,2017,International Movies
s7980,Movie,TV-PG,Teens,2017,Documentaries
s7980,Movie,TV-PG,Teens,2017,International Movies
s7981,Movie,TV-14,Teens,2017,Comedies
s7981,Movie,TV-14,Teens,2017,International Movies
s7982,Movie,PG-13,Adults,2019,Documentaries
s7982,Movie,PG-13,Adults,2019,International Movies
s7982,Movie,PG-13,Adults,2019,Sports Movies
s7983,TV Show,TV-MA,Adults,2019,TV Comedies
s7984,Movie,TV-MA,Adults,2018,Dramas
s7984,Movie,TV-MA,Adults,2018,Independent Movies
s7984,Movie,TV-MA,Adults,2018,International Movies
s7985,TV Show,TV-14,Teens,2017,International TV Shows
s7985,TV Show,TV-14,Teens,2017,TV Comedies
s7986,Movie,R,Adults,2020,Action & Adventure
s7987,Movie,R,Adults,2021,Comedies
s7987,Movie,R,Adults,2021,Dramas
s7987,Movie,R,Adults,2021,Romantic Movies
s7988,Movie,R,Adults,2021,Comedies
s7988,Movie,R,Adults,2021,Dramas
s7988,Movie,R,Adults,2021,Romantic Movies
s7989,Movie,UR,Unrated,2017,Dramas
s7989,Movie,UR,Unrated,2017,International Movies
s7989,Movie,UR,Unrated,2017,Romantic Movies
s7990,Movie,R,Adults,2017,Comedies
s7990,Movie,R,Adults,2017,Dramas
s7990,Movie,R,Adults,2017,International Movies
s7991,Movie,TV-MA,Adults,2019,Dramas
s7992,TV Show,TV-MA,Adults,2017,Crime TV Shows
s7992,TV Show,TV-MA,Adults,2017,Docuseries
s7992,TV Show,TV-MA,Adults,2017,International TV Shows
s7993,Movie,TV-14,Teens,2018,Comedies
s7993,Movie,TV-14,Teens,2018,International Movies
s7994,TV Show,TV-14,Teens,2019,TV Dramas
s7995,Movie,TV-MA,Adults,2018,Dramas
s7995,Movie,TV-MA,Adults,2018,International Movies
s7995,Movie,TV-MA,Adults,2018,Thrillers
s7996,Movie,TV-14,Teens,2018,Dramas
s7996,Movie,TV-14,Teens,2018,Independent Movies
s7996,Movie,TV-14,Teens,2018,International Movies
s7997,Movie,TV-PG,Teens,2018,Comedies
s7997,Movie,TV-PG,Teens,2018,International Movies
s7997,Movie,TV-PG,Teens,2018,Music & Musicals
s7998,Movie,TV-14,Teens,2018,Dramas
s7998,Movie,TV-14,Teens,2018,International Movies
s7999,Movie,PG-13,Adults,2019,Horror Movies
s8000,Movie,TV-14,Teens,2018,Dramas
s8000,Movie,TV-14,Teens,2018,International Movies
s8001,Movie,TV-PG,Teens,2020,Documentaries
s8002,Movie,R,Adults,2017,Horror Movies
s8002,Movie,R,Adults,2017,Thrillers
s8003,TV Show,TV-14,Teens,2017,British TV Shows
s8003,TV Show,TV-14,Teens,2017,Crime TV Shows
s8003,TV Show,TV-14,Teens,2017,International TV Shows
s8004,Movie,PG-13,Adults,2021,Action & Adventure
s8004,Movie,PG-13,Adults,2021,Comedies
s8005,Movie,TV-MA,Adults,2019,Action & Adventure
s8005,Movie,TV-MA,Adults,2019,Dramas
s8005,Movie,TV-MA,Adults,2019,International Movies
s8006,Movie,TV-Y,Kids,2018,Movies
s8007,Movie,TV-Y,Kids,2018,Movies
s8008,Movie,TV-Y,Kids,2018,Movies
s8009,Movie,TV-14,Teens,2018,Dramas
s8009,Movie,TV-14,Teens,2018,International Movies
s8010,Movie,R,Adults,2019,Dramas
s8010,Movie,R,Adults,2019,Independent Movies
s8011,Movie,PG,Teens,2019,Children & Family Movies
s8011,Movie,PG,Teens,2019,Comedies
s8012,Movie,TV-MA,Adults,2017,Documentaries
s8012,Movie,TV-MA,Adults,2017,Music & Musicals
s8013,Movie,TV-14,Teens,2018,Dramas
s8013,Movie,TV-14,Teens,2018,International Movies
s8013,Movie,TV-14,Teens,2018,Thrillers
s8014,Movie,TV-MA,Adults,2018,Horror Movies
s8014,Movie,TV-MA,Adults,2018,International Movies
s8015,Movie,TV-MA,Adults,2019,Dramas
s8015,Movie,TV-MA,Adults,2019,International Movies
s8015,Movie,TV-MA,Adults,2019,Thrillers
s8016,TV Show,TV-Y,Kids,2020,Kids' TV
s8017,Movie,TV-G,Kids,2018,Dramas
s8017,Movie,TV-G,Kids,2018,Independent Movies
s8017,Movie,TV-G,Kids,2018,International Movies
s8018,Movie,TV-MA,Adults,2018,Action & Adventure
s8018,Movie,TV-MA,Adults,2018,Independent Movies
s8019,Movie,R,Adults,2019,Horror Movies
s8020,Movie,TV-PG,Teens,2017,Documentaries
s8021,TV Show,TV-MA,Adults,2017,Crime TV Shows
s8021,TV Show,TV-MA,Adults,2017,International TV Shows
s8021,TV Show,TV-MA,Adults,2017,TV Action & Adventure
s8022,TV Show,TV-14,Teens,2017,International TV Shows
s8022,TV Show,TV-14,Teens,2017,Spanish-Language TV Shows
s8022,TV Show,TV-14,Teens,2017,TV Dramas
s8023,TV Show,TV-MA,Adults,2019,International TV Shows
s8023,TV Show,TV-MA,Adults,2019,Spanish-Language TV Shows
s8023,TV Show,TV-MA,Adults,2019,TV Dramas
s8024,Movie,TV-14,Teens,2017,Action & Adventure
s8024,Movie,TV-14,Teens,2017,Dramas
s8024,Movie,TV-14,Teens,2017,International Movies
s8025,Movie,TV-PG,Teens,2018,Comedies
s8025,Movie,TV-PG,Teens,2018,International Movies
s8025,Movie,TV-PG,Teens,2018,Romantic Movies
s8026,Movie,PG-13,Adults,2018,Action & Adventure
s8026,Movie,PG-13,Adults,2018,Dramas
s8026,Movie,PG-13,Adults,2018,Sci-Fi & Fantasy
s8027,Movie,TV-MA,Adults,2019,Horror Movies
s8027,Movie,TV-MA,Adults,2019,International Movies
s8028,Movie,TV-MA,Adults,2020,Horror Movies
s8029,Movie,R,Adults,2016,Comedies
s8029,Movie,R,Adults,2016,Dramas
s8029,Movie,R,Adults,2016,Romantic Movies
s8030,Movie,R,Adults,2018,Action & Adventure
s8031,TV Show,TV-14,Teens,2016,Reality TV
s8032,TV Show,TV-14,Teens,2018,Reality TV
s8033,Movie,PG-13,Adults,2019,Action & Adventure
s8033,Movie,PG-13,Adults,2019,Comedies
s8034,Movie,TV-MA,Adults,2017,Action & Adventure
s8034,Movie,TV-MA,Adults,2017,International Movies
s8035,Movie,TV-G,Kids,2018,Documentaries
s8035,Movie,TV-G,Kids,2018,Sports Movies
s8036,Movie,PG-13,Adults,2019,Action & Adventure
s8036,Movie,PG-13,Adults,2019,Sci-Fi & Fantasy
s8037,Movie,R,Adults,2017,Comedies
s8037,Movie,R,Adults,2017,Dramas
s8037,Movie,R,Adults,2017,Independent Movies
s8038,Movie,PG,Teens,2020,Comedies
s8038,Movie,PG,Teens,2020,Romantic Movies
s8039,Movie,R,Adults,2019,Dramas
s8039,Movie,R,Adults,2019,Independent Movies
s8040,Movie,R,Adults,2020,Thrillers
s8041,TV Show,TV-MA,Adults,2018,Reality TV
s8042,Movie,R,Adults,2018,Action & Adventure
s8042,Movie,R,Adults,2018,Dramas
s8042,Movie,R,Adults,2018,International Movies
s8043,Movie,PG-13,Adults,2019,Action & Adventure
s8043,Movie,PG-13,Adults,2019,Comedies
s8043,Movie,PG-13,Adults,2019,Sci-Fi & Fantasy
s8044,Movie,R,Adults,2019,Comedies
s8044,Movie,R,Adults,2019,Dramas
s8044,Movie,R,Adults,2019,Independent Movies
s8045,Movie,TV-MA,Adults,2017,Documentaries
s8045,Movie,TV-MA,Adults,2017,Sports Movies
s8046,Movie,PG-13,Adults,2015,Comedies
s8047,Movie,R,Adults,2020,Action & Adventure
s8047,Movie,R,Adults,2020,Dramas
s8048,Movie,TV-14,Teens,2018,Comedies
s8048,Movie,TV-14,Teens,2018,International Movies
s8048,Movie,TV-14,Teens,2018,Romantic Movies
s8049,Movie,TV-MA,Adults,2019,Documentaries
s8050,Movie,TV-MA,Adults,2019,Dramas
s8050,Movie,TV-MA,Adults,2019,International Movies
s8051,Movie,NR,Unrated,2018,Comedies
s8051,Movie,NR,Unrated,2018,Independent Movies
s8051,Movie,NR,Unrated,2018,International Movies
s8052,Movie,PG-13,Adults,2019,Action & Adventure
s8052,Movie,PG-13,Adults,2019,Children & Family Movies
s8052,Movie,PG-13,Adults,2019,Sci-Fi & Fantasy
s8053,Movie,PG-13,Adults,2019,Action & Adventure
s8053,Movie,PG-13,Adults,2019,Children & Family Movies
s8053,Movie,PG-13,Adults,2019,Sci-Fi & Fantasy
s8054,Movie,R,Adults,2018,Action & Adventure
s8054,Movie,R,Adults,2018,International Movies
s8054,Movie,R,Adults,2018,Sci-Fi & Fantasy
s8055,Movie,TV-MA,Adults,2017,Dramas
s8055,Movie,TV-MA,Adults,2017,Romantic Movies
s8056,Movie,PG-13,Adults,2019,Comedies
s8056,Movie,PG-13,Adults,2019,Romantic Movies
s8057,Movie,R,Adults,2018,Action & Adventure
s8057,Movie,R,Adults,2018,Dramas
s8057,Movie,R,Adults,2018,Independent Movies
s8058,Movie,NR,Unrated,2016,Documentaries
s8058,Movie,NR,Unrated,2016,Sports Movies
s8059,TV Show,TV-MA,Adults,2019,International TV Shows
s8059,TV Show,TV-MA,Adults,2019,Romantic TV Shows
s8059,TV Show,TV-MA,Adults,2019,TV Dramas
s8060,Movie,PG,Teens,2020,Dramas
s8060,Movie,PG,Teens,2020,Faith & Spirituality
s8060,Movie,PG,Teens,2020,Sports Movies
s8061,Movie,TV-MA,Adults,2019,Horror Movies
s8061,Movie,TV-MA,Adults,2019,Independent Movies
s8062,Movie,NR,Unrated,2016,Documentaries
s8063,TV Show,TV-Y,Kids,2020,Kids' TV
s8064,Movie,PG,Teens,2019,Dramas
s8064,Movie,PG,Teens,2019,Music & Musicals
s8065,TV Show,TV-MA,Adults,2015,TV Action & Adventure
s8065,TV Show,TV-MA,Adults,2015,TV Dramas
s8066,Movie,PG-13,Adults,2017,Comedies
s8066,Movie,PG-13,Adults,2017,Dramas
s8066,Movie,PG-13,Adults,2017,Independent Movies
s8067,Movie,TV-14,Teens,2020,Documentaries
s8067,Movie,TV-14,Teens,2020,Sports Movies
s8068,Movie,PG-13,Adults,2019,Action & Adventure
s8068,Movie,PG-13,Adults,2019,Sci-Fi & Fantasy
s8069,Movie,PG,Teens,2019,Action & Adventure
s8069,Movie,PG,Teens,2019,Comedies
s8070,Movie,TV-14,Teens,2019,Documentaries
s8071,TV Show,TV-Y,Kids,2018,Kids' TV
s8072,Movie,R,Adults,2020,Dramas
s8072,Movie,R,Adults,2020,Independent Movies
s8073,Movie,R,Adults,2021,Comedies
s8073,Movie,R,Adults,2021,Cult Movies
s8073,Movie,R,Adults,2021,Dramas
s8074,Movie,TV-MA,Adults,2020,Dramas
s8074,Movie,TV-MA,Adults,2020,International Movies
s8074,Movie,TV-MA,Adults,2020,Sports Movies
s8075,Movie,PG,Teens,2019,Children & Family Movies
s8075,Movie,PG,Teens,2019,Comedies
s8076,Movie,PG,Teens,2019,Children & Family Movies
s8076,Movie,PG,Teens,2019,Comedies
s8077,Movie,PG,Teens,2019,Children & Family Movies
s8077,Movie,PG,Teens,2019,Comedies
s8078,Movie,TV-MA,Adults,2016,Action & Adventure
s8078,Movie,TV-MA,Adults,2016,Comedies
s8078,Movie,TV-MA,Adults,2016,International Movies
s8079,Movie,TV-MA,Adults,2019,Horror Movies
s8079,Movie,TV-MA,Adults,2019,Independent Movies
s8080,Movie,TV-14,Teens,2019,Thrillers
s8081,Movie,R,Adults,2018,Action & Adventure
s8082,Movie,TV-14,Teens,2017,Documentaries
s8083,Movie,PG-13,Adults,2018,Action & Adventure
s8083,Movie,PG-13,Adults,2018,Children & Family Movies
s8083,Movie,PG-13,Adults,2018,Sci-Fi & Fantasy
s8084,TV Show,TV-14,Teens,2015,Romantic TV Shows
s8084,TV Show,TV-14,Teens,2015,TV Dramas
s8084,TV Show,TV-14,Teens,2015,TV Sci-Fi & Fantasy
s8085,Movie,TV-MA,Adults,2019,Dramas
s8085,Movie,TV-MA,Adults,2019,Independent Movies
s8085,Movie,TV-MA,Adults,2019,International Movies
s8086,TV Show,TV-MA,Adults,2016,International TV Shows
s8086,TV Show,TV-MA,Adults,2016,TV Comedies
s8086,TV Show,TV-MA,Adults,2016,TV Dramas
s8087,Movie,TV-PG,Teens,2016,Documentaries
s8087,Movie,TV-PG,Teens,2016,International Movies
s8088,Movie,R,Adults,2019,Comedies
s8089,Movie,TV-14,Teens,2019,Comedies
s8089,Movie,TV-14,Teens,2019,International Movies
s8090,Movie,R,Adults,2018,Horror Movies
s8091,Movie,TV-14,Teens,2018,Dramas
s8091,Movie,TV-14,Teens,2018,International Movies
s8092,Movie,TV-MA,Adults,2018,Horror Movies
s8092,Movie,TV-MA,Adults,2018,International Movies
s8093,Movie,TV-PG,Teens,2018,Documentaries
s8094,TV Show,TV-PG,Teens,2017,Kids' TV
s8095,TV Show,TV-Y7,Kids,2019,Kids' TV
s8095,TV Show,TV-Y7,Kids,2019,Korean TV Shows
s8096,Movie,PG-13,Adults,2017,Horror Movies
s8096,Movie,PG-13,Adults,2017,Thrillers
s8097,Movie,NR,Unrated,2015,Documentaries
s8097,Movie,NR,Unrated,2015,International Movies
s8097,Movie,NR,Unrated,2015,Sports Movies
s8098,TV Show,TV-MA,Adults,2019,International TV Shows
s8098,TV Show,TV-MA,Adults,2019,Reality TV
s8099,Movie,TV-PG,Teens,2017,Comedies
s8099,Movie,TV-PG,Teens,2017,International Movies
s8099,Movie,TV-PG,Teens,2017,Romantic Movies
s8100,Movie,TV-MA,Adults,2020,Comedies
s8100,Movie,TV-MA,Adults,2020,Independent Movies
s8100,Movie,TV-MA,Adults,2020,LGBTQ Movies
s8101,Movie,PG-13,Adults,2020,Dramas
s8101,Movie,PG-13,Adults,2020,Thrillers
s8102,Movie,PG-13,Adults,2020,Comedies
s8102,Movie,PG-13,Adults,2020,Romantic Movies
s8103,TV Show,TV-Y,Kids,2016,Kids' TV
s8104,Movie,PG,Teens,2020,Classic Movies
s8104,Movie,PG,Teens,2020,Comedies
s8104,Movie,PG,Teens,2020,Romantic Movies
s8105,Movie,TV-MA,Adults,2017,Documentaries
s8105,Movie,TV-MA,Adults,2017,International Movies
s8105,Movie,TV-MA,Adults,2017,LGBTQ Movies
s8106,Movie,R,Adults,2019,Classic Movies
s8106,Movie,R,Adults,2019,Comedies
s8106,Movie,R,Adults,2019,Cult Movies
s8107,Movie,R,Adults,2021,Comedies
s8107,Movie,R,Adults,2021,Dramas
s8108,TV Show,TV-14,Teens,2019,Crime TV Shows
s8108,TV Show,TV-14,Teens,2019,International TV Shows
s8108,TV Show,TV-14,Teens,2019,Korean TV Shows
s8109,Movie,NR,Unrated,2017,Action & Adventure
s8109,Movie,NR,Unrated,2017,Dramas
s8109,Movie,NR,Unrated,2017,International Movies
s8110,TV Show,TV-PG,Teens,2019,Docuseries
s8110,TV Show,TV-PG,Teens,2019,International TV Shows
s8111,Movie,PG,Teens,2020,Children & Family Movies
s8111,Movie,PG,Teens,2020,Comedies
s8112,Movie,TV-MA,Adults,2019,Action & Adventure
s8112,Movie,TV-MA,Adults,2019,Dramas
s8113,Movie,NR,Unrated,2015,Dramas
s8113,Movie,NR,Unrated,2015,International Movies
s8113,Movie,NR,Unrated,2015,Thrillers
s8114,Movie,TV-MA,Adults,2018,Comedies
s8114,Movie,TV-MA,Adults,2018,International Movies
s8114,Movie,TV-MA,Adults,2018,Music & Musicals
s8115,Movie,TV-14,Teens,2018,Comedies
s8115,Movie,TV-14,Teens,2018,Dramas
s8115,Movie,TV-14,Teens,2018,International Movies
s8116,Movie,TV-MA,Adults,2016,International Movies
s8116,Movie,TV-MA,Adults,2016,Thrillers
s8117,Movie,TV-MA,Adults,2017,Dramas
s8117,Movie,TV-MA,Adults,2017,International Movies
s8117,Movie,TV-MA,Adults,2017,Romantic Movies
s8118,TV Show,TV-MA,Adults,2019,International TV Shows
s8118,TV Show,TV-MA,Adults,2019,Korean TV Shows
s8118,TV Show,TV-MA,Adults,2019,TV Comedies
s8119,Movie,TV-MA,Adults,2020,Comedies
s8119,Movie,TV-MA,Adults,2020,Dramas
s8119,Movie,TV-MA,Adults,2020,Romantic Movies
s8120,Movie,TV-MA,Adults,2016,Dramas
s8120,Movie,TV-MA,Adults,2016,International Movies
s8120,Movie,TV-MA,Adults,2016,Sports Movies
s8121,Movie,TV-MA,Adults,2017,Dramas
s8121,Movie,TV-MA,Adults,2017,Independent Movies
s8121,Movie,TV-MA,Adults,2017,International Movies
s8122,TV Show,TV-Y,Kids,2019,Kids' TV
s8123,Movie,TV-Y7,Kids,2019,Children & Family Movies
s8124,Movie,TV-MA,Adults,2018,Dramas
s8124,Movie,TV-MA,Adults,2018,Independent Movies
s8124,Movie,TV-MA,Adults,2018,Thrillers
s8125,Movie,TV-PG,Teens,2018,Comedies
s8125,Movie,TV-PG,Teens,2018,Dramas
s8125,Movie,TV-PG,Teens,2018,International Movies
s8126,TV Show,TV-Y,Kids,2020,Kids' TV
s8126,TV Show,TV-Y,Kids,2020,Korean TV Shows
s8127,Movie,R,Adults,2021,Comedies
s8127,Movie,R,Adults,2021,Cult Movies
s8128,Movie,R,Adults,2019,Action & Adventure
s8128,Movie,R,Adults,2019,Classic Movies
s8128,Movie,R,Adults,2019,Dramas
s8129,Movie,PG-13,Adults,2019,Action & Adventure
s8129,Movie,PG-13,Adults,2019,Sci-Fi & Fantasy
s8130,TV Show,TV-PG,Teens,2017,British TV Shows
s8130,TV Show,TV-PG,Teens,2017,Docuseries
s8130,TV Show,TV-PG,Teens,2017,Science & Nature TV
s8131,Movie,PG-13,Adults,2019,Comedies
s8132,Movie,TV-14,Teens,2018,Dramas
s8132,Movie,TV-14,Teens,2018,International Movies
s8132,Movie,TV-14,Teens,2018,Romantic Movies
s8133,TV Show,TV-MA,Adults,2020,Crime TV Shows
s8133,TV Show,TV-MA,Adults,2020,Docuseries
s8134,Movie,TV-MA,Adults,2018,Documentaries
s8135,Movie,TV-MA,Adults,2018,Documentaries
s8135,Movie,TV-MA,Adults,2018,LGBTQ Movies
s8136,Movie,TV-G,Kids,2017,Documentaries
s8137,Movie,TV-PG,Teens,2019,Dramas
s8137,Movie,TV-PG,Teens,2019,Independent Movies
s8137,Movie,TV-PG,Teens,2019,International Movies
s8138,TV Show,TV-14,Teens,2018,International TV Shows
s8138,TV Show,TV-14,Teens,2018,TV Dramas
s8139,Movie,R,Adults,2020,Dramas
s8139,Movie,R,Adults,2020,Horror Movies
s8139,Movie,R,Adults,2020,Music & Musicals
s8140,Movie,R,Adults,2019,Dramas
s8140,Movie,R,Adults,2019,Independent Movies
s8140,Movie,R,Adults,2019,Thrillers
s8141,Movie,R,Adults,2019,Comedies
s8141,Movie,R,Adults,2019,Dramas
s8141,Movie,R,Adults,2019,Independent Movies
s8142,Movie,TV-MA,Adults,2017,Action & Adventure
s8142,Movie,TV-MA,Adults,2017,Dramas
s8142,Movie,TV-MA,Adults,2017,International Movies
s8143,Movie,R,Adults,2018,Action & Adventure
s8143,Movie,R,Adults,2018,International Movies
s8144,TV Show,TV-PG,Teens,2019,Kids' TV
s8145,Movie,TV-PG,Teens,2018,Dramas
s8145,Movie,TV-PG,Teens,2018,International Movies
s8145,Movie,TV-PG,Teens,2018,Music & Musicals
s8146,Movie,TV-14,Teens,2018,Dramas
s8146,Movie,TV-14,Teens,2018,International Movies
s8147,Movie,R,Adults,2019,Comedies
s8147,Movie,R,Adults,2019,Romantic Movies
s8148,TV Show,TV-14,Teens,2019,Crime TV Shows
s8148,TV Show,TV-14,Teens,2019,TV Action & Adventure
s8148,TV Show,TV-14,Teens,2019,TV Thrillers
s8149,TV Show,TV-MA,Adults,2019,TV Dramas
s8150,Movie,TV-MA,Adults,2017,Action & Adventure
s8150,Movie,TV-MA,Adults,2017,International Movies
s8150,Movie,TV-MA,Adults,2017,Romantic Movies
s8151,Movie,TV-MA,Adults,2018,International Movies
s8151,Movie,TV-MA,Adults,2018,Thrillers
s8152,Movie,G,Kids,2018,Children & Family Movies
s8153,Movie,G,Kids,2017,Children & Family Movies
s8154,Movie,TV-14,Teens,2019,Comedies
s8154,Movie,TV-14,Teens,2019,International Movies
s8155,Movie,TV-Y7,Kids,2019,Children & Family Movies
s8156,Movie,TV-14,Teens,2017,Documentaries
s8157,Movie,TV-PG,Teens,2018,Dramas
s8157,Movie,TV-PG,Teens,2018,International Movies
s8157,Movie,TV-PG,Teens,2018,Thrillers
s8158,Movie,TV-MA,Adults,2017,Dramas
s8158,Movie,TV-MA,Adults,2017,Independent Movies
s8158,Movie,TV-MA,Adults,2017,LGBTQ Movies
s8159,Movie,PG,Teens,2019,Children & Family Movies
s8159,Movie,PG,Teens,2019,Comedies
s8160,Movie,PG,Teens,2020,Children & Family Movies
s8160,Movie,PG,Teens,2020,Comedies
s8161,Movie,PG,Teens,2020,Action & Adventure
s8161,Movie,PG,Teens,2020,Comedies
s8162,Movie,TV-PG,Teens,2018,Comedies
s8162,Movie,TV-PG,Teens,2018,International Movies
s8162,Movie,TV-PG,Teens,2018,Music & Musicals
s8163,Movie,TV-Y7,Kids,2016,Children & Family Movies
s8164,Movie,TV-MA,Adults,2018,Dramas
s8164,Movie,TV-MA,Adults,2018,International Movies
s8165,Movie,TV-MA,Adults,2019,Dramas
s8165,Movie,TV-MA,Adults,2019,Independent Movies
s8165,Movie,TV-MA,Adults,2019,International Movies
s8166,TV Show,TV-PG,Teens,2017,International TV Shows
s8166,TV Show,TV-PG,Teens,2017,Romantic TV Shows
s8166,TV Show,TV-PG,Teens,2017,Spanish-Language TV Shows
s8167,Movie,R,Adults,2020,Action & Adventure
s8167,Movie,R,Adults,2020,Sci-Fi & Fantasy
s8168,Movie,PG-13,Adults,2020,Action & Adventure
s8168,Movie,PG-13,Adults,2020,Sci-Fi & Fantasy
s8169,Movie,TV-PG,Teens,2016,Documentaries
s8169,Movie,TV-PG,Teens,2016,International Movies
s8170,Movie,TV-MA,Adults,2018,Horror Movies
s8170,Movie,TV-MA,Adults,2018,Independent Movies
s8170,Movie,TV-MA,Adults,2018,Thrillers
s8171,Movie,TV-PG,Teens,2017,Comedies
s8171,Movie,TV-PG,Teens,2017,International Movies
s8171,Movie,TV-PG,Teens,2017,Romantic Movies
s8172,Movie,TV-MA,Adults,2017,Action & Adventure
s8172,Movie,TV-MA,Adults,2017,International Movies
s8172,Movie,TV-MA,Adults,2017,Music & Musicals
s8173,TV Show,TV-Y7,Kids,2018,Kids' TV
s8173,TV Show,TV-Y7,Kids,2018,TV Comedies
s8174,TV Show,TV-MA,Adults,2019,TV Shows
s8175,TV Show,TV-14,Teens,2017,TV Comedies
s8176,TV Show,TV-MA,Adults,2019,Docuseries
s8177,Movie,TV-MA,Adults,2019,Documentaries
s8177,Movie,TV-MA,Adults,2019,Sports Movies
s8178,Movie,TV-MA,Adults,2018,Action & Adventure
s8178,Movie,TV-MA,Adults,2018,Dramas
s8178,Movie,TV-MA,Adults,2018,International Movies
s8179,Movie,TV-14,Teens,2019,Documentaries
s8179,Movie,TV-14,Teens,2019,International Movies
s8180,Movie,R,Adults,2018,Dramas
s8180,Movie,R,Adults,2018,Thrillers
s8181,TV Show,TV-PG,Teens,2017,International TV Shows
s8181,TV Show,TV-PG,Teens,2017,TV Dramas
s8182,Movie,TV-Y7,Kids,2017,Children & Family Movies
s8183,TV Show,TV-Y7,Kids,,Kids' TV
s8183,TV Show,TV-Y7,Kids,,TV Comedies
s8184,Movie,PG,Teens,2020,Children & Family Movies
s8185,Movie,PG,Teens,2019,Children & Family Movies
s8186,Movie,TV-MA,Adults,2018,Dramas
s8186,Movie,TV-MA,Adults,2018,International Movies
s8186,Movie,TV-MA,Adults,2018,Sci-Fi & Fantasy
s8187,Movie,TV-MA,Adults,2018,Action & Adventure
s8187,Movie,TV-MA,Adults,2018,Dramas
s8187,Movie,TV-MA,Adults,2018,International Movies
s8188,Movie,PG-13,Adults,2021,Comedies
s8188,Movie,PG-13,Adults,2021,Dramas
s8188,Movie,PG-13,Adults,2021,Romantic Movies
s8189,Movie,R,Adults,2020,Horror Movies
s8190,TV Show,TV-G,Kids,2017,Classic & Cult TV
s8190,TV Show,TV-G,Kids,2017,TV Comedies
s8191,Movie,PG,Teens,2020,Children & Family Movies
s8191,Movie,PG,Teens,2020,Comedies
s8192,Movie,TV-MA,Adults,2020,Documentaries
s8193,Movie,TV-14,Teens,2019,Comedies
s8193,Movie,TV-14,Teens,2019,Dramas
s8193,Movie,TV-14,Teens,2019,International Movies
s8194,TV Show,TV-PG,Teens,2018,International TV Shows
s8194,TV Show,TV-PG,Teens,2018,Reality TV
s8195,Movie,TV-MA,Adults,2017,Comedies
s8195,Movie,TV-MA,Adults,2017,Dramas
s8195,Movie,TV-MA,Adults,2017,International Movies
s8196,Movie,R,Adults,2018,Action & Adventure
s8196,Movie,R,Adults,2018,Comedies
s8196,Movie,R,Adults,2018,Independent Movies
s8197,Movie,R,Adults,2020,Action & Adventure
s8198,Movie,R,Adults,2020,Action & Adventure
s8199,Movie,R,Adults,2018,Horror Movies
s8199,Movie,R,Adults,2018,Independent Movies
s8199,Movie,R,Adults,2018,Thrillers
s8200,TV Show,TV-14,Teens,2019,Reality TV
s8200,TV Show,TV-14,Teens,2019,Romantic TV Shows
s8201,Movie,TV-14,Teens,2018,Dramas
s8202,Movie,TV-MA,Adults,2018,Comedies
s8203,Movie,TV-MA,Adults,2017,Documentaries
s8204,Movie,TV-14,Teens,2018,Action & Adventure
s8204,Movie,TV-14,Teens,2018,International Movies
s8205,Movie,TV-MA,Adults,2019,Horror Movies
s8205,Movie,TV-MA,Adults,2019,Thrillers
s8206,Movie,TV-14,Teens,2017,Classic Movies
s8206,Movie,TV-14,Teens,2017,Documentaries
s8207,TV Show,TV-MA,Adults,2017,International TV Shows
s8207,TV Show,TV-MA,Adults,2017,TV Dramas
s8208,TV Show,TV-PG,Teens,2016,Docuseries
s8208,TV Show,TV-PG,Teens,2016,International TV Shows
s8208,TV Show,TV-PG,Teens,2016,Science & Nature TV
s8209,TV Show,TV-14,Teens,2019,British TV Shows
s8209,TV Show,TV-14,Teens,2019,Docuseries
s8209,TV Show,TV-14,Teens,2019,Science & Nature TV
s8210,TV Show,TV-PG,Teens,2019,British TV Shows
s8210,TV Show,TV-PG,Teens,2019,Reality TV
s8211,Movie,TV-MA,Adults,2018,Documentaries
s8212,Movie,TV-MA,Adults,2017,Horror Movies
s8213,Movie,R,Adults,2019,Horror Movies
s8213,Movie,R,Adults,2019,Independent Movies
s8213,Movie,R,Adults,2019,Thrillers
s8214,Movie,R,Adults,2019,Dramas
s8214,Movie,R,Adults,2019,Sports Movies
s8215,TV Show,TV-G,Kids,2015,British TV Shows
s8215,TV Show,TV-G,Kids,2015,Docuseries
s8215,TV Show,TV-G,Kids,2015,International TV Shows
s8216,Movie,TV-14,Teens,2017,Documentaries
s8217,TV Show,TV-MA,Adults,2019,British TV Shows
s8217,TV Show,TV-MA,Adults,2019,Docuseries
s8218,Movie,R,Adults,2019,Action & Adventure
s8218,Movie,R,Adults,2019,Sci-Fi & Fantasy
s8219,Movie,TV-MA,Adults,2017,Dramas
s8219,Movie,TV-MA,Adults,2017,International Movies
s8219,Movie,TV-MA,Adults,2017,Romantic Movies
s8220,Movie,PG-13,Adults,2019,Action & Adventure
s8220,Movie,PG-13,Adults,2019,Comedies
s8220,Movie,PG-13,Adults,2019,Romantic Movies
s8221,Movie,PG-13,Adults,2019,Sci-Fi & Fantasy
s8221,Movie,PG-13,Adults,2019,Thrillers
s8222,Movie,PG-13,Adults,2020,Horror Movies
s8222,Movie,PG-13,Adults,2020,Independent Movies
s8222,Movie,PG-13,Adults,2020,Thrillers
s8223,Movie,PG-13,Adults,2019,Dramas
s8223,Movie,PG-13,Adults,2019,Independent Movies
s8223,Movie,PG-13,Adults,2019,International Movies
s8224,Movie,R,Adults,2019,Dramas
s8224,Movie,R,Adults,2019,Thrillers
s8225,Movie,TV-MA,Adults,2019,Dramas
s8225,Movie,TV-MA,Adults,2019,Independent Movies
s8225,Movie,TV-MA,Adults,2019,Sports Movies
s8226,Movie,PG-13,Adults,2018,Children & Family Movies
s8226,Movie,PG-13,Adults,2018,Dramas
s8226,Movie,PG-13,Adults,2018,International Movies
s8227,Movie,PG-13,Adults,2019,Comedies
s8227,Movie,PG-13,Adults,2019,Dramas
s8227,Movie,PG-13,Adults,2019,Romantic Movies
s8228,Movie,TV-14,Teens,2019,Dramas
s8228,Movie,TV-14,Teens,2019,International Movies
s8228,Movie,TV-14,Teens,2019,Romantic Movies
s8229,Movie,PG-13,Adults,2019,Action & Adventure
s8229,Movie,PG-13,Adults,2019,Sci-Fi & Fantasy
s8230,Movie,PG-13,Adults,2019,Comedies
s8230,Movie,PG-13,Adults,2019,Dramas
s8231,Movie,TV-MA,Adults,2019,Comedies
s8231,Movie,TV-MA,Adults,2019,International Movies
s8232,Movie,TV-14,Teens,2018,Action & Adventure
s8232,Movie,TV-14,Teens,2018,Dramas
s8232,Movie,TV-14,Teens,2018,International Movies
s8233,Movie,PG-13,Adults,2019,Horror Movies
s8233,Movie,PG-13,Adults,2019,Thrillers
s8234,Movie,TV-MA,Adults,2020,Independent Movies
s8234,Movie,TV-MA,Adults,2020,Thrillers
s8235,Movie,TV-14,Teens,2018,Dramas
s8235,Movie,TV-14,Teens,2018,Independent Movies
s8235,Movie,TV-14,Teens,2018,International Movies
s8236,TV Show,TV-MA,Adults,2019,International TV Shows
s8236,TV Show,TV-MA,Adults,2019,Reality TV
s8237,Movie,R,Adults,2018,Dramas
s8237,Movie,R,Adults,2018,Thrillers
s8238,Movie,PG,Teens,2020,Cult Movies
s8238,Movie,PG,Teens,2020,Horror Movies
s8239,Movie,TV-MA,Adults,2018,Documentaries
s8239,Movie,TV-MA,Adults,2018,Sports Movies
s8240,Movie,TV-PG,Teens,2017,Dramas
s8240,Movie,TV-PG,Teens,2017,Faith & Spirituality
s8241,Movie,TV-MA,Adults,2019,Action & Adventure
s8241,Movie,TV-MA,Adults,2019,Dramas
s8241,Movie,TV-MA,Adults,2019,International Movies
s8242,Movie,TV-14,Teens,2019,Dramas
s8242,Movie,TV-14,Teens,2019,International Movies
s8242,Movie,TV-14,Teens,2019,Thrillers
s8243,Movie,R,Adults,2017,Horror Movies
s8243,Movie,R,Adults,2017,Thrillers
s8244,TV Show,TV-14,Teens,2019,International TV Shows
s8244,TV Show,TV-14,Teens,2019,Reality TV
s8245,Movie,TV-MA,Adults,2019,Dramas
s8245,Movie,TV-MA,Adults,2019,International Movies
s8245,Movie,TV-MA,Adults,2019,Music & Musicals
s8246,Movie,TV-14,Teens,2017,Dramas
s8246,Movie,TV-14,Teens,2017,International Movies
s8246,Movie,TV-14,Teens,2017,Thrillers
s8247,Movie,TV-MA,Adults,2016,Dramas
s8247,Movie,TV-MA,Adults,2016,Independent Movies
s8247,Movie,TV-MA,Adults,2016,International Movies
s8248,Movie,PG,Teens,2019,Dramas
s8248,Movie,PG,Teens,2019,Faith & Spirituality
s8249,Movie,TV-PG,Teens,2019,Children & Family Movies
s8249,Movie,TV-PG,Teens,2019,Comedies
s8250,Movie,TV-14,Teens,2019,Classic Movies
s8250,Movie,TV-14,Teens,2019,Dramas
s8251,TV Show,TV-PG,Teens,2018,British TV Shows
s8251,TV Show,TV-PG,Teens,2018,Docuseries
s8251,TV Show,TV-PG,Teens,2018,International TV Shows
s8252,Movie,R,Adults,2018,Dramas
s8252,Movie,R,Adults,2018,Independent Movies
s8253,Movie,TV-14,Teens,2019,Comedies
s8253,Movie,TV-14,Teens,2019,Romantic Movies
s8254,Movie,PG-13,Adults,2019,Comedies
s8254,Movie,PG-13,Adults,2019,Dramas
s8254,Movie,PG-13,Adults,2019,Independent Movies
s8255,Movie,TV-MA,Adults,2019,Dramas
s8255,Movie,TV-MA,Adults,2019,International Movies
s8255,Movie,TV-MA,Adults,2019,Sci-Fi & Fantasy
s8256,Movie,TV-14,Teens,2019,Comedies
s8256,Movie,TV-14,Teens,2019,International Movies
s8256,Movie,TV-14,Teens,2019,Thrillers
s8257,Movie,R,Adults,2020,Horror Movies
s8257,Movie,R,Adults,2020,Thrillers
s8258,TV Show,TV-14,Teens,2017,International TV Shows
s8258,TV Show,TV-14,Teens,2017,Korean TV Shows
s8258,TV Show,TV-14,Teens,2017,TV Comedies
s8259,Movie,PG,Teens,2019,Children & Family Movies
s8259,Movie,PG,Teens,2019,Comedies
s8260,Movie,R,Adults,2019,Action & Adventure
s8260,Movie,R,Adults,2019,Cult Movies
s8260,Movie,R,Adults,2019,Sci-Fi & Fantasy
s8261,Movie,TV-PG,Teens,2019,Comedies
s8261,Movie,TV-PG,Teens,2019,Cult Movies
s8261,Movie,TV-PG,Teens,2019,International Movies
s8262,Movie,R,Adults,2020,Classic Movies
s8262,Movie,R,Adults,2020,Independent Movies
s8262,Movie,R,Adults,2020,Thrillers
s8263,TV Show,TV-PG,Teens,2019,Docuseries
s8263,TV Show,TV-PG,Teens,2019,Science & Nature TV
s8264,Movie,R,Adults,2017,Comedies
s8265,Movie,TV-14,Teens,2018,Dramas
s8265,Movie,TV-14,Teens,2018,International Movies
s8266,Movie,TV-MA,Adults,2018,Dramas
s8266,Movie,TV-MA,Adults,2018,International Movies
s8266,Movie,TV-MA,Adults,2018,Romantic Movies
s8267,Movie,PG,Teens,2019,Children & Family Movies
s8268,Movie,TV-MA,Adults,2019,Dramas
s8268,Movie,TV-MA,Adults,2019,International Movies
s8269,Movie,TV-MA,Adults,2018,Action & Adventure
s8269,Movie,TV-MA,Adults,2018,Independent Movies
s8269,Movie,TV-MA,Adults,2018,International Movies
s8270,Movie,TV-MA,Adults,2017,Dramas
s8271,Movie,TV-MA,Adults,2019,Documentaries
s8271,Movie,TV-MA,Adults,2019,Sports Movies
s8272,TV Show,TV-Y7,Kids,2015,Kids' TV
s8272,TV Show,TV-Y7,Kids,2015,TV Comedies
s8273,Movie,R,Adults,2021,Dramas
s8273,Movie,R,Adults,2021,Thrillers
s8274,Movie,TV-14,Teens,2018,Dramas
s8274,Movie,TV-14,Teens,2018,International Movies
s8275,Movie,TV-14,Teens,2019,Horror Movies
s8275,Movie,TV-14,Teens,2019,Thrillers
s8276,Movie,TV-PG,Teens,2018,Documentaries
s8276,Movie,TV-PG,Teens,2018,Horror Movies
s8277,Movie,R,Adults,2019,Horror Movies
s8277,Movie,R,Adults,2019,Thrillers
s8278,TV Show,TV-14,Teens,2019,Anime Series
s8279,Movie,TV-14,Teens,2019,Documentaries
s8280,Movie,TV-MA,Adults,2018,Horror Movies
s8280,Movie,TV-MA,Adults,2018,Sci-Fi & Fantasy
s8280,Movie,TV-MA,Adults,2018,Thrillers
s8281,Movie,TV-PG,Teens,2018,Dramas
s8281,Movie,TV-PG,Teens,2018,International Movies
s8282,Movie,TV-MA,Adults,2017,Thrillers
s8283,TV Show,TV-MA,Adults,2018,International TV Shows
s8283,TV Show,TV-MA,Adults,2018,TV Comedies
s8284,Movie,R,Adults,2019,Dramas
s8285,Movie,PG-13,Adults,2020,Action & Adventure
s8285,Movie,PG-13,Adults,2020,Comedies
s8286,Movie,R,Adults,2020,Action & Adventure
s8286,Movie,R,Adults,2020,Comedies
s8287,Movie,TV-MA,Adults,2017,Dramas
s8287,Movie,TV-MA,Adults,2017,International Movies
s8288,TV Show,TV-PG,Teens,2018,Docuseries
s8289,Movie,R,Adults,2018,Dramas
s8289,Movie,R,Adults,2018,Independent Movies
s8290,Movie,TV-MA,Adults,2018,Independent Movies
s8290,Movie,TV-MA,Adults,2018,Sci-Fi & Fantasy
s8290,Movie,TV-MA,Adults,2018,Thrillers
s8291,Movie,TV-MA,Adults,2020,Classic Movies
s8291,Movie,TV-MA,Adults,2020,Cult Movies
s8291,Movie,TV-MA,Adults,2020,Horror Movies
s8292,Movie,R,Adults,2019,Dramas
s8292,Movie,R,Adults,2019,Romantic Movies
s8293,Movie,R,Adults,2017,Horror Movies
s8293,Movie,R,Adults,2017,Independent Movies
s8294,TV Show,TV-MA,Adults,2017,British TV Shows
s8294,TV Show,TV-MA,Adults,2017,Crime TV Shows
s8294,TV Show,TV-MA,Adults,2017,TV Dramas
s8295,Movie,TV-MA,Adults,2016,Documentaries
s8295,Movie,TV-MA,Adults,2016,International Movies
s8296,Movie,TV-MA,Adults,2018,Comedies
s8296,Movie,TV-MA,Adults,2018,Independent Movies
s8296,Movie,TV-MA,Adults,2018,LGBTQ Movies
s8297,Movie,R,Adults,2019,Dramas
s8297,Movie,R,Adults,2019,Sports Movies
s8298,Movie,TV-14,Teens,2019,Horror Movies
s8298,Movie,TV-14,Teens,2019,International Movies
s8298,Movie,TV-14,Teens,2019,Thrillers
s8299,Movie,R,Adults,2020,Horror Movies
s8300,Movie,TV-14,Teens,2016,Dramas
s8300,Movie,TV-14,Teens,2016,Independent Movies
s8301,Movie,TV-MA,Adults,2019,Comedies
s8301,Movie,TV-MA,Adults,2019,International Movies
s8302,Movie,PG,Teens,2019,Comedies
s8303,TV Show,TV-MA,Adults,2017,British TV Shows
s8303,TV Show,TV-MA,Adults,2017,Crime TV Shows
s8303,TV Show,TV-MA,Adults,2017,TV Dramas
s8304,Movie,R,Adults,2018,Action & Adventure
s8304,Movie,R,Adults,2018,Cult Movies
s8304,Movie,R,Adults,2018,International Movies
s8305,Movie,PG,Teens,2019,Children & Family Movies
s8305,Movie,PG,Teens,2019,Comedies
s8306,Movie,PG,Teens,2019,Children & Family Movies
s8306,Movie,PG,Teens,2019,Comedies
s8306,Movie,PG,Teens,2019,Romantic Movies
s8307,Movie,TV-MA,Adults,2018,Action & Adventure
s8307,Movie,TV-MA,Adults,2018,Dramas
s8307,Movie,TV-MA,Adults,2018,International Movies
s8308,Movie,PG-13,Adults,2019,Action & Adventure
s8308,Movie,PG-13,Adults,2019,Sci-Fi & Fantasy
s8309,Movie,TV-MA,Adults,2018,Documentaries
s8310,Movie,R,Adults,2020,Action & Adventure
s8310,Movie,R,Adults,2020,International Movies
s8311,Movie,TV-MA,Adults,2017,Horror Movies
s8312,TV Show,TV-14,Teens,2017,TV Dramas
s8313,Movie,PG-13,Adults,2020,Dramas
s8314,Movie,TV-PG,Teens,2017,Documentaries
s8314,Movie,TV-PG,Teens,2017,Sports Movies
s8315,Movie,R,Adults,2020,Dramas
s8315,Movie,R,Adults,2020,Thrillers
s8316,TV Show,TV-Y,Kids,2017,British TV Shows
s8316,TV Show,TV-Y,Kids,2017,Kids' TV
s8317,TV Show,TV-PG,Teens,2016,Docuseries
s8317,TV Show,TV-PG,Teens,2016,International TV Shows
s8317,TV Show,TV-PG,Teens,2016,Science & Nature TV
s8318,Movie,TV-14,Teens,2018,Comedies
s8318,Movie,TV-14,Teens,2018,Dramas
s8318,Movie,TV-14,Teens,2018,International Movies
s8319,Movie,TV-MA,Adults,2019,Documentaries
s8319,Movie,TV-MA,Adults,2019,Sports Movies
s8320,Movie,TV-MA,Adults,2020,Dramas
s8320,Movie,TV-MA,Adults,2020,Independent Movies
s8320,Movie,TV-MA,Adults,2020,Thrillers
s8321,Movie,R,Adults,2021,Dramas
s8321,Movie,R,Adults,2021,Thrillers
s8322,TV Show,TV-G,Kids,2017,Docuseries
s8322,TV Show,TV-G,Kids,2017,International TV Shows
s8323,Movie,TV-MA,Adults,2019,Horror Movies
s8323,Movie,TV-MA,Adults,2019,Independent Movies
s8323,Movie,TV-MA,Adults,2019,International Movies
s8324,Movie,PG-13,Adults,2018,Comedies
s8324,Movie,PG-13,Adults,2018,Dramas
s8324,Movie,PG-13,Adults,2018,Romantic Movies
s8325,Movie,TV-MA,Adults,2016,Dramas
s8325,Movie,TV-MA,Adults,2016,Independent Movies
s8325,Movie,TV-MA,Adults,2016,Thrillers
s8326,Movie,R,Adults,2019,Comedies
s8327,Movie,TV-14,Teens,2018,Dramas
s8327,Movie,TV-14,Teens,2018,Faith & Spirituality
s8328,Movie,TV-14,Teens,2018,Dramas
s8328,Movie,TV-14,Teens,2018,Faith & Spirituality
s8329,Movie,TV-14,Teens,2018,Dramas
s8329,Movie,TV-14,Teens,2018,Faith & Spirituality
s8330,Movie,TV-14,Teens,2018,Dramas
s8330,Movie,TV-14,Teens,2018,Faith & Spirituality
s8331,Movie,TV-MA,Adults,2019,Action & Adventure
s8331,Movie,TV-MA,Adults,2019,Dramas
s8331,Movie,TV-MA,Adults,2019,International Movies
s8332,TV Show,TV-PG,Teens,2018,British TV Shows
s8332,TV Show,TV-PG,Teens,2018,Reality TV
s8333,Movie,TV-14,Teens,2019,Action & Adventure
s8333,Movie,TV-14,Teens,2019,Classic Movies
s8333,Movie,TV-14,Teens,2019,Cult Movies
s8334,Movie,R,Adults,2019,Action & Adventure
s8334,Movie,R,Adults,2019,Dramas
s8335,TV Show,NR,Unrated,2017,British TV Shows
s8335,TV Show,NR,Unrated,2017,Crime TV Shows
s8335,TV Show,NR,Unrated,2017,International TV Shows
s8336,Movie,PG-13,Adults,2020,Action & Adventure
s8336,Movie,PG-13,Adults,2020,Comedies
s8337,TV Show,TV-MA,Adults,2019,TV Comedies
s8338,Movie,R,Adults,2017,Horror Movies
s8339,Movie,PG-13,Adults,2018,Horror Movies
s8339,Movie,PG-13,Adults,2018,Thrillers
s8340,Movie,TV-14,Teens,2020,Children & Family Movies
s8340,Movie,TV-14,Teens,2020,Dramas
s8340,Movie,TV-14,Teens,2020,Faith & Spirituality
s8341,Movie,TV-MA,Adults,2019,Documentaries
s8342,Movie,PG-13,Adults,2020,Dramas
s8343,Movie,TV-MA,Adults,2019,Horror Movies
s8344,Movie,TV-MA,Adults,2016,Dramas
s8344,Movie,TV-MA,Adults,2016,International Movies
s8345,Movie,TV-MA,Adults,2018,Dramas
s8345,Movie,TV-MA,Adults,2018,Independent Movies
s8346,Movie,R,Adults,2017,Action & Adventure
s8347,Movie,TV-14,Teens,2018,Comedies
s8347,Movie,TV-14,Teens,2018,Faith & Spirituality
s8347,Movie,TV-14,Teens,2018,International Movies
s8348,TV Show,TV-PG,Teens,2017,International TV Shows
s8348,TV Show,TV-PG,Teens,2017,Korean TV Shows
s8348,TV Show,TV-PG,Teens,2017,Reality TV
s8349,Movie,TV-14,Teens,2017,Documentaries
s8350,TV Show,TV-PG,Teens,2017,International TV Shows
s8350,TV Show,TV-PG,Teens,2017,Reality TV
s8351,Movie,TV-PG,Teens,2017,Documentaries
s8351,Movie,TV-PG,Teens,2017,International Movies
s8351,Movie,TV-PG,Teens,2017,Music & Musicals
s8352,Movie,R,Adults,2018,Action & Adventure
s8352,Movie,R,Adults,2018,Sci-Fi & Fantasy
s8353,Movie,PG,Teens,2019,Comedies
s8353,Movie,PG,Teens,2019,Dramas
s8354,TV Show,TV-PG,Teens,2017,British TV Shows
s8354,TV Show,TV-PG,Teens,2017,Docuseries
s8354,TV Show,TV-PG,Teens,2017,Science & Nature TV
s8355,Movie,PG-13,Adults,2018,Action & Adventure
s8356,Movie,PG-13,Adults,2017,Documentaries
s8356,Movie,PG-13,Adults,2017,Sports Movies
s8357,Movie,PG-13,Adults,2019,Action & Adventure
s8357,Movie,PG-13,Adults,2019,Sci-Fi & Fantasy
s8358,TV Show,TV-MA,Adults,2018,British TV Shows
s8358,TV Show,TV-MA,Adults,2018,TV Comedies
s8359,Movie,TV-MA,Adults,2017,International Movies
s8359,Movie,TV-MA,Adults,2017,Sci-Fi & Fantasy
s8359,Movie,TV-MA,Adults,2017,Thrillers
s8360,Movie,TV-G,Kids,2019,Children & Family Movies
s8361,Movie,PG,Teens,2019,Children & Family Movies
s8361,Movie,PG,Teens,2019,Comedies
s8362,Movie,PG,Teens,2020,Children & Family Movies
s8362,Movie,PG,Teens,2020,Dramas
s8363,Movie,R,Adults,2018,Comedies
s8363,Movie,R,Adults,2018,Dramas
s8364,Movie,TV-MA,Adults,2017,Dramas
s8364,Movie,TV-MA,Adults,2017,International Movies
s8364,Movie,TV-MA,Adults,2017,Thrillers
s8365,Movie,TV-MA,Adults,2019,Dramas
s8365,Movie,TV-MA,Adults,2019,International Movies
s8366,Movie,PG-13,Adults,2020,Comedies
s8366,Movie,PG-13,Adults,2020,Romantic Movies
s8367,TV Show,TV-MA,Adults,2020,British TV Shows
s8367,TV Show,TV-MA,Adults,2020,Crime TV Shows
s8367,TV Show,TV-MA,Adults,2020,Docuseries
s8368,Movie,TV-MA,Adults,2016,Horror Movies
s8368,Movie,TV-MA,Adults,2016,Independent Movies
s8368,Movie,TV-MA,Adults,2016,Thrillers
s8369,TV Show,TV-MA,Adults,2016,Crime TV Shows
s8369,TV Show,TV-MA,Adults,2016,Docuseries
s8370,Movie,PG-13,Adults,2019,Dramas
s8370,Movie,PG-13,Adults,2019,International Movies
s8371,Movie,TV-14,Teens,2018,Documentaries
s8371,Movie,TV-14,Teens,2018,International Movies
s8372,TV Show,TV-PG,Teens,2017,Docuseries
s8372,TV Show,TV-PG,Teens,2017,International TV Shows
s8372,TV Show,TV-PG,Teens,2017,Spanish-Language TV Shows
s8373,Movie,PG-13,Adults,2019,Comedies
s8373,Movie,PG-13,Adults,2019,Dramas
s8373,Movie,PG-13,Adults,2019,Romantic Movies
s8374,TV Show,TV-Y7,Kids,2019,Kids' TV
s8375,Movie,TV-PG,Teens,2018,Dramas
s8375,Movie,TV-PG,Teens,2018,International Movies
s8376,Movie,PG-13,Adults,2018,Dramas
s8376,Movie,PG-13,Adults,2018,Thrillers
s8377,TV Show,TV-PG,Teens,2019,Reality TV
s8378,Movie,R,Adults,2018,Dramas
s8378,Movie,R,Adults,2018,International Movies
s8379,TV Show,TV-MA,Adults,2018,Romantic TV Shows
s8379,TV Show,TV-MA,Adults,2018,TV Dramas
s8380,TV Show,TV-MA,Adults,2018,International TV Shows
s8380,TV Show,TV-MA,Adults,2018,Korean TV Shows
s8380,TV Show,TV-MA,Adults,2018,TV Dramas
s8381,Movie,PG,Teens,2019,Dramas
s8381,Movie,PG,Teens,2019,Romantic Movies
s8381,Movie,PG,Teens,2019,Sci-Fi & Fantasy
s8382,Movie,PG,Teens,2018,Children & Family Movies
s8382,Movie,PG,Teens,2018,Faith & Spirituality
s8383,Movie,TV-MA,Adults,2017,Documentaries
s8383,Movie,TV-MA,Adults,2017,International Movies
s8384,Movie,R,Adults,2016,Classic Movies
s8384,Movie,R,Adults,2016,Dramas
s8385,Movie,PG-13,Adults,2019,Horror Movies
s8385,Movie,PG-13,Adults,2019,Independent Movies
s8385,Movie,PG-13,Adults,2019,Thrillers
s8386,Movie,R,Adults,2020,Dramas
s8387,Movie,TV-MA,Adults,2018,Comedies
s8387,Movie,TV-MA,Adults,2018,International Movies
s8388,Movie,TV-PG,Teens,2016,Documentaries
s8389,Movie,TV-14,Teens,2019,Documentaries
s8390,Movie,PG,Teens,2019,Dramas
s8390,Movie,PG,Teens,2019,Sports Movies
s8391,Movie,TV-MA,Adults,2017,Documentaries
s8392,Movie,TV-14,Teens,2019,Comedies
s8392,Movie,TV-14,Teens,2019,Dramas
s8392,Movie,TV-14,Teens,2019,International Movies
s8393,TV Show,TV-14,Teens,2017,Crime TV Shows
s8393,TV Show,TV-14,Teens,2017,International TV Shows
s8393,TV Show,TV-14,Teens,2017,TV Dramas
s8394,Movie,R,Adults,2018,Comedies
s8394,Movie,R,Adults,2018,Independent Movies
s8395,Movie,PG,Teens,2018,Children & Family Movies
s8395,Movie,PG,Teens,2018,Dramas
s8396,Movie,PG,Teens,2020,Children & Family Movies
s8397,Movie,R,Adults,2019,Dramas
s8397,Movie,R,Adults,2019,International Movies
s8397,Movie,R,Adults,2019,Thrillers
s8398,TV Show,TV-14,Teens,2016,Crime TV Shows
s8398,TV Show,TV-14,Teens,2016,TV Dramas
s8398,TV Show,TV-14,Teens,2016,TV Thrillers
s8399,Movie,R,Adults,2018,Comedies
s8399,Movie,R,Adults,2018,International Movies
s8399,Movie,R,Adults,2018,Romantic Movies
s8400,Movie,R,Adults,2018,Horror Movies
s8400,Movie,R,Adults,2018,International Movies
s8401,Movie,TV-PG,Teens,2019,Documentaries
s8401,Movie,TV-PG,Teens,2019,Faith & Spirituality
s8402,Movie,R,Adults,2019,Classic Movies
s8402,Movie,R,Adults,2019,Comedies
s8402,Movie,R,Adults,2019,Sports Movies
s8403,Movie,PG,Teens,2019,Comedies
s8403,Movie,PG,Teens,2019,Dramas
s8403,Movie,PG,Teens,2019,Sports Movies
s8404,Movie,PG-13,Adults,2016,Documentaries
s8404,Movie,PG-13,Adults,2016,International Movies
s8405,Movie,PG-13,Adults,2020,Action & Adventure
s8405,Movie,PG-13,Adults,2020,Sci-Fi & Fantasy
s8406,Movie,PG-13,Adults,2020,Action & Adventure
s8406,Movie,PG-13,Adults,2020,Sci-Fi & Fantasy
s8407,Movie,PG-13,Adults,2019,Comedies
s8407,Movie,PG-13,Adults,2019,Sports Movies
s8408,Movie,TV-14,Teens,2017,Documentaries
s8408,Movie,TV-14,Teens,2017,International Movies
s8409,Movie,TV-14,Teens,2019,Dramas
s8409,Movie,TV-14,Teens,2019,International Movies
s8410,Movie,TV-14,Teens,2018,Comedies
s8410,Movie,TV-14,Teens,2018,International Movies
s8410,Movie,TV-14,Teens,2018,Sci-Fi & Fantasy
s8411,Movie,TV-PG,Teens,2018,Documentaries
s8412,TV Show,TV-PG,Teens,2016,British TV Shows
s8412,TV Show,TV-PG,Teens,2016,Docuseries
s8412,TV Show,TV-PG,Teens,2016,Science & Nature TV
s8413,Movie,TV-14,Teens,2018,Documentaries
s8413,Movie,TV-14,Teens,2018,Music & Musicals
s8414,Movie,PG-13,Adults,2020,Action & Adventure
s8414,Movie,PG-13,Adults,2020,Romantic Movies
s8415,Movie,R,Adults,2019,Action & Adventure
s8415,Movie,R,Adults,2019,Sci-Fi & Fantasy
s8416,Movie,R,Adults,2019,Action & Adventure
s8416,Movie,R,Adults,2019,Sci-Fi & Fantasy
s8417,Movie,R,Adults,2019,Action & Adventure
s8417,Movie,R,Adults,2019,Sci-Fi & Fantasy
s8418,Movie,TV-14,Teens,2019,Documentaries
s8419,Movie,TV-MA,Adults,2017,Dramas
s8419,Movie,TV-MA,Adults,2017,International Movies
s8420,Movie,TV-PG,Teens,2017,Classic Movies
s8420,Movie,TV-PG,Teens,2017,Documentaries
s8421,Movie,R,Adults,2019,Comedies
s8422,TV Show,TV-14,Teens,2016,TV Dramas
s8422,TV Show,TV-14,Teens,2016,TV Mysteries
s8422,TV Show,TV-14,Teens,2016,TV Sci-Fi & Fantasy
s8423,TV Show,TV-PG,Teens,2017,Docuseries
s8424,TV Show,TV-G,Kids,2018,Kids' TV
s8424,TV Show,TV-G,Kids,2018,TV Comedies
s8425,TV Show,TV-MA,Adults,2018,International TV Shows
s8425,TV Show,TV-MA,Adults,2018,Spanish-Language TV Shows
s8425,TV Show,TV-MA,Adults,2018,TV Action & Adventure
s8426,Movie,TV-MA,Adults,2016,Dramas
s8426,Movie,TV-MA,Adults,2016,Independent Movies
s8426,Movie,TV-MA,Adults,2016,International Movies
s8427,Movie,R,Adults,2019,Horror Movies
s8427,Movie,R,Adults,2019,Independent Movies
s8428,Movie,TV-MA,Adults,2015,Dramas
s8429,TV Show,TV-MA,Adults,2018,Docuseries
s8430,TV Show,TV-MA,Adults,2017,International TV Shows
s8430,TV Show,TV-MA,Adults,2017,TV Comedies
s8430,TV Show,TV-MA,Adults,2017,TV Dramas
s8431,Movie,PG,Teens,2020,Children & Family Movies
s8431,Movie,PG,Teens,2020,Comedies
s8432,TV Show,TV-MA,Adults,2017,British TV Shows
s8432,TV Show,TV-MA,Adults,2017,Crime TV Shows
s8432,TV Show,TV-MA,Adults,2017,Docuseries
s8433,Movie,TV-PG,Teens,2018,Dramas
s8433,Movie,TV-PG,Teens,2018,International Movies
s8433,Movie,TV-PG,Teens,2018,Music & Musicals
s8434,Movie,PG-13,Adults,2020,Comedies
s8435,Movie,PG-13,Adults,2021,Comedies
s8435,Movie,PG-13,Adults,2021,Cult Movies
s8436,Movie,PG,Teens,2020,Classic Movies
s8436,Movie,PG,Teens,2020,Dramas
s8436,Movie,PG,Teens,2020,Sports Movies
s8437,Movie,TV-14,Teens,2017,Classic Movies
s8437,Movie,TV-14,Teens,2017,Documentaries
s8438,TV Show,TV-MA,Adults,2021,Stand-Up Comedy & Talk Shows
s8438,TV Show,TV-MA,Adults,2021,TV Comedies
s8439,Movie,TV-MA,Adults,2019,Comedies
s8439,Movie,TV-MA,Adults,2019,Independent Movies
s8439,Movie,TV-MA,Adults,2019,Romantic Movies
s8440,TV Show,TV-14,Teens,2018,Docuseries
s8441,Movie,TV-14,Teens,2016,Documentaries
s8441,Movie,TV-14,Teens,2016,International Movies
s8442,Movie,PG,Teens,2019,Children & Family Movies
s8443,TV Show,TV-14,Teens,2016,TV Comedies
s8444,Movie,R,Adults,2019,Comedies
s8444,Movie,R,Adults,2019,Dramas
s8444,Movie,R,Adults,2019,Independent Movies
s8445,Movie,TV-PG,Teens,2019,Comedies
s8445,Movie,TV-PG,Teens,2019,International Movies
s8446,Movie,PG-13,Adults,2020,Action & Adventure
s8446,Movie,PG-13,Adults,2020,Comedies
s8447,Movie,R,Adults,2018,Action & Adventure
s8447,Movie,R,Adults,2018,Comedies
s8448,Movie,NR,Unrated,2019,Dramas
s8448,Movie,NR,Unrated,2019,Independent Movies
s8448,Movie,NR,Unrated,2019,LGBTQ Movies
s8449,Movie,R,Adults,2020,Action & Adventure
s8450,Movie,PG-13,Adults,2019,Dramas
s8450,Movie,PG-13,Adults,2019,Thrillers
s8451,Movie,TV-14,Teens,2018,Documentaries
s8451,Movie,TV-14,Teens,2018,International Movies
s8451,Movie,TV-14,Teens,2018,Sports Movies
s8452,Movie,PG-13,Adults,2020,Comedies
s8452,Movie,PG-13,Adults,2020,Dramas
s8453,Movie,PG-13,Adults,2019,Dramas
s8453,Movie,PG-13,Adults,2019,Music & Musicals
s8453,Movie,PG-13,Adults,2019,Romantic Movies
s8454,Movie,R,Adults,2015,Action & Adventure
s8454,Movie,R,Adults,2015,Dramas
s8454,Movie,R,Adults,2015,International Movies
s8455,Movie,PG,Teens,2019,Children & Family Movies
s8455,Movie,PG,Teens,2019,Comedies
s8456,Movie,G,Kids,2014,Children & Family Movies
s8457,Movie,R,Adults,2018,Dramas
s8458,Movie,PG,Teens,2020,Children & Family Movies
s8458,Movie,PG,Teens,2020,Comedies
s8459,Movie,R,Adults,2017,Dramas
s8459,Movie,R,Adults,2017,Independent Movies
s8460,Movie,TV-MA,Adults,2018,Dramas
s8460,Movie,TV-MA,Adults,2018,International Movies
s8460,Movie,TV-MA,Adults,2018,Thrillers
s8461,Movie,TV-MA,Adults,2019,Comedies
s8461,Movie,TV-MA,Adults,2019,International Movies
s8462,Movie,G,Kids,2021,Children & Family Movies
s8463,Movie,TV-14,Teens,2018,Documentaries
s8464,Movie,TV-MA,Adults,2017,Comedies
s8464,Movie,TV-MA,Adults,2017,Dramas
s8464,Movie,TV-MA,Adults,2017,International Movies
s8465,Movie,R,Adults,2019,Action & Adventure
s8466,Movie,PG,Teens,2020,Comedies
s8466,Movie,PG,Teens,2020,Romantic Movies
s8467,Movie,G,Kids,2019,Children & Family Movies
s8468,Movie,TV-MA,Adults,2017,Action & Adventure
s8468,Movie,TV-MA,Adults,2017,Dramas
s8468,Movie,TV-MA,Adults,2017,International Movies
s8469,Movie,TV-14,Teens,2019,Documentaries
s8470,Movie,PG-13,Adults,2019,Dramas
s8471,Movie,TV-MA,Adults,2019,Documentaries
s8471,Movie,TV-MA,Adults,2019,Sports Movies
s8472,TV Show,TV-PG,Teens,2016,Docuseries
s8472,TV Show,TV-PG,Teens,2016,Science & Nature TV
s8473,Movie,TV-PG,Teens,2018,Children & Family Movies
s8473,Movie,TV-PG,Teens,2018,Dramas
s8473,Movie,TV-PG,Teens,2018,International Movies
s8474,Movie,PG-13,Adults,2019,Dramas
s8474,Movie,PG-13,Adults,2019,Thrillers
s8475,TV Show,TV-14,Teens,2019,Reality TV
s8476,Movie,TV-PG,Teens,2017,Documentaries
s8476,Movie,TV-PG,Teens,2017,International Movies
s8477,TV Show,TV-MA,Adults,2017,British TV Shows
s8477,TV Show,TV-MA,Adults,2017,Docuseries
s8477,TV Show,TV-MA,Adults,2017,International TV Shows
s8478,Movie,TV-PG,Teens,2017,Documentaries
s8478,Movie,TV-PG,Teens,2017,Sports Movies
s8479,Movie,TV-MA,Adults,2019,Documentaries
s8479,Movie,TV-MA,Adults,2019,Sports Movies
s8480,Movie,TV-14,Teens,2018,Documentaries
s8480,Movie,TV-14,Teens,2018,Sports Movies
s8481,Movie,TV-MA,Adults,2018,Dramas
s8481,Movie,TV-MA,Adults,2018,Independent Movies
s8481,Movie,TV-MA,Adults,2018,International Movies
s8482,Movie,TV-14,Teens,2019,Dramas
s8482,Movie,TV-14,Teens,2019,International Movies
s8483,TV Show,TV-MA,Adults,2019,International TV Shows
s8483,TV Show,TV-MA,Adults,2019,TV Dramas
s8483,TV Show,TV-MA,Adults,2019,TV Horror
s8484,Movie,TV-MA,Adults,2017,Horror Movies
s8484,Movie,TV-MA,Adults,2017,International Movies
s8485,Movie,TV-MA,Adults,2018,Horror Movies
s8485,Movie,TV-MA,Adults,2018,Independent Movies
s8485,Movie,TV-MA,Adults,2018,Sci-Fi & Fantasy
s8486,Movie,TV-14,Teens,2019,Dramas
s8486,Movie,TV-14,Teens,2019,International Movies
s8486,Movie,TV-14,Teens,2019,Romantic Movies
s8487,Movie,PG-13,Adults,2020,Horror Movies
s8487,Movie,PG-13,Adults,2020,Thrillers
s8488,Movie,R,Adults,2017,Dramas
s8488,Movie,R,Adults,2017,International Movies
s8489,Movie,NR,Unrated,2017,Dramas
s8489,Movie,NR,Unrated,2017,Independent Movies
s8490,Movie,PG-13,Adults,2018,Action & Adventure
s8491,TV Show,TV-14,Teens,2018,International TV Shows
s8491,TV Show,TV-14,Teens,2018,TV Dramas
s8492,Movie,TV-MA,Adults,2019,Documentaries
s8492,Movie,TV-MA,Adults,2019,International Movies
s8492,Movie,TV-MA,Adults,2019,Music & Musicals
s8493,Movie,PG-13,Adults,2020,Thrillers
s8494,Movie,R,Adults,2018,International Movies
s8494,Movie,R,Adults,2018,Thrillers
s8495,Movie,R,Adults,2019,Comedies
s8495,Movie,R,Adults,2019,Dramas
s8496,Movie,R,Adults,2017,Dramas
s8496,Movie,R,Adults,2017,Independent Movies
s8497,Movie,R,Adults,2017,Dramas
s8497,Movie,R,Adults,2017,Independent Movies
s8497,Movie,R,Adults,2017,International Movies
s8498,Movie,PG-13,Adults,2019,Comedies
s8498,Movie,PG-13,Adults,2019,Dramas
s8498,Movie,PG-13,Adults,2019,Independent Movies
s8499,Movie,R,Adults,2019,Dramas
s8499,Movie,R,Adults,2019,Thrillers
s8500,Movie,PG-13,Adults,2018,Dramas
s8501,Movie,TV-G,Kids,2018,Documentaries
s8502,Movie,PG,Teens,2019,Children & Family Movies
s8502,Movie,PG,Teens,2019,Comedies
s8503,Movie,R,Adults,2017,Documentaries
s8504,TV Show,TV-PG,Teens,2018,Docuseries
s8505,Movie,TV-MA,Adults,2018,Comedies
s8505,Movie,TV-MA,Adults,2018,International Movies
s8505,Movie,TV-MA,Adults,2018,Music & Musicals
s8506,Movie,TV-MA,Adults,2020,Dramas
s8507,Movie,TV-14,Teens,2020,Classic Movies
s8507,Movie,TV-14,Teens,2020,Comedies
s8507,Movie,TV-14,Teens,2020,Independent Movies
s8508,Movie,PG-13,Adults,2018,Sci-Fi & Fantasy
s8508,Movie,PG-13,Adults,2018,Thrillers
s8509,Movie,NR,Unrated,2017,Horror Movies
s8509,Movie,NR,Unrated,2017,Independent Movies
s8509,Movie,NR,Unrated,2017,International Movies
s8510,Movie,TV-14,Teens,2018,Dramas
s8510,Movie,TV-14,Teens,2018,International Movies
s8510,Movie,TV-14,Teens,2018,Romantic Movies
s8511,TV Show,TV-MA,Adults,2018,Crime TV Shows
s8511,TV Show,TV-MA,Adults,2018,International TV Shows
s8511,TV Show,TV-MA,Adults,2018,TV Dramas
s8512,Movie,PG-13,Adults,2020,Dramas
s8513,Movie,PG-13,Adults,2019,Action & Adventure
s8513,Movie,PG-13,Adults,2019,Romantic Movies
s8513,Movie,PG-13,Adults,2019,Sci-Fi & Fantasy
s8514,Movie,R,Adults,2018,Dramas
s8514,Movie,R,Adults,2018,Independent Movies
s8514,Movie,R,Adults,2018,Romantic Movies
s8515,Movie,TV-MA,Adults,2019,Dramas
s8515,Movie,TV-MA,Adults,2019,Independent Movies
s8515,Movie,TV-MA,Adults,2019,International Movies
s8516,Movie,PG,Teens,2020,Action & Adventure
s8516,Movie,PG,Teens,2020,Children & Family Movies
s8516,Movie,PG,Teens,2020,Comedies
s8517,Movie,TV-MA,Adults,2019,Documentaries
s8517,Movie,TV-MA,Adults,2019,International Movies
s8518,Movie,R,Adults,2017,Dramas
s8518,Movie,R,Adults,2017,Independent Movies
s8518,Movie,R,Adults,2017,Thrillers
s8519,TV Show,TV-14,Teens,2019,Docuseries
s8520,TV Show,TV-14,Teens,2019,Docuseries
s8521,Movie,TV-14,Teens,2019,Thrillers
s8522,Movie,TV-MA,Adults,2017,Documentaries
s8522,Movie,TV-MA,Adults,2017,International Movies
s8523,Movie,R,Adults,2019,Horror Movies
s8524,TV Show,TV-Y7,Kids,2016,Kids' TV
s8525,Movie,TV-14,Teens,2018,Documentaries
s8526,Movie,R,Adults,2019,Action & Adventure
s8527,Movie,R,Adults,2020,Dramas
s8527,Movie,R,Adults,2020,Thrillers
s8528,Movie,R,Adults,2019,Cult Movies
s8528,Movie,R,Adults,2019,Horror Movies
s8528,Movie,R,Adults,2019,Independent Movies
s8529,Movie,TV-14,Teens,2019,Dramas
s8529,Movie,TV-14,Teens,2019,International Movies
s8530,Movie,TV-14,Teens,2018,Comedies
s8530,Movie,TV-14,Teens,2018,Dramas
s8530,Movie,TV-14,Teens,2018,Independent Movies
s8531,Movie,TV-G,Kids,2018,Documentaries
s8532,Movie,PG-13,Adults,2019,Action & Adventure
s8532,Movie,PG-13,Adults,2019,Sci-Fi & Fantasy
s8533,Movie,PG-13,Adults,2019,Dramas
s8533,Movie,PG-13,Adults,2019,Romantic Movies
s8533,Movie,PG-13,Adults,2019,Sci-Fi & Fantasy
s8534,TV Show,TV-MA,Adults,2018,Crime TV Shows
s8534,TV Show,TV-MA,Adults,2018,Docuseries
s8535,Movie,R,Adults,2019,Dramas
s8535,Movie,R,Adults,2019,Independent Movies
s8535,Movie,R,Adults,2019,Sports Movies
s8536,Movie,R,Adults,2018,Thrillers
s8537,Movie,TV-MA,Adults,2017,Comedies
s8538,Movie,R,Adults,2019,Thrillers
s8539,Movie,TV-14,Teens,2017,Documentaries
s8539,Movie,TV-14,Teens,2017,International Movies
s8540,TV Show,TV-MA,Adults,2018,TV Dramas
s8541,Movie,PG-13,Adults,2019,Action & Adventure
s8541,Movie,PG-13,Adults,2019,Comedies
s8542,TV Show,TV-14,Teens,2017,Classic & Cult TV
s8542,TV Show,TV-14,Teens,2017,TV Sci-Fi & Fantasy
s8543,Movie,R,Adults,2019,Comedies
s8543,Movie,R,Adults,2019,Romantic Movies
s8544,Movie,TV-MA,Adults,2018,Horror Movies
s8544,Movie,TV-MA,Adults,2018,International Movies
s8545,TV Show,TV-MA,Adults,2018,International TV Shows
s8545,TV Show,TV-MA,Adults,2018,TV Dramas
s8545,TV Show,TV-MA,Adults,2018,Teen TV Shows
s8546,TV Show,TV-14,Teens,2019,Docuseries
s8546,TV Show,TV-14,Teens,2019,Science & Nature TV
s8547,Movie,TV-MA,Adults,2017,Dramas
s8547,Movie,TV-MA,Adults,2017,International Movies
s8548,Movie,PG-13,Adults,2019,Documentaries
s8549,Movie,PG-13,Adults,2020,Horror Movies
s8549,Movie,PG-13,Adults,2020,Thrillers
s8550,TV Show,TV-MA,Adults,2018,Docuseries
s8551,Movie,TV-14,Teens,2019,Action & Adventure
s8551,Movie,TV-14,Teens,2019,Dramas
s8551,Movie,TV-14,Teens,2019,International Movies
s8552,TV Show,TV-14,Teens,2017,Docuseries
s8553,Movie,R,Adults,2019,Dramas
s8553,Movie,R,Adults,2019,International Movies
s8554,Movie,PG,Teens,2018,Children & Family Movies
s8555,Movie,PG-13,Adults,2017,Comedies
s8555,Movie,PG-13,Adults,2017,Sports Movies
s8556,Movie,TV-PG,Teens,2019,Horror Movies
s8556,Movie,TV-PG,Teens,2019,International Movies
s8557,Movie,TV-14,Teens,2019,Comedies
s8557,Movie,TV-14,Teens,2019,International Movies
s8557,Movie,TV-14,Teens,2019,Romantic Movies
s8558,TV Show,TV-14,Teens,2015,TV Dramas
s8559,Movie,R,Adults,2018,Horror Movies
s8559,Movie,R,Adults,2018,Independent Movies
s8560,Movie,TV-14,Teens,2019,Horror Movies
s8560,Movie,TV-14,Teens,2019,Thrillers
s8561,TV Show,TV-MA,Adults,2016,International TV Shows
s8561,TV Show,TV-MA,Adults,2016,Romantic TV Shows
s8561,TV Show,TV-MA,Adults,2016,TV Comedies
s8562,Movie,TV-MA,Adults,2017,Documentaries
s8562,Movie,TV-MA,Adults,2017,International Movies
s8563,Movie,TV-PG,Teens,2017,Comedies
s8563,Movie,TV-PG,Teens,2017,Dramas
s8563,Movie,TV-PG,Teens,2017,Faith & Spirituality
s8564,Movie,TV-MA,Adults,2018,Dramas
s8564,Movie,TV-MA,Adults,2018,International Movies
s8565,Movie,PG-13,Adults,2019,Action & Adventure
s8566,Movie,TV-PG,Teens,2019,Documentaries
s8567,Movie,TV-14,Teens,2019,Thrillers
s8568,TV Show,TV-PG,Teens,2016,International TV Shows
s8568,TV Show,TV-PG,Teens,2016,Romantic TV Shows
s8568,TV Show,TV-PG,Teens,2016,TV Comedies
s8569,Movie,TV-MA,Adults,2017,Comedies
s8569,Movie,TV-MA,Adults,2017,International Movies
s8570,Movie,TV-14,Teens,2018,Action & Adventure
s8570,Movie,TV-14,Teens,2018,Comedies
s8570,Movie,TV-14,Teens,2018,International Movies
s8571,Movie,TV-PG,Teens,2017,Documentaries
s8572,Movie,TV-14,Teens,2018,Dramas
s8572,Movie,TV-14,Teens,2018,International Movies
s8572,Movie,TV-14,Teens,2018,Romantic Movies
s8573,Movie,PG-13,Adults,2019,Documentaries
s8573,Movie,PG-13,Adults,2019,Music & Musicals
s8574,Movie,TV-14,Teens,2016,Documentaries
s8575,TV Show,TV-14,Teens,2019,International TV Shows
s8575,TV Show,TV-14,Teens,2019,TV Horror
s8575,TV Show,TV-14,Teens,2019,TV Mysteries
s8576,TV Show,TV-14,Teens,2017,International TV Shows
s8576,TV Show,TV-14,Teens,2017,Korean TV Shows
s8576,TV Show,TV-14,Teens,2017,Romantic TV Shows
s8577,Movie,TV-PG,Teens,2017,Comedies
s8577,Movie,TV-PG,Teens,2017,International Movies
s8577,Movie,TV-PG,Teens,2017,Romantic Movies
s8578,Movie,NR,Unrated,2015,Documentaries
s8578,Movie,NR,Unrated,2015,International Movies
s8578,Movie,NR,Unrated,2015,Music & Musicals
s8579,Movie,TV-MA,Adults,2017,Dramas
s8579,Movie,TV-MA,Adults,2017,Independent Movies
s8579,Movie,TV-MA,Adults,2017,International Movies
s8580,Movie,TV-MA,Adults,2018,Action & Adventure
s8580,Movie,TV-MA,Adults,2018,International Movies
s8580,Movie,TV-MA,Adults,2018,Sports Movies
s8581,Movie,PG-13,Adults,2018,Action & Adventure
s8581,Movie,PG-13,Adults,2018,Comedies
s8581,Movie,PG-13,Adults,2018,Sci-Fi & Fantasy
s8582,Movie,TV-Y7,Kids,2020,Children & Family Movies
s8583,Movie,NR,Unrated,2016,Dramas
s8583,Movie,NR,Unrated,2016,International Movies
s8584,Movie,NR,Unrated,2016,Dramas
s8584,Movie,NR,Unrated,2016,International Movies
s8585,Movie,TV-MA,Adults,2017,Action & Adventure
s8585,Movie,TV-MA,Adults,2017,International Movies
s8586,Movie,TV-14,Teens,2019,Comedies
s8586,Movie,TV-14,Teens,2019,Dramas
s8586,Movie,TV-14,Teens,2019,International Movies
s8587,Movie,TV-MA,Adults,2018,Dramas
s8587,Movie,TV-MA,Adults,2018,Thrillers
s8588,Movie,TV-PG,Teens,2017,Classic Movies
s8588,Movie,TV-PG,Teens,2017,Documentaries
s8589,TV Show,TV-14,Teens,2018,Crime TV Shows
s8589,TV Show,TV-14,Teens,2018,International TV Shows
s8589,TV Show,TV-14,Teens,2018,TV Dramas
s8590,Movie,TV-14,Teens,2017,Dramas
s8590,Movie,TV-14,Teens,2017,International Movies
s8590,Movie,TV-14,Teens,2017,Thrillers
s8591,Movie,TV-MA,Adults,2018,Dramas
s8591,Movie,TV-MA,Adults,2018,International Movies
s8592,Movie,TV-14,Teens,2018,Comedies
s8592,Movie,TV-14,Teens,2018,Dramas
s8592,Movie,TV-14,Teens,2018,International Movies
s8593,TV Show,TV-14,Teens,2017,International TV Shows
s8593,TV Show,TV-14,Teens,2017,TV Dramas
s8594,TV Show,TV-14,Teens,2018,Crime TV Shows
s8594,TV Show,TV-14,Teens,2018,Docuseries
s8594,TV Show,TV-14,Teens,2018,International TV Shows
s8595,Movie,G,Kids,2015,Children & Family Movies
s8596,Movie,TV-14,Teens,2019,Dramas
s8596,Movie,TV-14,Teens,2019,Independent Movies
s8596,Movie,TV-14,Teens,2019,Sci-Fi & Fantasy
s8597,TV Show,TV-Y,Kids,2017,Kids' TV
s8598,Movie,TV-14,Teens,2017,Documentaries
s8599,Movie,PG-13,Adults,2019,Comedies
s8599,Movie,PG-13,Adults,2019,Cult Movies
s8599,Movie,PG-13,Adults,2019,LGBTQ Movies
s8600,TV Show,TV-MA,Adults,2017,British TV Shows
s8600,TV Show,TV-MA,Adults,2017,Classic & Cult TV
s8600,TV Show,TV-MA,Adults,2017,TV Comedies
s8601,TV Show,TV-Y7,Kids,2019,Kids' TV
s8601,TV Show,TV-Y7,Kids,2019,Korean TV Shows
s8602,Movie,TV-14,Teens,2017,Documentaries
s8602,Movie,TV-14,Teens,2017,International Movies
s8602,Movie,TV-14,Teens,2017,Music & Musicals
s8603,Movie,TV-Y7,Kids,2019,Children & Family Movies
s8603,Movie,TV-Y7,Kids,2019,Comedies
s8604,Movie,PG-13,Adults,2019,Action & Adventure
s8605,TV Show,TV-14,Teens,2019,British TV Shows
s8605,TV Show,TV-14,Teens,2019,Docuseries
s8605,TV Show,TV-14,Teens,2019,Science & Nature TV
s8606,TV Show,TV-MA,Adults,2018,Reality TV
s8607,Movie,TV-14,Teens,2018,Dramas
s8607,Movie,TV-14,Teens,2018,Independent Movies
s8607,Movie,TV-14,Teens,2018,International Movies
s8608,Movie,PG-13,Adults,2020,Comedies
s8608,Movie,PG-13,Adults,2020,Dramas
s8608,Movie,PG-13,Adults,2020,Romantic Movies
s8609,Movie,NR,Unrated,2016,Comedies
s8610,TV Show,TV-MA,Adults,2017,International TV Shows
s8610,TV Show,TV-MA,Adults,2017,Reality TV
s8611,Movie,PG-13,Adults,2019,Action & Adventure
s8612,Movie,TV-MA,Adults,2019,Dramas
s8612,Movie,TV-MA,Adults,2019,Independent Movies
s8612,Movie,TV-MA,Adults,2019,International Movies
s8613,Movie,TV-MA,Adults,2018,Horror Movies
s8613,Movie,TV-MA,Adults,2018,International Movies
s8614,Movie,TV-MA,Adults,2017,Action & Adventure
s8614,Movie,TV-MA,Adults,2017,Horror Movies
s8614,Movie,TV-MA,Adults,2017,International Movies
s8615,Movie,R,Adults,2019,Comedies
s8615,Movie,R,Adults,2019,Cult Movies
s8615,Movie,R,Adults,2019,Dramas
s8616,Movie,PG-13,Adults,2018,Dramas
s8616,Movie,PG-13,Adults,2018,Thrillers
s8617,Movie,PG-13,Adults,2018,Sci-Fi & Fantasy
s8617,Movie,PG-13,Adults,2018,Thrillers
s8618,Movie,R,Adults,2019,Dramas
s8618,Movie,R,Adults,2019,Independent Movies
s8618,Movie,R,Adults,2019,Thrillers
s8619,Movie,R,Adults,2017,Comedies
s8619,Movie,R,Adults,2017,Dramas
s8619,Movie,R,Adults,2017,Independent Movies
s8620,Movie,TV-G,Kids,2018,Documentaries
s8620,Movie,TV-G,Kids,2018,Dramas
s8620,Movie,TV-G,Kids,2018,International Movies
s8621,Movie,TV-PG,Teens,2016,Documentaries
s8622,Movie,PG-13,Adults,2020,Comedies
s8622,Movie,PG-13,Adults,2020,Cult Movies
s8622,Movie,PG-13,Adults,2020,Horror Movies
s8623,Movie,PG-13,Adults,2020,Comedies
s8623,Movie,PG-13,Adults,2020,Horror Movies
s8623,Movie,PG-13,Adults,2020,Sci-Fi & Fantasy
s8624,Movie,PG,Teens,2020,Comedies
s8624,Movie,PG,Teens,2020,Horror Movies
s8624,Movie,PG,Teens,2020,Sci-Fi & Fantasy
s8625,Movie,PG-13,Adults,2020,Comedies
s8625,Movie,PG-13,Adults,2020,Horror Movies
s8625,Movie,PG-13,Adults,2020,Sci-Fi & Fantasy
s8626,Movie,PG-13,Adults,2020,Comedies
s8626,Movie,PG-13,Adults,2020,Horror Movies
s8626,Movie,PG-13,Adults,2020,Sci-Fi & Fantasy
s8627,Movie,PG-13,Adults,2018,Action & Adventure
s8627,Movie,PG-13,Adults,2018,Comedies
s8627,Movie,PG-13,Adults,2018,Horror Movies
s8628,Movie,R,Adults,2019,Dramas
s8629,Movie,TV-14,Teens,2019,Comedies
s8629,Movie,TV-14,Teens,2019,Dramas
s8629,Movie,TV-14,Teens,2019,Independent Movies
s8630,Movie,TV-PG,Teens,2018,Action & Adventure
s8630,Movie,TV-PG,Teens,2018,Dramas
s8630,Movie,TV-PG,Teens,2018,International Movies
s8631,Movie,TV-MA,Adults,2017,International Movies
s8631,Movie,TV-MA,Adults,2017,Thrillers
s8632,Movie,TV-MA,Adults,2020,Documentaries
s8632,Movie,TV-MA,Adults,2020,Music & Musicals
s8633,Movie,TV-MA,Adults,2018,Documentaries
s8633,Movie,TV-MA,Adults,2018,International Movies
s8634,TV Show,TV-MA,Adults,2018,International TV Shows
s8634,TV Show,TV-MA,Adults,2018,TV Dramas
s8635,Movie,TV-MA,Adults,2018,Action & Adventure
s8636,Movie,G,Kids,2020,Classic Movies
s8636,Movie,G,Kids,2020,Dramas
s8637,Movie,R,Adults,2018,Dramas
s8638,Movie,R,Adults,2020,Dramas
s8638,Movie,R,Adults,2020,Independent Movies
s8639,Movie,R,Adults,2019,Comedies
s8639,Movie,R,Adults,2019,Horror Movies
s8639,Movie,R,Adults,2019,Independent Movies
s8640,Movie,TV-PG,Teens,2018,Dramas
s8640,Movie,TV-PG,Teens,2018,Faith & Spirituality
s8640,Movie,TV-PG,Teens,2018,International Movies
s8641,Movie,TV-14,Teens,2017,Classic Movies
s8641,Movie,TV-14,Teens,2017,Documentaries
s8642,Movie,PG,Teens,2019,Children & Family Movies
s8642,Movie,PG,Teens,2019,Comedies
s8643,Movie,R,Adults,2018,Horror Movies
s8644,Movie,TV-14,Teens,2017,Documentaries
s8644,Movie,TV-14,Teens,2017,International Movies
s8645,TV Show,TV-14,Teens,2017,Classic & Cult TV
s8645,TV Show,TV-14,Teens,2017,Crime TV Shows
s8645,TV Show,TV-14,Teens,2017,TV Dramas
s8646,Movie,TV-MA,Adults,2019,Horror Movies
s8646,Movie,TV-MA,Adults,2019,Independent Movies
s8646,Movie,TV-MA,Adults,2019,Thrillers
s8647,TV Show,TV-Y,Kids,2020,British TV Shows
s8647,TV Show,TV-Y,Kids,2020,Kids' TV
s8648,Movie,TV-14,Teens,2017,Dramas
s8648,Movie,TV-14,Teens,2017,International Movies
s8649,Movie,TV-MA,Adults,2019,Thrillers
s8650,Movie,R,Adults,2017,Dramas
s8650,Movie,R,Adults,2017,Independent Movies
s8650,Movie,R,Adults,2017,Romantic Movies
s8651,Movie,TV-14,Teens,2015,Documentaries
s8651,Movie,TV-14,Teens,2015,International Movies
s8652,Movie,R,Adults,2019,Documentaries
s8652,Movie,R,Adults,2019,Sports Movies
s8653,Movie,NR,Unrated,2017,Dramas
s8653,Movie,NR,Unrated,2017,International Movies
s8653,Movie,NR,Unrated,2017,Thrillers
s8654,TV Show,TV-14,Teens,2019,International TV Shows
s8654,TV Show,TV-14,Teens,2019,Romantic TV Shows
s8654,TV Show,TV-14,Teens,2019,TV Dramas
s8655,Movie,R,Adults,2018,Dramas
s8655,Movie,R,Adults,2018,International Movies
s8656,Movie,PG,Teens,2019,Children & Family Movies
s8656,Movie,PG,Teens,2019,Comedies
s8657,Movie,TV-MA,Adults,2017,Documentaries
s8658,Movie,TV-14,Teens,2017,Action & Adventure
s8658,Movie,TV-14,Teens,2017,Documentaries
s8658,Movie,TV-14,Teens,2017,Sports Movies
s8659,Movie,R,Adults,2018,Dramas
s8659,Movie,R,Adults,2018,Independent Movies
s8659,Movie,R,Adults,2018,International Movies
s8660,Movie,PG-13,Adults,2017,Action & Adventure
s8660,Movie,PG-13,Adults,2017,Children & Family Movies
s8660,Movie,PG-13,Adults,2017,Comedies
s8661,Movie,TV-PG,Teens,2017,Classic Movies
s8661,Movie,TV-PG,Teens,2017,Documentaries
s8662,Movie,PG-13,Adults,2019,Comedies
s8662,Movie,PG-13,Adults,2019,Dramas
s8662,Movie,PG-13,Adults,2019,Independent Movies
s8663,Movie,TV-14,Teens,2019,Dramas
s8663,Movie,TV-14,Teens,2019,Independent Movies
s8663,Movie,TV-14,Teens,2019,International Movies
s8664,Movie,TV-14,Teens,2019,International Movies
s8664,Movie,TV-14,Teens,2019,Thrillers
s8665,Movie,R,Adults,2020,Comedies
s8665,Movie,R,Adults,2020,Dramas
s8665,Movie,R,Adults,2020,Romantic Movies
s8666,Movie,TV-MA,Adults,2018,Dramas
s8666,Movie,TV-MA,Adults,2018,Independent Movies
s8666,Movie,TV-MA,Adults,2018,International Movies
s8667,Movie,TV-14,Teens,2019,Action & Adventure
s8667,Movie,TV-14,Teens,2019,Comedies
s8667,Movie,TV-14,Teens,2019,International Movies
s8668,Movie,R,Adults,2019,Action & Adventure
s8669,Movie,R,Adults,2018,Action & Adventure
s8669,Movie,R,Adults,2018,Dramas
s8669,Movie,R,Adults,2018,Sci-Fi & Fantasy
s8670,TV Show,TV-G,Kids,2016,Kids' TV
s8671,Movie,PG-13,Adults,2019,Action & Adventure
s8672,Movie,TV-14,Teens,2017,Action & Adventure
s8672,Movie,TV-14,Teens,2017,Dramas
s8672,Movie,TV-14,Teens,2017,International Movies
s8673,Movie,TV-14,Teens,2019,Comedies
s8673,Movie,TV-14,Teens,2019,Dramas
s8673,Movie,TV-14,Teens,2019,International Movies
s8674,Movie,TV-14,Teens,2017,Documentaries
s8675,Movie,NR,Unrated,2017,Dramas
s8676,Movie,PG-13,Adults,2017,Dramas
s8677,Movie,R,Adults,2019,Action & Adventure
s8677,Movie,R,Adults,2019,Sci-Fi & Fantasy
s8678,Movie,TV-PG,Teens,2017,Documentaries
s8679,Movie,R,Adults,2017,Dramas
s8679,Movie,R,Adults,2017,Thrillers
s8680,TV Show,TV-Y7,Kids,2018,Kids' TV
s8681,Movie,TV-14,Teens,2018,Dramas
s8681,Movie,TV-14,Teens,2018,International Movies
s8682,Movie,TV-14,Teens,2017,Dramas
s8682,Movie,TV-14,Teens,2017,International Movies
s8683,Movie,NR,Unrated,2017,Comedies
s8683,Movie,NR,Unrated,2017,Dramas
s8683,Movie,NR,Unrated,2017,International Movies
s8684,Movie,TV-14,Teens,2019,Dramas
s8684,Movie,TV-14,Teens,2019,International Movies
s8684,Movie,TV-14,Teens,2019,Thrillers
s8685,TV Show,TV-Y,Kids,2017,Kids' TV
s8685,TV Show,TV-Y,Kids,2017,Korean TV Shows
s8686,Movie,TV-MA,Adults,2019,Dramas
s8687,Movie,TV-MA,Adults,2017,Action & Adventure
s8687,Movie,TV-MA,Adults,2017,International Movies
s8688,Movie,TV-14,Teens,2017,Action & Adventure
s8688,Movie,TV-14,Teens,2017,International Movies
s8688,Movie,TV-14,Teens,2017,Sci-Fi & Fantasy
s8689,Movie,TV-MA,Adults,2018,Dramas
s8689,Movie,TV-MA,Adults,2018,International Movies
s8690,Movie,R,Adults,2020,Comedies
s8690,Movie,R,Adults,2020,Independent Movies
s8691,TV Show,TV-14,Teens,2018,International TV Shows
s8691,TV Show,TV-14,Teens,2018,TV Dramas
s8692,Movie,R,Adults,2019,Dramas
s8693,Movie,TV-PG,Teens,2017,Documentaries
s8694,Movie,PG-13,Adults,2019,Dramas
s8694,Movie,PG-13,Adults,2019,Independent Movies
s8694,Movie,PG-13,Adults,2019,Thrillers
s8695,Movie,R,Adults,2019,Action & Adventure
s8696,Movie,TV-14,Teens,2019,Comedies
s8696,Movie,TV-14,Teens,2019,Dramas
s8696,Movie,TV-14,Teens,2019,International Movies
s8697,Movie,PG-13,Adults,2019,Dramas
s8698,Movie,R,Adults,2019,Action & Adventure
s8698,Movie,R,Adults,2019,Comedies
s8699,Movie,TV-14,Teens,2019,Horror Movies
s8699,Movie,TV-14,Teens,2019,Independent Movies
s8699,Movie,TV-14,Teens,2019,International Movies
s8700,Movie,TV-14,Teens,2017,Comedies
s8700,Movie,TV-14,Teens,2017,Dramas
s8700,Movie,TV-14,Teens,2017,International Movies
s8701,TV Show,TV-MA,Adults,2016,Docuseries
s8701,TV Show,TV-MA,Adults,2016,International TV Shows
s8702,Movie,PG,Teens,2018,Documentaries
s8703,Movie,TV-G,Kids,2018,Documentaries
s8704,Movie,R,Adults,2020,Dramas
s8704,Movie,R,Adults,2020,Independent Movies
s8704,Movie,R,Adults,2020,Music & Musicals
s8705,Movie,TV-14,Teens,2019,Thrillers
s8706,Movie,TV-MA,Adults,2016,Comedies
s8706,Movie,TV-MA,Adults,2016,International Movies
s8706,Movie,TV-MA,Adults,2016,Romantic Movies
s8707,Movie,R,Adults,2019,Dramas
s8707,Movie,R,Adults,2019,Independent Movies
s8708,Movie,TV-PG,Teens,2018,Documentaries
s8708,Movie,TV-PG,Teens,2018,International Movies
s8709,Movie,TV-MA,Adults,2017,Comedies
s8709,Movie,TV-MA,Adults,2017,Dramas
s8709,Movie,TV-MA,Adults,2017,Independent Movies
s8710,Movie,TV-MA,Adults,2019,Dramas
s8710,Movie,TV-MA,Adults,2019,International Movies
s8711,TV Show,TV-MA,Adults,2014,TV Comedies
s8711,TV Show,TV-MA,Adults,2014,TV Dramas
s8712,Movie,TV-MA,Adults,2018,Dramas
s8712,Movie,TV-MA,Adults,2018,Independent Movies
s8712,Movie,TV-MA,Adults,2018,International Movies
s8713,TV Show,TV-PG,Teens,2017,British TV Shows
s8713,TV Show,TV-PG,Teens,2017,Docuseries
s8713,TV Show,TV-PG,Teens,2017,Science & Nature TV
s8714,Movie,TV-MA,Adults,2018,Comedies
s8714,Movie,TV-MA,Adults,2018,International Movies
s8715,Movie,TV-Y7,Kids,2017,Children & Family Movies
s8716,Movie,R,Adults,2017,Dramas
s8716,Movie,R,Adults,2017,Independent Movies
s8717,Movie,TV-MA,Adults,2018,Comedies
s8717,Movie,TV-MA,Adults,2018,Horror Movies
s8717,Movie,TV-MA,Adults,2018,Independent Movies
s8718,Movie,TV-MA,Adults,2019,Classic Movies
s8718,Movie,TV-MA,Adults,2019,Dramas
s8718,Movie,TV-MA,Adults,2019,International Movies
s8719,Movie,TV-MA,Adults,2019,Documentaries
s8719,Movie,TV-MA,Adults,2019,Sports Movies
s8720,Movie,TV-14,Teens,2018,Comedies
s8720,Movie,TV-14,Teens,2018,Dramas
s8720,Movie,TV-14,Teens,2018,International Movies
s8721,TV Show,TV-14,Teens,2017,International TV Shows
s8721,TV Show,TV-14,Teens,2017,TV Comedies
s8721,TV Show,TV-14,Teens,2017,TV Dramas
s8722,TV Show,TV-14,Teens,2017,International TV Shows
s8722,TV Show,TV-14,Teens,2017,Romantic TV Shows
s8722,TV Show,TV-14,Teens,2017,TV Comedies
s8723,Movie,PG-13,Adults,2020,Horror Movies
s8723,Movie,PG-13,Adults,2020,Thrillers
s8724,Movie,TV-14,Teens,2019,Documentaries
s8725,Movie,TV-14,Teens,2018,Dramas
s8725,Movie,TV-14,Teens,2018,Thrillers
s8726,Movie,R,Adults,2018,Dramas
s8726,Movie,R,Adults,2018,International Movies
s8726,Movie,R,Adults,2018,Romantic Movies
s8727,TV Show,TV-PG,Teens,2018,TV Dramas
s8728,Movie,NR,Unrated,2016,Documentaries
s8728,Movie,NR,Unrated,2016,International Movies
s8729,Movie,TV-14,Teens,2016,Documentaries
s8729,Movie,TV-14,Teens,2016,International Movies
s8730,Movie,PG-13,Adults,2020,Action & Adventure
s8730,Movie,PG-13,Adults,2020,Comedies
s8730,Movie,PG-13,Adults,2020,Dramas
s8731,Movie,R,Adults,2018,Comedies
s8732,Movie,R,Adults,2017,Comedies
s8732,Movie,R,Adults,2017,Dramas
s8732,Movie,R,Adults,2017,Independent Movies
s8733,Movie,TV-MA,Adults,2019,Sci-Fi & Fantasy
s8733,Movie,TV-MA,Adults,2019,Thrillers
s8734,Movie,TV-MA,Adults,2017,Comedies
s8734,Movie,TV-MA,Adults,2017,Independent Movies
s8734,Movie,TV-MA,Adults,2017,Thrillers
s8735,Movie,TV-MA,Adults,2017,Documentaries
s8735,Movie,TV-MA,Adults,2017,LGBTQ Movies
s8735,Movie,TV-MA,Adults,2017,Music & Musicals
s8736,Movie,R,Adults,2019,Classic Movies
s8736,Movie,R,Adults,2019,Dramas
s8736,Movie,R,Adults,2019,Independent Movies
s8737,TV Show,TV-14,Teens,2017,International TV Shows
s8737,TV Show,TV-14,Teens,2017,Romantic TV Shows
s8737,TV Show,TV-14,Teens,2017,TV Comedies
s8738,Movie,TV-14,Teens,2019,Documentaries
s8739,Movie,TV-MA,Adults,2017,Documentaries
s8740,Movie,TV-PG,Teens,2017,Documentaries
s8741,TV Show,TV-PG,Teens,2017,British TV Shows
s8741,TV Show,TV-PG,Teens,2017,Docuseries
s8741,TV Show,TV-PG,Teens,2017,Science & Nature TV
s8742,TV Show,TV-PG,Teens,2017,British TV Shows
s8742,TV Show,TV-PG,Teens,2017,Docuseries
s8742,TV Show,TV-PG,Teens,2017,Science & Nature TV
s8743,Movie,PG-13,Adults,2020,Action & Adventure
s8743,Movie,PG-13,Adults,2020,Comedies
s8743,Movie,PG-13,Adults,2020,Sci-Fi & Fantasy
s8744,Movie,PG-13,Adults,2020,Dramas
s8744,Movie,PG-13,Adults,2020,Independent Movies
s8745,Movie,TV-MA,Adults,2017,Documentaries
s8745,Movie,TV-MA,Adults,2017,International Movies
s8745,Movie,TV-MA,Adults,2017,Sports Movies
s8746,Movie,G,Kids,2020,Children & Family Movies
s8746,Movie,G,Kids,2020,Classic Movies
s8746,Movie,G,Kids,2020,Comedies
s8747,Movie,TV-14,Teens,2018,Documentaries
s8747,Movie,TV-14,Teens,2018,International Movies
s8748,TV Show,TV-G,Kids,2018,Reality TV
s8749,Movie,NR,Unrated,2016,Classic Movies
s8749,Movie,NR,Unrated,2016,Dramas
s8750,TV Show,TV-MA,Adults,2017,International TV Shows
s8750,TV Show,TV-MA,Adults,2017,TV Dramas
s8750,TV Show,TV-MA,Adults,2017,TV Thrillers
s8751,Movie,R,Adults,2019,Dramas
s8751,Movie,R,Adults,2019,Independent Movies
s8752,Movie,R,Adults,2018,Comedies
s8752,Movie,R,Adults,2018,Dramas
s8752,Movie,R,Adults,2018,Independent Movies
s8753,Movie,TV-14,Teens,2019,Children & Family Movies
s8753,Movie,TV-14,Teens,2019,Dramas
s8754,Movie,TV-MA,Adults,2018,Dramas
s8754,Movie,TV-MA,Adults,2018,Independent Movies
s8755,Movie,R,Adults,2019,Dramas
s8755,Movie,R,Adults,2019,Independent Movies
s8755,Movie,R,Adults,2019,Sports Movies
s8756,TV Show,TV-14,Teens,2016,Crime TV Shows
s8756,TV Show,TV-14,Teens,2016,Docuseries
s8757,Movie,TV-MA,Adults,2019,Documentaries
s8757,Movie,TV-MA,Adults,2019,Music & Musicals
s8758,Movie,PG-13,Adults,2019,Action & Adventure
s8758,Movie,PG-13,Adults,2019,Dramas
s8759,TV Show,TV-PG,Teens,2019,British TV Shows
s8759,TV Show,TV-PG,Teens,2019,Docuseries
s8760,Movie,TV-PG,Teens,2019,Movies
s8761,Movie,TV-MA,Adults,2019,Horror Movies
s8761,Movie,TV-MA,Adults,2019,Independent Movies
s8761,Movie,TV-MA,Adults,2019,Thrillers
s8762,Movie,TV-14,Teens,2017,Comedies
s8762,Movie,TV-14,Teens,2017,International Movies
s8762,Movie,TV-14,Teens,2017,Romantic Movies
s8763,Movie,TV-MA,Adults,2017,Dramas
s8763,Movie,TV-MA,Adults,2017,International Movies
s8764,Movie,TV-PG,Teens,2017,Documentaries
s8765,Movie,PG-13,Adults,2020,Action & Adventure
s8766,Movie,R,Adults,2017,Horror Movies
s8767,Movie,PG-13,Adults,2019,Action & Adventure
s8767,Movie,PG-13,Adults,2019,Sports Movies
s8768,Movie,PG-13,Adults,2019,Action & Adventure
s8769,Movie,R,Adults,2017,Dramas
s8769,Movie,R,Adults,2017,Independent Movies
s8769,Movie,R,Adults,2017,International Movies
s8770,Movie,TV-MA,Adults,2018,Dramas
s8770,Movie,TV-MA,Adults,2018,Independent Movies
s8770,Movie,TV-MA,Adults,2018,International Movies
s8771,Movie,TV-14,Teens,2018,Dramas
s8771,Movie,TV-14,Teens,2018,International Movies
s8771,Movie,TV-14,Teens,2018,Romantic Movies
s8772,Movie,TV-14,Teens,2017,Dramas
s8772,Movie,TV-14,Teens,2017,International Movies
s8772,Movie,TV-14,Teens,2017,Music & Musicals
s8773,Movie,TV-14,Teens,2017,Action & Adventure
s8773,Movie,TV-14,Teens,2017,Comedies
s8773,Movie,TV-14,Teens,2017,International Movies
s8774,Movie,TV-PG,Teens,2018,Comedies
s8774,Movie,TV-PG,Teens,2018,Dramas
s8774,Movie,TV-PG,Teens,2018,International Movies
s8775,Movie,TV-14,Teens,2019,Dramas
s8775,Movie,TV-14,Teens,2019,Independent Movies
s8775,Movie,TV-14,Teens,2019,International Movies
s8776,TV Show,TV-PG,Teens,2018,International TV Shows
s8776,TV Show,TV-PG,Teens,2018,TV Comedies
s8777,Movie,PG,Teens,2015,Children & Family Movies
s8777,Movie,PG,Teens,2015,Comedies
s8778,Movie,TV-PG,Teens,2018,International Movies
s8778,Movie,TV-PG,Teens,2018,LGBTQ Movies
s8778,Movie,TV-PG,Teens,2018,Romantic Movies
s8779,Movie,TV-PG,Teens,2018,International Movies
s8779,Movie,TV-PG,Teens,2018,LGBTQ Movies
s8779,Movie,TV-PG,Teens,2018,Romantic Movies
s8780,Movie,TV-PG,Teens,2018,International Movies
s8780,Movie,TV-PG,Teens,2018,LGBTQ Movies
s8780,Movie,TV-PG,Teens,2018,Romantic Movies
s8781,TV Show,TV-Y7,Kids,2016,Anime Series
s8781,TV Show,TV-Y7,Kids,2016,Kids' TV
s8782,Movie,TV-Y7,Kids,2016,Anime Features
s8782,Movie,TV-Y7,Kids,2016,Children & Family Movies
s8783,Movie,PG-13,Adults,2016,Comedies
s8783,Movie,PG-13,Adults,2016,Horror Movies
s8783,Movie,PG-13,Adults,2016,Independent Movies
s8784,TV Show,TV-Y,Kids,2018,Kids' TV
s8785,Movie,TV-Y,Kids,2018,Children & Family Movies
s8786,TV Show,TV-Y7,Kids,2018,Kids' TV
s8787,Movie,TV-G,Kids,2017,Children & Family Movies
s8788,Movie,TV-PG,Teens,2017,Comedies
s8788,Movie,TV-PG,Teens,2017,Romantic Movies
s8789,Movie,TV-MA,Adults,2016,Dramas
s8789,Movie,TV-MA,Adults,2016,International Movies
s8790,Movie,TV-PG,Teens,2019,Comedies
s8790,Movie,TV-PG,Teens,2019,Dramas
s8790,Movie,TV-PG,Teens,2019,International Movies
s8791,Movie,UR,Unrated,2019,Action & Adventure
s8791,Movie,UR,Unrated,2019,Comedies
s8792,Movie,R,Adults,2019,Comedies
s8792,Movie,R,Adults,2019,Dramas
s8792,Movie,R,Adults,2019,Independent Movies
s8793,Movie,NR,Unrated,2016,Action & Adventure
s8793,Movie,NR,Unrated,2016,International Movies
s8794,Movie,PG,Teens,2019,Children & Family Movies
s8794,Movie,PG,Teens,2019,Comedies
s8795,Movie,TV-14,Teens,2018,Dramas
s8795,Movie,TV-14,Teens,2018,Independent Movies
s8795,Movie,TV-14,Teens,2018,International Movies
s8796,TV Show,TV-Y7,Kids,2018,Anime Series
s8796,TV Show,TV-Y7,Kids,2018,Kids' TV
s8797,TV Show,TV-PG,Teens,2017,International TV Shows
s8797,TV Show,TV-PG,Teens,2017,TV Dramas
s8798,TV Show,TV-Y7,Kids,2018,Kids' TV
s8799,Movie,TV-MA,Adults,2019,Comedies
s8799,Movie,TV-MA,Adults,2019,Dramas
s8799,Movie,TV-MA,Adults,2019,International Movies
s8800,Movie,TV-14,Teens,2018,Dramas
s8800,Movie,TV-14,Teens,2018,International Movies
s8801,TV Show,TV-PG,Teens,2016,International TV Shows
s8801,TV Show,TV-PG,Teens,2016,Romantic TV Shows
s8801,TV Show,TV-PG,Teens,2016,TV Dramas
s8802,Movie,TV-MA,Adults,2016,Dramas
s8802,Movie,TV-MA,Adults,2016,International Movies
s8802,Movie,TV-MA,Adults,2016,Thrillers
s8803,Movie,R,Adults,2019,Cult Movies
s8803,Movie,R,Adults,2019,Dramas
s8803,Movie,R,Adults,2019,Thrillers
s8804,TV Show,TV-Y7,Kids,2019,Kids' TV
s8804,TV Show,TV-Y7,Kids,2019,Korean TV Shows
s8804,TV Show,TV-Y7,Kids,2019,TV Comedies
s8805,Movie,R,Adults,2019,Comedies
s8805,Movie,R,Adults,2019,Horror Movies
s8806,Movie,PG,Teens,2020,Children & Family Movies
s8806,Movie,PG,Teens,2020,Comedies
s8807,Movie,TV-14,Teens,2019,Dramas
s8807,Movie,TV-14,Teens,2019,International Movies
s8807,Movie,TV-14,Teens,2019,Music & Musicals
